open,high,low,close,vol,volCcy,volCcyQuote,confirm,datetime
64723.1,66424.9,64722.0,65997.4,3334362.4,33343.624,2182549962.7036,1,2024-05-15 16:00:00
65997.5,66490.0,65745.0,66222.3,1466273.8,14662.738,968755307.042,1,2024-05-15 20:00:00
66222.1,66687.7,65780.0,65988.3,1537805.0,15378.05,1017217261.659,1,2024-05-16 00:00:00
65988.2,66269.1,65673.0,66137.0,1153921.1,11539.211,761173659.2532,1,2024-05-16 04:00:00
66137.0,66599.0,66000.0,66509.7,1216492.9,12164.929,806025061.1472,1,2024-05-16 08:00:00
66509.7,66799.0,65362.5,65830.1,3522863.6,35228.636,2326129633.6785,1,2024-05-16 12:00:00
65830.2,65841.4,64600.0,65180.1,2654752.0,26547.52,1729264346.5328,1,2024-05-16 16:00:00
65180.1,65511.9,65037.6,65241.7,620652.0,6206.52,405142011.184,1,2024-05-16 20:00:00
65241.7,65888.0,65101.2,65582.0,1012172.3,10121.723,662730105.1854,1,2024-05-17 00:00:00
65582.1,66500.0,65355.0,66382.3,1574127.4,15741.274,1039059895.8014,1,2024-05-17 04:00:00
66382.3,66570.0,66060.4,66217.1,1112700.9,11127.009,737629816.129,1,2024-05-17 08:00:00
66217.1,67460.0,65814.4,67200.0,3396298.3,33962.983,2263980794.6757,1,2024-05-17 12:00:00
67200.0,67317.0,66216.1,67053.9,1737932.6,17379.326,1160760361.0628,1,2024-05-17 16:00:00
67047.9,67055.4,66670.1,67007.3,438590.0,4385.9,293272278.4496,1,2024-05-17 20:00:00
67007.3,67081.1,66734.8,66941.7,694580.2,6945.802,464690897.5168,1,2024-05-18 00:00:00
66941.7,67254.6,66720.0,66882.2,749226.5,7492.265,501645740.5777,1,2024-05-18 04:00:00
66882.2,67398.3,66833.1,67194.6,1050843.7,10508.437,705669008.1613,1,2024-05-18 08:00:00
67194.5,67242.0,66563.3,66803.5,1371241.5,13712.415,916919640.4306,1,2024-05-18 12:00:00
66803.5,67019.3,66709.8,66915.3,451825.6,4518.256,302122372.336,1,2024-05-18 16:00:00
66915.3,67045.0,66791.0,66910.1,278034.0,2780.34,186101570.9566,1,2024-05-18 20:00:00
66910.0,67287.1,66825.0,67155.6,601195.2,6011.952,403390144.3331,1,2024-05-19 00:00:00
67156.0,67345.3,66937.3,67331.8,722343.2,7223.432,484902729.2454,1,2024-05-19 04:00:00
67331.7,67794.0,66957.5,67324.7,1935677.7,19356.777,1302667402.5704,1,2024-05-19 08:00:00
67324.8,67329.2,66666.0,66895.2,1418186.6,14181.866,949286010.8088,1,2024-05-19 12:00:00
66895.2,67002.0,65887.0,66043.1,1613179.2,16131.792,1072423256.0464,1,2024-05-19 16:00:00
66043.0,66463.9,65991.3,66272.2,575809.5,5758.095,381482864.887,1,2024-05-19 20:00:00
66272.3,66788.0,66065.7,66680.0,1220202.9,12202.029,811295334.075,1,2024-05-20 00:00:00
66680.0,67310.0,66250.0,66817.1,2138545.2,21385.452,1429519526.8528,1,2024-05-20 04:00:00
66816.0,67374.9,66743.9,67000.2,1339501.7,13395.017,898269173.8655,1,2024-05-20 08:00:00
67000.2,67528.6,66755.1,67418.0,1830528.0,18305.28,1228036451.6929,1,2024-05-20 12:00:00
67418.1,70159.4,67381.1,70047.2,5946070.9,59460.709,4086749164.1437,1,2024-05-20 16:00:00
70047.3,71711.0,68933.4,71481.8,4479896.7,44798.967,3144320200.6423,1,2024-05-20 20:00:00
71481.8,72086.0,70729.4,71294.6,2600055.4,26000.554,1853984484.0135,1,2024-05-21 00:00:00
71294.7,71408.1,70839.4,70902.2,1223842.2,12238.422,870331970.1083,1,2024-05-21 04:00:00
70902.2,71455.0,70888.0,71132.6,1321197.9,13211.979,939998562.2176,1,2024-05-21 08:00:00
71134.8,71455.0,69661.0,69837.9,3119097.0,31190.97,2203955630.0002,1,2024-05-21 12:00:00
69838.0,70277.7,69180.0,69291.4,2120602.0,21206.02,1479218100.4904,1,2024-05-21 16:00:00
69293.7,70375.0,69243.6,70140.5,909841.3,9098.413,636205085.4571,1,2024-05-21 20:00:00
70145.8,70386.0,69828.0,69968.8,917328.4,9173.284,642986337.5216,1,2024-05-22 00:00:00
69968.8,70106.0,69215.0,69731.9,1423567.4,14235.674,992076703.2554,1,2024-05-22 04:00:00
69731.9,70284.3,69653.9,69732.5,1020995.1,10209.951,714960535.963,1,2024-05-22 08:00:00
69732.2,70627.4,69452.0,70458.3,2365971.8,23659.718,1654662220.5927,1,2024-05-22 12:00:00
70458.4,70691.2,69232.9,69648.8,1716773.6,17167.736,1199068508.5556,1,2024-05-22 16:00:00
69648.8,69981.8,68844.0,69182.1,1250516.9,12505.169,867002452.7006,1,2024-05-22 20:00:00
69182.1,69649.8,69182.1,69449.6,775241.9,7752.419,538468293.813,1,2024-05-23 00:00:00
69449.6,69867.2,69346.0,69733.0,1049685.5,10496.855,729880268.1383,1,2024-05-23 04:00:00
69733.0,70077.2,69531.9,69988.0,1138585.8,11385.858,794468513.5571,1,2024-05-23 08:00:00
69988.0,70118.0,67572.7,68073.4,4545481.1,45454.811,3113739896.8028,1,2024-05-23 12:00:00
68073.5,68171.4,66745.2,67218.0,2234539.7,22345.397,1507104503.1096,1,2024-05-23 16:00:00
67218.4,68384.2,66242.5,67961.3,3287615.5,32876.155,2218039264.3964,1,2024-05-23 20:00:00
67961.3,68031.0,67636.0,67894.1,810618.2,8106.182,550066435.3067,1,2024-05-24 00:00:00
67894.3,67932.1,66851.8,67172.2,1782074.6,17820.746,1199456216.5867,1,2024-05-24 04:00:00
67172.1,67537.8,66616.1,67367.0,1209592.7,12095.927,812575642.5963,1,2024-05-24 08:00:00
67366.9,68427.6,66933.2,68324.5,2153131.3,21531.313,1458515468.9719,1,2024-05-24 12:00:00
68324.4,69270.5,67896.7,69128.7,1795838.6,17958.386,1233134407.245,1,2024-05-24 16:00:00
69128.7,69217.3,68528.4,68562.8,592370.9,5923.709,407721885.7688,1,2024-05-24 20:00:00
68562.8,68919.9,68502.5,68749.6,683095.0,6830.95,469220441.1358,1,2024-05-25 00:00:00
68749.7,68821.2,68603.1,68753.2,337699.6,3376.996,232071163.4207,1,2024-05-25 04:00:00
68753.2,69664.7,68751.8,69109.4,1136114.2,11361.142,786466230.5012,1,2024-05-25 08:00:00
69109.4,69307.9,68826.6,68921.7,1013326.5,10133.265,700027950.6928,1,2024-05-25 12:00:00
68921.7,69279.1,68845.2,69161.4,418711.6,4187.116,289080389.4933,1,2024-05-25 16:00:00
69159.7,69375.4,69042.0,69300.0,274792.8,2747.928,190212640.7715,1,2024-05-25 20:00:00
69300.0,69325.0,68805.8,69088.0,478086.8,4780.868,330028232.3315,1,2024-05-26 00:00:00
69088.0,69488.0,68917.0,69357.9,535714.8,5357.148,370757562.3502,1,2024-05-26 04:00:00
69358.0,69580.3,68970.2,69132.0,835901.4,8359.014,578334541.4639,1,2024-05-26 08:00:00
69132.0,69407.9,68666.1,68850.5,945795.3,9457.953,652796374.9333,1,2024-05-26 12:00:00
68850.5,68970.6,68688.9,68908.0,494192.4,4941.924,340196555.3293,1,2024-05-26 16:00:00
68908.0,68914.6,68153.8,68515.1,621391.4,6213.914,425648124.8096,1,2024-05-26 20:00:00
68515.0,69321.7,68475.0,68890.4,862023.7,8620.237,594800111.6389,1,2024-05-27 00:00:00
68890.5,68923.3,68313.0,68655.0,1000871.1,10008.711,686468588.9693,1,2024-05-27 04:00:00
68655.0,68946.3,68255.7,68439.1,926593.4,9265.934,635472476.6423,1,2024-05-27 08:00:00
68439.1,70584.5,68380.0,70408.2,2452046.3,24520.463,1705587173.9654,1,2024-05-27 12:00:00
70408.2,70740.0,69070.0,69276.6,1531896.8,15318.968,1073106130.0347,1,2024-05-27 16:00:00
69276.7,69919.9,69179.3,69410.3,755081.5,7550.815,525060592.422,1,2024-05-27 20:00:00
69410.2,69600.0,67759.1,68073.5,2362430.9,23624.309,1621452749.0883,1,2024-05-28 00:00:00
68073.6,68162.1,67488.2,67691.9,1293352.9,12933.529,877218728.2899,1,2024-05-28 04:00:00
67692.0,68900.0,67602.0,68402.4,1697700.0,16977.0,1160710688.2819,1,2024-05-28 08:00:00
68402.4,68582.7,67511.0,68396.3,2307923.5,23079.235,1571225390.0798,1,2024-05-28 12:00:00
68396.4,68634.0,67250.0,68451.0,1789399.6,17893.996,1216009652.9631,1,2024-05-28 16:00:00
68451.0,68685.7,68130.6,68404.6,575160.7,5751.607,393783779.2178,1,2024-05-28 20:00:00
68404.6,68953.6,68262.0,68844.3,965176.4,9651.764,662790010.4321,1,2024-05-29 00:00:00
68844.4,68947.5,67955.8,67967.7,1067923.4,10679.234,731561290.253,1,2024-05-29 04:00:00
67967.7,68058.8,67600.0,67782.6,1425833.0,14258.33,967479185.0393,1,2024-05-29 08:00:00
67782.6,68290.8,67299.0,67383.4,2707904.7,27079.047,1835201303.5763,1,2024-05-29 12:00:00
67383.4,67757.1,67126.7,67274.3,1148958.3,11489.583,774779801.5028,1,2024-05-29 16:00:00
67274.7,67872.5,67130.0,67647.8,649651.0,6496.51,438794758.3678,1,2024-05-29 20:00:00
67647.8,68232.5,67474.1,68137.6,996643.4,9966.434,676693772.0563,1,2024-05-30 00:00:00
68137.6,68445.3,67500.0,67602.9,1434945.2,14349.452,975389004.3917,1,2024-05-30 04:00:00
67603.0,68140.4,67134.0,67822.0,1491645.9,14916.459,1008398899.3286,1,2024-05-30 08:00:00
67822.0,68835.6,67755.4,68527.9,2266679.4,22666.794,1550176399.618,1,2024-05-30 12:00:00
68527.9,69523.9,68376.4,68675.6,1874583.2,18745.832,1293734021.1934,1,2024-05-30 16:00:00
68670.5,68680.0,68040.0,68366.0,798662.4,7986.624,545937958.2049,1,2024-05-30 20:00:00
68366.0,68761.4,68281.0,68536.2,673418.2,6734.182,461402219.97,1,2024-05-31 00:00:00
68536.2,68653.5,68086.3,68183.4,605794.4,6057.944,414106327.9644,1,2024-05-31 04:00:00
68183.4,68475.5,67873.5,68362.2,1027087.1,10270.871,700215746.7608,1,2024-05-31 08:00:00
68362.3,69062.8,67200.4,67219.7,3257222.8,32572.228,2217700559.5255,1,2024-05-31 12:00:00
67219.6,68026.2,66639.0,67691.9,2096367.4,20963.674,1409633680.9721,1,2024-05-31 16:00:00
67691.6,67808.5,67246.0,67558.8,621111.0,6211.11,419571953.408,1,2024-05-31 20:00:00
67558.8,67776.8,67428.1,67735.7,537254.8,5372.548,363354379.2988,1,2024-06-01 00:00:00
67735.8,67820.1,67567.7,67630.9,384249.7,3842.497,260069387.638,1,2024-06-01 04:00:00
67631.0,67771.0,67617.1,67670.0,257438.5,2574.385,174285263.8986,1,2024-06-01 08:00:00
67670.0,67887.1,67651.3,67688.6,393092.2,3930.922,266454829.5797,1,2024-06-01 12:00:00
67688.5,67838.0,67526.2,67759.9,352079.8,3520.798,238304348.9091,1,2024-06-01 16:00:00
67759.8,67899.0,67714.4,67769.1,197867.6,1978.676,134118040.0447,1,2024-06-01 20:00:00
67769.1,67927.0,67632.1,67789.3,323978.5,3239.785,219621939.1223,1,2024-06-02 00:00:00
67789.4,67867.8,67718.0,67718.1,212908.8,2129.088,144312237.0625,1,2024-06-02 04:00:00
67718.0,68345.0,67380.0,68266.0,1085506.8,10855.068,736016116.0918,1,2024-06-02 08:00:00
68266.1,68497.0,67809.8,68164.7,1236374.1,12363.741,842490614.0244,1,2024-06-02 12:00:00
68164.8,68221.6,67300.3,67741.0,1030177.6,10301.776,697783156.4876,1,2024-06-02 16:00:00
67741.1,68000.0,67577.6,67766.9,344496.4,3444.964,233705457.1609,1,2024-06-02 20:00:00
67766.9,68829.0,67618.4,68409.4,1622547.1,16225.471,1108871434.8786,1,2024-06-03 00:00:00
68409.4,69231.6,68313.0,68923.9,1530322.5,15303.225,1054109604.0022,1,2024-06-03 04:00:00
68923.9,69351.5,68865.1,69096.6,1014142.4,10141.424,701038826.7598,1,2024-06-03 08:00:00
69096.6,70338.3,68512.0,69622.4,3948187.6,39481.876,2741637837.5774,1,2024-06-03 12:00:00
69622.5,69725.3,68810.1,69224.0,1244652.5,12446.525,861786328.8343,1,2024-06-03 16:00:00
69228.1,69524.0,68728.9,68805.0,685572.3,6855.723,473614093.2683,1,2024-06-03 20:00:00
68805.0,69386.0,68663.0,69175.0,769543.4,7695.434,531644454.1545,1,2024-06-04 00:00:00
69175.0,69295.1,68770.4,69009.2,808945.5,8089.455,558260324.966,1,2024-06-04 04:00:00
69009.2,69207.1,68572.3,68973.2,1006586.0,10065.86,693048792.9062,1,2024-06-04 08:00:00
68973.2,70498.8,68857.0,70448.6,3147259.4,31472.594,2194683769.1494,1,2024-06-04 12:00:00
70448.7,71082.9,70100.0,70433.3,2343475.0,23434.75,1656072121.7468,1,2024-06-04 16:00:00
70433.2,70738.0,70171.2,70543.6,576936.0,5769.36,406627806.8015,1,2024-06-04 20:00:00
70543.6,71360.0,70435.0,70960.0,1423483.2,14234.832,1009372062.0627,1,2024-06-05 00:00:00
70960.0,71398.7,70840.0,71205.7,1347323.7,13473.237,957684006.1917,1,2024-06-05 04:00:00
71205.8,71245.5,70720.0,70981.7,814318.0,8143.18,577670889.7382,1,2024-06-05 08:00:00
70981.7,71764.7,70403.0,71574.5,2753875.0,27538.75,1956377414.6928,1,2024-06-05 12:00:00
71574.6,71777.0,70865.8,71284.4,1784134.8,17841.348,1273167546.1594,1,2024-06-05 16:00:00
71284.4,71359.1,70600.0,71115.0,582948.3,5829.483,414100816.4825,1,2024-06-05 20:00:00
71115.0,71257.4,70900.0,71048.3,501737.8,5017.378,356781450.8883,1,2024-06-06 00:00:00
71048.4,71123.5,70804.8,71034.9,659879.2,6598.792,468181931.3199,1,2024-06-06 04:00:00
71034.8,71199.9,70848.1,71177.8,582554.4,5825.544,413646317.1652,1,2024-06-06 08:00:00
71177.9,71666.0,71001.1,71300.0,1918617.4,19186.174,1368212752.6509,1,2024-06-06 12:00:00
71299.9,71380.0,70458.2,70490.2,1594575.3,15945.753,1131063528.9967,1,2024-06-06 16:00:00
70490.2,70947.7,70117.4,70795.9,904724.0,9047.24,638713376.7351,1,2024-06-06 20:00:00
70795.9,71044.5,70666.2,70999.9,614813.0,6148.13,435604747.6935,1,2024-06-07 00:00:00
70999.9,71480.1,70999.9,71118.4,1050623.4,10506.234,748460707.2706,1,2024-06-07 04:00:00
71118.4,71726.1,71063.7,71720.0,975523.7,9755.237,696375942.0913,1,2024-06-07 08:00:00
71720.0,72021.7,70630.0,71117.2,4100259.2,41002.592,2923135867.2273,1,2024-06-07 12:00:00
71117.2,71225.0,68300.0,69255.8,5198179.1,51981.791,3615237015.4342,1,2024-06-07 16:00:00
69255.8,69528.0,68974.4,69350.1,738012.2,7380.122,510927825.6753,1,2024-06-07 20:00:00
69350.0,69541.0,69292.7,69423.3,438251.6,4382.516,304282715.0241,1,2024-06-08 00:00:00
69423.3,69577.9,69232.9,69577.9,541987.4,5419.874,376109289.6981,1,2024-06-08 04:00:00
69577.8,69577.9,69310.0,69374.7,437377.9,4373.779,303674473.5732,1,2024-06-08 08:00:00
69374.7,69500.0,69160.8,69423.5,599933.6,5999.336,416082690.6816,1,2024-06-08 12:00:00
69423.6,69492.3,69289.2,69455.0,421506.2,4215.062,292554306.9665,1,2024-06-08 16:00:00
69454.9,69479.0,69265.0,69309.3,209824.1,2098.241,145532471.4965,1,2024-06-08 20:00:00
69309.3,69359.8,69128.5,69275.1,350804.7,3508.047,242925616.2506,1,2024-06-09 00:00:00
69275.1,69440.6,69237.3,69301.5,251650.5,2516.505,174482770.6786,1,2024-06-09 04:00:00
69301.5,69406.7,69279.0,69379.4,167228.1,1672.281,115976911.7529,1,2024-06-09 08:00:00
69379.5,69784.9,69248.8,69508.5,1096082.3,10960.823,761993764.7414,1,2024-06-09 12:00:00
69508.4,69850.0,69495.4,69707.6,462169.9,4621.699,322100757.1372,1,2024-06-09 16:00:00
69707.6,69820.0,69581.9,69641.2,240910.1,2409.101,167856970.3485,1,2024-06-09 20:00:00
69641.1,69798.7,69410.0,69609.9,420382.4,4203.824,292691310.6615,1,2024-06-10 00:00:00
69609.9,69687.7,69256.7,69313.9,630206.8,6302.068,437809629.4958,1,2024-06-10 04:00:00
69313.9,69571.5,69133.0,69483.8,687983.7,6879.837,477465387.2909,1,2024-06-10 08:00:00
69483.9,70185.1,69220.3,70048.8,1511098.1,15110.981,1053223355.1794,1,2024-06-10 12:00:00
70048.7,70125.0,69380.0,69496.8,1105481.2,11054.812,771649898.254,1,2024-06-10 16:00:00
69496.8,69692.7,69330.0,69539.1,640256.9,6402.569,445018918.7339,1,2024-06-10 20:00:00
69539.1,69585.3,67878.3,68466.4,2591482.7,25914.827,1775908846.9412,1,2024-06-11 00:00:00
68466.3,68466.3,67289.7,67561.0,2131364.3,21313.643,1445498181.7187,1,2024-06-11 04:00:00
67561.0,67663.4,66701.0,66903.1,2289921.7,22899.217,1537973307.3341,1,2024-06-11 08:00:00
66903.0,67292.1,65910.3,66229.4,3148758.9,31487.589,2100361172.2496,1,2024-06-11 12:00:00
66229.4,67577.4,66159.0,67397.6,1866437.9,18664.379,1247238810.1111,1,2024-06-11 16:00:00
67397.6,67584.9,67166.3,67309.4,610928.8,6109.288,411614044.0914,1,2024-06-11 20:00:00
67309.3,67600.0,66890.0,67412.1,912399.8,9123.998,613809365.6624,1,2024-06-12 00:00:00
67412.2,67600.0,67201.0,67451.5,714406.1,7144.061,481552120.0495,1,2024-06-12 04:00:00
67451.4,68068.1,67352.0,67790.0,1213623.2,12136.232,822460205.7099,1,2024-06-12 08:00:00
67789.9,70027.8,67741.6,69740.5,4669929.2,46699.292,3236320563.0144,1,2024-06-12 12:00:00
69740.6,69890.4,67250.0,67541.6,4576167.3,45761.673,3149692243.6622,1,2024-06-12 16:00:00
67541.7,68677.5,67423.9,68273.7,1179759.5,11797.595,803302407.2748,1,2024-06-12 20:00:00
68273.7,68398.0,66958.3,67466.2,1745815.7,17458.157,1181591644.4439,1,2024-06-13 00:00:00
67466.2,67735.0,67305.0,67734.8,887350.1,8873.501,599343001.3472,1,2024-06-13 04:00:00
67734.8,67987.0,67172.4,67735.1,1281577.7,12815.777,866386758.0544,1,2024-06-13 08:00:00
67735.2,68493.0,66302.2,66470.1,4153685.9,41536.859,2802493566.7432,1,2024-06-13 12:00:00
66470.2,67083.0,66262.8,66616.8,1565798.9,15657.989,1045076580.7021,1,2024-06-13 16:00:00
66616.9,66988.0,66523.2,66772.7,511555.1,5115.551,341619758.8965,1,2024-06-13 20:00:00
66772.7,67044.0,66474.6,66756.0,814139.1,8141.391,543564173.8193,1,2024-06-14 00:00:00
66756.0,67220.1,66720.0,66915.8,845896.4,8458.964,566737649.7795,1,2024-06-14 04:00:00
66915.8,67295.6,66769.2,67032.2,998527.0,9985.27,669304961.1367,1,2024-06-14 08:00:00
67032.2,67377.4,66326.5,66392.6,2006038.9,20060.389,1341450354.4442,1,2024-06-14 12:00:00
66392.7,66533.3,65066.0,65522.5,3856500.2,38565.002,2529500096.0252,1,2024-06-14 16:00:00
65522.6,66656.6,65479.7,66042.9,1247284.8,12472.848,824004756.7302,1,2024-06-14 20:00:00
66042.9,66308.9,65988.0,66272.1,535379.8,5353.798,354309698.6864,1,2024-06-15 00:00:00
66272.1,66422.3,66075.0,66081.9,678373.8,6783.738,449429970.0788,1,2024-06-15 04:00:00
66082.0,66339.0,66081.9,66323.5,391435.6,3914.356,259235400.8423,1,2024-06-15 08:00:00
66323.5,66494.8,66170.2,66327.1,483945.5,4839.455,320917183.0536,1,2024-06-15 12:00:00
66327.3,66378.2,66075.0,66163.2,328615.0,3286.15,217583417.3933,1,2024-06-15 16:00:00
66163.2,66287.1,65860.1,66216.3,425406.3,4254.063,281144977.2508,1,2024-06-15 20:00:00
66216.4,66274.1,66060.8,66136.4,265940.4,2659.404,175936148.3675,1,2024-06-16 00:00:00
66136.4,66359.9,66035.1,66273.9,391349.4,3913.494,259185443.3979,1,2024-06-16 04:00:00
66273.9,66769.8,66190.0,66484.3,787862.8,7878.628,523947075.8957,1,2024-06-16 08:00:00
66484.4,66783.8,66467.7,66704.2,680972.6,6809.726,453759721.3287,1,2024-06-16 12:00:00
66704.1,66746.7,66520.0,66566.1,305285.3,3052.853,203329527.1804,1,2024-06-16 16:00:00
66566.2,66988.0,66457.6,66682.1,681043.7,6810.437,454508020.683,1,2024-06-16 20:00:00
66682.0,66927.8,66125.8,66230.2,1110827.8,11108.278,737984441.769,1,2024-06-17 00:00:00
66230.1,66559.6,65944.1,66185.9,1193477.5,11934.775,790724154.1535,1,2024-06-17 04:00:00
66185.9,66326.3,65570.9,65822.1,1502508.3,15025.083,990037043.6821,1,2024-06-17 08:00:00
65822.1,65845.5,65126.1,65365.3,2482561.3,24825.613,1626158418.3745,1,2024-06-17 12:00:00
65365.2,67320.0,65140.5,66683.9,3358153.2,33581.532,2231134345.8333,1,2024-06-17 16:00:00
66684.0,66765.1,66171.3,66484.1,1187405.3,11874.053,789559805.3812,1,2024-06-17 20:00:00
66484.1,66591.4,64523.1,65493.9,4170111.5,41701.115,2723339813.8784,1,2024-06-18 00:00:00
65493.9,65842.0,65343.4,65681.9,1592500.2,15925.002,1045103769.9525,1,2024-06-18 04:00:00
65681.8,65761.0,65116.0,65371.4,1083151.4,10831.514,708614206.776,1,2024-06-18 08:00:00
65371.4,65442.0,64158.0,64698.7,5021632.8,50216.328,3255870125.1716,1,2024-06-18 12:00:00
64699.8,64900.0,64022.0,64420.2,1905549.8,19055.498,1229357376.8136,1,2024-06-18 16:00:00
64420.2,65310.3,64180.0,65178.1,1347386.5,13473.865,875383571.7256,1,2024-06-18 20:00:00
65178.1,65606.0,64800.1,65408.5,1972505.6,19725.056,1286344718.0436,1,2024-06-19 00:00:00
65408.6,65729.2,65156.0,65334.8,1063039.9,10630.399,696049585.9681,1,2024-06-19 04:00:00
65334.8,65550.0,65017.5,65217.5,1214519.5,12145.195,792376130.5816,1,2024-06-19 08:00:00
65217.6,65315.9,64763.1,64934.9,1179298.1,11792.981,766818687.7368,1,2024-06-19 12:00:00
64934.8,65286.9,64802.7,64888.6,779463.2,7794.632,506846324.181,1,2024-06-19 16:00:00
64888.7,65098.2,64616.2,64970.1,620937.3,6209.373,402874759.1114,1,2024-06-19 20:00:00
64970.0,65423.3,64840.9,65200.1,986984.6,9869.846,642855789.8846,1,2024-06-20 00:00:00
65200.2,65988.0,65089.4,65857.8,1578736.8,15787.368,1035475761.0641,1,2024-06-20 04:00:00
65857.9,66485.0,65571.8,66171.9,1740573.5,17405.735,1149554522.8933,1,2024-06-20 08:00:00
66171.9,66300.0,64660.0,64828.6,3440126.5,34401.265,2247011228.6342,1,2024-06-20 12:00:00
64828.7,65233.0,64550.8,65067.3,1594142.6,15941.426,1034028439.7259,1,2024-06-20 16:00:00
65067.5,65200.0,64868.7,64887.9,439036.5,4390.365,285631252.3385,1,2024-06-20 20:00:00
64888.0,65083.0,64342.0,64502.6,1322856.9,13228.569,856855678.7762,1,2024-06-21 00:00:00
64502.6,64748.9,64188.0,64208.6,1223671.6,12236.716,789456386.2361,1,2024-06-21 04:00:00
64208.7,64374.3,63512.1,63774.7,2860524.0,28605.24,1828325074.0113,1,2024-06-21 08:00:00
63774.6,64365.0,63360.0,63726.7,2968601.3,29686.013,1894223715.8192,1,2024-06-21 12:00:00
63726.6,64268.0,63458.8,64230.0,1347195.2,13471.952,860204706.0981,1,2024-06-21 16:00:00
64230.0,64478.2,63841.0,64152.4,701855.6,7018.556,450483071.0256,1,2024-06-21 20:00:00
64152.5,64343.9,63932.0,64318.5,495903.7,4959.037,318352506.9776,1,2024-06-22 00:00:00
64318.5,64539.8,64240.8,64521.6,765638.6,7656.386,493011684.1029,1,2024-06-22 04:00:00
64521.5,64533.4,64200.0,64281.5,726083.5,7260.835,467075622.1631,1,2024-06-22 08:00:00
64281.6,64400.0,64250.0,64308.5,322320.3,3223.203,207262792.2226,1,2024-06-22 12:00:00
64308.5,64363.2,64223.7,64298.2,238218.5,2382.185,153154340.2917,1,2024-06-22 16:00:00
64298.3,64340.2,64250.0,64266.3,189983.7,1899.837,122144596.1905,1,2024-06-22 20:00:00
64266.3,64529.6,64266.3,64419.7,480847.0,4808.47,309860614.422,1,2024-06-23 00:00:00
64419.7,64450.7,64350.0,64416.1,216508.5,2165.085,139429134.3774,1,2024-06-23 04:00:00
64416.1,64437.3,64251.3,64346.7,305029.9,3050.299,196278297.4766,1,2024-06-23 08:00:00
64346.7,64439.1,64070.1,64103.5,537734.9,5377.349,345363919.6885,1,2024-06-23 12:00:00
64103.5,64196.4,63925.0,64155.0,521298.0,5212.98,334056266.3558,1,2024-06-23 16:00:00
64155.0,64165.2,63160.8,63203.8,1283712.8,12837.128,816249608.1006,1,2024-06-23 20:00:00
63203.8,63370.7,62666.8,62867.9,2204048.6,22040.486,1389461773.8329,1,2024-06-24 00:00:00
62868.0,62954.0,62158.4,62457.1,2427978.1,24279.781,1517041121.303,1,2024-06-24 04:00:00
62457.1,62963.2,60600.0,61282.3,5058479.7,50584.797,3114218405.6065,1,2024-06-24 08:00:00
61282.0,61699.9,60680.0,60853.1,2463217.4,24632.174,1508621983.2495,1,2024-06-24 12:00:00
60853.2,61056.1,59051.5,59322.1,5630832.3,56308.323,3387382641.7822,1,2024-06-24 16:00:00
59319.6,60430.0,58351.0,60280.3,3175753.9,31757.539,1887500445.4103,1,2024-06-24 20:00:00
60280.2,61589.8,60243.0,61299.9,1977556.0,19775.56,1204717255.7569,1,2024-06-25 00:00:00
61300.0,61420.0,60632.9,60693.2,1494113.7,14941.137,912568235.7914,1,2024-06-25 04:00:00
60693.3,61622.4,60681.4,61188.2,1661157.7,16611.577,1016533247.9163,1,2024-06-25 08:00:00
61188.2,62150.0,60957.1,61819.6,2925757.5,29257.575,1801786126.4826,1,2024-06-25 12:00:00
61819.6,62438.0,61134.0,61979.2,2246664.5,22466.645,1388661529.2805,1,2024-06-25 16:00:00
61977.5,62150.0,61653.9,61793.8,590674.0,5906.74,365608453.647,1,2024-06-25 20:00:00
61793.9,62491.5,61628.9,61925.9,1154114.7,11541.147,716253721.2453,1,2024-06-26 00:00:00
61925.9,61984.4,61530.0,61732.1,907470.5,9074.705,559843951.2036,1,2024-06-26 04:00:00
61732.1,61763.9,61161.6,61443.5,1057492.0,10574.92,649288262.5684,1,2024-06-26 08:00:00
61443.5,61988.0,61179.7,61480.0,1721898.3,17218.983,1060183957.2371,1,2024-06-26 12:00:00
61480.0,61551.0,60720.0,61002.1,1917268.5,19172.685,1170770366.2524,1,2024-06-26 16:00:00
61002.1,61170.9,60720.0,60864.9,673170.7,6731.707,410161264.4111,1,2024-06-26 20:00:00
60864.9,61299.6,60765.2,61035.7,751066.2,7510.662,458282001.8078,1,2024-06-27 00:00:00
61035.7,61188.0,60620.0,60803.3,828878.2,8288.782,504436722.891,1,2024-06-27 04:00:00
60803.3,61455.9,60737.5,61194.2,1097893.3,10978.933,671232887.3813,1,2024-06-27 08:00:00
61194.1,62400.0,61153.4,61582.0,3554609.9,35546.099,2195008246.5131,1,2024-06-27 12:00:00
61580.3,62022.5,61409.6,61454.8,993063.7,9930.637,612948047.0644,1,2024-06-27 16:00:00
61454.8,61716.2,61362.7,61702.3,514103.8,5141.038,316545545.781,1,2024-06-27 20:00:00
61702.4,62230.0,61475.9,61817.2,1242533.2,12425.332,768400956.3351,1,2024-06-28 00:00:00
61817.1,61826.5,61233.0,61344.0,1054128.1,10541.281,648476032.2793,1,2024-06-28 04:00:00
61344.0,61799.0,61213.0,61698.2,893139.7,8931.397,549375176.0685,1,2024-06-28 08:00:00
61698.3,61880.0,60755.0,61058.8,3143927.4,31439.274,1927613624.0114,1,2024-06-28 12:00:00
61058.8,61115.9,60102.0,60144.3,2053656.5,20536.565,1244898844.0295,1,2024-06-28 16:00:00
60144.5,60458.8,60050.0,60430.9,723033.1,7230.331,435950686.7722,1,2024-06-28 20:00:00
60431.0,60998.7,60405.0,60755.3,1150789.5,11507.895,699056691.7855,1,2024-06-29 00:00:00
60755.4,61127.9,60686.2,61043.1,676956.1,6769.561,412525172.7295,1,2024-06-29 04:00:00
61043.1,61227.5,60888.0,61098.0,637415.8,6374.158,389121825.6292,1,2024-06-29 08:00:00
61097.9,61189.4,60944.9,61115.0,564821.4,5648.214,344899193.7553,1,2024-06-29 12:00:00
61114.9,61133.3,60906.6,61050.7,314626.0,3146.26,191916662.9142,1,2024-06-29 16:00:00
61050.6,61118.1,60829.3,60992.1,344009.7,3440.097,209857315.6602,1,2024-06-29 20:00:00
60992.2,61098.9,60762.0,60905.2,579320.1,5793.201,352902592.5327,1,2024-06-30 00:00:00
60905.3,61799.2,60709.9,61528.9,1535997.3,15359.973,942477182.7853,1,2024-06-30 04:00:00
61528.9,61710.0,61384.0,61551.9,709365.8,7093.658,436693125.4969,1,2024-06-30 08:00:00
61552.0,61878.8,61330.0,61720.0,1014892.0,10148.92,625424858.8034,1,2024-06-30 12:00:00
61720.0,62122.9,61580.0,62022.8,923869.3,9238.693,571645308.8937,1,2024-06-30 16:00:00
62022.7,63091.9,61819.9,62769.8,1878907.1,18789.071,1175226353.3844,1,2024-06-30 20:00:00
62769.9,63840.0,62570.0,63436.0,2528896.1,25288.961,1602699840.3571,1,2024-07-01 00:00:00
63437.3,63474.3,63216.0,63276.8,685565.5,6855.655,434269370.9749,1,2024-07-01 04:00:00
63276.8,63325.1,62607.0,62679.6,1339158.8,13391.588,842474077.2584,1,2024-07-01 08:00:00
62679.6,63179.0,62518.0,63126.3,1898792.0,18987.92,1193183177.167,1,2024-07-01 12:00:00
63126.3,63866.0,62958.1,63221.6,2076056.1,20760.561,1316418703.6554,1,2024-07-01 16:00:00
63221.7,63428.0,62816.0,62905.3,738240.0,7382.4,465614119.7063,1,2024-07-01 20:00:00
62905.3,63298.7,62786.5,63130.9,717482.3,7174.823,452046990.8133,1,2024-07-02 00:00:00
63130.9,63248.4,62577.0,62638.7,1000691.4,10006.914,629008691.4129,1,2024-07-02 04:00:00
62638.6,62873.5,62409.9,62827.8,1071831.0,10718.31,671619351.4961,1,2024-07-02 08:00:00
62827.9,63165.0,61836.9,61958.4,3161401.5,31614.015,1972572823.6748,1,2024-07-02 12:00:00
61958.5,62375.0,61830.0,61959.5,1223232.1,12232.321,759323254.9656,1,2024-07-02 16:00:00
61959.4,62195.6,61881.1,62129.9,501372.4,5013.724,311122185.4895,1,2024-07-02 20:00:00
62129.9,62292.1,60601.1,60990.1,2848109.5,28481.095,1748682029.5814,1,2024-07-03 00:00:00
60990.0,61185.8,60815.8,60874.2,1147366.0,11473.66,699658059.8198,1,2024-07-03 04:00:00
60871.6,60997.2,59531.3,60393.7,3725800.2,37258.002,2248217717.3219,1,2024-07-03 08:00:00
60393.7,60778.0,59760.0,60187.1,2952226.8,29522.268,1779288039.2611,1,2024-07-03 12:00:00
60187.2,60664.8,59640.5,59661.7,1725179.5,17251.795,1039156930.7558,1,2024-07-03 16:00:00
59660.5,60371.7,59365.0,60213.9,1187064.1,11870.641,710741955.4533,1,2024-07-03 20:00:00
60214.0,60503.8,57796.9,59105.8,4648341.1,46483.411,2745688510.1025,1,2024-07-04 00:00:00
59105.7,59160.0,58088.8,58237.5,2258412.8,22584.128,1325907524.6581,1,2024-07-04 04:00:00
58237.5,58508.4,56968.6,57762.0,4648356.7,46483.567,2681360191.885,1,2024-07-04 08:00:00
57762.0,58352.0,56758.0,58140.1,4606513.2,46065.132,2643559204.1997,1,2024-07-04 12:00:00
58140.2,58675.4,57740.0,58279.8,1974062.8,19740.628,1148589019.2404,1,2024-07-04 16:00:00
58279.7,58821.8,56825.0,57065.2,2161591.2,21615.912,1248050297.7884,1,2024-07-04 20:00:00
57065.2,57559.5,54958.8,55240.6,7218684.5,72186.845,4065520435.3004,1,2024-07-05 00:00:00
55240.6,55370.3,53222.3,54401.1,5773108.4,57731.084,3135012637.1728,1,2024-07-05 04:00:00
54401.2,55662.4,53888.0,55490.0,4003414.4,40034.144,2193067760.2981,1,2024-07-05 08:00:00
55489.9,56698.9,54841.5,56678.3,5353555.8,53535.558,2983616979.6399,1,2024-07-05 12:00:00
56678.3,57065.4,55820.0,56469.8,3051893.9,30518.939,1724503543.699,1,2024-07-05 16:00:00
56469.9,56868.1,56318.5,56620.0,690413.8,6904.138,390652877.4132,1,2024-07-05 20:00:00
56620.0,57022.9,56177.1,56411.3,1407540.0,14075.4,795131325.8093,1,2024-07-06 00:00:00
56411.2,56678.0,56027.7,56595.5,1149727.2,11497.272,648147796.1101,1,2024-07-06 04:00:00
56595.4,56894.8,56438.8,56736.8,733098.7,7330.987,415613437.8211,1,2024-07-06 08:00:00
56736.8,57466.4,56505.0,57310.2,1886911.6,18869.116,1076018811.3803,1,2024-07-06 12:00:00
57310.2,58138.1,57182.2,57862.2,1656650.9,16566.509,957265809.3189,1,2024-07-06 16:00:00
57862.3,58499.8,57831.1,58233.1,1051137.0,10511.37,611455859.3531,1,2024-07-06 20:00:00
58233.1,58456.0,57838.0,57963.5,1467358.8,14673.588,852349191.9916,1,2024-07-07 00:00:00
57963.5,58008.0,57066.0,57375.6,1665856.3,16658.563,959228191.6276,1,2024-07-07 04:00:00
57375.9,57930.6,57347.4,57459.4,1182052.3,11820.523,680921079.8465,1,2024-07-07 08:00:00
57459.3,57657.7,56568.0,56832.0,1768232.3,17682.323,1006946836.4524,1,2024-07-07 12:00:00
56832.1,57398.7,56752.5,57154.5,869244.3,8692.443,496283319.4815,1,2024-07-07 16:00:00
57154.5,57326.0,55727.6,55870.1,1804052.0,18040.52,1017447646.8451,1,2024-07-07 20:00:00
55870.0,56030.0,54280.0,55160.0,4416985.5,44169.855,2433027985.4395,1,2024-07-08 00:00:00
55160.0,55896.0,54959.2,55849.5,1731429.9,17314.299,961763905.7526,1,2024-07-08 04:00:00
55849.4,58226.4,55726.8,57158.8,4998843.6,49988.436,2856656073.1543,1,2024-07-08 08:00:00
57158.7,57629.8,54901.6,55760.2,5469883.8,54698.838,3078506383.3943,1,2024-07-08 12:00:00
55760.2,56566.0,55417.7,56480.7,1821408.2,18214.082,1020799187.1858,1,2024-07-08 16:00:00
56482.9,56974.1,56201.0,56719.1,1064514.0,10645.14,602396173.2756,1,2024-07-08 20:00:00
56719.1,57374.8,56285.9,57171.0,2223437.6,22234.376,1263886565.3611,1,2024-07-09 00:00:00
57171.0,57776.9,56993.9,57116.4,1801967.1,18019.671,1032995009.7679,1,2024-07-09 04:00:00
57116.3,57922.0,57019.9,57430.9,1817223.1,18172.231,1045534850.4309,1,2024-07-09 08:00:00
57430.0,58143.0,56888.9,57470.5,3016544.6,30165.446,1731964269.914,1,2024-07-09 12:00:00
57470.5,58333.0,57358.2,57859.9,1758957.5,17589.575,1016303416.2938,1,2024-07-09 16:00:00
57859.8,58276.4,57700.0,58044.1,660612.9,6606.129,382832732.7762,1,2024-07-09 20:00:00
58044.2,58219.3,57328.1,58181.7,1250901.9,12509.019,722825859.7885,1,2024-07-10 00:00:00
58178.4,59481.7,58178.3,58978.6,3339888.4,33398.884,1969836324.4658,1,2024-07-10 04:00:00
58978.6,59042.3,58316.0,58496.7,1739044.6,17390.446,1019238269.4115,1,2024-07-10 08:00:00
58496.7,58572.4,57484.6,57700.0,2932941.6,29329.416,1697973192.2837,1,2024-07-10 12:00:00
57700.1,58018.6,57350.4,57400.0,1192346.9,11923.469,687399452.4779,1,2024-07-10 16:00:00
57400.0,57868.3,57156.0,57720.4,906033.8,9060.338,521148955.7165,1,2024-07-10 20:00:00
57724.7,58399.2,57001.2,57560.1,2093100.1,20931.001,1208152301.4238,1,2024-07-11 00:00:00
57560.2,58315.8,57477.0,58190.2,1103874.0,11038.74,639502925.707,1,2024-07-11 04:00:00
58191.0,58893.0,58043.5,58765.6,1603405.6,16034.056,936722006.0862,1,2024-07-11 08:00:00
58765.6,59671.5,57260.0,57405.8,5122761.8,51227.618,2994866256.9796,1,2024-07-11 12:00:00
57405.7,57989.9,57170.5,57381.6,1431259.3,14312.593,824625830.8165,1,2024-07-11 16:00:00
57381.2,57635.0,57138.9,57346.3,797146.7,7971.467,457283925.8986,1,2024-07-11 20:00:00
57347.1,57580.1,56535.5,56921.5,1995294.9,19952.949,1138051432.1726,1,2024-07-12 00:00:00
56921.6,57409.0,56713.5,57096.9,1240136.6,12401.366,707758917.3559,1,2024-07-12 04:00:00
57097.0,57331.9,56769.5,57209.0,1264935.9,12649.359,722342537.9527,1,2024-07-12 08:00:00
57209.0,58273.9,57086.1,58206.1,2624950.9,26249.509,1514563511.9687,1,2024-07-12 12:00:00
58206.1,58576.0,57507.6,57582.5,2093892.5,20938.925,1216505735.1312,1,2024-07-12 16:00:00
57582.0,57916.2,57155.1,57902.0,997958.3,9979.583,574419786.1055,1,2024-07-12 20:00:00
57899.7,57994.3,57750.1,57822.4,494918.6,4949.186,286404320.8487,1,2024-07-13 00:00:00
57822.4,58247.6,57756.0,58168.9,689537.3,6895.373,399995374.9056,1,2024-07-13 04:00:00
58168.9,58873.1,57904.1,58536.7,1598253.9,15982.539,933875777.6174,1,2024-07-13 08:00:00
58536.8,58926.9,58435.0,58844.1,1416867.1,14168.671,831759418.7822,1,2024-07-13 12:00:00
58844.1,58977.8,58565.2,58622.7,658030.8,6580.308,386494433.0855,1,2024-07-13 16:00:00
58622.6,59887.9,58238.2,59205.2,2168741.6,21687.416,1283324402.3142,1,2024-07-13 20:00:00
59205.2,59846.2,59196.0,59466.0,1467891.4,14678.914,873666425.662,1,2024-07-14 00:00:00
59466.1,60336.0,59422.0,60057.2,2279155.7,22791.557,1367416194.1067,1,2024-07-14 04:00:00
60057.2,60419.1,59900.5,60110.0,1183878.8,11838.788,712313013.288,1,2024-07-14 08:00:00
60110.1,60249.0,59464.8,60088.0,1621801.5,16218.015,970436865.495,1,2024-07-14 12:00:00
60087.9,60190.0,59883.5,59910.1,469656.9,4696.569,281815061.9149,1,2024-07-14 16:00:00
59910.0,61473.2,59864.5,60789.8,2522497.9,25224.979,1533449268.2669,1,2024-07-14 20:00:00
60789.7,62805.4,60638.8,62645.7,3653682.6,36536.826,2262391781.887,1,2024-07-15 00:00:00
62645.8,63118.6,62436.7,62848.4,1936105.9,19361.059,1215816787.8797,1,2024-07-15 04:00:00
62848.1,63280.7,62300.0,62466.0,2022178.1,20221.781,1268784350.6409,1,2024-07-15 08:00:00
62466.0,63330.0,62454.2,63019.1,2451636.4,24516.364,1542187124.7454,1,2024-07-15 12:00:00
63019.1,63813.0,62855.3,63353.7,2939664.7,29396.647,1864553874.4629,1,2024-07-15 16:00:00
63353.7,64948.3,63252.9,64750.0,2702687.4,27026.874,1736433549.6824,1,2024-07-15 20:00:00
64750.0,64992.0,64458.0,64767.5,1515090.8,15150.908,980557139.2243,1,2024-07-16 00:00:00
64767.5,65000.0,62718.0,62920.1,4163826.4,41638.264,2651819703.724,1,2024-07-16 04:00:00
62920.1,63860.8,62375.0,63758.4,2964175.7,29641.757,1871993389.2392,1,2024-07-16 08:00:00
63758.4,64987.0,63073.2,64881.8,4117262.2,41172.622,2635080692.3386,1,2024-07-16 12:00:00
64881.9,65246.8,64128.0,65180.0,2824315.2,28243.152,1827246034.7081,1,2024-07-16 16:00:00
65178.0,65398.8,64110.6,65047.1,1527956.9,15279.569,990953987.8933,1,2024-07-16 20:00:00
65047.2,66149.4,64933.0,65709.0,2574755.5,25747.555,1690528829.8879,1,2024-07-17 00:00:00
65709.1,66025.3,65211.5,65269.9,1577498.4,15774.984,1035318801.8744,1,2024-07-17 04:00:00
65269.9,65520.0,64580.0,64737.4,2273560.8,22735.608,1479880604.6689,1,2024-07-17 08:00:00
64737.4,65422.0,64530.8,64740.8,2592384.6,25923.846,1683202279.3843,1,2024-07-17 12:00:00
64740.8,64782.9,63855.0,64580.4,2459008.2,24590.082,1581920858.6727,1,2024-07-17 16:00:00
64580.3,64679.2,64046.4,64093.4,797394.3,7973.943,512680138.1439,1,2024-07-17 20:00:00
64093.3,65155.3,63906.9,64861.5,1699039.8,16990.398,1097314991.3191,1,2024-07-18 00:00:00
64861.6,65058.6,64398.6,64676.4,994029.1,9940.291,643775321.4716,1,2024-07-18 04:00:00
64676.3,64963.0,64441.0,64760.0,935025.2,9350.252,604875210.1395,1,2024-07-18 08:00:00
64759.9,65123.0,63400.0,63545.0,3211238.4,32112.384,2061010626.7034,1,2024-07-18 12:00:00
63545.1,63968.7,63232.6,63569.4,1685139.3,16851.393,1071734160.8008,1,2024-07-18 16:00:00
63570.0,64134.3,63450.0,63985.6,813939.0,8139.39,519834504.9651,1,2024-07-18 20:00:00
63985.7,64375.8,63300.0,64330.0,1520959.1,15209.591,971003482.8879,1,2024-07-19 00:00:00
64330.0,64504.7,63615.5,63715.4,1332580.6,13325.806,854412832.371,1,2024-07-19 04:00:00
63715.3,64198.0,63416.1,64127.9,1555658.1,15556.581,993289369.186,1,2024-07-19 08:00:00
64128.0,65900.0,64030.1,65838.9,4489726.2,44897.262,2924948530.7984,1,2024-07-19 12:00:00
65841.5,67423.7,65830.7,67164.1,4375999.1,43759.991,2915038894.7989,1,2024-07-19 16:00:00
67160.7,67363.0,66617.8,66668.1,1180539.6,11805.396,790537474.5665,1,2024-07-19 20:00:00
66668.1,66845.2,66198.5,66608.0,1091550.8,10915.508,726192171.7764,1,2024-07-20 00:00:00
66608.0,66776.9,66439.8,66566.8,525563.7,5255.637,350008534.6406,1,2024-07-20 04:00:00
66566.7,66750.0,66464.1,66493.1,481039.8,4810.398,320203867.948,1,2024-07-20 08:00:00
66493.2,66852.0,66281.1,66829.4,818092.2,8180.922,544762680.9874,1,2024-07-20 12:00:00
66829.4,67655.0,66668.4,67230.9,1859543.8,18595.438,1250241308.8576,1,2024-07-20 16:00:00
67230.9,67443.2,66771.9,67135.8,828918.1,8289.181,556159636.4619,1,2024-07-20 20:00:00
67138.1,67437.9,66970.0,67182.5,513742.1,5137.421,345393561.2636,1,2024-07-21 00:00:00
67182.5,67227.8,66596.0,66713.7,881157.7,8811.577,589181568.0169,1,2024-07-21 04:00:00
66713.7,67088.0,66680.6,66886.6,518711.2,5187.112,346946164.019,1,2024-07-21 08:00:00
66886.5,67522.0,66603.2,67164.0,1482332.8,14823.328,994834707.3904,1,2024-07-21 12:00:00
67164.1,67800.0,65769.1,67428.0,3847554.2,38475.542,2574856067.1021,1,2024-07-21 16:00:00
67428.1,68399.0,67280.1,68170.2,1848831.1,18488.311,1256746771.9287,1,2024-07-21 20:00:00
68170.2,68497.9,67758.9,67885.0,1345195.3,13451.953,915761890.6951,1,2024-07-22 00:00:00
67885.1,68009.4,67120.0,67231.2,1296017.0,12960.17,875026899.7606,1,2024-07-22 04:00:00
67233.9,67619.2,66929.7,67525.1,980373.7,9803.737,659841789.0831,1,2024-07-22 08:00:00
67525.0,67960.0,66578.0,67077.9,2462362.2,24623.622,1654756151.0233,1,2024-07-22 12:00:00
67077.9,68278.8,66822.0,68228.1,1442079.0,14420.79,974209802.9716,1,2024-07-22 16:00:00
68228.1,68250.0,67220.9,67523.1,1165324.1,11653.241,789676639.2569,1,2024-07-22 20:00:00
67526.0,67763.5,67222.0,67477.8,882274.2,8822.742,595540320.8107,1,2024-07-23 00:00:00
67477.8,67535.3,66267.0,66596.2,2093782.1,20937.821,1396447380.9848,1,2024-07-23 04:00:00
66596.1,67176.0,66450.8,66681.1,1520336.3,15203.363,1016184061.4146,1,2024-07-23 08:00:00
66681.1,67352.0,65956.8,66578.8,3877892.5,38778.925,2584257838.4892,1,2024-07-23 12:00:00
66575.0,66776.0,65425.8,65530.7,2652510.8,26525.108,1750330854.2034,1,2024-07-23 16:00:00
65530.7,66055.7,65473.6,65941.0,1136860.1,11368.601,748420932.5386,1,2024-07-23 20:00:00
65941.0,66158.6,65477.4,66051.9,1059584.8,10595.848,697491225.5471,1,2024-07-24 00:00:00
66051.9,66075.9,65600.0,66075.9,733678.0,7336.78,483336397.0098,1,2024-07-24 04:00:00
66075.9,66599.2,65988.9,66361.0,1333196.8,13331.968,884784520.3241,1,2024-07-24 08:00:00
66361.0,67126.4,66098.3,66189.1,2803220.9,28032.209,1867024864.1531,1,2024-07-24 12:00:00
66189.2,66713.4,65573.8,65664.6,1850255.7,18502.557,1223806657.5197,1,2024-07-24 16:00:00
65661.0,66077.8,65084.6,65377.4,1420213.0,14202.13,930189331.4383,1,2024-07-24 20:00:00
65377.4,65635.4,63823.9,64093.5,3476628.2,34766.282,2241685467.7382,1,2024-07-25 00:00:00
64093.5,64387.9,63767.3,64126.4,1176429.9,11764.299,754848706.2992,1,2024-07-25 04:00:00
64126.2,64471.8,63867.2,64105.7,1232110.1,12321.101,790499254.0733,1,2024-07-25 08:00:00
64105.8,65012.4,63433.6,64785.9,3760361.8,37603.618,2416663381.8312,1,2024-07-25 12:00:00
64786.0,65188.3,64383.2,64680.1,1658803.7,16588.037,1075577427.0826,1,2024-07-25 16:00:00
64681.9,66176.4,64414.8,65799.9,1993472.2,19934.722,1306060469.775,1,2024-07-25 20:00:00
65800.0,67498.9,65720.0,67046.6,2767487.3,27674.873,1846808344.8908,1,2024-07-26 00:00:00
67046.6,67193.0,66880.0,66912.6,1065400.3,10654.003,713891739.1874,1,2024-07-26 04:00:00
66912.7,67524.4,66912.6,67338.5,1277408.3,12774.083,859309615.2272,1,2024-07-26 08:00:00
67338.5,67999.0,66855.2,67574.4,3536797.2,35367.972,2386572373.3652,1,2024-07-26 12:00:00
67574.4,68197.7,67300.0,67997.2,1403142.8,14031.428,949205344.5138,1,2024-07-26 16:00:00
67997.2,68231.2,67422.9,67910.2,983798.6,9837.986,667372793.9557,1,2024-07-26 20:00:00
67910.2,68087.2,67628.8,67803.7,691473.0,6914.73,469122772.6905,1,2024-07-27 00:00:00
67802.1,68335.0,67776.0,68055.1,822855.1,8228.551,560328365.6005,1,2024-07-27 04:00:00
68055.2,68275.0,67908.0,68229.9,631291.6,6312.916,430007517.7457,1,2024-07-27 08:00:00
68230.0,69434.3,68209.2,68874.4,3063462.1,30634.621,2110280294.2514,1,2024-07-27 12:00:00
68874.4,69011.8,67676.2,68259.9,2560229.1,25602.291,1753208519.9826,1,2024-07-27 16:00:00
68259.9,69233.0,66621.1,67905.4,6308373.4,63083.734,4282330634.6375,1,2024-07-27 20:00:00
67905.4,68307.7,67267.0,67945.0,1103068.5,11030.685,749132995.9021,1,2024-07-28 00:00:00
67945.1,68047.3,67071.0,67545.7,1159037.8,11590.378,781735173.1633,1,2024-07-28 04:00:00
67545.8,68013.2,67220.0,67838.5,860180.1,8601.801,581650733.8701,1,2024-07-28 08:00:00
67838.6,68125.0,67568.2,67660.4,997496.1,9974.961,676833714.069,1,2024-07-28 12:00:00
67660.4,68359.0,67622.2,68135.5,767041.4,7670.414,521856026.5015,1,2024-07-28 16:00:00
68135.5,68279.0,67816.4,68239.1,558002.2,5580.022,379789816.9278,1,2024-07-28 20:00:00
68239.0,69861.3,68159.8,69375.7,2976674.2,29766.742,2057182922.9994,1,2024-07-29 00:00:00
69375.6,69929.4,69291.0,69548.9,1409838.9,14098.389,981330896.4227,1,2024-07-29 04:00:00
69549.0,69878.7,69375.3,69588.1,1043102.2,10431.022,726276645.8913,1,2024-07-29 08:00:00
69588.1,70098.0,67650.3,68100.0,5212246.4,52122.464,3589780059.8417,1,2024-07-29 12:00:00
68100.0,68125.9,66395.0,67311.5,4157599.9,41575.999,2792949007.0885,1,2024-07-29 16:00:00
67311.6,67548.6,66600.0,66787.3,1100381.7,11003.817,738317509.2579,1,2024-07-29 20:00:00
66787.4,66892.1,65871.0,66623.8,2330945.8,23309.458,1547097051.3132,1,2024-07-30 00:00:00
66623.7,67000.0,66325.0,66944.8,1127700.6,11277.006,752363453.3375,1,2024-07-30 04:00:00
66944.8,66992.7,66401.0,66561.7,1001739.2,10017.392,667946745.5931,1,2024-07-30 08:00:00
66561.4,66947.0,65534.0,66226.9,2853911.3,28539.113,1890021616.3183,1,2024-07-30 12:00:00
66226.9,66570.4,65555.0,65928.4,1944194.0,19441.94,1282276408.7339,1,2024-07-30 16:00:00
65928.5,66354.9,65280.0,66195.6,1244823.6,12448.236,821104106.9663,1,2024-07-30 20:00:00
66195.7,66445.4,65888.0,66065.4,885909.4,8859.094,586431799.5314,1,2024-07-31 00:00:00
66065.2,66566.3,65500.0,66227.8,1987302.6,19873.026,1313078618.633,1,2024-07-31 04:00:00
66227.7,66385.0,65955.2,66101.5,903961.1,9039.611,598236141.6123,1,2024-07-31 08:00:00
66101.5,66863.3,65972.5,66379.9,2440146.0,24401.46,1620378698.9619,1,2024-07-31 12:00:00
66380.0,66840.0,64800.0,65256.8,3282035.8,32820.358,2167188672.3652,1,2024-07-31 16:00:00
65256.8,65439.6,64500.0,64635.1,2431323.3,24313.233,1576788642.6918,1,2024-07-31 20:00:00
64635.1,64849.6,63750.0,63938.0,2438475.1,24384.751,1566548009.0309,1,2024-08-01 00:00:00
63938.1,64480.0,63577.7,64319.0,1930524.0,19305.24,1236795763.4926,1,2024-08-01 04:00:00
64318.3,64696.6,64297.9,64672.4,915128.0,9151.28,590382604.7105,1,2024-08-01 08:00:00
64672.3,64944.9,62654.1,62906.2,4519238.4,45192.384,2880874684.7949,1,2024-08-01 12:00:00
62906.8,63494.8,62266.8,63415.6,3745307.2,37453.072,2356185823.3749,1,2024-08-01 16:00:00
63415.6,65660.0,63326.7,65353.6,3315301.8,33153.018,2147018857.7813,1,2024-08-01 20:00:00
65353.7,65614.4,63654.4,64603.5,2573658.2,25736.582,1661205710.4881,1,2024-08-02 00:00:00
64602.7,64661.1,63806.3,64158.1,1572668.0,15726.68,1010948614.2368,1,2024-08-02 04:00:00
64158.2,64971.0,64044.7,64666.1,1480189.8,14801.898,955686246.8329,1,2024-08-02 08:00:00
64665.8,65555.0,62424.0,63410.1,6765715.9,67657.159,4331057248.3733,1,2024-08-02 12:00:00
63410.1,63607.9,62510.0,62644.6,2349831.2,23498.312,1481903647.0734,1,2024-08-02 16:00:00
62646.2,63203.2,61222.0,61490.7,3526201.3,35262.013,2187034772.5876,1,2024-08-02 20:00:00
61490.8,61971.7,60500.0,61889.9,2878615.6,28786.156,1763031891.3381,1,2024-08-03 00:00:00
61889.9,61971.5,61376.3,61656.1,913377.2,9133.772,563438697.9608,1,2024-08-03 04:00:00
61656.1,62014.1,61444.4,61905.3,828351.2,8283.512,511167353.9943,1,2024-08-03 08:00:00
61905.3,62206.2,60809.5,60876.0,1831557.8,18315.578,1129624749.3417,1,2024-08-03 12:00:00
60875.9,61340.2,59907.6,60259.4,4428989.3,44289.893,2685415945.492,1,2024-08-03 16:00:00
60259.5,60868.5,59830.0,60711.2,2001193.8,20011.938,1209979802.541,1,2024-08-03 20:00:00
60711.2,61124.9,60321.8,60746.3,1021078.7,10210.787,620344769.5609,1,2024-08-04 00:00:00
60746.3,60942.2,60253.0,60375.4,824547.3,8245.473,499783733.9185,1,2024-08-04 04:00:00
60372.2,61018.8,60118.0,60899.9,1032583.9,10325.839,626101156.4568,1,2024-08-04 08:00:00
60899.9,61095.0,58925.0,59097.7,3415310.5,34153.105,2043626216.1714,1,2024-08-04 12:00:00
59097.8,59485.9,57111.1,59247.6,5882323.5,58823.235,3438295637.9526,1,2024-08-04 16:00:00
59246.1,59577.0,58008.0,58170.0,1805687.0,18056.87,1061242776.996,1,2024-08-04 20:00:00
58170.0,58314.9,52199.4,53881.8,12457226.1,124572.261,6839969670.5523,1,2024-08-05 00:00:00
53881.7,54558.0,48906.7,52662.5,11772858.8,117728.588,6120694275.0504,1,2024-08-05 04:00:00
52662.5,53250.0,50625.0,51342.2,6168622.0,61686.22,3199971558.7378,1,2024-08-05 08:00:00
51342.3,55000.0,49555.0,54320.3,12302764.2,123027.642,6421168573.0074,1,2024-08-05 12:00:00
54320.2,55679.4,52525.3,53478.8,5401544.4,54015.444,2921540346.7802,1,2024-08-05 16:00:00
53478.9,55221.9,53463.5,54009.6,2787652.2,27876.522,1515185266.8631,1,2024-08-05 20:00:00
54009.6,56280.0,53936.6,55666.7,3249888.8,32498.888,1805997935.1799,1,2024-08-06 00:00:00
55666.7,56167.2,55235.3,56003.0,1984722.3,19847.223,1105547675.4472,1,2024-08-06 04:00:00
56003.0,56114.9,54600.0,55205.5,3148169.6,31481.696,1735287454.1804,1,2024-08-06 08:00:00
55205.6,56622.0,54354.5,56407.8,5236834.1,52368.341,2913571980.1809,1,2024-08-06 12:00:00
56407.7,57100.0,56235.0,56756.3,2689967.1,26899.671,1524615381.1157,1,2024-08-06 16:00:00
56758.9,56942.0,55700.0,56014.2,2055258.0,20552.58,1157384952.0218,1,2024-08-06 20:00:00
56014.2,57280.1,55555.0,56854.0,2718972.6,27189.726,1537195990.0109,1,2024-08-07 00:00:00
56854.0,57234.0,56536.1,56923.4,1835521.3,18355.213,1044757324.4434,1,2024-08-07 04:00:00
56926.0,57854.9,56861.6,56966.0,2645847.2,26458.472,1516256557.0726,1,2024-08-07 08:00:00
56965.7,57482.0,55633.0,56100.0,3939368.7,39393.687,2228091234.1854,1,2024-08-07 12:00:00
56100.0,56313.8,54674.5,54764.0,2902184.3,29021.843,1608440075.8061,1,2024-08-07 16:00:00
54759.5,55599.9,54558.8,55140.0,1925387.9,19253.879,1060576344.5556,1,2024-08-07 20:00:00
55136.1,57642.2,54733.3,57056.1,3533103.2,35331.032,1998258137.9385,1,2024-08-08 00:00:00
57056.1,57427.7,56668.4,57187.9,1754461.4,17544.614,1001262105.2138,1,2024-08-08 04:00:00
57188.0,57698.9,56982.8,57325.0,1434182.3,14341.823,822418020.6731,1,2024-08-08 08:00:00
57325.1,59541.0,56670.2,59422.0,6919898.1,69198.981,4025715340.9901,1,2024-08-08 12:00:00
59423.0,59886.7,59235.0,59408.5,2680676.9,26806.769,1596869567.062,1,2024-08-08 16:00:00
59411.5,62766.0,59294.6,61697.1,4009051.0,40090.51,2457503446.6022,1,2024-08-08 20:00:00
61692.1,61754.6,60769.9,61360.0,1841938.8,18419.388,1129269028.5927,1,2024-08-09 00:00:00
61360.0,61400.0,60580.0,60874.8,1498455.4,14984.554,913670294.8578,1,2024-08-09 04:00:00
60874.8,61214.5,60160.4,60659.2,2013688.7,20136.887,1221556765.7406,1,2024-08-09 08:00:00
60659.2,61133.3,59522.1,59820.6,3997372.2,39973.722,2409828727.1655,1,2024-08-09 12:00:00
59820.6,60773.2,59728.0,60682.2,1578600.2,15786.002,951178619.0487,1,2024-08-09 16:00:00
60682.2,60994.7,59916.3,60842.0,2048816.0,20488.16,1240296749.7127,1,2024-08-09 20:00:00
60842.0,61492.8,60279.6,60447.4,1234340.3,12343.403,750186359.087,1,2024-08-10 00:00:00
60447.3,60852.4,60241.2,60842.0,489326.4,4893.264,296032989.9982,1,2024-08-10 04:00:00
60842.0,61116.0,60622.3,60925.6,783357.1,7833.571,476747401.5655,1,2024-08-10 08:00:00
60925.7,60950.0,60406.5,60517.2,733772.0,7337.72,444862109.4283,1,2024-08-10 12:00:00
60517.2,61250.0,60410.2,61018.2,728586.1,7285.861,443515639.8662,1,2024-08-10 16:00:00
61018.3,61175.6,60750.2,60919.5,352570.3,3525.703,214965375.8792,1,2024-08-10 20:00:00
60919.5,61413.4,60889.4,61085.4,718640.1,7186.401,439448848.8927,1,2024-08-11 00:00:00
61085.4,61276.5,60873.2,61259.1,557797.7,5577.977,340663826.5432,1,2024-08-11 04:00:00
61260.0,61951.3,60410.9,60676.2,1849747.7,18497.477,1130325740.7864,1,2024-08-11 08:00:00
60676.2,60767.5,59900.1,60134.5,1732464.5,17324.645,1045655468.845,1,2024-08-11 12:00:00
60135.1,60369.8,59533.6,59635.2,1048365.8,10483.658,628969795.7289,1,2024-08-11 16:00:00
59635.3,59683.7,58272.4,58727.7,2706451.6,27064.516,1592350648.3821,1,2024-08-11 20:00:00
58727.8,59088.0,58091.4,58520.1,1535863.2,15358.632,899009217.3245,1,2024-08-12 00:00:00
58520.1,59046.0,57610.0,58666.0,2231273.2,22312.732,1302158768.3029,1,2024-08-12 04:00:00
58666.0,59962.0,58116.8,59842.1,2785109.5,27851.095,1642518917.8236,1,2024-08-12 08:00:00
59842.0,60718.8,57765.4,60207.4,5929644.2,59296.442,3522882450.7395,1,2024-08-12 12:00:00
60207.3,60421.1,58435.3,59051.3,2180236.0,21802.36,1294397860.4727,1,2024-08-12 16:00:00
59052.0,59755.0,58551.3,59348.6,1196042.7,11960.427,707218818.9197,1,2024-08-12 20:00:00
59348.6,59915.7,58869.1,59045.1,1538260.1,15382.601,914078115.9373,1,2024-08-13 00:00:00
59045.1,59480.1,58833.0,59241.3,1006961.4,10069.614,596051325.1287,1,2024-08-13 04:00:00
59241.2,59323.0,58366.0,58832.7,1317317.5,13173.175,775005719.7734,1,2024-08-13 08:00:00
58832.8,59779.5,58700.1,59469.2,2386453.8,23864.538,1414064512.9078,1,2024-08-13 12:00:00
59469.2,61589.4,59442.4,60818.2,3902917.3,39029.173,2373284890.1304,1,2024-08-13 16:00:00
60818.2,61146.6,60390.9,60591.9,916270.1,9162.701,556148481.9639,1,2024-08-13 20:00:00
60591.9,61300.0,60428.4,60949.8,1002933.3,10029.333,610020743.1269,1,2024-08-14 00:00:00
60949.9,61161.4,60634.0,60918.1,834289.2,8342.892,507775946.4589,1,2024-08-14 04:00:00
60918.1,61470.6,60640.0,61292.0,1359313.9,13593.139,830175648.0604,1,2024-08-14 08:00:00
61292.0,61847.0,58806.1,59435.5,6226651.2,62266.512,3738668646.3462,1,2024-08-14 12:00:00
59435.4,59525.0,58528.0,58893.5,1959281.6,19592.816,1157358514.4884,1,2024-08-14 16:00:00
58892.5,59191.3,58428.1,58685.2,938399.8,9383.998,552485050.4731,1,2024-08-14 20:00:00
58685.2,59047.4,58010.0,58448.7,1518773.6,15187.736,888207182.1185,1,2024-08-15 00:00:00
58448.8,58648.0,57704.1,58069.1,1562661.2,15626.612,908897355.2227,1,2024-08-15 04:00:00
58069.0,58875.7,57969.9,58742.2,1306480.5,13064.805,763685987.0647,1,2024-08-15 08:00:00
58742.2,59775.2,58524.5,59671.5,3436914.8,34369.148,2036378260.6621,1,2024-08-15 12:00:00
59670.5,59861.5,56680.0,57044.1,4697151.0,46971.51,2726456555.6312,1,2024-08-15 16:00:00
57044.2,57874.9,56048.3,57528.0,2450701.9,24507.019,1398175557.3779,1,2024-08-15 20:00:00
57532.9,58530.0,57095.7,57894.2,1760748.9,17607.489,1017364518.4664,1,2024-08-16 00:00:00
57894.2,58637.0,57808.0,58457.2,1132505.7,11325.057,660355313.8836,1,2024-08-16 04:00:00
58457.3,58699.6,58200.0,58400.8,1222714.5,12227.145,714693724.3187,1,2024-08-16 08:00:00
58400.8,58929.6,57525.0,58063.9,4050738.9,40507.389,2355792831.7604,1,2024-08-16 12:00:00
58063.6,59824.9,57991.1,59678.5,3120680.4,31206.804,1842498822.8276,1,2024-08-16 16:00:00
59678.6,59707.4,58726.0,58892.2,1057581.4,10575.814,625749669.4786,1,2024-08-16 20:00:00
58892.2,59388.0,58807.4,59166.0,754757.6,7547.576,446358826.3798,1,2024-08-17 00:00:00
59165.9,59272.9,59050.0,59247.1,417201.8,4172.018,246903481.6305,1,2024-08-17 04:00:00
59247.2,59478.0,59061.3,59140.1,706710.3,7067.103,418633035.8394,1,2024-08-17 08:00:00
59140.0,59657.8,59098.7,59392.9,914816.3,9148.163,543246988.9819,1,2024-08-17 12:00:00
59393.0,59731.0,59301.0,59478.4,614344.8,6143.448,365542596.5626,1,2024-08-17 16:00:00
59478.4,59500.0,59151.0,59499.0,365021.9,3650.219,216587095.5742,1,2024-08-17 20:00:00
59499.0,60297.9,59281.2,59339.3,1795223.2,17952.232,1072879558.7633,1,2024-08-18 00:00:00
59339.2,59715.6,59252.0,59579.0,1102049.9,11020.499,655895238.1796,1,2024-08-18 04:00:00
59579.0,60198.1,59420.0,60020.1,1606814.2,16068.142,961808541.7715,1,2024-08-18 08:00:00
60020.0,60287.0,59668.1,59867.0,1150990.5,11509.905,690154255.8379,1,2024-08-18 12:00:00
59867.0,59959.4,59365.0,59710.1,877942.8,8779.428,523478554.2987,1,2024-08-18 16:00:00
59710.1,59875.3,58421.0,58435.8,1395689.0,13956.89,824916139.5208,1,2024-08-18 20:00:00
58435.8,58769.9,58210.0,58730.3,1760109.3,17601.093,1029637679.8251,1,2024-08-19 00:00:00
58730.2,58748.5,58379.0,58503.6,957134.3,9571.343,560478550.0244,1,2024-08-19 04:00:00
58505.3,58678.4,57800.0,58389.5,2098846.1,20988.461,1221377589.8777,1,2024-08-19 08:00:00
58389.6,58966.0,58024.3,58535.1,2575317.4,25753.174,1506717933.2408,1,2024-08-19 12:00:00
58535.1,59295.0,58372.2,58957.6,1513148.9,15131.489,891245280.6659,1,2024-08-19 16:00:00
58957.6,59615.1,58901.4,59433.0,1002195.8,10021.958,593591571.2018,1,2024-08-19 20:00:00
59433.2,60914.0,59351.8,60627.9,2578614.2,25786.142,1556424489.2582,1,2024-08-20 00:00:00
60628.0,61434.4,60590.3,60939.5,2029610.8,20296.108,1237973462.8766,1,2024-08-20 04:00:00
60939.8,60980.0,60440.0,60528.1,1227007.4,12270.074,745132116.2859,1,2024-08-20 08:00:00
60528.1,60950.0,58582.0,58822.1,5460279.5,54602.795,3260408118.9817,1,2024-08-20 12:00:00
58822.1,59596.8,58500.0,59509.0,1934450.7,19344.507,1142559860.9521,1,2024-08-20 16:00:00
59508.9,59719.6,58755.0,59007.9,1035299.7,10352.997,613785600.9475,1,2024-08-20 20:00:00
59006.2,59521.0,58760.0,59321.4,1000927.6,10009.276,592336557.3502,1,2024-08-21 00:00:00
59321.4,59752.4,59180.2,59712.0,784724.4,7847.244,467205695.2407,1,2024-08-21 04:00:00
59712.0,59962.0,59093.0,59360.4,1514673.3,15146.733,900132582.7332,1,2024-08-21 08:00:00
59360.5,60222.0,58829.9,59514.1,4218717.9,42187.179,2513012166.9108,1,2024-08-21 12:00:00
59514.1,61666.0,59370.6,61569.0,3622529.8,36225.298,2195474842.3404,1,2024-08-21 16:00:00
61569.5,61828.0,60916.6,61158.7,2006254.1,20062.541,1230431954.2314,1,2024-08-21 20:00:00
61158.8,61234.3,59587.8,60543.9,2523239.4,25232.394,1525336003.1082,1,2024-08-22 00:00:00
60543.9,61105.8,60450.0,60974.5,1126656.6,11266.566,684657996.7337,1,2024-08-22 04:00:00
60974.5,61400.0,60789.7,61324.1,1370934.1,13709.341,837499956.8015,1,2024-08-22 08:00:00
61324.1,61388.0,60100.0,60406.2,3303895.9,33038.959,2004775902.9818,1,2024-08-22 12:00:00
60406.3,60599.3,60130.0,60307.6,1275493.3,12754.933,770043226.3774,1,2024-08-22 16:00:00
60307.6,60717.0,60283.0,60380.0,679983.8,6799.838,411219917.8161,1,2024-08-22 20:00:00
60380.0,60954.0,60334.2,60600.1,884419.4,8844.194,536968239.029,1,2024-08-23 00:00:00
60600.2,61358.0,60584.1,61075.3,1393749.7,13937.497,850201927.6796,1,2024-08-23 04:00:00
61075.3,61334.0,60661.2,60736.1,1269790.8,12697.908,774833306.5104,1,2024-08-23 08:00:00
60736.1,62327.4,60736.0,61528.0,5953002.2,59530.022,3658273914.0992,1,2024-08-23 12:00:00
61527.0,63816.0,61317.7,63604.0,5471879.4,54718.794,3435770983.9408,1,2024-08-23 16:00:00
63609.7,65098.5,63473.1,64050.0,3124407.6,31244.076,2008142905.4109,1,2024-08-23 20:00:00
64050.0,64221.6,63629.0,63841.0,1110379.9,11103.799,709490829.9502,1,2024-08-24 00:00:00
63841.0,64447.2,63828.0,64309.8,1020704.8,10207.048,654093498.2847,1,2024-08-24 04:00:00
64309.8,64554.9,63900.0,63922.0,943161.1,9431.611,605781113.9692,1,2024-08-24 08:00:00
63922.0,64269.9,63865.0,63982.6,901859.6,9018.596,578072748.5674,1,2024-08-24 12:00:00
63982.6,64464.0,63921.4,64204.9,1163026.2,11630.262,746807458.3597,1,2024-08-24 16:00:00
64205.0,64345.2,63500.0,64160.9,935137.4,9351.374,597527264.3777,1,2024-08-24 20:00:00
64160.1,65028.4,64000.0,64115.9,1285565.6,12855.656,827039911.131,1,2024-08-25 00:00:00
64115.9,64218.0,63785.0,63877.8,786749.2,7867.492,503506816.9811,1,2024-08-25 04:00:00
63877.7,64036.6,63790.0,63891.4,654552.2,6545.522,418301428.5628,1,2024-08-25 08:00:00
63891.5,64291.4,63820.0,64133.0,779903.8,7799.038,499886237.2508,1,2024-08-25 12:00:00
64133.1,64275.4,64008.7,64192.2,408967.4,4089.674,262264559.7872,1,2024-08-25 16:00:00
64192.2,65043.6,64129.7,64222.0,1757007.2,17570.072,1133608335.7173,1,2024-08-25 20:00:00
64222.1,64490.0,63785.0,64125.2,1186075.2,11860.752,759996877.7853,1,2024-08-26 00:00:00
64125.1,64221.8,63574.7,63634.4,1283283.9,12832.839,819588090.9577,1,2024-08-26 04:00:00
63634.4,64040.0,63214.5,63850.4,1693168.2,16931.682,1079177897.989,1,2024-08-26 08:00:00
63850.4,63968.5,63068.0,63535.0,2833691.1,28336.911,1799657562.3364,1,2024-08-26 12:00:00
63535.0,63890.0,63189.6,63331.1,1806253.1,18062.531,1147218527.2052,1,2024-08-26 16:00:00
63331.0,63567.8,62793.1,62840.1,1554095.7,15540.957,980954941.4096,1,2024-08-26 20:00:00
62840.1,63215.0,62650.0,62971.9,1665864.2,16658.642,1048290797.5286,1,2024-08-27 00:00:00
62972.0,63200.0,62730.0,62907.8,1010370.3,10103.703,636086821.031,1,2024-08-27 04:00:00
62907.9,63012.8,62234.0,62433.6,2039466.2,20394.662,1275716042.4149,1,2024-08-27 08:00:00
62433.5,62513.5,61456.1,61698.6,3894153.5,38941.535,2413616586.4528,1,2024-08-27 12:00:00
61698.6,62197.0,61504.2,62101.7,1613642.5,16136.425,998142990.4222,1,2024-08-27 16:00:00
62101.6,62103.5,57910.1,59405.3,6578095.7,65780.957,3936591799.4699,1,2024-08-27 20:00:00
59405.4,59656.0,58915.8,59625.2,1704548.5,17045.485,1010181671.9643,1,2024-08-28 00:00:00
59625.1,59669.1,58515.0,58601.1,1453481.1,14534.811,859265533.5409,1,2024-08-28 04:00:00
58601.1,60222.0,58537.5,59928.1,2268827.8,22688.278,1352263038.0361,1,2024-08-28 08:00:00
59928.0,60161.6,58400.0,59003.9,3486020.1,34860.201,2066753622.361,1,2024-08-28 12:00:00
59003.8,59839.5,57778.9,58904.9,4016419.1,40164.191,2361675318.2093,1,2024-08-28 16:00:00
58904.9,59620.7,58626.0,59040.2,1426275.3,14262.753,843526405.1984,1,2024-08-28 20:00:00
59040.1,59331.6,58866.7,59146.8,714629.3,7146.293,422235793.1298,1,2024-08-29 00:00:00
59146.9,59757.2,59060.3,59571.3,907939.9,9079.399,539838221.5996,1,2024-08-29 04:00:00
59571.3,60478.0,59359.6,60058.6,1719692.4,17196.924,1029859938.4417,1,2024-08-29 08:00:00
60058.6,61169.9,59971.4,60779.9,2955812.2,29558.122,1791812145.488,1,2024-08-29 12:00:00
60779.9,60960.0,58906.8,59268.1,3256459.8,32564.598,1948142694.0347,1,2024-08-29 16:00:00
59268.0,59640.5,58702.3,59350.1,1102010.9,11020.109,653039701.4914,1,2024-08-29 20:00:00
59350.0,59491.0,58901.0,59038.7,1044898.4,10448.984,618173469.4959,1,2024-08-30 00:00:00
59038.8,59586.9,58654.8,59268.3,1409166.6,14091.666,833122051.0527,1,2024-08-30 04:00:00
59268.3,59671.1,59268.2,59400.2,1102942.2,11029.422,656141044.408,1,2024-08-30 08:00:00
59400.2,59951.0,57924.0,58094.0,4756685.4,47566.854,2801726551.2665,1,2024-08-30 12:00:00
58095.9,59383.0,57660.1,58702.1,3141410.6,31414.106,1841050276.5928,1,2024-08-30 16:00:00
58702.0,59296.0,58702.0,59127.3,545113.4,5451.134,321922489.1882,1,2024-08-30 20:00:00
59127.4,59478.0,59055.6,59232.7,527920.3,5279.203,312845271.7099,1,2024-08-31 00:00:00
59232.6,59350.0,59066.0,59091.1,390823.8,3908.238,231414522.884,1,2024-08-31 04:00:00
59091.1,59190.0,58824.6,59124.7,680679.3,6806.793,401744222.4031,1,2024-08-31 08:00:00
59125.0,59259.0,58880.2,59017.9,795865.7,7958.657,470332318.547,1,2024-08-31 12:00:00
59017.9,59159.9,58735.2,58866.5,737066.8,7370.668,434538294.1595,1,2024-08-31 16:00:00
58866.4,59148.5,58784.0,58977.2,286839.0,2868.39,169192231.6322,1,2024-08-31 20:00:00
58975.7,59085.9,58264.0,58529.5,1099671.7,10996.717,644548018.466,1,2024-09-01 00:00:00
58529.6,58608.6,57766.7,58477.0,1756874.2,17568.742,1021955181.8594,1,2024-09-01 04:00:00
58477.0,58508.0,57830.0,58238.1,1107379.2,11073.792,643756887.5155,1,2024-09-01 08:00:00
58238.1,58378.0,57150.1,58220.1,2739592.0,27395.92,1585930147.2943,1,2024-09-01 12:00:00
58220.0,58800.0,57866.3,58516.1,1609777.0,16097.77,938825701.3896,1,2024-09-01 16:00:00
58516.0,58662.8,57188.0,57290.8,1813258.4,18132.584,1045304471.0365,1,2024-09-01 20:00:00
57290.7,57775.5,57111.0,57732.4,1745964.0,17459.64,1003227871.2909,1,2024-09-02 00:00:00
57732.4,57988.0,57355.1,57548.9,1072238.3,10722.383,618336790.6229,1,2024-09-02 04:00:00
57549.0,58666.0,57511.6,58428.9,2310042.4,23100.424,1345474285.4718,1,2024-09-02 08:00:00
58428.9,58844.0,58106.1,58539.4,1610626.0,16106.26,941749507.3252,1,2024-09-02 12:00:00
58539.5,58671.2,58288.7,58447.4,695856.1,6958.561,406799959.7087,1,2024-09-02 16:00:00
58447.4,59440.8,58384.6,59146.9,1564624.0,15646.24,924657134.8973,1,2024-09-02 20:00:00
59146.9,59828.0,59010.0,59127.9,1643544.1,16435.441,976095002.8767,1,2024-09-03 00:00:00
59127.9,59263.1,58861.6,59108.1,1068430.3,10684.303,631136785.584,1,2024-09-03 04:00:00
59108.1,59198.9,58720.0,59071.7,1055806.9,10558.069,622426354.6924,1,2024-09-03 08:00:00
59071.7,59385.0,57568.0,57721.3,3890667.6,38906.676,2266639116.9446,1,2024-09-03 12:00:00
57721.2,58258.0,57576.1,58051.3,1568561.5,15685.615,908153688.3435,1,2024-09-03 16:00:00
58052.9,58248.2,57411.0,57486.1,996983.2,9969.832,576913164.2671,1,2024-09-03 20:00:00
57486.1,57951.0,55555.9,56665.9,4557936.5,45579.365,2581047681.2201,1,2024-09-04 00:00:00
56665.9,56887.9,56166.0,56745.6,1559262.0,15592.62,880873201.2496,1,2024-09-04 04:00:00
56745.6,56900.0,56441.0,56563.6,954305.1,9543.051,540566247.4495,1,2024-09-04 08:00:00
56562.5,58164.0,56170.8,58132.8,4398830.3,43988.303,2511909461.8286,1,2024-09-04 12:00:00
58132.7,58535.1,57643.5,58056.0,2542149.3,25421.493,1477964500.4555,1,2024-09-04 16:00:00
58056.0,58400.0,57830.6,57974.0,742754.4,7427.544,431473656.6828,1,2024-09-04 20:00:00
57973.9,58330.0,56905.8,57122.5,2091231.9,20912.319,1202137041.5505,1,2024-09-05 00:00:00
57122.5,57285.8,56529.4,57155.0,1558608.7,15586.087,888741591.5873,1,2024-09-05 04:00:00
57155.0,57242.5,56615.1,56690.1,1373617.4,13736.174,780819966.6861,1,2024-09-05 08:00:00
56690.2,57362.0,55800.0,55973.0,5564769.6,55647.696,3150955950.6423,1,2024-09-05 12:00:00
55973.1,56721.0,55780.8,56046.6,2148611.3,21486.113,1209540991.0363,1,2024-09-05 16:00:00
56046.6,56265.3,55638.0,56180.0,934469.9,9344.699,523725414.7416,1,2024-09-05 20:00:00
56180.0,56868.0,55983.2,56585.0,1392659.9,13926.599,787168081.2136,1,2024-09-06 00:00:00
56585.0,56750.7,55275.7,55792.1,2155619.9,21556.199,1205509814.3324,1,2024-09-06 04:00:00
55792.1,56281.2,55630.3,56007.0,1678447.5,16784.475,938828943.7179,1,2024-09-06 08:00:00
56007.0,57048.1,53805.0,54041.5,9356058.6,93560.586,5185032104.0794,1,2024-09-06 12:00:00
54040.6,54426.8,53250.5,53537.1,4706383.9,47063.839,2533807814.3596,1,2024-09-06 16:00:00
53537.7,53966.0,52522.0,53956.4,3048873.4,30488.734,1623800241.7199,1,2024-09-06 20:00:00
53956.4,54095.1,53744.0,53818.0,767373.1,7673.731,413582800.5357,1,2024-09-07 00:00:00
53818.1,54407.6,53807.3,54280.4,1388358.0,13883.58,752284328.475,1,2024-09-07 04:00:00
54280.4,54496.8,54150.0,54326.7,858001.8,8580.018,466087597.2856,1,2024-09-07 08:00:00
54326.6,54842.3,54326.6,54779.1,1181245.4,11812.454,645048202.282,1,2024-09-07 12:00:00
54779.2,54863.2,53988.7,54405.0,1172383.5,11723.835,637449526.3044,1,2024-09-07 16:00:00
54405.0,54443.4,53809.0,54161.9,800327.0,8003.27,432604964.0416,1,2024-09-07 20:00:00
54161.8,54506.6,53965.4,54398.1,786300.3,7863.003,426885274.4998,1,2024-09-08 00:00:00
54398.1,54578.4,54251.1,54440.0,836762.7,8367.627,455535022.7439,1,2024-09-08 04:00:00
54440.1,54735.0,54350.0,54559.0,837890.8,8378.908,457142444.7611,1,2024-09-08 08:00:00
54559.2,54575.4,53626.1,53688.0,2059183.1,20591.831,1114475304.7607,1,2024-09-08 12:00:00
53688.1,54528.9,53622.0,54334.8,1254134.3,12541.343,678802622.0771,1,2024-09-08 16:00:00
54334.9,55326.0,54178.8,54879.7,2284195.1,22841.951,1250968490.5499,1,2024-09-08 20:00:00
54877.0,55375.9,54677.5,55119.8,1890575.4,18905.754,1040739973.0289,1,2024-09-09 00:00:00
55119.9,55158.0,54584.3,54967.8,1302779.7,13027.797,714425677.6472,1,2024-09-09 04:00:00
54966.4,55545.0,54951.5,55269.7,1687165.1,16871.651,932588937.1402,1,2024-09-09 08:00:00
55269.7,55798.8,54802.7,55390.0,3645568.6,36455.686,2015659155.7497,1,2024-09-09 12:00:00
55389.9,57184.0,55346.4,57087.3,4498523.9,44985.239,2537619331.7392,1,2024-09-09 16:00:00
57087.9,58161.5,56802.3,57035.2,2233131.7,22331.317,1281713433.6139,1,2024-09-09 20:00:00
57035.2,57079.8,56532.0,56532.1,1346897.6,13468.976,764925759.0537,1,2024-09-10 00:00:00
56532.1,57308.5,56388.0,57218.6,1525236.9,15252.369,867407683.9316,1,2024-09-10 04:00:00
57218.5,57410.5,56882.0,57218.1,1377298.2,13772.982,787225817.7512,1,2024-09-10 08:00:00
57218.1,57477.0,56526.0,56593.0,3398762.1,33987.621,1934676913.6695,1,2024-09-10 12:00:00
56593.1,58048.6,56560.0,57950.0,2575019.0,25750.19,1478521333.8216,1,2024-09-10 16:00:00
57950.1,57975.4,57441.8,57644.6,897886.2,8978.862,517765902.7177,1,2024-09-10 20:00:00
57644.5,57762.0,56674.8,56824.9,2147793.2,21477.932,1225706116.7566,1,2024-09-11 00:00:00
56825.0,56825.0,56100.0,56704.6,2005870.5,20058.705,1131987670.9661,1,2024-09-11 04:00:00
56704.6,56882.7,56334.3,56795.6,1313451.3,13134.513,743363765.3167,1,2024-09-11 08:00:00
56795.6,57170.0,55555.5,56700.1,6213228.2,62132.282,3499962085.6559,1,2024-09-11 12:00:00
56700.1,57977.5,56644.0,57582.3,3568766.6,35687.666,2049654506.0013,1,2024-09-11 16:00:00
57583.4,57684.3,57210.0,57342.8,617489.5,6174.895,354533970.1212,1,2024-09-11 20:00:00
57340.2,58500.0,57325.0,58229.5,2370836.8,23708.368,1374627148.7228,1,2024-09-12 00:00:00
58229.6,58431.3,57850.0,58132.4,1090360.5,10903.605,633560474.5575,1,2024-09-12 04:00:00
58132.4,58342.3,57883.2,58059.3,995112.9,9951.129,578345512.4054,1,2024-09-12 08:00:00
58059.2,58586.8,57347.0,57511.8,4413383.0,44133.83,2552859393.5126,1,2024-09-12 12:00:00
57511.8,58456.0,57495.1,58399.4,1847586.2,18475.862,1074199400.1104,1,2024-09-12 16:00:00
58399.5,58399.5,57762.4,58127.9,954900.4,9549.004,554682886.0981,1,2024-09-12 20:00:00
58127.9,58266.7,57832.4,57859.9,767999.1,7679.991,445689100.6886,1,2024-09-13 00:00:00
57859.9,58145.0,57735.0,58117.6,845017.7,8450.177,489443506.0511,1,2024-09-13 04:00:00
58117.5,58355.2,57811.0,57876.0,1182108.4,11821.084,687017368.5878,1,2024-09-13 08:00:00
57876.0,59732.9,57623.5,59659.9,5293772.2,52937.722,3099285239.562,1,2024-09-13 12:00:00
59658.4,59998.0,59315.4,59730.0,2604021.5,26040.215,1554078628.5262,1,2024-09-13 16:00:00
59730.0,60650.0,59616.8,60495.9,2008399.2,20083.992,1211379270.8042,1,2024-09-13 20:00:00
60495.9,60614.6,60288.0,60329.3,767843.0,7678.43,464173588.637,1,2024-09-14 00:00:00
60328.1,60356.0,59909.5,60143.0,882854.6,8828.546,530679025.6509,1,2024-09-14 04:00:00
60143.0,60167.9,59586.8,59699.7,1088636.3,10886.363,651622043.0474,1,2024-09-14 08:00:00
59699.7,60023.6,59626.4,59867.0,868788.6,8687.886,519752940.72,1,2024-09-14 12:00:00
59865.3,59989.7,59374.2,59810.6,927242.0,9272.42,553804454.7208,1,2024-09-14 16:00:00
59810.5,60147.7,59769.5,59992.8,483294.9,4832.949,289988955.7547,1,2024-09-14 20:00:00
59992.8,60280.0,59980.0,60154.3,628032.6,6280.326,377791362.3097,1,2024-09-15 00:00:00
60154.3,60234.4,60073.0,60190.1,344998.4,3449.984,207567754.6203,1,2024-09-15 04:00:00
60190.1,60200.0,59870.0,60001.9,742352.2,7423.522,445585257.4478,1,2024-09-15 08:00:00
60001.9,60415.8,59880.0,60336.8,1219588.6,12195.886,733780676.7895,1,2024-09-15 12:00:00
60336.8,60350.0,59678.1,59885.8,1301789.6,13017.896,780323721.7084,1,2024-09-15 16:00:00
59885.7,59947.3,58679.5,59130.0,2210653.9,22106.539,1310162432.601,1,2024-09-15 20:00:00
59130.1,59212.4,58115.0,58572.8,2498478.6,24984.786,1463415366.4499,1,2024-09-16 00:00:00
58572.7,58957.4,58320.3,58896.1,1170068.0,11700.68,686197009.9371,1,2024-09-16 04:00:00
58896.1,59186.3,58501.1,58658.4,1407877.5,14078.775,827983977.7783,1,2024-09-16 08:00:00
58658.4,58790.0,57566.2,57887.8,3280672.0,32806.72,1905872524.9258,1,2024-09-16 12:00:00
57887.8,58288.0,57450.0,57954.2,2285860.1,22858.601,1322221214.461,1,2024-09-16 16:00:00
57954.2,58429.2,57602.9,58210.5,958734.1,9587.341,556070104.5486,1,2024-09-16 20:00:00
58210.4,58344.6,57613.1,58072.0,1125205.6,11252.056,652208622.7322,1,2024-09-17 00:00:00
58072.0,58799.9,58032.9,58695.8,1137154.9,11371.549,665190756.4304,1,2024-09-17 04:00:00
58695.9,59298.0,58627.3,59089.0,1628455.1,16284.551,960698511.8235,1,2024-09-17 08:00:00
59089.1,61366.0,58868.0,61139.8,6474780.8,64747.808,3897699968.3048,1,2024-09-17 12:00:00
61139.9,61276.0,59630.0,59984.6,3270068.9,32700.689,1981408633.3762,1,2024-09-17 16:00:00
59985.7,60444.8,59750.0,60318.4,1260326.9,12603.269,758043967.4375,1,2024-09-17 20:00:00
60318.4,60782.0,59874.0,60513.7,1311290.6,13112.906,790981328.1473,1,2024-09-18 00:00:00
60513.7,60688.8,60193.7,60426.0,839399.2,8393.992,507021213.9542,1,2024-09-18 04:00:00
60426.1,60426.1,59370.2,59855.2,1903488.0,19034.88,1139526524.3001,1,2024-09-18 08:00:00
59855.2,60176.7,59306.1,59434.2,2400158.1,24001.581,1431884873.0086,1,2024-09-18 12:00:00
59434.2,61425.9,59162.8,60072.9,6892658.3,68926.583,4163174583.118,1,2024-09-18 16:00:00
60072.9,61802.0,59476.1,61767.8,2373106.0,23731.06,1438684102.2308,1,2024-09-18 20:00:00
61767.9,62598.0,61567.0,62114.8,3285493.5,32854.935,2039633633.3789,1,2024-09-19 00:00:00
62114.9,62188.0,61820.0,62099.7,976531.9,9765.319,605734971.4557,1,2024-09-19 04:00:00
62100.0,62738.2,61900.0,62640.1,1927262.0,19272.62,1202115309.1168,1,2024-09-19 08:00:00
62640.0,63528.0,62590.0,63153.4,4482526.9,44825.269,2827184982.356,1,2024-09-19 12:00:00
63153.9,63871.8,62938.0,63260.1,2917949.8,29179.498,1853337315.4321,1,2024-09-19 16:00:00
63260.1,63260.1,62659.0,62967.6,1152795.6,11527.956,726003367.3111,1,2024-09-19 20:00:00
62967.6,63773.1,62609.0,63766.1,1774535.0,17745.35,1119584809.9148,1,2024-09-20 00:00:00
63766.1,64183.2,63388.0,63528.0,2361405.9,23614.059,1506936650.5342,1,2024-09-20 04:00:00
63528.1,63722.3,63112.0,63449.5,1394490.0,13944.9,884697431.5176,1,2024-09-20 08:00:00
63449.4,63558.2,62574.7,63165.0,3636145.1,36361.451,2292252932.7831,1,2024-09-20 12:00:00
63164.9,63288.5,62337.9,62800.4,2042365.7,20423.657,1282151736.054,1,2024-09-20 16:00:00
62800.4,63299.5,62694.5,63208.1,760955.2,7609.552,480061201.8995,1,2024-09-20 20:00:00
63208.1,63321.1,62811.3,62900.0,725725.3,7257.253,457453788.1211,1,2024-09-21 00:00:00
62899.9,63143.5,62757.2,63084.0,541632.2,5416.322,340959682.6311,1,2024-09-21 04:00:00
63084.0,63150.0,62960.9,63088.0,384829.5,3848.295,242665936.5201,1,2024-09-21 08:00:00
63088.0,63315.7,63030.0,63167.5,785992.5,7859.925,496526826.8761,1,2024-09-21 12:00:00
63167.6,63411.9,63087.6,63204.9,558614.3,5586.143,353403560.7967,1,2024-09-21 16:00:00
63204.8,63600.0,63050.0,63349.9,682343.5,6823.435,431954329.6497,1,2024-09-21 20:00:00
63349.9,63456.0,62822.0,63115.3,972559.6,9725.596,613568051.202,1,2024-09-22 00:00:00
63115.2,63209.5,62828.2,62950.2,467268.4,4672.684,294283196.0288,1,2024-09-22 04:00:00
62950.3,63048.0,62560.0,62792.2,1027524.0,10275.24,644958673.0444,1,2024-09-22 08:00:00
62792.2,62950.0,62456.7,62655.4,926208.2,9262.082,580538700.862,1,2024-09-22 12:00:00
62655.1,63236.0,62473.2,63166.0,1056503.8,10565.038,664387428.5366,1,2024-09-22 16:00:00
63166.0,64048.6,62356.0,63589.1,2559891.5,25598.915,1620850094.7084,1,2024-09-22 20:00:00
63589.1,64765.0,62550.0,64364.4,4033541.0,40335.41,2573259265.1279,1,2024-09-23 00:00:00
64364.4,64499.3,63386.2,63553.2,1877160.5,18771.605,1198509908.6529,1,2024-09-23 04:00:00
63553.2,63714.3,63310.0,63436.1,980503.5,9805.035,622743183.5637,1,2024-09-23 08:00:00
63436.1,63810.0,63050.0,63626.4,2623411.7,26234.117,1663061077.2471,1,2024-09-23 12:00:00
63626.5,63842.9,63107.1,63306.0,1287361.3,12873.613,816261616.8883,1,2024-09-23 16:00:00
63306.0,63528.7,63080.0,63345.2,691419.3,6914.193,437772964.5695,1,2024-09-23 20:00:00
63345.3,63415.9,62712.0,63130.5,1575869.1,15758.691,993310357.4612,1,2024-09-24 00:00:00
63130.4,63567.0,62950.0,63559.8,835327.5,8353.275,528764958.2039,1,2024-09-24 04:00:00
63559.9,63947.0,63381.0,63480.7,1623998.7,16239.987,1033774841.0548,1,2024-09-24 08:00:00
63480.8,63778.0,62731.0,63164.2,2890131.5,28901.315,1828758717.8341,1,2024-09-24 12:00:00
63164.3,64380.0,63093.7,64287.6,2224926.4,22249.264,1418943824.1252,1,2024-09-24 16:00:00
64287.6,64720.0,63974.0,64278.1,1779852.6,17798.526,1145331390.772,1,2024-09-24 20:00:00
64278.2,64838.5,63980.8,64458.3,1598336.8,15983.368,1029126359.9378,1,2024-09-25 00:00:00
64458.4,64460.0,63655.0,63862.1,1388109.9,13881.099,888531637.2365,1,2024-09-25 04:00:00
63862.1,63922.5,63400.0,63840.0,1363628.5,13636.285,868534921.0101,1,2024-09-25 08:00:00
63840.0,64009.6,63320.0,63500.0,1839847.7,18398.477,1171984917.8516,1,2024-09-25 12:00:00
63500.0,63679.3,63011.4,63192.4,1686289.6,16862.896,1067550482.3272,1,2024-09-25 16:00:00
63192.9,63558.0,62906.2,63160.1,899860.1,8998.601,569327101.5997,1,2024-09-25 20:00:00
63160.0,63547.9,62666.0,63509.6,1708997.4,17089.974,1078402927.8671,1,2024-09-26 00:00:00
63509.6,63875.0,63333.4,63849.9,1089931.2,10899.312,693726617.8478,1,2024-09-26 04:00:00
63850.0,64500.0,63590.4,64408.2,2442118.5,24421.185,1566172379.4381,1,2024-09-26 08:00:00
64408.2,65535.9,64154.6,65238.4,5534717.5,55347.175,3587555960.8024,1,2024-09-26 12:00:00
65239.3,65848.9,64683.5,64695.8,2761174.7,27611.747,1802914299.2056,1,2024-09-26 16:00:00
64695.8,65250.0,64620.0,65166.1,1113284.5,11132.845,722716992.8832,1,2024-09-26 20:00:00
65166.0,65428.6,64822.0,65360.3,1158590.2,11585.902,754462986.6438,1,2024-09-27 00:00:00
65360.4,65555.0,65088.5,65472.9,1263130.9,12631.309,825746623.3033,1,2024-09-27 04:00:00
65472.9,66027.5,65350.0,65448.6,2131543.2,21315.432,1399854553.8765,1,2024-09-27 08:00:00
65448.6,66478.7,65326.5,66004.0,3612389.1,36123.891,2384185860.5231,1,2024-09-27 12:00:00
66004.0,66374.9,65525.1,65652.8,1943578.5,19435.785,1281577496.5404,1,2024-09-27 16:00:00
65651.5,65980.0,65621.5,65779.3,462987.2,4629.872,304692518.9435,1,2024-09-27 20:00:00
65779.3,66277.5,65726.5,66076.4,770314.9,7703.149,508525148.4316,1,2024-09-28 00:00:00
66076.4,66099.9,65740.0,65822.2,578362.1,5783.621,381166489.9832,1,2024-09-28 04:00:00
65822.1,65822.2,65456.0,65804.0,892089.6,8920.896,585594747.3517,1,2024-09-28 08:00:00
65803.9,65833.6,65421.2,65630.7,759720.6,7597.206,498476177.9421,1,2024-09-28 12:00:00
65630.7,65831.5,65481.6,65735.1,495409.2,4954.092,325278264.8426,1,2024-09-28 16:00:00
65735.2,66002.7,65430.0,65857.2,569063.5,5690.635,373913576.2412,1,2024-09-28 20:00:00
65857.2,65992.0,65645.3,65817.3,577428.7,5774.287,380076081.4862,1,2024-09-29 00:00:00
65817.2,65817.3,65450.0,65480.9,598537.7,5985.377,392586932.2492,1,2024-09-29 04:00:00
65481.0,65730.8,65452.0,65701.1,575371.4,5753.714,377406568.6923,1,2024-09-29 08:00:00
65701.0,65867.0,65571.4,65762.9,714297.4,7142.974,469471658.1595,1,2024-09-29 12:00:00
65763.0,65975.2,65655.0,65948.1,469501.4,4695.014,309116421.9576,1,2024-09-29 16:00:00
65948.1,66100.0,65533.3,65604.2,815406.8,8154.068,536257610.7115,1,2024-09-29 20:00:00
65604.2,65632.0,64200.0,64567.8,3900127.8,39001.278,2528856309.0075,1,2024-09-30 00:00:00
64567.8,64730.0,64330.4,64565.8,1149477.4,11494.774,741829839.5007,1,2024-09-30 04:00:00
64565.8,64582.0,63249.6,63826.1,3854511.7,38545.117,2459984294.609,1,2024-09-30 08:00:00
63826.1,64156.0,63541.3,63568.9,2227749.4,22277.494,1422679715.9679,1,2024-09-30 12:00:00
63568.9,63747.3,63063.0,63494.3,1906022.3,19060.223,1209126342.6509,1,2024-09-30 16:00:00
63494.3,63883.9,62820.0,63330.5,1354587.2,13545.872,858922041.5869,1,2024-09-30 20:00:00
63330.5,63749.1,63010.0,63720.9,1470029.2,14700.292,932674724.9109,1,2024-10-01 00:00:00
63721.0,64123.4,63642.4,64047.8,1089443.9,10894.439,696133640.7126,1,2024-10-01 04:00:00
64047.8,64099.0,63718.3,63741.2,811908.7,8119.087,518820103.7513,1,2024-10-01 08:00:00
63741.3,63830.9,61800.0,62630.1,6974194.7,69741.947,4368100347.3444,1,2024-10-01 12:00:00
62630.0,62786.0,61001.8,61764.7,5777071.3,57770.713,3577870781.072,1,2024-10-01 16:00:00
61765.1,61775.2,60150.0,60814.3,3413216.2,34132.162,2077330637.2162,1,2024-10-01 20:00:00
60814.2,61873.9,60737.4,61736.0,1546865.3,15468.653,950073234.9573,1,2024-10-02 00:00:00
61736.0,61944.0,61350.0,61729.5,1196585.2,11965.852,737223444.3328,1,2024-10-02 04:00:00
61729.5,61916.0,60890.0,61170.0,1713504.8,17135.048,1051402536.8803,1,2024-10-02 08:00:00
61170.1,61926.4,60525.9,61865.5,3873672.6,38736.726,2372214744.4527,1,2024-10-02 12:00:00
61864.0,62368.4,59981.8,60190.0,3893370.2,38933.702,2379564168.8188,1,2024-10-02 16:00:00
60190.0,60995.0,60128.0,60650.1,1543086.6,15430.866,935621048.5473,1,2024-10-02 20:00:00
60650.1,61474.0,60536.3,61460.2,1418529.6,14185.296,866067498.8696,1,2024-10-03 00:00:00
61460.3,61482.5,60806.1,60929.7,1103479.1,11034.791,675538527.2465,1,2024-10-03 04:00:00
60929.8,61080.0,60116.8,60768.0,2463952.8,24639.528,1492689971.7543,1,2024-10-03 08:00:00
60767.9,60922.7,59840.8,60642.1,4405191.1,44051.911,2659553090.3033,1,2024-10-03 12:00:00
60642.1,61061.0,59921.9,61034.9,2088317.5,20883.175,1263405924.5617,1,2024-10-03 16:00:00
61035.0,61127.1,60617.3,60758.0,737202.1,7372.021,448541263.7856,1,2024-10-03 20:00:00
60757.9,61284.2,60464.4,60959.9,1277104.8,12771.048,778372136.7174,1,2024-10-04 00:00:00
60959.9,61498.9,60921.2,61436.5,978540.4,9785.404,598897374.2603,1,2024-10-04 04:00:00
61436.5,61652.8,61268.1,61450.9,1028278.9,10282.789,631824914.5246,1,2024-10-04 08:00:00
61450.9,62016.2,60786.0,61887.0,4760035.1,47600.351,2927593254.0779,1,2024-10-04 12:00:00
61886.9,62471.0,61648.2,62369.9,2019674.8,20196.748,1255076045.6753,1,2024-10-04 16:00:00
62370.0,62485.5,61965.0,62093.8,621029.1,6210.291,386500014.9036,1,2024-10-04 20:00:00
62093.8,62202.7,61675.6,61868.3,724483.7,7244.837,448850934.128,1,2024-10-05 00:00:00
61868.4,62279.0,61822.4,62072.4,520502.4,5205.024,323229779.4704,1,2024-10-05 04:00:00
62072.4,62343.0,62072.3,62193.8,632350.8,6323.508,393525725.2617,1,2024-10-05 08:00:00
62193.9,62388.1,62088.0,62165.0,625660.0,6256.6,389252913.3212,1,2024-10-05 12:00:00
62165.0,62193.0,61788.0,61861.9,708509.7,7085.097,439037593.2889,1,2024-10-05 16:00:00
61862.0,62118.0,61710.0,62066.1,415825.9,4158.259,257466517.8529,1,2024-10-05 20:00:00
62066.1,62171.9,61876.0,61886.8,469885.1,4698.851,291376075.7705,1,2024-10-06 00:00:00
61886.9,62027.4,61816.1,61955.9,315724.4,3157.244,195554271.751,1,2024-10-06 04:00:00
61955.8,62179.8,61925.6,62102.6,432851.8,4328.518,268649111.9106,1,2024-10-06 08:00:00
62102.6,62787.0,62071.4,62729.2,1539568.7,15395.687,961709450.4628,1,2024-10-06 12:00:00
62729.2,62998.4,62553.3,62636.1,1009249.9,10092.499,633483069.1988,1,2024-10-06 16:00:00
62635.5,62919.9,62300.0,62825.5,756014.7,7560.147,473419153.3827,1,2024-10-06 20:00:00
62825.6,63974.6,62654.7,63535.8,2386669.5,23866.695,1516216208.8423,1,2024-10-07 00:00:00
63535.8,63729.5,63316.3,63539.9,808662.7,8086.627,513807590.9521,1,2024-10-07 04:00:00
63539.9,63712.8,62655.0,63149.1,1977555.8,19775.558,1247575112.4949,1,2024-10-07 08:00:00
63149.2,64473.2,62833.2,63654.7,3859376.3,38593.763,2459736082.9815,1,2024-10-07 12:00:00
63654.8,63916.0,62733.2,63378.8,1976183.6,19761.836,1252233139.0622,1,2024-10-07 16:00:00
63378.8,63408.0,62121.6,62221.3,1754801.2,17548.012,1100128326.2404,1,2024-10-07 20:00:00
62221.4,62830.0,62153.5,62639.9,1230750.8,12307.508,769552794.6692,1,2024-10-08 00:00:00
62639.9,62793.6,62001.5,62316.3,1453143.6,14531.436,906571595.9294,1,2024-10-08 04:00:00
62316.2,62665.9,62189.3,62622.9,842622.1,8426.221,526292609.0114,1,2024-10-08 08:00:00
62622.9,63219.0,61869.2,62281.3,3738717.0,37387.17,2338630577.0008,1,2024-10-08 12:00:00
62281.3,62623.2,61876.0,62249.9,1891959.5,18919.595,1177643874.8248,1,2024-10-08 16:00:00
62250.0,62577.8,62022.1,62156.8,632986.5,6329.865,394172506.9371,1,2024-10-08 20:00:00
62156.8,62500.0,62003.0,62400.1,1002143.3,10021.433,624251642.9035,1,2024-10-09 00:00:00
62400.0,62555.0,62192.2,62272.7,709343.9,7093.439,442529731.8414,1,2024-10-09 04:00:00
62272.7,62290.0,62058.0,62209.9,713520.6,7135.206,443549826.5433,1,2024-10-09 08:00:00
62209.9,62410.5,61637.3,62311.7,3098491.4,30984.914,1920352166.1876,1,2024-10-09 12:00:00
62311.8,62349.1,60832.2,61037.9,2676062.8,26760.628,1645388892.5192,1,2024-10-09 16:00:00
61037.9,61120.0,60300.0,60646.9,1846716.3,18467.163,1120953734.8178,1,2024-10-09 20:00:00
60646.9,60956.0,60368.0,60864.5,1214315.0,12143.15,736958634.3494,1,2024-10-10 00:00:00
60864.6,61147.6,60808.0,60891.1,859683.6,8596.836,524244721.9201,1,2024-10-10 04:00:00
60891.1,61320.9,60626.4,61262.5,1337502.8,13375.028,815970679.7539,1,2024-10-10 08:00:00
61262.5,61316.6,60444.0,60797.5,3061928.8,30619.288,1863694743.1716,1,2024-10-10 12:00:00
60797.5,61041.7,58924.9,59736.8,4490577.9,44905.779,2683160139.7409,1,2024-10-10 16:00:00
59736.8,60317.3,59584.4,60317.3,1469981.8,14699.818,881299300.4936,1,2024-10-10 20:00:00
60317.2,60784.9,60080.1,60605.7,1297222.3,12972.223,784165768.7297,1,2024-10-11 00:00:00
60605.6,60932.0,60578.4,60673.5,911443.5,9114.435,553650659.245,1,2024-10-11 04:00:00
60673.5,61272.0,60650.0,61180.9,1465153.4,14651.534,894122945.9711,1,2024-10-11 08:00:00
61180.9,62466.0,61130.1,62254.3,4125399.9,41253.999,2548303839.111,1,2024-10-11 12:00:00
62254.3,63420.0,62122.4,63088.2,3260664.9,32606.649,2045542963.0164,1,2024-10-11 16:00:00
63086.9,63172.4,62352.5,62539.3,1151068.0,11510.68,721935936.8304,1,2024-10-11 20:00:00
62539.3,63083.3,62483.2,62569.8,1066954.8,10669.548,669211549.8485,1,2024-10-12 00:00:00
62569.8,62808.0,62569.8,62767.9,549472.7,5494.727,344422641.751,1,2024-10-12 04:00:00
62767.9,63281.5,62676.1,62939.9,923645.4,9236.454,581667959.8224,1,2024-10-12 08:00:00
62939.8,63480.2,62821.8,63166.0,1304829.5,13048.295,824356762.3491,1,2024-10-12 12:00:00
63166.0,63400.0,62888.1,63004.2,710369.4,7103.694,448361290.2597,1,2024-10-12 16:00:00
63004.2,63389.0,63004.1,63210.3,340397.5,3403.975,215165373.402,1,2024-10-12 20:00:00
63210.3,63300.0,62654.5,62720.0,838750.8,8387.508,527698359.016,1,2024-10-13 00:00:00
62719.9,63007.5,62715.6,62857.8,438397.6,4383.976,275547858.128,1,2024-10-13 04:00:00
62857.8,62980.0,62527.8,62567.4,680796.3,6807.963,427127573.0383,1,2024-10-13 08:00:00
62567.4,62838.0,62050.0,62231.3,1478817.2,14788.172,922533351.4499,1,2024-10-13 12:00:00
62231.4,62888.0,62172.8,62737.9,1271247.7,12712.477,795322129.8198,1,2024-10-13 16:00:00
62737.9,63144.0,62613.7,62877.9,746385.6,7463.856,469089183.2097,1,2024-10-13 20:00:00
62877.8,64400.0,62457.4,64315.1,2443828.1,24438.281,1551081494.8104,1,2024-10-14 00:00:00
64315.1,64707.1,63777.2,64620.0,2744038.3,27440.383,1762715348.8267,1,2024-10-14 04:00:00
64620.1,65191.0,64346.8,64924.9,2358194.9,23581.949,1527285860.6168,1,2024-10-14 08:00:00
64924.8,66313.0,64658.0,65892.8,4912256.7,49122.567,3219825113.3874,1,2024-10-14 12:00:00
65892.8,66086.6,65571.6,65937.5,2169075.9,21690.759,1427606961.6531,1,2024-10-14 16:00:00
65937.6,66680.0,65742.1,66097.9,1423917.3,14239.173,942517887.401,1,2024-10-14 20:00:00
66097.9,66348.2,65355.0,65423.5,1474132.8,14741.328,969952774.3032,1,2024-10-15 00:00:00
65423.5,65861.0,65236.4,65666.9,1391422.5,13914.225,912001908.3001,1,2024-10-15 04:00:00
65666.9,65868.2,65280.0,65403.8,1148619.1,11486.191,753376822.444,1,2024-10-15 08:00:00
65403.7,67990.0,64765.0,66022.6,10413967.0,104139.67,6901762903.3663,1,2024-10-15 12:00:00
66022.7,67394.1,65979.2,66974.0,3541257.0,35412.57,2365657472.121,1,2024-10-15 16:00:00
66974.1,67195.5,66125.4,67083.0,1704585.5,17045.855,1135838974.4134,1,2024-10-15 20:00:00
67082.9,67577.9,66761.0,67105.0,1434450.8,14344.508,964146175.0983,1,2024-10-16 00:00:00
67103.2,67361.3,66760.4,66972.9,1114334.6,11143.346,747030454.9092,1,2024-10-16 04:00:00
66973.0,68432.5,66912.2,67908.7,3329024.4,33290.244,2256123510.1496,1,2024-10-16 08:00:00
67908.7,68329.0,67132.0,67763.3,4195648.5,41956.485,2841884052.6096,1,2024-10-16 12:00:00
67763.3,68111.0,67488.0,67727.2,1285057.5,12850.575,871282350.9013,1,2024-10-16 16:00:00
67727.1,67972.9,67504.0,67621.8,694817.6,6948.176,470524548.0726,1,2024-10-16 20:00:00
67621.8,67950.0,67407.8,67600.0,1262265.3,12622.653,853987116.8496,1,2024-10-17 00:00:00
67600.1,67600.1,67082.0,67305.9,1389169.6,13891.696,935088212.0676,1,2024-10-17 04:00:00
67305.9,67533.4,66822.0,66894.2,1610164.1,16101.641,1081005290.0529,1,2024-10-17 08:00:00
66894.2,67688.0,66666.0,67583.0,3198431.4,31984.314,2145710082.1441,1,2024-10-17 12:00:00
67583.0,67588.0,66713.0,66846.4,1717814.0,17178.14,1153017368.0839,1,2024-10-17 16:00:00
66846.3,67600.0,66822.5,67439.3,929361.5,9293.615,625221576.2704,1,2024-10-17 20:00:00
67439.3,68280.8,67200.0,67543.0,1877029.2,18770.292,1272632100.2616,1,2024-10-18 00:00:00
67543.0,68395.0,67540.0,67980.0,1581481.2,15814.812,1075423682.9429,1,2024-10-18 04:00:00
67980.0,68070.0,67673.0,67717.1,853902.4,8539.024,579673496.8912,1,2024-10-18 08:00:00
67717.2,68876.0,67645.9,68741.8,3947566.0,39475.66,2697423597.7846,1,2024-10-18 12:00:00
68741.8,69061.2,68350.0,68603.7,1867452.5,18674.525,1283790007.7707,1,2024-10-18 16:00:00
68603.8,68698.4,68218.0,68437.2,726516.4,7265.164,496953970.931,1,2024-10-18 20:00:00
68437.1,68712.3,68299.9,68454.1,674860.6,6748.606,462110651.4504,1,2024-10-19 00:00:00
68454.1,68574.7,68300.1,68359.2,442373.1,4423.731,302554341.2328,1,2024-10-19 04:00:00
68359.3,68482.7,68086.0,68090.8,616374.6,6163.746,420793772.4243,1,2024-10-19 08:00:00
68090.8,68372.4,68085.0,68223.5,603681.4,6036.814,411890526.5128,1,2024-10-19 12:00:00
68223.6,68252.6,68005.3,68188.7,573992.2,5739.922,391052592.4518,1,2024-10-19 16:00:00
68188.6,68432.4,68169.7,68377.1,359573.3,3595.733,245644811.3082,1,2024-10-19 20:00:00
68377.0,68447.5,68106.4,68193.3,388423.4,3884.234,265030194.9006,1,2024-10-20 00:00:00
68193.3,68448.4,68180.0,68369.6,445056.9,4450.569,304060002.2493,1,2024-10-20 04:00:00
68369.6,68500.0,68348.1,68420.1,373088.8,3730.888,255260341.6776,1,2024-10-20 08:00:00
68420.0,68777.0,68186.4,68635.2,1439549.9,14395.499,986447213.8169,1,2024-10-20 12:00:00
68635.2,68671.4,68413.7,68517.8,391814.8,3918.148,268653416.4355,1,2024-10-20 16:00:00
68517.7,69444.0,68472.8,69050.1,1691350.0,16913.5,1167053767.4353,1,2024-10-20 20:00:00
69050.0,69572.0,68600.7,68942.1,1567356.7,15673.567,1083155221.5333,1,2024-10-21 00:00:00
68942.2,69204.6,68480.0,68510.6,1102223.0,11022.23,758809706.9036,1,2024-10-21 04:00:00
68510.6,68670.0,68149.0,68266.0,1248191.4,12481.914,853618219.46,1,2024-10-21 08:00:00
68266.0,68363.1,66856.2,67331.0,4819831.6,48198.316,3251723910.9602,1,2024-10-21 12:00:00
67331.1,67924.5,66900.0,67752.6,1916326.4,19163.264,1291494252.2521,1,2024-10-21 16:00:00
67752.7,67923.9,67360.0,67378.7,821108.0,8211.08,555570973.2522,1,2024-10-21 20:00:00
67378.7,67699.0,66566.5,67413.4,2008651.0,20086.51,1348928221.8953,1,2024-10-22 00:00:00
67413.4,67800.0,67300.2,67398.0,1038614.5,10386.145,702080253.0931,1,2024-10-22 04:00:00
67398.0,67527.7,66757.7,67294.5,1957323.6,19573.236,1313450318.3867,1,2024-10-22 08:00:00
67294.5,67695.0,66645.9,67290.0,3556233.4,35562.334,2389929377.2151,1,2024-10-22 12:00:00
67290.0,67643.3,66930.0,67485.2,1330026.0,13300.26,894951868.4888,1,2024-10-22 16:00:00
67485.2,67842.0,67274.5,67426.2,718010.1,7180.101,485213177.216,1,2024-10-22 20:00:00
67426.2,67471.2,66891.3,67090.1,986870.5,9868.705,662822438.8528,1,2024-10-23 00:00:00
67090.1,67312.0,66810.0,66868.0,915340.7,9153.407,613768775.0541,1,2024-10-23 04:00:00
66868.0,67056.0,66202.4,66430.0,2301218.8,23012.188,1531400104.283,1,2024-10-23 08:00:00
66430.0,66899.9,65901.3,66228.7,3076234.4,30762.344,2042282986.5338,1,2024-10-23 12:00:00
66228.7,66599.9,65226.0,66490.2,3985076.2,39850.762,2624442629.9702,1,2024-10-23 16:00:00
66490.2,66823.4,66349.8,66662.1,960748.3,9607.483,639545647.0192,1,2024-10-23 20:00:00
66662.2,67620.3,66508.0,67220.0,1931990.8,19319.908,1298858976.1477,1,2024-10-24 00:00:00
67220.1,67486.0,67080.0,67134.4,863753.9,8637.539,581312819.7624,1,2024-10-24 04:00:00
67134.3,67350.0,66732.9,67294.4,1411899.5,14118.995,946161659.2087,1,2024-10-24 08:00:00
67294.3,67986.0,67270.3,67699.7,2859534.2,28595.342,1935797069.4545,1,2024-10-24 12:00:00
67699.7,68335.5,67354.4,68305.2,1725555.3,17255.553,1170363599.2988,1,2024-10-24 16:00:00
68305.2,68880.0,67978.1,68202.6,1460318.0,14603.18,998659162.5542,1,2024-10-24 20:00:00
68202.7,68285.7,67830.2,68006.0,1078396.1,10783.961,733581529.0087,1,2024-10-25 00:00:00
68006.0,68046.4,67248.3,67546.9,1492426.9,14924.269,1009530979.4009,1,2024-10-25 04:00:00
67546.8,68184.3,67319.2,68104.3,1336506.5,13365.065,905679475.8465,1,2024-10-25 08:00:00
68104.2,68776.9,67433.0,67685.8,3249836.6,32498.366,2216449699.5196,1,2024-10-25 12:00:00
67684.8,67900.0,65988.8,66858.7,5375529.3,53755.293,3605627883.9324,1,2024-10-25 16:00:00
66858.7,67405.2,65588.0,66695.0,2878145.9,28781.459,1912116501.6745,1,2024-10-25 20:00:00
66695.0,67042.9,66427.5,66903.0,1425656.6,14256.566,951443128.8353,1,2024-10-26 00:00:00
66903.0,67240.0,66759.4,67002.3,807751.9,8077.519,541735655.6877,1,2024-10-26 04:00:00
67002.4,67286.0,66954.0,67131.3,540881.3,5408.813,362964427.3177,1,2024-10-26 08:00:00
67131.2,67182.0,66745.0,66887.9,1052316.6,10523.166,704186767.4643,1,2024-10-26 12:00:00
66887.9,67189.0,66788.0,67178.5,467383.5,4673.835,313244993.4895,1,2024-10-26 16:00:00
67178.5,67479.9,67085.5,67100.0,500499.2,5004.992,336557000.2329,1,2024-10-26 20:00:00
67100.0,67330.0,66933.3,67296.1,475892.8,4758.928,319314469.3576,1,2024-10-27 00:00:00
67296.0,67326.5,67118.0,67200.0,294943.5,2949.435,198189300.1136,1,2024-10-27 04:00:00
67200.0,67266.0,67041.2,67125.2,323499.7,3234.997,217219674.3018,1,2024-10-27 08:00:00
67125.2,67860.0,67122.0,67790.1,1538305.0,15383.05,1039980814.5916,1,2024-10-27 12:00:00
67790.0,68042.5,67556.0,67848.1,958516.6,9585.166,649674855.3852,1,2024-10-27 16:00:00
67848.2,68346.6,67722.6,68028.2,1029094.0,10290.94,700787853.4229,1,2024-10-27 20:00:00
68028.3,68128.6,67666.9,67729.2,848233.4,8482.334,575593287.827,1,2024-10-28 00:00:00
67729.1,68686.0,67619.7,68423.4,1576408.6,15764.086,1075865100.5049,1,2024-10-28 04:00:00
68423.5,68846.6,68250.0,68764.2,1379639.8,13796.398,945803158.5871,1,2024-10-28 08:00:00
68764.1,69293.6,68424.0,68497.1,3624272.9,36242.729,2496552912.1349,1,2024-10-28 12:00:00
68496.6,69930.0,68449.9,69635.9,3136449.7,31364.497,2172340192.4311,1,2024-10-28 16:00:00
69635.9,70346.2,69427.0,69971.9,1746474.3,17464.743,1220989603.1956,1,2024-10-28 20:00:00
69971.9,71637.0,69767.0,70963.7,3562841.9,35628.419,2526225504.2366,1,2024-10-29 00:00:00
70963.8,71399.4,70833.0,71025.9,1343033.5,13430.335,954650829.9995,1,2024-10-29 04:00:00
71025.9,71589.0,70983.1,71457.5,1208128.3,12081.283,861317673.4666,1,2024-10-29 08:00:00
71457.6,72450.0,70939.0,72410.9,4270847.1,42708.471,3064232900.0228,1,2024-10-29 12:00:00
72410.9,73760.5,72361.5,72559.5,5055248.4,50552.484,3686205181.0354,1,2024-10-29 16:00:00
72559.6,73028.6,71911.0,72751.3,1766171.2,17661.712,1279664341.0365,1,2024-10-29 20:00:00
72751.4,72810.3,72030.6,72271.7,1288835.9,12888.359,932689547.9095,1,2024-10-30 00:00:00
72271.7,72654.1,72113.9,72244.8,851056.8,8510.568,615937116.9898,1,2024-10-30 04:00:00
72244.9,72625.0,71938.8,72010.7,1200006.0,12000.06,868077745.0797,1,2024-10-30 08:00:00
72010.8,72485.8,71458.1,72061.3,3452146.1,34521.461,2485053029.9132,1,2024-10-30 12:00:00
72061.2,72211.0,71661.8,71836.4,1105070.4,11050.704,795152564.1439,1,2024-10-30 16:00:00
71836.4,72974.0,71647.9,72343.2,2101645.8,21016.458,1520597597.9881,1,2024-10-30 20:00:00
72343.1,72598.3,72021.3,72356.2,894026.9,8940.269,646508658.3349,1,2024-10-31 00:00:00
72356.2,72487.6,72139.5,72414.9,560822.6,5608.226,405487491.9597,1,2024-10-31 04:00:00
72414.9,72700.0,72156.1,72230.5,1044627.8,10446.278,756264555.8966,1,2024-10-31 08:00:00
72230.4,72299.1,70450.0,70637.2,5063536.4,50635.364,3607518200.6507,1,2024-10-31 12:00:00
70637.1,70930.1,70053.5,70110.2,2261815.8,22618.158,1594932474.8168,1,2024-10-31 16:00:00
70110.3,70653.1,69680.1,70304.3,1595824.8,15958.248,1120005888.4332,1,2024-10-31 20:00:00
70304.4,70485.8,68838.2,69373.5,3042423.7,30424.237,2115177566.2956,1,2024-11-01 00:00:00
69373.6,69707.8,69078.0,69282.9,976094.6,9760.946,677365221.4833,1,2024-11-01 04:00:00
69282.9,70231.4,69231.9,70003.6,1484075.2,14840.752,1036105155.7189,1,2024-11-01 08:00:00
70003.6,71644.3,69031.9,69393.8,5999604.7,59996.047,4233045887.581,1,2024-11-01 12:00:00
69393.8,70529.5,68826.2,69281.0,3372036.9,33720.369,2348630296.5344,1,2024-11-01 16:00:00
69281.0,69645.2,68851.8,69496.8,970502.1,9705.021,672304935.2043,1,2024-11-01 20:00:00
69496.9,69927.5,69476.3,69598.9,641237.2,6412.372,446771144.7661,1,2024-11-02 00:00:00
69598.9,69828.3,69444.0,69823.4,480468.4,4804.684,334604798.142,1,2024-11-02 04:00:00
69823.4,69850.0,69425.0,69606.0,510611.3,5106.113,355431492.2882,1,2024-11-02 08:00:00
69606.1,69718.8,69026.5,69403.2,1289834.9,12898.349,894597123.0988,1,2024-11-02 12:00:00
69403.2,69626.0,69223.2,69508.1,527658.1,5276.581,366473236.3715,1,2024-11-02 16:00:00
69508.2,69583.0,69155.7,69382.9,375829.0,3758.29,260718423.2896,1,2024-11-02 20:00:00
69382.8,69402.0,67845.0,68387.1,2712063.1,27120.631,1856862903.7577,1,2024-11-03 00:00:00
68387.1,68794.0,68304.8,68407.8,1009298.7,10092.987,691990697.1212,1,2024-11-03 04:00:00
68407.9,68623.0,68209.0,68353.0,825044.5,8250.445,564394041.1835,1,2024-11-03 08:00:00
68352.9,68560.0,67462.2,68102.3,2636735.5,26367.355,1791436533.6197,1,2024-11-03 12:00:00
68102.3,68715.5,67679.3,68685.8,1882821.3,18828.213,1286037939.4034,1,2024-11-03 16:00:00
68685.7,69368.0,68488.1,68776.9,1441235.4,14412.354,993629133.7638,1,2024-11-03 20:00:00
68776.9,69516.4,68220.7,69056.7,1586738.3,15867.383,1093379293.9439,1,2024-11-04 00:00:00
69056.7,69404.6,68630.0,68630.5,994134.8,9941.348,685750871.9522,1,2024-11-04 04:00:00
68630.4,69058.1,68474.9,68800.0,1095128.0,10951.28,752809101.8022,1,2024-11-04 08:00:00
68800.1,69271.6,68200.1,68636.5,2200162.1,22001.621,1509928433.7997,1,2024-11-04 12:00:00
68636.5,68830.9,67222.0,67851.6,2721669.6,27216.696,1846499216.0952,1,2024-11-04 16:00:00
67851.6,68111.0,66811.7,67858.8,2028126.0,20281.26,1367926609.374,1,2024-11-04 20:00:00
67858.8,68280.0,67466.2,68237.1,1240821.2,12408.212,842999533.183,1,2024-11-05 00:00:00
68237.1,68979.8,68211.0,68893.7,1286553.8,12865.538,882635577.2345,1,2024-11-05 04:00:00
68893.7,69107.1,68622.0,68815.0,1129631.7,11296.317,777946812.7516,1,2024-11-05 08:00:00
68815.1,70350.6,68674.6,69638.0,4008018.1,40080.181,2789062429.5177,1,2024-11-05 12:00:00
69638.0,70573.5,68680.0,68998.7,3177036.7,31770.367,2219509655.3018,1,2024-11-05 16:00:00
68998.6,69917.1,68832.9,69381.9,1669258.2,16692.582,1158268798.439,1,2024-11-05 20:00:00
69382.0,75423.4,69300.0,74378.0,9611681.0,96116.81,6988492621.4028,1,2024-11-06 00:00:00
74377.9,75488.0,73012.7,73419.2,6533768.8,65337.688,4862378425.5686,1,2024-11-06 04:00:00
73419.2,74529.1,72716.0,74292.0,3823246.9,38232.469,2814389169.0415,1,2024-11-06 08:00:00
74292.0,74788.4,73485.0,74296.1,4052735.6,40527.356,3004342172.6923,1,2024-11-06 12:00:00
74296.1,75850.0,74129.9,75830.3,2723070.6,27230.706,2040110543.3124,1,2024-11-06 16:00:00
75830.2,76422.0,75515.0,75598.2,2288731.3,22887.313,1736396897.7917,1,2024-11-06 20:00:00
75598.1,76050.0,75018.0,75061.0,2130677.5,21306.775,1606272057.817,1,2024-11-07 00:00:00
75061.1,75077.2,74450.0,74783.0,1586999.5,15869.995,1186801295.7412,1,2024-11-07 04:00:00
74783.1,75185.0,74701.0,74771.8,1071392.8,10713.928,803205148.3009,1,2024-11-07 08:00:00
74771.8,76076.2,74508.1,76059.9,2263800.2,22638.002,1701197413.3951,1,2024-11-07 12:00:00
76060.0,76750.0,75560.4,76520.0,3284382.5,32843.825,2502053036.6384,1,2024-11-07 16:00:00
76520.0,76882.2,75484.9,75856.0,1783102.3,17831.023,1358491489.0296,1,2024-11-07 20:00:00
75856.0,76378.8,75580.8,75903.5,1297728.2,12977.282,985632337.0638,1,2024-11-08 00:00:00
75903.5,76248.4,75690.2,76177.5,975435.0,9754.35,741103757.2671,1,2024-11-08 04:00:00
76177.6,76344.0,75778.0,75948.3,933063.4,9330.634,709202228.6494,1,2024-11-08 08:00:00
75948.3,76599.8,75600.1,76415.1,2557800.9,25578.009,1945758672.234,1,2024-11-08 12:00:00
76415.1,77198.1,75801.7,76902.1,2500807.2,25008.072,1913083997.748,1,2024-11-08 16:00:00
76902.2,77088.0,76286.9,76501.6,1292148.9,12921.489,989686560.295,1,2024-11-08 20:00:00
76501.6,76631.5,76150.0,76346.1,727538.7,7275.387,555607410.3589,1,2024-11-09 00:00:00
76346.2,76800.0,76301.6,76539.1,936810.3,9368.103,716859844.145,1,2024-11-09 04:00:00
76539.2,76750.0,76383.0,76499.6,699930.2,6999.302,535719594.4852,1,2024-11-09 08:00:00
76499.6,76589.9,76265.0,76313.8,643833.8,6438.338,491600720.9099,1,2024-11-09 12:00:00
76313.8,76765.2,75715.0,76216.1,1514805.8,15148.058,1154196084.6297,1,2024-11-09 16:00:00
76216.1,76946.4,76188.0,76688.0,926998.1,9269.981,710071786.3701,1,2024-11-09 20:00:00
76688.1,77556.0,76509.9,77220.2,2001239.6,20012.396,1543178871.6498,1,2024-11-10 00:00:00
77220.1,79921.0,77150.0,78844.2,5023933.4,50239.334,3965562139.7228,1,2024-11-10 04:00:00
78844.3,80300.0,78839.9,79914.0,2372579.1,23725.791,1888830574.9701,1,2024-11-10 08:00:00
79913.9,80193.0,79187.1,79700.0,2384012.4,23840.124,1898102896.8932,1,2024-11-10 12:00:00
79700.1,81150.0,79355.3,79779.9,3081099.2,30810.992,2475644866.3299,1,2024-11-10 16:00:00
79779.9,81742.4,78520.1,80379.4,3125733.5,31257.335,2502809881.5934,1,2024-11-10 20:00:00
80379.5,81886.9,80235.7,81615.2,2059862.2,20598.622,1671250787.5921,1,2024-11-11 00:00:00
81615.2,81739.9,80450.0,81111.9,1807727.5,18077.275,1465328635.0768,1,2024-11-11 04:00:00
81114.7,82414.8,81032.1,82154.2,2264220.6,22642.206,1852451599.99,1,2024-11-11 08:00:00
82154.1,84349.0,81473.6,84097.3,6378113.2,63781.132,5275828765.6443,1,2024-11-11 12:00:00
84097.3,87087.5,83880.0,86160.7,6379752.9,63797.529,5435099065.5247,1,2024-11-11 16:00:00
86160.7,89800.0,86112.3,88700.1,6878654.8,68786.548,6041081166.0688,1,2024-11-11 20:00:00
88700.1,89555.0,86650.0,88135.1,4545088.2,45450.882,4008040298.5837,1,2024-11-12 00:00:00
88135.0,89991.0,87787.2,89048.7,3252135.1,32521.351,2896080407.5995,1,2024-11-12 04:00:00
89048.8,89550.4,85466.1,87232.0,6306893.1,63068.931,5517225336.9583,1,2024-11-12 08:00:00
87232.1,87947.2,85149.4,86600.0,5136501.4,51365.014,4438311530.5667,1,2024-11-12 12:00:00
86600.0,89780.0,85737.0,88716.9,3574074.5,35740.745,3141428868.6647,1,2024-11-12 16:00:00
88716.8,89888.0,87410.6,87948.8,2257336.0,22573.36,2000978576.7302,1,2024-11-12 20:00:00
87948.9,88594.5,87044.0,87159.9,2067974.6,20679.746,1816115103.4022,1,2024-11-13 00:00:00
87159.9,87714.8,86142.9,87367.9,2292989.9,22929.899,1992191796.0428,1,2024-11-13 04:00:00
87368.0,88175.0,87083.7,87668.2,1449013.9,14490.139,1268120310.417,1,2024-11-13 08:00:00
87668.1,92735.8,87500.3,92561.2,7234895.7,72348.957,6539406020.5688,1,2024-11-13 12:00:00
92561.1,93372.0,89953.5,90200.1,5696288.5,56962.885,5233914613.8322,1,2024-11-13 16:00:00
90200.0,91189.8,87968.0,90383.8,3788292.1,37882.921,3392319784.095,1,2024-11-13 20:00:00
90383.8,90629.1,89514.8,89979.9,1611973.8,16119.738,1451356031.3744,1,2024-11-14 00:00:00
89980.0,90887.3,89100.1,90800.0,1671350.5,16713.505,1502981299.8004,1,2024-11-14 04:00:00
90800.0,91703.8,90351.1,91499.9,2552492.7,25524.927,2323033385.6816,1,2024-11-14 08:00:00
91499.9,91823.7,87837.6,87965.9,5007923.6,50079.236,4496024067.9476,1,2024-11-14 12:00:00
87965.9,89711.9,87526.6,89481.3,2476288.7,24762.887,2197872408.936,1,2024-11-14 16:00:00
89481.2,89481.2,86666.0,87349.4,3087458.8,30874.588,2709110916.9277,1,2024-11-14 20:00:00
87349.4,88488.4,87267.9,88205.8,1477539.6,14775.396,1300753863.3333,1,2024-11-15 00:00:00
88205.9,88427.9,87080.2,87650.1,1541981.1,15419.811,1353267225.8291,1,2024-11-15 04:00:00
87650.1,89776.6,87396.7,89742.0,1990823.9,19908.239,1769095284.6634,1,2024-11-15 08:00:00
89741.9,90740.0,87766.6,88441.6,4298289.9,42982.899,3838073726.1255,1,2024-11-15 12:00:00
88441.6,90856.0,88376.2,90393.8,2806888.4,28068.884,2515358317.6844,1,2024-11-15 16:00:00
90393.8,91874.6,90340.1,91050.0,1701579.2,17015.792,1552053338.902,1,2024-11-15 20:00:00
91050.1,91730.8,90843.0,91265.8,919848.6,9198.486,839525386.4371,1,2024-11-16 00:00:00
91265.7,91819.7,91080.0,91143.9,778429.8,7784.298,710973241.6324,1,2024-11-16 04:00:00
91143.9,91620.7,91000.9,91190.6,818709.8,8187.098,747295529.3819,1,2024-11-16 08:00:00
91190.1,91334.2,90066.0,90527.4,1654721.9,16547.219,1501591960.043,1,2024-11-16 12:00:00
90527.4,91426.0,90205.0,91150.0,972679.1,9726.791,883930681.4458,1,2024-11-16 16:00:00
91149.9,91218.8,90308.3,90575.4,613326.7,6133.267,556305064.8,1,2024-11-16 20:00:00
90576.4,90896.2,89343.2,90250.0,1487156.5,14871.565,1339197114.1473,1,2024-11-17 00:00:00
90250.0,90912.6,90146.2,90568.0,859141.7,8591.417,777958940.6557,1,2024-11-17 04:00:00
90567.9,91500.0,90500.0,90702.9,1270955.2,12709.552,1156603502.3281,1,2024-11-17 08:00:00
90702.9,91222.1,89900.7,90262.4,1420582.0,14205.82,1286194356.7506,1,2024-11-17 12:00:00
90262.5,90699.7,89715.0,90086.8,988905.1,9889.051,892207975.5779,1,2024-11-17 16:00:00
90086.7,90260.0,88700.0,89860.0,1265732.6,12657.326,1132502125.3341,1,2024-11-17 20:00:00
89860.0,90987.2,89634.7,90709.0,1123262.3,11232.623,1015505218.3511,1,2024-11-18 00:00:00
90709.1,92370.6,90468.1,91739.4,1856318.1,18563.181,1698933437.1324,1,2024-11-18 04:00:00
91739.5,92280.0,90053.3,90296.0,2221847.9,22218.479,2028421094.6811,1,2024-11-18 08:00:00
90295.9,92666.0,89400.0,92367.9,4360113.9,43601.139,3956632456.74,1,2024-11-18 12:00:00
92368.0,92636.2,89688.0,90621.4,3659761.6,36597.616,3339572002.5157,1,2024-11-18 16:00:00
90621.4,92036.6,90236.3,90472.9,2139900.3,21399.003,1953791769.6492,1,2024-11-18 20:00:00
90472.9,91623.7,90367.2,91466.0,1119707.8,11197.078,1019319790.8613,1,2024-11-19 00:00:00
91466.0,92066.0,91258.7,91650.0,1192357.3,11923.573,1093364429.8097,1,2024-11-19 04:00:00
91649.9,91981.0,91192.0,91678.5,1139366.5,11393.665,1044069241.7826,1,2024-11-19 08:00:00
91678.5,92838.0,90951.1,92398.0,4756744.3,47567.443,4370193256.2085,1,2024-11-19 12:00:00
92398.0,93949.0,92137.9,93240.0,3355069.8,33550.698,3124458570.3881,1,2024-11-19 16:00:00
93240.1,93588.0,91281.9,92302.1,2209251.8,22092.518,2038766665.0669,1,2024-11-19 20:00:00
92304.9,92447.4,91480.0,92051.4,1134379.7,11343.797,1042554254.9699,1,2024-11-20 00:00:00
92051.4,92858.0,91863.4,92847.9,1002203.7,10022.037,926548503.5042,1,2024-11-20 04:00:00
92848.0,93697.0,92717.0,93479.9,2122242.8,21222.428,1978733007.7818,1,2024-11-20 08:00:00
93479.9,94829.9,93309.9,94721.6,4053209.4,40532.094,3819781031.0464,1,2024-11-20 12:00:00
94721.7,94837.8,93127.1,94019.9,3431922.2,34319.222,3221326133.853,1,2024-11-20 16:00:00
94019.9,94618.0,93703.0,94299.0,1085996.7,10859.967,1022837895.4262,1,2024-11-20 20:00:00
94298.9,95950.0,94029.5,95800.1,2776722.2,27767.222,2637428227.9141,1,2024-11-21 00:00:00
95800.1,97884.5,95796.0,96935.8,3842992.0,38429.92,3728698256.0464,1,2024-11-21 04:00:00
96935.8,98442.9,96760.0,97999.8,2430095.0,24300.95,2373673974.0549,1,2024-11-21 08:00:00
97999.9,98280.0,95620.0,96687.4,4731955.8,47319.558,4593030484.2625,1,2024-11-21 12:00:00
96687.5,99076.6,96320.1,97863.8,3165035.3,31650.353,3098014362.399,1,2024-11-21 16:00:00
97863.8,98752.3,97501.1,98338.5,1497887.8,14978.878,1469969093.3474,1,2024-11-21 20:00:00
98338.6,99383.7,97837.8,98872.9,1858620.7,18586.207,1832007198.2791,1,2024-11-22 00:00:00
98872.9,99490.0,98512.4,99232.0,1649612.7,16496.127,1633630145.3757,1,2024-11-22 04:00:00
99231.9,99325.0,98257.6,98899.0,1633714.8,16337.148,1612965290.1291,1,2024-11-22 08:00:00
98898.9,98988.0,97139.8,98650.9,3566250.6,35662.506,3494163447.615,1,2024-11-22 12:00:00
98651.0,99640.8,98235.0,99089.4,2306593.6,23065.936,2284057069.8468,1,2024-11-22 16:00:00
99089.4,99466.0,98552.6,98899.5,1131256.7,11312.567,1119862572.6452,1,2024-11-22 20:00:00
98899.5,98932.9,98303.8,98672.5,794774.3,7947.743,783562385.0479,1,2024-11-23 00:00:00
98672.5,98840.0,98300.0,98577.4,793545.5,7935.455,782257792.8404,1,2024-11-23 04:00:00
98577.4,98651.2,98301.7,98443.9,653263.7,6532.637,643241801.5288,1,2024-11-23 08:00:00
98443.9,98887.9,98394.1,98404.6,901211.0,9012.11,888931478.5817,1,2024-11-23 12:00:00
98404.7,98483.3,97340.1,97530.0,1663579.2,16635.792,1626780698.4071,1,2024-11-23 16:00:00
97530.1,98045.7,97170.0,97692.1,651036.0,6510.36,635442069.1443,1,2024-11-23 20:00:00
97692.0,98588.0,97639.6,98230.9,737120.4,7371.204,724018507.4067,1,2024-11-24 00:00:00
98230.9,98441.7,97907.3,98420.0,541939.4,5419.394,532240971.3724,1,2024-11-24 04:00:00
98420.0,98468.8,97250.0,97291.0,936252.8,9362.528,915317993.971,1,2024-11-24 08:00:00
97291.0,97646.0,95902.4,95956.1,2644155.7,26441.557,2560745133.2964,1,2024-11-24 12:00:00
95956.1,96802.8,95794.9,96356.1,1522509.0,15225.09,1464797874.6731,1,2024-11-24 16:00:00
96356.1,98401.6,96225.3,97909.0,1482315.6,14823.156,1445847873.4801,1,2024-11-24 20:00:00
97909.0,98081.0,96888.0,97902.0,1202364.0,12023.64,1172347109.5478,1,2024-11-25 00:00:00
97902.1,98384.8,97558.5,98081.4,1016368.3,10163.683,996381455.6519,1,2024-11-25 04:00:00
98081.4,98954.4,97876.4,98239.4,1609506.5,16095.065,1584917485.3026,1,2024-11-25 08:00:00
98239.4,98378.1,94605.2,96000.1,4941249.2,49412.492,4760534871.1123,1,2024-11-25 12:00:00
96000.1,96533.1,94338.1,94679.1,2897440.9,28974.409,2764000814.6929,1,2024-11-25 16:00:00
94679.1,95343.5,92600.0,93034.1,3458707.1,34587.071,3246614884.7562,1,2024-11-25 20:00:00
93034.1,94966.0,92799.0,94514.4,1803657.8,18036.578,1698976370.2926,1,2024-11-26 00:00:00
94514.3,95000.0,93500.1,93792.0,1293369.5,12933.695,1218973547.051,1,2024-11-26 04:00:00
93792.0,93800.0,91500.0,92402.1,4274174.3,42741.743,3961456522.2777,1,2024-11-26 08:00:00
92400.7,93568.0,91761.6,92813.8,3501081.6,35010.816,3244075212.8427,1,2024-11-26 12:00:00
92812.1,94674.0,91609.5,91724.5,3589464.2,35894.642,3343727824.7732,1,2024-11-26 16:00:00
91724.2,92380.0,90825.0,91976.1,2256718.3,22567.183,2067179956.7962,1,2024-11-26 20:00:00
91976.0,93100.0,91819.1,92612.9,1561561.8,15615.618,1444677166.3094,1,2024-11-27 00:00:00
92613.0,93675.0,92371.3,93602.5,1679314.0,16793.14,1562537316.6546,1,2024-11-27 04:00:00
93602.4,93890.0,93106.9,93369.9,1207659.7,12076.597,1129226813.3416,1,2024-11-27 08:00:00
93370.0,95880.0,92850.1,95560.3,3701060.7,37010.607,3494247059.3614,1,2024-11-27 12:00:00
95560.3,96664.5,95200.0,96649.5,2446662.1,24466.621,2348427604.8995,1,2024-11-27 16:00:00
96649.5,97200.0,95740.2,95868.0,1558525.5,15585.255,1503723210.7569,1,2024-11-27 20:00:00
95868.0,96580.0,94811.0,95471.9,1617958.0,16179.58,1548661683.1422,1,2024-11-28 00:00:00
95471.9,95931.0,95062.6,95322.5,990810.9,9908.109,946588710.7911,1,2024-11-28 04:00:00
95322.6,95819.9,94650.7,95462.4,1483953.8,14839.538,1412190912.7769,1,2024-11-28 08:00:00
95462.4,96249.9,94895.1,95011.7,1727894.8,17278.948,1649937827.3508,1,2024-11-28 12:00:00
95012.6,95476.9,94834.0,95159.7,680023.2,6800.232,646897265.9241,1,2024-11-28 16:00:00
95159.7,96047.1,94732.5,95659.2,702139.1,7021.391,669833751.4315,1,2024-11-28 20:00:00
95659.2,96887.8,95361.0,96607.9,1265225.6,12652.256,1218123655.7566,1,2024-11-29 00:00:00
96608.0,96644.8,95619.5,95649.2,878130.2,8781.302,844729972.1924,1,2024-11-29 04:00:00
95649.1,97387.4,95649.1,97259.6,1390174.9,13901.749,1342806993.7937,1,2024-11-29 08:00:00
97259.7,98657.4,96780.3,98026.0,2771106.1,27711.061,2708578971.1918,1,2024-11-29 12:00:00
98026.0,98500.0,96870.8,97347.8,2051419.8,20514.198,2001517156.3598,1,2024-11-29 16:00:00
97347.7,97665.9,97000.0,97465.9,526377.1,5263.771,512453716.4433,1,2024-11-29 20:00:00
97466.0,97478.8,96270.3,96644.8,1522245.3,15222.453,1471360809.4062,1,2024-11-30 00:00:00
96644.8,97270.8,95214.1,96791.0,1579045.0,15790.45,1528572637.622,1,2024-11-30 04:00:00
96791.0,96988.7,96088.0,96270.6,729728.9,7297.289,704184549.0193,1,2024-11-30 08:00:00
96270.6,96768.5,96252.1,96667.3,642743.1,6427.431,620687647.0874,1,2024-11-30 12:00:00
96667.3,97085.7,96538.1,97020.3,420941.8,4209.418,407690127.0485,1,2024-11-30 16:00:00
97020.3,97048.2,96332.0,96430.0,392742.1,3927.421,379439269.9717,1,2024-11-30 20:00:00
96430.0,96700.0,95706.1,96349.9,2238084.1,22380.841,2153514542.7098,1,2024-12-01 00:00:00
96350.0,96537.9,96200.0,96486.7,514469.7,5144.697,495969279.6764,1,2024-12-01 04:00:00
96486.6,98400.0,96434.5,97130.9,3477357.0,34773.57,3373185687.367,1,2024-12-01 08:00:00
97130.9,97428.9,96685.1,97042.8,1023642.3,10236.423,994042378.9042,1,2024-12-01 12:00:00
97042.8,97560.0,96982.7,97199.3,603165.2,6031.652,586536212.8268,1,2024-12-01 16:00:00
97199.3,97875.7,96800.0,97197.4,1166997.4,11669.974,1137338655.2781,1,2024-12-01 20:00:00
97197.4,98249.9,96375.0,96512.3,1668708.5,16687.085,1626111758.723,1,2024-12-02 00:00:00
96512.3,96941.0,95757.5,96009.3,1868945.8,18689.458,1800311325.1447,1,2024-12-02 04:00:00
96009.4,96144.7,94833.0,95132.2,2002620.4,20026.204,1907526524.5565,1,2024-12-02 08:00:00
95132.2,97230.0,94787.9,97049.5,2511506.7,25115.067,2413391446.3583,1,2024-12-02 12:00:00
97048.3,97382.7,94391.7,95832.0,2704784.9,27047.849,2591623433.6866,1,2024-12-02 16:00:00
95832.0,96347.0,95122.1,95833.2,808248.4,8082.484,773031230.4073,1,2024-12-02 20:00:00
95833.2,96340.9,95414.0,96090.1,746848.5,7468.485,716211928.4197,1,2024-12-03 00:00:00
96090.2,96279.5,95288.5,95565.7,797783.4,7977.834,764455789.3051,1,2024-12-03 04:00:00
95565.6,95688.0,94623.9,95010.0,1015693.9,10156.939,965830276.7417,1,2024-12-03 08:00:00
95010.1,96264.0,93606.0,95703.1,4130895.5,41308.955,3917940807.031,1,2024-12-03 12:00:00
95703.0,96193.2,94888.1,95475.2,1487982.9,14879.829,1420337505.8876,1,2024-12-03 16:00:00
95475.2,96144.8,95289.2,95860.2,840387.9,8403.879,805412365.3981,1,2024-12-03 20:00:00
95860.2,96666.6,95242.4,95814.9,1186188.2,11861.882,1137947364.0279,1,2024-12-04 00:00:00
95814.9,96746.0,95744.5,96617.9,850165.4,8501.654,819369738.8967,1,2024-12-04 04:00:00
96618.0,97000.0,96228.0,96240.0,932218.5,9322.185,901175482.5899,1,2024-12-04 08:00:00
96240.0,96593.8,95400.1,95769.9,2289551.3,22895.513,2197016749.7875,1,2024-12-04 12:00:00
95769.9,97266.0,94596.3,97241.2,3310723.8,33107.238,3165393994.4938,1,2024-12-04 16:00:00
97243.9,99083.2,97144.0,98628.2,3555151.4,35551.514,3496825780.6197,1,2024-12-04 20:00:00
98628.2,104547.0,97941.5,103104.3,6189419.6,61894.196,6264222988.295,1,2024-12-05 00:00:00
103104.4,103680.0,101408.7,102294.9,2853167.3,28531.673,2925227685.6635,1,2024-12-05 04:00:00
102295.0,103222.6,102295.0,102657.9,1352860.4,13528.604,1389772167.3726,1,2024-12-05 08:00:00
102658.0,103620.8,100966.0,101344.2,3426811.3,34268.113,3513241029.7934,1,2024-12-05 12:00:00
101344.2,102163.7,98565.4,99100.0,3669090.0,36690.9,3693523986.6098,1,2024-12-05 16:00:00
99100.1,99480.0,88664.7,96931.8,8262406.8,82624.068,7942860023.0524,1,2024-12-05 20:00:00
96931.8,98822.0,96344.6,97768.9,2580698.9,25806.989,2517745200.3528,1,2024-12-06 00:00:00
97769.0,98299.9,97372.7,98152.9,944326.3,9443.263,924984055.4915,1,2024-12-06 04:00:00
98152.8,98715.7,97651.2,98070.2,1203835.1,12038.351,1181946946.1715,1,2024-12-06 08:00:00
98070.2,99540.8,97505.0,99326.8,2497145.8,24971.458,2465634115.1202,1,2024-12-06 12:00:00
99326.9,101842.5,98777.0,101482.3,2595274.8,25952.748,2611108153.3969,1,2024-12-06 16:00:00
101482.4,102000.0,98916.0,99745.6,1638821.1,16388.211,1648938166.6159,1,2024-12-06 20:00:00
99745.6,100460.0,99247.8,99304.9,1045483.2,10454.832,1044112801.3966,1,2024-12-07 00:00:00
99304.8,99677.2,98824.6,99400.8,988582.4,9885.824,981542689.7252,1,2024-12-07 04:00:00
99400.7,99831.1,99261.3,99610.2,531567.2,5315.672,529190071.3156,1,2024-12-07 08:00:00
99610.1,99825.2,99014.1,99739.5,919559.0,9195.59,914543286.8654,1,2024-12-07 12:00:00
99739.6,100280.2,99439.5,100083.3,572313.6,5723.136,571598421.791,1,2024-12-07 16:00:00
100083.4,100465.3,99582.3,99853.4,479857.8,4798.578,479923330.3848,1,2024-12-07 20:00:00
99853.3,100340.2,99653.2,99940.0,425392.3,4253.923,425391343.4385,1,2024-12-08 00:00:00
99939.9,100045.5,99336.5,99669.4,563598.7,5635.987,561722823.1876,1,2024-12-08 04:00:00
99669.4,99867.9,98650.0,99698.7,1049782.0,10497.82,1042037241.6878,1,2024-12-08 08:00:00
99698.8,100568.8,99353.1,99915.2,1392501.8,13925.018,1391534785.2804,1,2024-12-08 12:00:00
99915.3,100274.7,99480.0,100134.9,653807.8,6538.078,652919856.053,1,2024-12-08 16:00:00
100134.9,101432.4,99753.7,101144.9,838613.8,8386.138,843023913.3585,1,2024-12-08 20:00:00
101145.0,101241.0,98377.0,99110.0,2248051.6,22480.516,2238664027.0154,1,2024-12-09 00:00:00
99110.0,99750.0,98254.5,99595.0,1612417.3,16124.173,1598047437.3619,1,2024-12-09 04:00:00
99595.0,99706.9,98050.0,98104.4,1674158.9,16741.589,1652679733.292,1,2024-12-09 08:00:00
98104.3,100434.3,97500.0,97813.8,3434518.3,34345.183,3393645578.4602,1,2024-12-09 12:00:00
97814.8,98383.0,96980.0,97071.9,2075534.7,20755.347,2029389998.3127,1,2024-12-09 16:00:00
97071.8,97564.0,93925.5,97279.5,4439410.6,44394.106,4277843151.0416,1,2024-12-09 20:00:00
97279.6,98155.3,95555.8,96920.6,2133075.7,21330.757,2069264792.358,1,2024-12-10 00:00:00
96920.5,97497.8,95886.0,97190.1,1374349.2,13743.492,1331154673.7288,1,2024-12-10 04:00:00
97190.1,97936.9,96928.8,97724.2,929000.5,9290.005,906136184.0413,1,2024-12-10 08:00:00
97724.2,98280.9,95646.0,95672.0,2963170.2,29631.702,2881658658.5812,1,2024-12-10 12:00:00
95672.0,96500.0,94240.6,95843.9,3931302.2,39313.022,3745547443.3485,1,2024-12-10 16:00:00
95843.9,97230.5,95592.3,96601.5,1154161.6,11541.616,1114910381.8864,1,2024-12-10 20:00:00
96601.5,97642.2,95668.0,97389.1,1615579.9,16155.799,1561286707.9163,1,2024-12-11 00:00:00
97389.2,97794.6,97162.0,97339.8,772106.2,7721.062,752712179.6862,1,2024-12-11 04:00:00
97339.8,98480.0,97315.8,98302.4,1189716.0,11897.16,1166663458.4293,1,2024-12-11 08:00:00
98302.4,100822.8,98049.5,100367.9,3021735.3,30217.353,3002522952.5989,1,2024-12-11 12:00:00
100368.0,101164.8,99620.3,101136.5,2104989.1,21049.891,2116144064.8758,1,2024-12-11 16:00:00
101136.5,101899.8,100857.1,101131.4,1216789.0,12167.89,1233221479.9708,1,2024-12-11 20:00:00
101132.4,101857.4,100300.2,101027.5,1295576.9,12955.769,1309183907.7346,1,2024-12-12 00:00:00
101027.5,101196.0,100400.1,100507.1,803482.8,8034.828,809407391.5997,1,2024-12-12 04:00:00
100507.1,101145.0,100200.0,100372.2,843502.7,8435.027,849060031.6981,1,2024-12-12 08:00:00
100372.2,101887.9,100372.1,101798.0,2492909.9,24929.099,2521832822.361,1,2024-12-12 12:00:00
101798.1,102576.2,99312.0,99472.5,2689729.0,26897.29,2719871681.483,1,2024-12-12 16:00:00
99472.6,100493.0,99454.8,100010.6,1163727.9,11637.279,1163259068.6819,1,2024-12-12 20:00:00
100010.5,100354.0,99182.0,99729.9,1067346.9,10673.469,1063607005.3771,1,2024-12-13 00:00:00
99730.0,100236.0,99484.4,100127.0,831513.8,8315.138,830741595.9515,1,2024-12-13 04:00:00
100127.0,100808.9,99881.8,100350.8,863615.3,8636.153,866123044.4852,1,2024-12-13 08:00:00
100350.9,101379.9,99642.1,99867.6,1666976.6,16669.766,1676726687.1466,1,2024-12-13 12:00:00
99865.1,101956.2,99787.8,101477.4,2062091.9,20620.919,2086132154.9211,1,2024-12-13 16:00:00
101477.5,101867.9,101090.8,101422.7,601102.7,6011.027,609666722.0201,1,2024-12-13 20:00:00
101422.7,102673.7,101155.0,102073.2,1372246.6,13722.466,1400077205.6124,1,2024-12-14 00:00:00
102073.3,102150.0,101568.4,101824.8,708375.4,7083.754,720982858.7939,1,2024-12-14 04:00:00
101824.8,101877.7,101325.7,101590.3,414230.1,4142.301,420777459.2335,1,2024-12-14 08:00:00
101589.5,101748.1,100801.0,101620.1,1006473.4,10064.734,1019614475.6105,1,2024-12-14 12:00:00
101620.1,101739.0,100833.4,101336.4,739990.0,7399.9,749029138.4301,1,2024-12-14 16:00:00
101336.4,101532.1,100600.0,101416.2,527065.4,5270.654,532901599.7294,1,2024-12-14 20:00:00
101416.2,102210.0,101236.3,101737.7,651633.2,6516.332,663436029.5356,1,2024-12-15 00:00:00
101737.8,102863.0,101528.8,101734.8,1288376.1,12883.761,1317400982.6371,1,2024-12-15 04:00:00
101734.8,102688.0,101581.7,102657.8,654075.4,6540.754,668589726.4853,1,2024-12-15 08:00:00
102657.9,103398.9,102470.0,102683.1,1523137.1,15231.371,1566789369.798,1,2024-12-15 12:00:00
102683.1,103555.0,102561.0,103267.0,901953.9,9019.539,930327721.9314,1,2024-12-15 16:00:00
103266.8,105404.0,102629.1,104507.9,1913736.0,19137.36,1992282519.0147,1,2024-12-15 20:00:00
104508.0,106684.2,104281.7,104598.4,2596798.2,25967.982,2736093229.0259,1,2024-12-16 00:00:00
104598.4,105428.8,104482.6,104992.3,817695.3,8176.953,858460561.3403,1,2024-12-16 04:00:00
104992.2,105036.3,103648.0,103779.7,1262993.9,12629.939,1318928773.9448,1,2024-12-16 08:00:00
103779.8,106500.0,103324.0,106319.4,3075870.9,30758.709,3231879827.4619,1,2024-12-16 12:00:00
106319.3,107833.1,105819.2,106600.1,2810423.5,28104.235,3003306088.7867,1,2024-12-16 16:00:00
106600.1,106662.1,105463.1,106078.2,1129447.2,11294.472,1197230441.0503,1,2024-12-16 20:00:00
106078.1,107100.0,105675.1,106863.1,1105248.5,11052.485,1174930172.8998,1,2024-12-17 00:00:00
106863.1,107148.2,106356.1,106831.1,760086.6,7600.866,811217730.4642,1,2024-12-17 04:00:00
106831.0,107539.0,106713.2,106820.6,921908.2,9219.082,988204052.1142,1,2024-12-17 08:00:00
106820.5,108416.9,105720.7,106475.9,3364995.9,33649.959,3601982236.1735,1,2024-12-17 12:00:00
106476.0,107647.6,106145.0,106501.7,1701848.7,17018.487,1819487371.7664,1,2024-12-17 16:00:00
106501.6,106923.1,105329.5,106120.9,1079233.7,10792.337,1145220277.7167,1,2024-12-17 20:00:00
106120.8,106519.7,104566.0,104752.3,1657466.6,16574.666,1747659629.6859,1,2024-12-18 00:00:00
104752.4,104752.4,103100.1,104232.1,2354498.6,23544.986,2446065057.1035,1,2024-12-18 04:00:00
104232.1,105027.9,103710.0,105006.4,1148053.3,11480.533,1197729362.4322,1,2024-12-18 08:00:00
105006.4,105344.9,103630.0,104413.7,1927502.0,19275.02,2014207181.7424,1,2024-12-18 12:00:00
104417.4,104988.0,102800.0,102801.0,2077579.1,20775.791,2158998074.4907,1,2024-12-18 16:00:00
102801.1,102989.5,99999.0,100203.9,4834554.5,48345.545,4897323893.8107,1,2024-12-18 20:00:00
100203.9,101288.0,98776.5,101172.7,2953977.4,29539.774,2957738086.9345,1,2024-12-19 00:00:00
101172.6,101700.0,100640.0,101641.8,1017537.6,10175.376,1030028718.8345,1,2024-12-19 04:00:00
101641.8,102611.8,101367.0,102449.8,1174621.5,11746.215,1198668934.6459,1,2024-12-19 08:00:00
102449.9,102800.0,99500.0,100671.0,3304073.6,33040.736,3339756205.6355,1,2024-12-19 12:00:00
100671.0,101199.6,96233.0,97204.0,5389282.9,53892.829,5305402797.3936,1,2024-12-19 16:00:00
97204.0,98399.0,95700.3,97451.1,2871365.9,28713.659,2784064158.7433,1,2024-12-19 20:00:00
97451.1,97818.2,96000.0,97103.3,2030909.7,20309.097,1970637313.7574,1,2024-12-20 00:00:00
97103.4,98241.2,96364.1,97825.0,1808163.7,18081.637,1761149103.3537,1,2024-12-20 04:00:00
97824.9,97861.7,92605.1,92733.4,5767083.5,57670.835,5458453505.5764,1,2024-12-20 08:00:00
92733.5,97549.6,92280.0,96977.5,5192134.8,51921.348,4928993781.1182,1,2024-12-20 12:00:00
96977.5,97738.4,96281.5,97108.0,2009410.7,20094.107,1950934031.6193,1,2024-12-20 16:00:00
97108.1,97825.3,95429.8,97794.8,1211005.8,12110.058,1171130024.6754,1,2024-12-20 20:00:00
97794.9,97799.0,97186.0,97500.0,731226.2,7312.262,712386302.3079,1,2024-12-21 00:00:00
97499.9,99574.8,97378.1,99025.8,1842341.3,18423.413,1815904895.636,1,2024-12-21 04:00:00
99025.8,99184.5,97799.0,98262.6,1094717.0,10947.17,1077648415.7505,1,2024-12-21 08:00:00
98262.7,98286.3,96408.6,97517.4,1795030.9,17950.309,1747676910.9451,1,2024-12-21 12:00:00
97517.4,97735.3,96820.1,97283.9,838623.8,8386.238,816101858.7806,1,2024-12-21 16:00:00
97283.9,98062.4,96508.5,97286.2,730138.6,7301.386,710061520.6359,1,2024-12-21 20:00:00
97286.2,97461.0,96556.6,96996.0,680276.5,6802.765,660184887.0034,1,2024-12-22 00:00:00
96996.0,97088.2,95873.1,96219.9,981611.8,9816.118,945830740.6712,1,2024-12-22 04:00:00
96220.0,97355.0,96200.0,97086.5,856844.8,8568.448,830246920.7833,1,2024-12-22 08:00:00
97086.6,97313.7,95122.4,95373.5,1550320.3,15503.203,1488621328.4695,1,2024-12-22 12:00:00
95373.5,96439.1,94670.3,94825.3,1227551.2,12275.512,1174058576.1788,1,2024-12-22 16:00:00
94828.2,95828.1,94255.0,95189.4,1190274.1,11902.741,1131227209.2948,1,2024-12-22 20:00:00
95189.5,96029.5,93688.1,96011.0,2126396.7,21263.967,2014438397.199,1,2024-12-23 00:00:00
96011.0,96519.5,94680.4,95399.8,1452539.4,14525.394,1388440004.4521,1,2024-12-23 04:00:00
95399.8,96544.7,95029.6,95928.0,963195.9,9631.959,923739997.4126,1,2024-12-23 08:00:00
95928.0,96423.9,93101.5,93260.0,3065220.2,30652.202,2898080712.8063,1,2024-12-23 12:00:00
93259.9,94260.0,92678.0,93032.3,2282476.3,22824.763,2131412183.2054,1,2024-12-23 16:00:00
93032.0,95500.0,92500.1,94886.4,1701173.8,17011.738,1598308306.7095,1,2024-12-23 20:00:00
94886.3,94886.4,93552.0,94351.6,1051616.8,10516.168,990519079.9282,1,2024-12-24 00:00:00
94351.7,94683.7,93815.8,94243.5,804488.3,8044.883,758430278.4318,1,2024-12-24 04:00:00
94243.4,94647.6,93831.3,94387.4,852619.6,8526.196,803509381.2635,1,2024-12-24 08:00:00
94387.4,98324.6,94066.0,98303.8,3618003.1,36180.031,3496204569.4336,1,2024-12-24 12:00:00
98303.8,99500.0,97556.0,97584.0,2518602.1,25186.021,2481791656.719,1,2024-12-24 16:00:00
97584.0,99102.5,97196.2,98655.9,1293857.8,12938.578,1270099313.3674,1,2024-12-24 20:00:00
98655.4,98899.3,97732.0,98042.5,896270.8,8962.708,880688918.1942,1,2024-12-25 00:00:00
98042.5,98617.4,97851.3,98101.5,605803.6,6058.036,594785936.8005,1,2024-12-25 04:00:00
98101.6,99366.8,97770.0,97919.9,1335847.8,13358.478,1317209537.9643,1,2024-12-25 08:00:00
97919.9,98844.0,97639.0,98526.4,1285756.0,12857.56,1264360887.6086,1,2024-12-25 12:00:00
98526.5,99300.0,98155.0,99032.2,779865.2,7798.652,769566641.92,1,2024-12-25 16:00:00
99032.2,99599.0,98375.3,99430.1,943526.3,9435.263,934621691.4949,1,2024-12-25 20:00:00
99430.0,99995.8,98469.7,98995.3,1278267.0,12782.67,1267290688.2776,1,2024-12-26 00:00:00
98995.4,98995.4,97700.1,97725.5,1044708.8,10447.088,1026413355.9215,1,2024-12-26 04:00:00
97725.4,97783.2,95178.6,95688.0,2929594.2,29295.942,2815671740.9912,1,2024-12-26 08:00:00
95688.0,96284.1,95231.6,96033.3,1715666.6,17156.666,1642201782.48,1,2024-12-26 12:00:00
96030.0,96619.9,95436.0,96103.0,1254039.9,12540.399,1204281609.8817,1,2024-12-26 16:00:00
96103.0,96111.0,95280.0,95783.7,695689.5,6956.895,665502103.9546,1,2024-12-26 20:00:00
95784.1,96461.8,95408.8,96420.2,992786.5,9927.865,953360344.1159,1,2024-12-27 00:00:00
96420.2,96616.4,94633.3,95115.7,1580560.8,15805.608,1511757793.1638,1,2024-12-27 04:00:00
95115.6,97592.0,95115.6,96951.3,2398211.5,23982.115,2314185688.7682,1,2024-12-27 08:00:00
96951.3,97088.0,94018.0,94571.9,2479332.5,24793.325,2364819089.347,1,2024-12-27 12:00:00
94571.9,95018.2,93468.4,94743.0,1915213.6,19152.136,1805396733.7958,1,2024-12-27 16:00:00
94742.9,94828.8,94150.0,94306.4,638912.2,6389.122,603607681.0097,1,2024-12-27 20:00:00
94306.4,94716.9,94137.5,94577.9,527114.4,5271.144,497859392.8367,1,2024-12-28 00:00:00
94577.9,94789.9,94300.1,94380.9,439733.2,4397.332,415822017.3386,1,2024-12-28 04:00:00
94380.9,94920.9,94305.0,94747.3,510373.8,5103.738,483006320.1584,1,2024-12-28 08:00:00
94747.1,95360.2,94366.0,94442.5,1009114.1,10091.141,956314357.8358,1,2024-12-28 12:00:00
94442.6,95248.4,94390.0,95027.9,687993.3,6879.933,653184753.7837,1,2024-12-28 16:00:00
95028.0,95806.2,94867.1,95306.3,482116.2,4821.162,459474350.0203,1,2024-12-28 20:00:00
95306.3,95349.2,94808.0,95174.8,409574.5,4095.745,389375764.794,1,2024-12-29 00:00:00
95174.8,95276.3,94956.0,95271.2,293360.8,2933.608,279127828.4667,1,2024-12-29 04:00:00
95271.3,95315.0,95000.5,95020.1,278081.1,2780.811,264580052.9894,1,2024-12-29 08:00:00
95020.1,95250.2,94005.1,94514.8,1227607.9,12276.079,1161720361.2411,1,2024-12-29 12:00:00
94514.9,94583.0,93400.0,93605.5,1079190.5,10791.905,1012856083.6235,1,2024-12-29 16:00:00
93605.5,93946.0,93011.1,93740.0,1263008.6,12630.086,1179473560.2165,1,2024-12-29 20:00:00
93740.0,94287.2,93360.3,93708.0,1250292.7,12502.927,1172367564.4622,1,2024-12-30 00:00:00
93708.0,94050.0,93235.0,93734.6,954827.9,9548.279,893900493.0976,1,2024-12-30 04:00:00
93734.6,94050.0,93485.4,93933.0,763547.7,7635.477,716317596.0202,1,2024-12-30 08:00:00
93932.9,94279.0,91535.5,92118.6,3830707.0,38307.07,3547480853.5622,1,2024-12-30 12:00:00
92118.6,94727.5,91810.0,94423.9,2762474.0,27624.74,2585592469.6698,1,2024-12-30 16:00:00
94424.0,95060.0,91900.1,92797.0,2031851.9,20318.519,1894709016.502,1,2024-12-30 20:00:00
92796.9,92907.8,92024.1,92515.9,878130.9,8781.309,811983097.3314,1,2024-12-31 00:00:00
92515.9,93030.0,92356.6,92854.1,641693.0,6416.93,595031876.6063,1,2024-12-31 04:00:00
92854.1,94767.4,92832.8,94242.3,1929725.2,19297.252,1813681869.206,1,2024-12-31 08:00:00
94242.3,96289.0,94242.3,95428.1,3152389.6,31523.896,3008234747.8478,1,2024-12-31 12:00:00
95428.2,95614.5,93188.0,94181.1,2107982.1,21079.821,1987168044.7532,1,2024-12-31 16:00:00
94181.0,94229.7,93376.0,93579.1,626858.4,6268.584,587480231.3314,1,2024-12-31 20:00:00
93579.1,94500.0,93492.1,93833.1,744986.7,7449.867,699779087.3806,1,2025-01-01 00:00:00
93833.1,93945.2,93525.0,93689.6,426442.2,4264.422,399613010.8385,1,2025-01-01 04:00:00
93689.6,93758.0,92899.1,93443.6,965603.3,9656.033,901522361.9142,1,2025-01-01 08:00:00
93443.6,94554.0,93404.0,94459.2,1315094.1,13150.941,1236550324.9496,1,2025-01-01 12:00:00
94459.1,94834.0,93777.0,94629.9,684106.7,6841.067,644723394.6582,1,2025-01-01 16:00:00
94629.9,95203.7,94534.2,94600.0,683846.2,6838.462,648300058.7348,1,2025-01-01 20:00:00
94600.0,95549.8,94405.2,95016.6,1065339.1,10653.391,1012696265.6488,1,2025-01-02 00:00:00
95016.6,96035.1,95000.0,95838.0,1148643.4,11486.434,1098408435.6259,1,2025-01-02 04:00:00
95838.0,96888.0,95630.9,96735.9,1310363.9,13103.639,1262811750.4617,1,2025-01-02 08:00:00
96736.0,97440.0,95921.6,96463.2,2574750.3,25747.503,2490113052.9394,1,2025-01-02 12:00:00
96463.3,97799.9,96016.1,97327.9,1992501.7,19925.017,1934528935.2023,1,2025-01-02 16:00:00
97327.9,97850.0,96681.1,97010.0,782685.4,7826.854,761156076.7362,1,2025-01-02 20:00:00
97010.0,97368.4,96666.8,97070.2,582098.3,5820.983,564590230.9304,1,2025-01-03 00:00:00
97070.3,97082.1,96298.1,96334.0,767476.3,7674.763,741716241.739,1,2025-01-03 04:00:00
96334.0,96849.0,96121.0,96765.5,814869.0,8148.69,786202577.5118,1,2025-01-03 08:00:00
96765.6,97677.1,96480.0,97513.6,1687932.3,16879.323,1637699384.5643,1,2025-01-03 12:00:00
97513.6,98986.0,97400.0,98597.3,1603777.5,16037.775,1575640112.5523,1,2025-01-03 16:00:00
98597.3,98766.1,98076.5,98195.2,560747.6,5607.476,551623260.8443,1,2025-01-03 20:00:00
98195.3,98317.7,97800.6,98193.9,557885.8,5578.858,547103413.7851,1,2025-01-04 00:00:00
98193.8,98369.4,97877.0,98275.0,384794.9,3847.949,377547596.1797,1,2025-01-04 04:00:00
98275.1,98303.9,97556.0,97899.9,663654.2,6636.542,649349243.0175,1,2025-01-04 08:00:00
97899.9,98173.1,97522.0,97660.2,768011.8,7680.118,751574548.036,1,2025-01-04 12:00:00
97660.2,98384.9,97581.5,98173.9,457219.8,4572.198,447887848.4219,1,2025-01-04 16:00:00
98173.9,98799.9,98143.5,98220.8,444764.6,4447.646,437848130.8674,1,2025-01-04 20:00:00
98222.0,98408.1,98043.5,98197.7,259321.2,2593.212,254635108.4922,1,2025-01-05 00:00:00
98197.7,98559.9,98197.7,98258.8,345830.0,3458.3,340247763.779,1,2025-01-05 04:00:00
98258.9,98258.9,97583.0,97636.1,760623.7,7606.237,744150631.6588,1,2025-01-05 08:00:00
97636.1,98291.3,97262.2,98029.9,1015539.8,10155.398,992816776.2715,1,2025-01-05 12:00:00
98029.9,98342.0,97570.3,98087.9,561336.1,5613.361,549774722.6,1,2025-01-05 16:00:00
98087.9,98850.0,98024.9,98369.5,692307.1,6923.071,681835244.1517,1,2025-01-05 20:00:00
98369.6,99400.0,97930.0,99037.9,1498145.1,14981.451,1479777964.1338,1,2025-01-06 00:00:00
99038.0,99924.5,99038.0,99317.8,1299555.2,12995.552,1293202869.8303,1,2025-01-06 04:00:00
99317.8,99644.8,98700.0,99259.6,986518.9,9865.189,977599726.2912,1,2025-01-06 08:00:00
99259.6,102490.8,98712.0,102149.8,4051798.5,40517.985,4077159318.8479,1,2025-01-06 12:00:00
102149.9,102489.0,101236.6,101806.2,1869379.3,18693.793,1906404150.3163,1,2025-01-06 16:00:00
101806.2,102339.1,101574.0,102223.3,718452.1,7184.521,732934313.0927,1,2025-01-06 20:00:00
102223.2,102817.8,101507.0,101700.0,1095518.8,10955.188,1118195394.8937,1,2025-01-07 00:00:00
101700.1,102018.7,101572.2,101687.8,512274.7,5122.747,521339839.4226,1,2025-01-07 04:00:00
101687.9,102013.8,100501.0,100854.4,1422410.0,14224.1,1439652314.5329,1,2025-01-07 08:00:00
100854.5,100992.0,97156.6,97932.1,5491683.8,54916.838,5439329430.5569,1,2025-01-07 12:00:00
97932.1,98350.0,96300.0,96464.7,3201446.8,32014.468,3115200479.2128,1,2025-01-07 16:00:00
96464.7,97217.3,96167.1,96944.0,1337551.8,13375.518,1293089658.0987,1,2025-01-07 20:00:00
96944.0,97260.0,96228.0,96540.5,1149164.9,11491.649,1112156479.0418,1,2025-01-08 00:00:00
96540.5,96661.9,95251.4,95657.1,1873272.4,18732.724,1796458174.3011,1,2025-01-08 04:00:00
95657.0,96143.1,94532.0,95139.6,1740170.0,17401.7,1660956059.2908,1,2025-01-08 08:00:00
95139.7,96079.9,94618.3,95492.3,2452166.2,24521.662,2336354455.105,1,2025-01-08 12:00:00
95492.3,95492.9,92500.0,94246.7,3506956.2,35069.562,3297946808.259,1,2025-01-08 16:00:00
94244.6,95285.7,93592.1,95050.1,846840.0,8468.4,799778545.5672,1,2025-01-08 20:00:00
95050.0,95396.7,93442.6,94030.4,1793459.7,17934.597,1692927941.4687,1,2025-01-09 00:00:00
94030.4,94623.9,93165.0,93238.5,1001261.0,10012.61,940567070.3563,1,2025-01-09 04:00:00
93238.4,93883.3,92734.5,93455.9,1522261.8,15222.618,1419714739.7473,1,2025-01-09 08:00:00
93456.0,94586.0,91777.8,94244.1,2754594.5,27545.945,2558775851.9191,1,2025-01-09 12:00:00
94242.8,94698.9,91900.2,91907.8,2256713.0,22567.13,2103916797.7684,1,2025-01-09 16:00:00
91907.5,92718.0,91201.0,92554.9,1754097.6,17540.976,1612889765.6276,1,2025-01-09 20:00:00
92554.8,93743.4,92463.4,93708.4,945490.4,9454.904,880092701.8037,1,2025-01-10 00:00:00
93708.5,94988.0,93494.9,94498.2,1332553.5,13325.535,1255274835.5967,1,2025-01-10 04:00:00
94498.1,95279.7,94380.4,95072.9,1085576.5,10855.765,1029515232.3777,1,2025-01-10 08:00:00
95072.9,95121.0,92222.0,93746.2,4781228.5,47812.285,4481866437.377,1,2025-01-10 12:00:00
93746.2,95854.9,93194.7,95320.0,2578321.3,25783.213,2438485779.5518,1,2025-01-10 16:00:00
95319.9,95454.5,94580.0,94728.6,754181.9,7541.819,715077425.5449,1,2025-01-10 20:00:00
94728.5,94755.4,94083.9,94214.2,554098.2,5540.982,523001267.7926,1,2025-01-11 00:00:00
94214.2,94442.0,93840.8,94257.9,444992.0,4449.92,419107719.4615,1,2025-01-11 04:00:00
94257.9,94822.3,94023.1,94632.0,505325.4,5053.254,477132143.7878,1,2025-01-11 08:00:00
94631.9,94668.3,94304.0,94414.1,444253.5,4442.535,419786942.9834,1,2025-01-11 12:00:00
94414.1,94739.9,93977.1,94246.4,467641.1,4676.411,441002737.8495,1,2025-01-11 16:00:00
94246.4,95045.0,94196.0,94615.1,482047.4,4820.474,456432118.4493,1,2025-01-11 20:00:00
94615.1,94717.3,94315.7,94646.3,330086.6,3300.866,312042400.7248,1,2025-01-12 00:00:00
94646.2,94668.8,94262.1,94337.5,275415.5,2754.155,260210598.7468,1,2025-01-12 04:00:00
94337.5,94408.8,93701.0,94259.2,659706.1,6597.061,620529076.6096,1,2025-01-12 08:00:00
94259.2,95482.3,94176.0,95080.7,1060939.1,10609.391,1006352672.9644,1,2025-01-12 12:00:00
95082.0,95317.8,94568.5,94663.3,498861.1,4988.611,473879180.3619,1,2025-01-12 16:00:00
94663.2,94809.3,93790.6,94550.0,709673.5,7096.735,668966879.1297,1,2025-01-12 20:00:00
94550.0,95970.0,93900.0,94261.4,2046573.1,20465.731,1939589867.4692,1,2025-01-13 00:00:00
94261.3,94930.0,93253.5,93592.7,1634883.8,16348.838,1537350362.0109,1,2025-01-13 04:00:00
93592.6,93662.5,90846.6,90870.1,3209296.3,32092.963,2955394750.6431,1,2025-01-13 08:00:00
90870.1,93088.0,89037.0,92126.0,6084461.9,60844.619,5547624955.4621,1,2025-01-13 12:00:00
92126.1,92540.9,91186.0,92311.9,2337065.3,23370.653,2147483083.6785,1,2025-01-13 16:00:00
92311.9,94733.0,91905.3,94539.9,1729857.1,17298.571,1622167251.1748,1,2025-01-13 20:00:00
94539.9,95302.0,94350.8,94879.9,1184735.0,11847.35,1123970510.6236,1,2025-01-14 00:00:00
94880.0,95498.0,94755.0,94875.8,827728.5,8277.285,786857995.7879,1,2025-01-14 04:00:00
94875.8,97376.0,94875.8,96568.3,2923312.9,29233.129,2818045197.709,1,2025-01-14 08:00:00
96568.3,97299.3,95747.9,96466.0,2880584.5,28805.845,2781500133.2243,1,2025-01-14 12:00:00
96466.1,97109.5,95345.4,96548.1,1785520.1,17855.201,1717109036.1608,1,2025-01-14 16:00:00
96548.0,96930.6,96140.1,96562.0,547795.1,5477.951,528884429.0093,1,2025-01-14 20:00:00
96561.9,97566.0,96488.3,97332.2,1125781.4,11257.814,1092987793.4321,1,2025-01-15 00:00:00
97332.3,97731.0,96751.1,97311.7,995749.6,9957.496,968358873.9168,1,2025-01-15 04:00:00
97311.8,97538.0,96540.3,96787.3,852927.6,8529.276,827044653.6561,1,2025-01-15 08:00:00
96787.2,99786.5,96545.6,98989.6,3915643.9,39156.439,3863404597.2409,1,2025-01-15 12:00:00
98989.7,99998.0,98605.3,99850.6,1345179.3,13451.793,1334989873.6742,1,2025-01-15 16:00:00
99850.7,100710.2,99455.0,100510.8,1475346.8,14753.468,1475491278.3435,1,2025-01-15 20:00:00
100510.9,100888.0,99168.0,99485.0,1498882.7,14988.827,1497724848.9571,1,2025-01-16 00:00:00
99485.0,99956.2,99335.5,99812.6,593885.3,5938.853,591825426.9597,1,2025-01-16 04:00:00
99812.6,99844.1,98618.4,99171.4,1461610.2,14616.102,1447938144.9325,1,2025-01-16 08:00:00
99171.4,99528.0,97285.5,99298.1,3116956.6,31169.566,3068652091.3506,1,2025-01-16 12:00:00
99298.0,100455.0,99070.0,100420.0,1959605.9,19596.059,1953276314.7322,1,2025-01-16 16:00:00
100420.0,100659.9,99373.9,99999.6,989872.5,9898.725,991016116.3167,1,2025-01-16 20:00:00
99999.7,102200.0,99963.6,101068.4,2153918.0,21539.18,2180393344.9864,1,2025-01-17 00:00:00
101068.4,101953.8,100966.3,101450.1,797670.2,7976.702,809423575.1267,1,2025-01-17 04:00:00
101450.2,102644.5,101450.1,102230.9,1332614.4,13326.144,1360617747.0348,1,2025-01-17 08:00:00
102231.0,104228.0,102187.4,104000.0,3092300.6,30923.006,3193206026.5643,1,2025-01-17 12:00:00
104000.0,105840.6,103833.3,105824.9,2542174.1,25421.741,2665254529.9941,1,2025-01-17 16:00:00
105825.0,105837.5,104100.0,104100.1,1258714.7,12587.147,1319419780.9743,1,2025-01-17 20:00:00
104100.1,104678.0,103044.8,103573.6,1198184.5,11981.845,1245491075.8049,1,2025-01-18 00:00:00
103573.7,103779.0,102615.6,102840.0,1902379.1,19023.791,1964024191.2699,1,2025-01-18 04:00:00
102840.0,103899.0,102285.7,103590.2,1353913.6,13539.136,1395442485.7121,1,2025-01-18 08:00:00
103590.2,104995.9,103134.5,104556.0,1420700.8,14207.008,1478462622.3995,1,2025-01-18 12:00:00
104556.0,104722.8,103138.3,104411.9,1293500.1,12935.001,1344693544.0929,1,2025-01-18 16:00:00
104411.9,104772.6,103786.5,104560.6,563673.5,5636.735,587634541.8819,1,2025-01-18 20:00:00
104560.6,105482.4,104020.9,104991.0,963877.7,9638.777,1010036426.0787,1,2025-01-19 00:00:00
104991.0,105641.0,104245.2,105180.6,1082888.2,10828.882,1137549013.8814,1,2025-01-19 04:00:00
105180.6,105499.8,103400.2,104374.7,2097245.8,20972.458,2193695852.0359,1,2025-01-19 08:00:00
104374.8,105750.0,104315.5,104941.2,1549469.2,15494.692,1626531230.0825,1,2025-01-19 12:00:00
104941.2,106288.0,104536.7,106262.5,814606.4,8146.064,856851931.5481,1,2025-01-19 16:00:00
106262.5,106488.0,99666.0,101326.8,5352061.0,53520.61,5485125674.2698,1,2025-01-19 20:00:00
101331.8,102358.0,99500.1,101921.8,3596260.1,35962.601,3626165279.7537,1,2025-01-20 00:00:00
101921.7,109998.9,101555.0,107215.1,5872436.6,58724.366,6287592677.5583,1,2025-01-20 04:00:00
107205.8,109299.1,107198.0,108279.3,1980827.4,19808.274,2145169015.6547,1,2025-01-20 08:00:00
108279.4,108750.0,104365.3,104956.9,4402729.8,44027.298,4700679992.5677,1,2025-01-20 12:00:00
104957.0,107067.2,100544.2,103683.0,7837892.4,78378.924,8138918294.8613,1,2025-01-20 16:00:00
103688.5,104346.7,101736.4,102269.9,1431675.3,14316.753,1475245673.7293,1,2025-01-20 20:00:00
102269.9,103281.2,100113.0,102925.1,2385625.7,23856.257,2428944896.1481,1,2025-01-21 00:00:00
102925.1,102978.2,101120.0,101990.6,1330481.1,13304.811,1357711180.0545,1,2025-01-21 04:00:00
101988.1,103986.5,101732.5,103760.1,1405271.5,14052.715,1447473468.2968,1,2025-01-21 08:00:00
103760.1,105364.5,102798.5,103953.8,2896813.9,28968.139,3013872515.4201,1,2025-01-21 12:00:00
103953.8,107333.3,103803.9,107050.4,3315921.5,33159.215,3514604029.8244,1,2025-01-21 16:00:00
107050.4,107222.0,105423.0,106161.9,1149478.0,11494.78,1221422990.9336,1,2025-01-21 20:00:00
106161.8,106438.8,105466.0,105604.0,779833.6,7798.336,825693330.6752,1,2025-01-22 00:00:00
105603.9,105987.9,105000.0,105087.1,818658.19,8186.5819,863816396.82789,1,2025-01-22 04:00:00
105087.2,105549.6,104621.7,105120.4,1028586.66,10285.8666,1080359872.22653,1,2025-01-22 08:00:00
105120.6,105623.7,103618.1,104184.9,2317209.67,23172.0967,2420894607.43662,1,2025-01-22 12:00:00
104184.9,104760.0,103261.7,104625.2,1681070.74,16810.7074,1749185376.61376,1,2025-01-22 16:00:00
104625.2,104828.0,103610.0,103718.0,684045.79,6840.4579,712448808.9047,1,2025-01-22 20:00:00
103717.9,103820.0,102120.0,102454.2,1509428.55,15094.2855,1552551035.6746,1,2025-01-23 00:00:00
102454.2,102970.0,101575.0,102699.9,1243452.73,12434.5273,1271836954.03645,1,2025-01-23 04:00:00
102700.0,102700.0,101222.0,101946.3,1104067.52,11040.6752,1125507781.71353,1,2025-01-23 08:00:00
101946.3,106080.3,101291.8,105276.7,6040727.51,60407.2751,6282404233.0568,1,2025-01-23 12:00:00
105276.7,106869.9,103360.1,103754.3,4024271.07,40242.7107,4238904868.00222,1,2025-01-23 16:00:00
103754.3,106450.0,102202.6,103925.7,5457580.02,54575.8002,5695358300.09,1,2025-01-23 20:00:00
103925.7,104311.1,102755.7,103895.0,1103281.95,11032.8195,1142646887.3492,1,2025-01-24 00:00:00
103895.0,105357.2,103805.6,105042.0,1084849.29,10848.4929,1136196019.5538,1,2025-01-24 04:00:00
105042.0,105766.0,104913.7,105412.4,911555.92,9115.5592,960367083.93164,1,2025-01-24 08:00:00
105412.4,106350.1,104650.0,105867.6,1897339.68,18973.3968,2002285473.27646,1,2025-01-24 12:00:00
105867.5,107164.1,105575.4,105772.8,1787114.39,17871.1439,1899812305.67058,1,2025-01-24 16:00:00
105772.7,105789.3,104450.0,104868.6,1150111.53,11501.1153,1208379189.01155,1,2025-01-24 20:00:00
104868.7,105293.9,104368.0,105220.0,764616.95,7646.1695,800851549.63196,1,2025-01-25 00:00:00
105219.9,105220.1,104208.9,104388.8,570926.31,5709.2631,596770596.98724,1,2025-01-25 04:00:00
104388.8,104744.8,104101.9,104675.3,521767.52,5217.6752,544806690.05862,1,2025-01-25 08:00:00
104675.4,105130.0,104462.5,104889.8,543556.37,5435.5637,569492858.28369,1,2025-01-25 12:00:00
104889.8,105322.9,104409.1,105048.6,766550.84,7665.5084,803678840.94801,1,2025-01-25 16:00:00
105048.7,105272.5,104670.5,104759.2,287588.1,2875.881,301991174.85791,1,2025-01-25 20:00:00
104759.1,105250.0,104508.5,105069.5,392215.33,3922.1533,410987010.90611,1,2025-01-26 00:00:00
105069.5,105546.6,104937.5,104996.2,333293.26,3332.9326,350454034.7452,1,2025-01-26 04:00:00
104996.3,105237.0,104423.5,104821.3,556917.15,5569.1715,583192192.95373,1,2025-01-26 08:00:00
104821.3,105120.7,104700.0,104990.1,339840.96,3398.4096,356647705.29413,1,2025-01-26 12:00:00
104990.0,105280.7,104906.0,105093.0,262308.1,2623.081,275610828.83152,1,2025-01-26 16:00:00
105093.0,105221.1,102500.1,102611.6,1403706.06,14037.0606,1454390107.46804,1,2025-01-26 20:00:00
102611.6,103288.5,100629.1,101377.3,2659914.2,26599.142,2704943885.3078,1,2025-01-27 00:00:00
101377.3,101393.3,97737.7,99026.0,3577529.39,35775.2939,3558250807.7243,1,2025-01-27 04:00:00
99026.0,99521.1,98256.7,98750.0,1744976.64,17449.7664,1727117377.88926,1,2025-01-27 08:00:00
98750.1,102322.5,98715.9,101108.9,3883025.63,38830.2563,3919573845.70069,1,2025-01-27 12:00:00
101108.9,101269.0,98838.0,99697.3,2136330.09,21363.3009,2132198235.33265,1,2025-01-27 16:00:00
99697.2,102447.4,99588.6,102075.7,1418380.61,14183.8061,1438833558.78938,1,2025-01-27 20:00:00
102075.7,102913.3,101329.1,102640.0,1398360.27,13983.6027,1428429998.42225,1,2025-01-28 00:00:00
102640.0,103387.9,102518.2,102807.0,1064277.9,10642.779,1096109066.51874,1,2025-01-28 04:00:00
102807.8,103222.0,102400.0,102774.9,747106.36,7471.0636,768105379.2381,1,2025-01-28 08:00:00
102775.0,103888.5,101805.0,102765.8,2036344.1,20363.441,2092460690.01332,1,2025-01-28 12:00:00
102765.9,103117.4,101800.2,102420.6,1691448.08,16914.4808,1733202053.26768,1,2025-01-28 16:00:00
102420.6,102544.0,100270.9,101343.0,1181586.64,11815.8664,1195369922.92931,1,2025-01-28 20:00:00
101343.0,102332.7,101330.2,102049.2,695411.54,6954.1154,707919616.53125,1,2025-01-29 00:00:00
102048.5,102875.5,101970.3,102758.9,548335.06,5483.3506,561734656.11665,1,2025-01-29 04:00:00
102758.9,103057.8,102200.2,102635.2,660758.13,6607.5813,678124158.39732,1,2025-01-29 08:00:00
102635.1,102821.2,101580.0,101986.6,1265284.56,12652.8456,1291843311.13598,1,2025-01-29 12:00:00
101986.6,104110.0,101402.2,103615.6,2674943.45,26749.4345,2747165045.9658,1,2025-01-29 16:00:00
103615.5,104826.1,102876.7,103747.5,1605992.84,16059.9284,1669694927.46439,1,2025-01-29 20:00:00
103747.5,105345.3,103282.0,105207.2,1026939.99,10269.3999,1071909759.0114,1,2025-01-30 00:00:00
105207.2,105653.8,104830.7,105158.1,920055.53,9200.5553,968016272.71955,1,2025-01-30 04:00:00
105158.1,105587.9,104952.3,105320.0,599174.47,5991.7447,630745186.88114,1,2025-01-30 08:00:00
105319.9,106460.0,104649.0,105563.6,1959847.49,19598.4749,2069121565.13322,1,2025-01-30 12:00:00
105563.6,106000.0,104748.6,105712.3,1035173.34,10351.7334,1090842642.4418,1,2025-01-30 16:00:00
105712.2,105817.8,104700.0,104742.3,709822.8,7098.228,746542281.60542,1,2025-01-30 20:00:00
104742.4,105055.0,103909.3,104338.4,917722.01,9177.2201,958713775.5778,1,2025-01-31 00:00:00
104338.4,104800.0,103968.4,104185.8,854341.85,8543.4185,891709262.14207,1,2025-01-31 04:00:00
104185.9,104857.8,103922.0,104724.1,792904.31,7929.0431,827182617.57206,1,2025-01-31 08:00:00
104724.1,106047.0,104104.0,105460.2,1698480.62,16984.8062,1783322482.43883,1,2025-01-31 12:00:00
105460.2,105597.4,102122.7,102300.2,2401494.11,24014.9411,2488683375.82141,1,2025-01-31 16:00:00
102300.2,102470.0,101500.0,102433.5,1282026.81,12820.2681,1307176310.9623,1,2025-01-31 20:00:00
102433.5,102791.8,102165.1,102243.3,507607.21,5076.0721,520272962.60943,1,2025-02-01 00:00:00
102243.3,102600.0,102112.0,102175.4,401552.88,4015.5288,410918882.61659,1,2025-02-01 04:00:00
102175.4,102295.0,101368.0,102029.1,798036.55,7980.3655,812671107.791,1,2025-02-01 08:00:00
102029.1,102328.3,101724.4,102080.1,643404.34,6434.0434,656697865.94395,1,2025-02-01 12:00:00
102080.1,102282.2,101435.0,101673.4,502704.66,5027.0466,512559218.3767,1,2025-02-01 16:00:00
101673.5,101673.5,100254.1,100633.9,1179047.83,11790.4783,1190568792.02192,1,2025-02-01 20:00:00
100633.9,101477.0,99143.1,99208.1,1311838.82,13118.3882,1315547944.37502,1,2025-02-02 00:00:00
99208.1,100500.0,99031.8,99625.2,1052701.14,10527.0114,1051100330.38689,1,2025-02-02 04:00:00
99625.3,100118.3,98612.9,98872.1,1209487.71,12094.8771,1201609485.61976,1,2025-02-02 08:00:00
98872.1,99433.0,98155.2,99343.1,1478183.49,14781.8349,1461149250.27782,1,2025-02-02 12:00:00
99343.0,99364.0,96827.7,98269.9,2969295.68,29692.9568,2903853970.33905,1,2025-02-02 16:00:00
98269.9,98656.2,96130.5,97701.9,2088822.54,20888.2254,2032746816.66261,1,2025-02-02 20:00:00
97702.0,97786.8,91255.0,94048.0,7746574.87,77465.7487,7305325478.49089,1,2025-02-03 00:00:00
94048.1,95400.0,92640.1,95305.0,2131853.34,21318.5334,2001180842.18934,1,2025-02-03 04:00:00
95305.1,95943.9,94764.5,95109.9,1577645.03,15776.4503,1504265441.02896,1,2025-02-03 08:00:00
95110.0,99499.8,94151.3,98838.8,3995783.76,39957.8376,3862239690.80654,1,2025-02-03 12:00:00
98838.9,101915.5,98030.7,101915.0,3305834.91,33058.3491,3294752169.61864,1,2025-02-03 16:00:00
101915.0,102551.0,100939.4,101358.2,1655869.15,16558.6915,1682306680.43537,1,2025-02-03 20:00:00
101358.3,101754.4,100567.0,100640.4,790495.13,7904.9513,799651332.91368,1,2025-02-04 00:00:00
100640.4,100786.2,98250.0,98451.6,2176787.16,21767.8716,2159513497.20691,1,2025-02-04 04:00:00
98451.5,99417.0,97850.0,98961.4,1223485.17,12234.8517,1206846148.24487,1,2025-02-04 08:00:00
98961.4,100446.9,98255.0,99351.8,2578402.46,25784.0246,2563000774.04791,1,2025-02-04 12:00:00
99351.8,100799.0,98768.0,98863.5,1477129.41,14771.2941,1471523745.81992,1,2025-02-04 16:00:00
98862.7,99450.0,96129.0,97759.9,2479346.16,24793.4616,2423288565.5686,1,2025-02-04 20:00:00
97760.0,98954.1,97148.4,98045.4,1244869.66,12448.6966,1219919770.69773,1,2025-02-05 00:00:00
98045.4,98344.6,97368.5,97863.3,721070.73,7210.7073,705661528.89497,1,2025-02-05 04:00:00
97863.3,98224.4,97260.5,98205.7,751197.1,7511.971,734677468.19168,1,2025-02-05 08:00:00
98205.7,99183.5,97760.0,98122.0,1449914.68,14499.1468,1426565008.2833,1,2025-02-05 12:00:00
98122.0,98300.0,96485.4,97387.8,1307685.23,13076.8523,1273561426.39475,1,2025-02-05 16:00:00
97387.8,97716.9,96138.5,96618.3,846644.2,8466.442,820483135.93299,1,2025-02-05 20:00:00
96618.3,97500.0,96422.1,97356.2,674132.56,6741.3256,654176543.61011,1,2025-02-06 00:00:00
97356.2,98464.0,97281.5,98219.9,741637.02,7416.3702,726502043.284,1,2025-02-06 04:00:00
98219.9,99146.0,97925.2,98863.9,1080335.05,10803.3505,1065706956.62175,1,2025-02-06 08:00:00
98863.9,99043.8,96926.0,97334.0,1991007.9,19910.079,1952667824.79719,1,2025-02-06 12:00:00
97334.0,97545.5,95669.8,95991.4,1993928.32,19939.2832,1925749968.35629,1,2025-02-06 16:00:00
95991.4,97099.5,95781.1,96555.9,916746.72,9167.4672,885067213.16497,1,2025-02-06 20:00:00
96555.9,97827.4,96408.9,97460.8,870887.03,8708.8703,846319511.68896,1,2025-02-07 00:00:00
97460.9,97883.9,96577.9,96748.9,837955.48,8379.5548,813827057.90285,1,2025-02-07 04:00:00
96748.8,97766.0,96600.6,97750.2,597385.41,5973.8541,581191229.8105,1,2025-02-07 08:00:00
97750.2,100144.0,97158.0,98307.0,4110406.5,41104.065,4057689927.15515,1,2025-02-07 12:00:00
98310.2,98599.0,96880.8,96894.7,1806752.51,18067.5251,1766482126.16388,1,2025-02-07 16:00:00
96894.8,96940.0,95550.8,96490.8,1229727.53,12297.2753,1181187494.07581,1,2025-02-07 20:00:00
96490.7,96909.8,96323.2,96710.3,595929.29,5959.2929,575840822.93856,1,2025-02-08 00:00:00
96710.3,96710.3,95777.0,96210.5,652360.3,6523.603,627625700.93235,1,2025-02-08 04:00:00
96210.5,96309.1,95850.3,96132.2,400829.28,4008.2928,385133624.97104,1,2025-02-08 08:00:00
96132.2,96517.5,95668.2,95856.0,662692.02,6626.9202,636655905.49646,1,2025-02-08 12:00:00
95855.9,96764.6,95755.0,96587.7,597593.84,5975.9384,575375711.7037,1,2025-02-08 16:00:00
96587.8,96713.7,96353.5,96449.5,217954.36,2179.5436,210355988.27206,1,2025-02-08 20:00:00
96449.5,97318.0,96351.9,97317.9,609595.52,6095.9552,590499412.55165,1,2025-02-09 00:00:00
97317.9,97333.0,96775.0,97063.5,340936.8,3409.368,330874118.49801,1,2025-02-09 04:00:00
97063.5,97324.0,96551.4,96569.0,631330.57,6313.3057,611866795.41992,1,2025-02-09 08:00:00
96570.0,96727.7,95664.6,96489.6,1021644.32,10216.4432,983332301.22149,1,2025-02-09 12:00:00
96489.6,96589.9,95900.0,96060.9,428419.85,4284.1985,412181828.68491,1,2025-02-09 16:00:00
96060.9,96781.7,94707.4,96465.0,1465629.8,14656.298,1402559350.44523,1,2025-02-09 20:00:00
96464.9,97142.4,95250.0,96819.9,1592200.91,15922.0091,1533546081.55492,1,2025-02-10 00:00:00
96820.0,97698.5,96637.9,97443.0,1120974.78,11209.7478,1088697446.04877,1,2025-02-10 04:00:00
97442.9,97974.4,97360.0,97666.9,921441.5,9214.415,900582179.07267,1,2025-02-10 08:00:00
97666.8,98378.4,96870.0,97235.2,1677128.97,16771.2897,1635986621.55702,1,2025-02-10 12:00:00
97235.1,97643.7,96880.0,97375.8,896778.4,8967.784,872295400.02945,1,2025-02-10 16:00:00
97375.8,97500.0,97130.0,97417.7,420213.71,4202.1371,408985848.94276,1,2025-02-10 20:00:00
97417.7,98160.7,97401.8,97610.8,944044.25,9440.4425,923149248.56799,1,2025-02-11 00:00:00
97610.9,98500.0,97560.5,98276.1,839383.04,8393.8304,824371850.48396,1,2025-02-11 04:00:00
98276.1,98348.0,97880.4,98136.1,518576.11,5185.7611,508733117.82907,1,2025-02-11 08:00:00
98136.0,98152.0,96572.0,97022.2,1729318.76,17293.1876,1680264993.28432,1,2025-02-11 12:00:00
97022.2,97040.8,94866.9,95023.9,1853449.06,18534.4906,1777383483.04197,1,2025-02-11 16:00:00
95023.8,96524.8,94914.5,95783.7,1378436.86,13784.3686,1319888642.41202,1,2025-02-11 20:00:00
95783.8,96277.0,95088.0,95307.6,794943.61,7949.4361,760872387.92099,1,2025-02-12 00:00:00
95307.7,96180.0,95270.8,96076.2,578619.54,5786.1954,554159771.31331,1,2025-02-12 04:00:00
96076.3,96477.2,95920.0,96115.2,626634.24,6266.3424,602801837.42597,1,2025-02-12 08:00:00
96115.2,96678.8,94072.1,95806.7,3817969.09,38179.6909,3635863402.72198,1,2025-02-12 12:00:00
95806.7,97700.0,95126.6,97207.6,2176700.81,21767.0081,2106209612.85337,1,2025-02-12 16:00:00
97207.7,98168.0,96855.0,97885.8,1195859.02,11958.5902,1167778924.42978,1,2025-02-12 20:00:00
97885.9,98100.0,97380.0,97508.6,584316.91,5843.1691,571060526.76183,1,2025-02-13 00:00:00
97508.6,97569.4,95794.4,96074.8,1256779.95,12567.7995,1212641401.87519,1,2025-02-13 04:00:00
96074.9,96360.6,95540.2,95935.2,901044.0,9010.44,865212156.38823,1,2025-02-13 08:00:00
95935.1,96500.0,95321.0,95998.2,1866861.94,18668.6194,1791016420.35052,1,2025-02-13 12:00:00
95998.2,96375.6,95215.3,95642.5,1186390.22,11863.9022,1135674858.1888,1,2025-02-13 16:00:00
95642.4,96781.5,95604.0,96611.0,617426.89,6174.2689,595003850.37809,1,2025-02-13 20:00:00
96611.0,97208.6,96353.3,97154.9,776164.94,7761.6494,750926524.3572,1,2025-02-14 00:00:00
97154.9,97246.0,96572.2,96942.1,566137.1,5661.371,548523105.31284,1,2025-02-14 04:00:00
96942.0,97218.0,96799.8,96897.4,529431.96,5294.3196,513569447.69322,1,2025-02-14 08:00:00
96897.4,97597.6,96280.0,96940.0,1647768.95,16477.6895,1596312855.44687,1,2025-02-14 12:00:00
96939.9,98847.4,96485.5,97949.9,2116396.69,21163.9669,2071925031.22669,1,2025-02-14 16:00:00
97950.0,98272.8,96681.5,97500.0,819965.69,8199.6569,798045409.15677,1,2025-02-14 20:00:00
97500.0,97995.0,97222.0,97661.3,412771.7,4127.717,403155651.24674,1,2025-02-15 00:00:00
97661.2,97807.2,97364.7,97364.7,286202.98,2862.0298,279150375.46692,1,2025-02-15 04:00:00
97364.8,97775.5,97303.0,97632.2,301704.82,3017.0482,294325686.05901,1,2025-02-15 08:00:00
97632.2,97950.0,97420.5,97639.9,502813.56,5028.1356,491089968.09232,1,2025-02-15 12:00:00
97640.0,97725.0,97321.1,97555.4,317889.04,3178.8904,309998612.87377,1,2025-02-15 16:00:00
97555.4,97766.0,97426.6,97590.6,284900.52,2849.0052,277987798.09386,1,2025-02-15 20:00:00
97590.5,97731.8,97408.0,97555.0,318602.1,3186.021,310849291.48481,1,2025-02-16 00:00:00
97555.0,97687.6,97212.2,97259.1,365140.24,3651.4024,355934275.15114,1,2025-02-16 04:00:00
97259.2,97420.0,97064.5,97356.0,441590.57,4415.9057,429406191.87084,1,2025-02-16 08:00:00
97356.0,97356.1,96687.0,96900.0,718539.23,7185.3923,696780120.35977,1,2025-02-16 12:00:00
96900.0,97174.5,96575.2,97072.5,396852.25,3968.5225,384646281.14586,1,2025-02-16 16:00:00
97072.4,97344.0,96050.0,96113.5,652776.69,6527.7669,630354411.74042,1,2025-02-16 20:00:00
96113.5,96639.0,96032.3,96211.1,692987.13,6929.8713,667278919.59822,1,2025-02-17 00:00:00
96211.1,96469.0,95773.5,96075.0,790843.84,7908.4384,760296355.49763,1,2025-02-17 04:00:00
96075.0,96400.0,95950.0,96074.7,694748.27,6947.4827,668161868.18048,1,2025-02-17 08:00:00
96075.7,97051.9,95550.7,95666.2,1296857.45,12968.5745,1249605854.74445,1,2025-02-17 12:00:00
95666.2,95945.9,95154.7,95530.4,1125575.57,11255.7557,1074920365.75261,1,2025-02-17 16:00:00
95530.4,96418.9,95486.4,95784.0,544373.82,5443.7382,522698086.4325,1,2025-02-17 20:00:00
95784.1,96326.0,95559.3,96184.2,609399.17,6093.9917,585075558.96657,1,2025-02-18 00:00:00
96184.2,96301.0,95253.0,95463.9,909178.28,9091.7828,869452095.13477,1,2025-02-18 04:00:00
95463.9,95888.0,95021.9,95638.6,803234.08,8032.3408,767280969.98167,1,2025-02-18 08:00:00
95638.6,96767.4,95200.0,95549.9,1670898.71,16708.9871,1603297297.14186,1,2025-02-18 12:00:00
95549.9,95648.0,93365.4,94104.1,2487953.95,24879.5395,2346464585.86598,1,2025-02-18 16:00:00
94104.2,95674.4,93732.3,95662.3,1187912.81,11879.1281,1127094020.66794,1,2025-02-18 20:00:00
95662.3,95979.7,95058.0,95716.6,789688.13,7896.8813,754543511.97144,1,2025-02-19 00:00:00
95716.7,95850.0,95050.0,95690.0,732600.8,7326.008,699430140.54122,1,2025-02-19 04:00:00
95690.0,96477.3,95630.1,96439.2,959179.02,9591.7902,922227666.83781,1,2025-02-19 08:00:00
96439.2,96724.0,95533.3,95937.3,1699858.33,16998.5833,1634889087.25201,1,2025-02-19 12:00:00
95937.2,96511.0,95408.9,96197.5,1211079.3,12110.793,1163461399.6835,1,2025-02-19 16:00:00
96193.9,96896.2,96050.0,96641.3,693913.47,6939.1347,669377407.38438,1,2025-02-19 20:00:00
96641.4,97432.0,96413.8,97064.6,839768.78,8397.6878,814491547.14572,1,2025-02-20 00:00:00
97064.6,97380.8,96759.0,96870.5,693091.67,6930.9167,672631787.2441,1,2025-02-20 04:00:00
96870.6,97371.0,96803.0,97199.9,533712.55,5337.1255,518578786.58281,1,2025-02-20 08:00:00
97199.9,98040.2,96768.1,96912.5,2094544.75,20945.4475,2040157787.10342,1,2025-02-20 12:00:00
96912.5,98530.0,96874.0,98412.4,1630279.24,16302.7924,1596757638.01383,1,2025-02-20 16:00:00
98412.4,98724.9,98011.0,98299.5,599842.73,5998.4273,590102161.55414,1,2025-02-20 20:00:00
98299.5,98500.0,98062.0,98159.5,465168.39,4651.6839,456981687.59456,1,2025-02-21 00:00:00
98159.5,98618.4,98130.0,98180.0,469860.33,4698.6033,462007391.90722,1,2025-02-21 04:00:00
98180.0,98980.3,98101.9,98615.9,1148566.21,11485.6621,1131205567.95075,1,2025-02-21 08:00:00
98616.0,99488.0,97180.9,98129.5,3876860.83,38768.6083,3818190521.73754,1,2025-02-21 12:00:00
98129.6,98776.0,95187.5,95242.1,3642460.88,36424.6088,3532985496.62117,1,2025-02-21 16:00:00
95242.1,96158.5,94840.6,96138.4,1658306.49,16583.0649,1581590894.49127,1,2025-02-21 20:00:00
96138.4,96429.2,95743.3,96271.9,607180.6,6071.806,583952228.46329,1,2025-02-22 00:00:00
96271.8,96568.0,96244.5,96269.9,429893.34,4298.9334,414505794.38792,1,2025-02-22 04:00:00
96270.0,96599.9,96115.8,96568.8,537504.09,5375.0409,518072828.77481,1,2025-02-22 08:00:00
96568.9,97000.0,96488.8,96595.2,727677.88,7276.7788,703584827.80656,1,2025-02-22 12:00:00
96595.3,96839.4,96358.5,96645.1,551582.02,5515.8202,532967085.78003,1,2025-02-22 16:00:00
96645.1,96714.8,96464.4,96540.1,214032.91,2140.3291,206731117.35574,1,2025-02-22 20:00:00
96540.1,96643.0,96368.0,96409.7,243518.34,2435.1834,234948266.78703,1,2025-02-23 00:00:00
96409.7,96560.0,96140.0,96505.1,458763.89,4587.6389,442075774.47639,1,2025-02-23 04:00:00
96505.0,96505.1,96081.6,96118.1,357431.03,3574.3103,344051768.7277,1,2025-02-23 08:00:00
96118.0,96170.6,95401.9,95446.5,969083.95,9690.8395,928241592.20009,1,2025-02-23 12:00:00
95446.4,95907.2,95260.0,95756.5,529915.82,5299.1582,506540163.13919,1,2025-02-23 16:00:00
95756.6,96340.2,95539.0,96268.1,479247.7,4792.477,459782755.13766,1,2025-02-23 20:00:00
96268.2,96532.0,95305.6,95439.3,980477.49,9804.7749,941002061.11591,1,2025-02-24 00:00:00
95439.3,95963.4,95028.0,95877.0,854405.09,8544.0509,816060458.74599,1,2025-02-24 04:00:00
95877.1,96180.0,95343.7,95830.0,995683.87,9956.8387,952642042.00992,1,2025-02-24 08:00:00
95830.1,96100.0,93813.8,94329.1,2660500.76,26605.0076,2526915254.18656,1,2025-02-24 12:00:00
94329.0,95192.8,93654.8,93946.3,1825547.5,18255.475,1725687376.25175,1,2025-02-24 16:00:00
93949.3,94592.5,91324.4,91550.1,2663382.72,26633.8272,2476567411.59333,1,2025-02-24 20:00:00
91550.1,92543.0,90866.1,92159.7,2225570.33,22255.7033,2043914424.9317,1,2025-02-25 00:00:00
92159.7,92318.2,88181.2,89310.1,3850779.77,38507.7977,3467708949.23677,1,2025-02-25 04:00:00
89310.1,89999.0,86866.9,89250.0,4593235.01,45932.3501,4064327548.81448,1,2025-02-25 08:00:00
89250.0,89567.8,86042.0,87238.9,4905987.65,49059.8765,4302036533.35881,1,2025-02-25 12:00:00
87239.0,88076.0,86157.3,87950.0,3273773.78,32737.7378,2853188829.53275,1,2025-02-25 16:00:00
87949.9,89462.8,87626.0,88676.4,1964708.62,19647.0862,1739520450.74558,1,2025-02-25 20:00:00
88676.4,89400.0,88143.0,88886.1,1016238.39,10162.3839,901559938.71357,1,2025-02-26 00:00:00
88886.0,89250.0,88388.0,88718.5,811761.33,8117.6133,720885122.53073,1,2025-02-26 04:00:00
88718.6,89308.9,88127.0,88608.3,1111691.96,11116.9196,987458793.48642,1,2025-02-26 08:00:00
88608.4,88677.6,85400.1,87561.9,4927033.56,49270.3356,4293719169.67063,1,2025-02-26 12:00:00
87561.9,87809.6,83355.9,83860.0,6048104.57,60481.0457,5162576573.49451,1,2025-02-26 16:00:00
83860.1,85408.7,82228.0,84245.5,3956279.83,39562.7983,3321521411.3952,1,2025-02-26 20:00:00
84245.5,85465.9,84026.2,85210.9,1691947.21,16919.4721,1433769203.76504,1,2025-02-27 00:00:00
85210.8,86729.9,84686.0,86261.9,1550093.34,15500.9334,1330231843.35396,1,2025-02-27 04:00:00
86261.9,87097.0,85854.9,86685.7,1387934.71,13879.3471,1199572550.46937,1,2025-02-27 08:00:00
86685.8,86780.0,84652.6,85514.1,3114110.63,31141.1063,2671456460.31459,1,2025-02-27 12:00:00
85514.1,85710.0,83618.9,84126.1,2236723.33,22367.2333,1891115875.35854,1,2025-02-27 16:00:00
84126.0,84921.0,82706.8,84701.5,1961716.78,19617.1678,1642122397.29273,1,2025-02-27 20:00:00
84701.6,84893.0,79500.0,80451.8,6707163.01,67071.6301,5463442688.70973,1,2025-02-28 00:00:00
80451.8,80985.3,78831.1,79204.0,4876389.41,48763.8941,3890371943.59374,1,2025-02-28 04:00:00
79204.1,80842.1,78234.0,80515.9,3679614.3,36796.143,2929013675.46687,1,2025-02-28 08:00:00
80515.9,84427.4,80049.4,83989.0,4722758.14,47227.5814,3885363406.61279,1,2025-02-28 12:00:00
83988.8,85130.0,83175.0,84432.8,3032409.27,30324.0927,2552210900.50761,1,2025-02-28 16:00:00
84432.8,84788.0,83580.0,84352.5,980515.36,9805.1536,824853936.6209,1,2025-02-28 20:00:00
84352.5,85686.3,83806.4,85316.3,1553929.75,15539.2975,1318254344.72709,1,2025-03-01 00:00:00
85316.3,86555.0,84729.0,84744.1,1787792.68,17877.9268,1531298930.26233,1,2025-03-01 04:00:00
84744.0,85499.0,84360.2,84626.9,1175475.05,11754.7505,998807715.4435,1,2025-03-01 08:00:00
84626.9,84945.4,84311.0,84787.1,881863.1,8818.631,746322682.99117,1,2025-03-01 12:00:00
84787.0,85615.6,84682.3,85480.9,734732.7,7347.327,625655299.52539,1,2025-03-01 16:00:00
85480.8,86299.7,85273.0,86056.9,626736.32,6267.3632,537713174.66026,1,2025-03-01 20:00:00
86056.9,86495.6,85605.7,85858.1,878331.39,8783.3139,755887142.02835,1,2025-03-02 00:00:00
85858.0,86643.2,85534.7,86224.2,782487.69,7824.8769,673469375.76616,1,2025-03-02 04:00:00
86224.2,86256.0,85660.0,86089.2,642555.51,6425.5551,552177023.4476,1,2025-03-02 08:00:00
86089.2,88688.0,85042.8,87432.5,3476561.68,34765.6168,3018515846.12501,1,2025-03-02 12:00:00
87432.6,95050.0,87300.0,93519.3,8856356.15,88563.5615,8141057033.35936,1,2025-03-02 16:00:00
93519.3,94874.3,93515.0,94283.1,1679485.8,16794.858,1581927191.40223,1,2025-03-02 20:00:00
94282.9,94439.9,92438.0,92717.8,1691209.21,16912.0921,1575404622.97451,1,2025-03-03 00:00:00
92717.9,93350.0,91179.0,92380.0,1900894.05,19008.9405,1752778253.3277,1,2025-03-03 04:00:00
92382.9,92932.0,91147.3,92736.6,1658565.23,16585.6523,1526297517.5171,1,2025-03-03 08:00:00
92736.6,93719.1,89118.0,90036.8,5484910.19,54849.1019,5006255000.85598,1,2025-03-03 12:00:00
90036.8,91038.5,85509.5,85591.7,4916314.05,49163.1405,4334403197.0879,1,2025-03-03 16:00:00
85586.8,87030.1,85112.0,86227.8,2535193.91,25351.9391,2180126389.33048,1,2025-03-03 20:00:00
86227.8,86799.2,82467.7,83983.8,3802012.41,38020.1241,3196510080.57063,1,2025-03-04 00:00:00
83983.8,84601.0,83138.4,83196.4,1462842.4,14628.424,1226299302.55511,1,2025-03-04 04:00:00
83196.4,84364.8,83027.8,83926.2,1312209.44,13122.0944,1099247490.35299,1,2025-03-04 08:00:00
83926.3,84994.8,81488.0,82977.9,5655737.41,56557.3741,4704905399.25335,1,2025-03-04 12:00:00
82977.9,88500.0,82002.9,88200.1,4499130.79,44991.3079,3841322388.38025,1,2025-03-04 16:00:00
88200.1,88955.0,86563.3,87280.8,2244133.2,22441.332,1969409326.7842,1,2025-03-04 20:00:00
87280.7,87903.2,86355.7,86855.9,1343034.23,13430.3423,1171674476.56725,1,2025-03-05 00:00:00
86855.9,87732.8,86735.0,87618.0,779904.54,7799.0454,680350009.3718,1,2025-03-05 04:00:00
87618.0,90655.1,87588.6,89807.5,2471721.92,24717.2192,2206522260.23911,1,2025-03-05 08:00:00
89807.5,90944.9,87920.1,88342.1,4364764.99,43647.6499,3901888779.45399,1,2025-03-05 12:00:00
88342.0,90482.4,87588.0,89744.0,2919671.76,29196.7176,2602884289.01036,1,2025-03-05 16:00:00
89743.9,91068.6,89680.0,90610.9,962394.09,9623.9409,869595371.37308,1,2025-03-05 20:00:00
90611.0,92069.7,89980.0,91622.9,1875646.44,18756.4644,1711362929.95749,1,2025-03-06 00:00:00
91622.9,92845.3,91275.4,91360.1,1629045.04,16290.4504,1500459897.07796,1,2025-03-06 04:00:00
91360.0,91686.0,90612.3,91347.9,1563813.59,15638.1359,1425821427.24385,1,2025-03-06 08:00:00
91348.0,91467.9,89107.2,90825.9,3777190.46,37771.9046,3409359318.09758,1,2025-03-06 12:00:00
90826.0,91074.5,87833.0,88529.1,3230329.46,32303.2946,2876015409.5151,1,2025-03-06 16:00:00
88529.1,90784.8,88455.7,89933.7,1700921.35,17009.2135,1526825210.57113,1,2025-03-06 20:00:00
89933.7,91304.7,84628.0,86989.4,6002556.64,60025.5664,5241777855.38536,1,2025-03-07 00:00:00
86989.4,88626.0,86834.0,88362.3,1181498.86,11814.9886,1039396340.62613,1,2025-03-07 04:00:00
88362.4,89730.0,87977.9,88979.9,1273509.49,12735.0949,1132216176.39928,1,2025-03-07 08:00:00
88979.8,91129.7,88020.0,88470.7,5201289.28,52012.8928,4653652951.335,1,2025-03-07 12:00:00
88470.6,89087.3,86513.2,87832.0,4581865.32,45818.6532,4024860749.58071,1,2025-03-07 16:00:00
87832.0,88533.0,85558.0,86784.9,3041149.83,30411.4983,2637560099.26697,1,2025-03-07 20:00:00
86784.9,86907.4,85210.0,85908.0,1120688.0,11206.88,963952211.86197,1,2025-03-08 00:00:00
85908.1,86673.7,85650.8,86188.8,810466.68,8104.6668,699359544.56728,1,2025-03-08 04:00:00
86188.7,86472.6,85746.1,85962.1,749558.85,7495.5885,645349375.36505,1,2025-03-08 08:00:00
85962.1,86636.0,85801.1,86401.8,771036.83,7710.3683,665519098.00026,1,2025-03-08 12:00:00
86401.9,86521.0,85660.3,86242.0,789512.65,7895.1265,679373304.32929,1,2025-03-08 16:00:00
86241.9,86511.4,85836.2,86239.3,443516.32,4435.1632,382385587.39345,1,2025-03-08 20:00:00
86239.4,86520.0,85952.4,86117.5,413212.35,4132.1235,356368052.03648,1,2025-03-09 00:00:00
86117.5,86175.2,85792.5,86016.9,436639.33,4366.3933,375504880.16633,1,2025-03-09 04:00:00
86016.9,86120.0,84609.8,85018.0,1351612.54,13516.1254,1152162966.7421,1,2025-03-09 08:00:00
85018.0,85063.9,82733.0,83062.2,2700816.4,27008.164,2262309649.12931,1,2025-03-09 12:00:00
83062.2,83771.0,82210.9,82631.8,2531923.87,25319.2387,2095246491.77497,1,2025-03-09 16:00:00
82631.8,83575.5,79940.0,80734.3,2581842.18,25818.4218,2102193968.07146,1,2025-03-09 20:00:00
80734.3,82742.2,80023.2,82042.1,2229495.29,22294.9529,1817248858.46228,1,2025-03-10 00:00:00
82042.1,82799.0,81976.0,82316.1,839550.32,8395.5032,691490709.17971,1,2025-03-10 04:00:00
82316.1,84084.5,81143.8,83580.0,3301534.34,33015.3434,2726148217.50783,1,2025-03-10 08:00:00
83579.9,83776.0,79142.6,80038.0,5376616.11,53766.1611,4354833000.16626,1,2025-03-10 12:00:00
80038.1,80250.0,77450.0,79071.9,4736464.71,47364.6471,3726936618.84316,1,2025-03-10 16:00:00
79075.1,79886.5,78410.6,78596.8,1530452.95,15304.5295,1212406947.08459,1,2025-03-10 20:00:00
78596.8,79945.9,76600.0,79518.4,3637322.28,36373.2228,2843755666.38913,1,2025-03-11 00:00:00
79518.4,80626.1,79438.0,80428.2,1468447.31,14684.4731,1177220275.22366,1,2025-03-11 04:00:00
80428.2,82107.3,80325.9,81720.2,1912167.15,19121.6715,1556789863.4537,1,2025-03-11 08:00:00
81720.1,82284.5,79058.0,81218.1,6357059.8,63570.598,5136676898.5759,1,2025-03-11 12:00:00
81218.2,83632.2,80635.5,83103.3,3247213.37,32472.1337,2665475395.05846,1,2025-03-11 16:00:00
83107.6,83327.5,82556.8,82944.2,811480.39,8114.8039,673057526.85098,1,2025-03-11 20:00:00
82944.1,83786.0,82104.0,82130.1,1508602.6,15086.026,1249528709.08798,1,2025-03-12 00:00:00
82130.2,82546.8,81286.2,82434.9,1609285.59,16092.8559,1316828789.81148,1,2025-03-12 04:00:00
82435.0,83082.2,82012.8,83007.0,1683875.25,16838.7525,1389592868.09538,1,2025-03-12 08:00:00
83007.0,84547.4,80600.0,81729.6,5282353.29,52823.5329,4368453751.15677,1,2025-03-12 12:00:00
81729.6,83158.0,81616.0,82918.5,2066456.77,20664.5677,1701711065.51532,1,2025-03-12 16:00:00
82919.1,83895.6,82706.0,83692.1,717634.64,7176.3464,598071531.98803,1,2025-03-12 20:00:00
83692.0,84345.0,83310.0,83578.8,1152063.05,11520.6305,965821406.03848,1,2025-03-13 00:00:00
83578.8,83708.2,82857.0,83166.8,1272654.77,12726.5477,1060053095.57134,1,2025-03-13 04:00:00
83166.9,83535.2,82376.4,82971.9,1603141.31,16031.4131,1331208990.1206,1,2025-03-13 08:00:00
82970.3,83888.0,80959.4,81045.2,3703501.45,37035.0145,3045345514.66524,1,2025-03-13 12:00:00
81045.2,81268.5,79934.5,80214.0,2527563.15,25275.6315,2037483710.43106,1,2025-03-13 16:00:00
80212.6,81486.7,80196.1,81121.9,797098.01,7970.9801,644678861.71909,1,2025-03-13 20:00:00
81121.9,82274.4,80816.0,81899.8,1176699.58,11766.9958,960621802.64794,1,2025-03-14 00:00:00
81899.9,82472.7,81778.9,82161.6,911110.58,9111.1058,747780679.09476,1,2025-03-14 04:00:00
82161.7,83365.0,82159.9,83255.0,1447576.04,14475.7604,1199132458.36335,1,2025-03-14 08:00:00
83255.0,85317.1,82636.8,84744.1,4291599.73,42915.9973,3597291939.6962,1,2025-03-14 12:00:00
84744.0,84976.1,83957.4,84559.8,1874094.07,18740.9407,1584061769.60093,1,2025-03-14 16:00:00
84557.9,84559.8,83720.0,83988.0,773303.3,7733.033,650780580.3951,1,2025-03-14 20:00:00
83988.0,84677.4,83974.0,84485.6,707779.16,7077.7916,597122010.59239,1,2025-03-15 00:00:00
84485.5,84550.0,83810.0,83833.3,658801.87,6588.0187,554530955.49966,1,2025-03-15 04:00:00
83833.4,84200.0,83610.7,84105.2,869871.52,8698.7152,729725035.12109,1,2025-03-15 08:00:00
84105.1,84476.6,84002.5,84327.5,781768.6,7817.686,658717401.68787,1,2025-03-15 12:00:00
84327.5,84500.0,84108.7,84305.5,521522.38,5215.2238,439710082.72683,1,2025-03-15 16:00:00
84305.4,84465.7,84241.6,84344.0,327501.39,3275.0139,276310472.09766,1,2025-03-15 20:00:00
84344.1,84399.0,83750.0,84336.2,669735.94,6697.3594,563017142.13284,1,2025-03-16 00:00:00
84336.2,84421.0,83960.0,84273.3,574269.01,5742.6901,483938036.88997,1,2025-03-16 04:00:00
84273.4,84335.0,82360.6,82409.8,1767072.15,17670.7215,1471609777.28723,1,2025-03-16 08:00:00
82410.7,83492.0,82398.7,83312.1,1756926.18,17569.2618,1456557598.02157,1,2025-03-16 12:00:00
83312.1,85167.9,82540.1,83106.2,2588048.16,25880.4816,2172026586.0644,1,2025-03-16 16:00:00
83106.2,83465.3,81980.8,82576.0,1114099.22,11140.9922,920135949.93184,1,2025-03-16 20:00:00
82576.1,83731.4,82521.1,83672.0,1014489.32,10144.8932,843724291.11323,1,2025-03-17 00:00:00
83672.1,83876.8,82666.1,83560.1,1152424.11,11524.2411,960297143.56682,1,2025-03-17 04:00:00
83560.0,83781.7,83207.7,83504.6,841562.21,8415.6221,702670607.55656,1,2025-03-17 08:00:00
83504.5,84034.4,82444.0,83531.1,3120537.59,31205.3759,2595858681.56532,1,2025-03-17 12:00:00
83531.0,84768.6,83055.6,84475.8,1818016.66,18180.1666,1527885713.26388,1,2025-03-17 16:00:00
84475.9,84499.3,83741.9,83994.1,724934.75,7249.3475,609456250.25766,1,2025-03-17 20:00:00
83994.0,84017.7,82942.5,83146.8,1188037.47,11880.3747,990524423.59086,1,2025-03-18 00:00:00
83146.7,83288.5,82234.9,83155.2,1693203.99,16932.0399,1402381056.73446,1,2025-03-18 04:00:00
83155.1,83454.0,82506.0,82590.0,1001286.29,10012.8629,830650664.78361,1,2025-03-18 08:00:00
82590.1,82830.0,81124.9,81600.1,2898216.88,28982.1688,2370230961.54714,1,2025-03-18 12:00:00
81600.1,82473.9,81230.5,82308.1,1513462.04,15134.6204,1237685355.06957,1,2025-03-18 16:00:00
82308.1,82811.7,81862.3,82707.3,663836.1,6638.361,546632395.71665,1,2025-03-18 20:00:00
82707.4,83240.0,82530.0,83032.0,1034749.45,10347.4945,857806485.87554,1,2025-03-19 00:00:00
83032.0,83355.0,82790.0,83198.4,741495.82,7414.9582,616478467.80075,1,2025-03-19 04:00:00
83198.5,84134.3,83178.5,83877.9,1391911.44,13919.1144,1164230261.33301,1,2025-03-19 08:00:00
83877.9,84899.0,83499.9,84737.9,2257127.38,22571.2738,1899344722.06939,1,2025-03-19 12:00:00
84738.0,85959.0,83552.0,85437.4,4174964.84,41749.6484,3539917148.7814,1,2025-03-19 16:00:00
85430.2,87058.8,85210.0,86847.4,1565492.43,15654.9243,1349260564.35092,1,2025-03-19 20:00:00
86847.5,87467.2,85620.0,85894.3,1824976.4,18249.764,1576352835.01111,1,2025-03-20 00:00:00
85894.4,86030.9,85377.3,85812.4,894656.47,8946.5647,766905727.98468,1,2025-03-20 04:00:00
85812.4,86341.4,84735.0,85493.6,1667600.32,16676.0032,1426392588.26122,1,2025-03-20 08:00:00
85493.6,86547.0,84561.0,84677.5,2718334.37,27183.3437,2326826801.06501,1,2025-03-20 12:00:00
84677.5,84915.8,83638.1,84164.2,2425013.99,24250.1399,2040331232.63896,1,2025-03-20 16:00:00
84164.1,84600.0,83925.2,84223.5,731840.57,7318.4057,616948376.4317,1,2025-03-20 20:00:00
84223.4,84850.0,84168.0,84447.7,735697.51,7356.9751,621791846.25615,1,2025-03-21 00:00:00
84447.6,84800.0,83722.7,83944.8,970007.86,9700.0786,817366101.61242,1,2025-03-21 04:00:00
83944.1,84350.0,83725.9,84051.5,904476.72,9044.7672,760168650.14084,1,2025-03-21 08:00:00
84051.4,84399.1,83171.0,83571.9,2486531.1,24865.311,2083412435.21319,1,2025-03-21 12:00:00
83571.9,84432.0,83370.0,83956.2,1167096.16,11670.9616,979662348.61726,1,2025-03-21 16:00:00
83956.2,84579.9,83802.2,84087.4,457825.83,4578.2583,385482619.62758,1,2025-03-21 20:00:00
84087.3,84321.8,83962.4,84257.9,394453.04,3944.5304,331955314.62344,1,2025-03-22 00:00:00
84257.9,84430.0,84158.4,84277.9,355178.18,3551.7818,299457669.56961,1,2025-03-22 04:00:00
84278.0,84548.0,84115.1,84230.5,532364.28,5323.6428,448922257.95134,1,2025-03-22 08:00:00
84230.5,84299.8,83968.1,84109.9,374857.74,3748.5774,315335163.50932,1,2025-03-22 12:00:00
84109.9,84330.6,84062.3,84176.3,287015.31,2870.1531,241664416.63796,1,2025-03-22 16:00:00
84176.3,84212.5,83650.1,83850.5,386762.06,3867.6206,324593683.36769,1,2025-03-22 20:00:00
83850.4,84302.5,83802.2,84233.9,371823.9,3718.239,312729861.28289,1,2025-03-23 00:00:00
84233.9,84327.5,84060.9,84268.2,356790.74,3567.9074,300440107.41625,1,2025-03-23 04:00:00
84268.2,85085.4,84228.8,84691.9,924405.97,9244.0597,782323300.65633,1,2025-03-23 08:00:00
84692.0,85271.2,84569.2,85195.9,1150613.45,11506.1345,977424481.02065,1,2025-03-23 12:00:00
85196.0,85428.0,84801.1,85019.6,829060.98,8290.6098,705605870.07628,1,2025-03-23 16:00:00
85019.5,86147.7,84910.0,86081.2,827224.7,8272.247,707215187.20907,1,2025-03-23 20:00:00
86081.2,86645.1,85529.4,86533.6,1529179.86,15291.7986,1316539795.46328,1,2025-03-24 00:00:00
86533.6,87297.6,86533.5,86879.3,1558098.03,15580.9803,1354048362.65667,1,2025-03-24 04:00:00
86879.2,87900.0,86862.9,87677.6,1541427.89,15414.2789,1347710112.2876,1,2025-03-24 08:00:00
87677.6,88794.6,87132.8,88322.2,2533754.27,25337.5427,2228121470.72967,1,2025-03-24 12:00:00
88322.1,88557.0,87677.0,88215.0,1391991.57,13919.9157,1228024049.95945,1,2025-03-24 16:00:00
88214.9,88480.4,87044.6,87506.9,1296658.44,12966.5844,1137953457.54787,1,2025-03-24 20:00:00
87506.8,87688.0,86323.6,86526.0,1282707.11,12827.0711,1115846238.90484,1,2025-03-25 00:00:00
86526.0,86895.8,86306.5,86461.4,1088724.69,10887.2469,942890692.75674,1,2025-03-25 04:00:00
86461.3,87489.0,86420.0,87368.0,1147226.16,11472.2616,998993074.77889,1,2025-03-25 08:00:00
87368.0,88269.2,86919.0,87770.2,2357273.74,23572.7374,2065953621.49466,1,2025-03-25 12:00:00
87770.2,88343.0,87578.4,88116.0,1246178.51,12461.7851,1095858915.45984,1,2025-03-25 16:00:00
88116.1,88555.0,87138.2,87420.8,1333059.82,13330.5982,1170978502.10313,1,2025-03-25 20:00:00
87420.8,87939.9,87022.0,87154.0,996903.74,9969.0374,872334598.40705,1,2025-03-26 00:00:00
87154.0,88296.0,87043.8,88134.5,1273190.03,12731.9003,1116337658.40455,1,2025-03-26 04:00:00
88134.5,88276.8,87826.0,87954.2,858706.27,8587.0627,756138444.69107,1,2025-03-26 08:00:00
87954.2,88022.6,86435.0,86738.5,3083923.74,30839.2374,2686911874.53778,1,2025-03-26 12:00:00
86738.1,87057.7,85837.3,86550.6,1735075.04,17350.7504,1499969878.33597,1,2025-03-26 16:00:00
86550.6,87398.0,86503.2,86919.0,1190740.51,11907.4051,1035730537.01121,1,2025-03-26 20:00:00
86918.9,87749.5,86800.0,87665.5,883976.88,8839.7688,772458140.10508,1,2025-03-27 00:00:00
87665.5,87682.0,87250.0,87404.6,600864.67,6008.6467,525234412.48618,1,2025-03-27 04:00:00
87404.5,87600.0,86781.9,86949.9,905871.24,9058.7124,790385412.48618,1,2025-03-27 08:00:00
86949.9,87579.0,85800.0,86961.7,3905343.47,39053.4347,3384455185.68637,1,2025-03-27 12:00:00
86961.6,87421.3,86773.8,87059.1,1075345.27,10753.4527,936490139.77425,1,2025-03-27 16:00:00
87059.1,87747.4,86920.9,87218.3,606820.04,6068.2004,530075460.53071,1,2025-03-27 20:00:00
87218.4,87508.7,86743.9,86789.0,904335.06,9043.3506,787492268.17343,1,2025-03-28 00:00:00
86789.0,86834.3,85167.0,85216.4,2871396.17,28713.9617,2466103113.97993,1,2025-03-28 04:00:00
85216.4,85443.8,84800.1,85250.1,1659131.64,16591.3164,1412607727.67396,1,2025-03-28 08:00:00
85250.0,85642.8,83950.1,84044.2,3276646.57,32766.4657,2774822759.32232,1,2025-03-28 12:00:00
84044.2,84217.5,83562.9,83798.4,1605632.01,16056.3201,1346704907.8015,1,2025-03-28 16:00:00
83798.4,84533.3,83688.0,84429.1,802625.76,8026.2576,675129116.76577,1,2025-03-28 20:00:00
84429.1,84623.2,83700.0,84160.0,840667.34,8406.6734,707667808.1669,1,2025-03-29 00:00:00
84160.0,84278.7,83659.3,83738.1,651223.7,6512.237,546273520.17419,1,2025-03-29 04:00:00
83738.1,83957.9,82010.0,82294.0,2359588.17,23595.8817,1958084126.03987,1,2025-03-29 08:00:00
82294.0,82874.3,82138.1,82415.1,1111571.75,11115.7175,917455227.09606,1,2025-03-29 12:00:00
82415.1,82780.5,81626.1,82777.5,1690356.45,16903.5645,1390743340.44427,1,2025-03-29 16:00:00
82777.5,82800.0,82266.2,82650.6,456423.98,4564.2398,376793513.71417,1,2025-03-29 20:00:00
82650.6,83513.4,82500.0,83077.1,1162731.52,11627.3152,966099997.35548,1,2025-03-30 00:00:00
83077.2,83332.5,82853.1,83083.6,722605.03,7226.0503,600631884.31898,1,2025-03-30 04:00:00
83083.6,83545.3,82957.0,83126.0,942735.62,9427.3562,784707587.95682,1,2025-03-30 08:00:00
83126.0,83281.5,82503.8,82736.0,1169692.17,11696.9217,969409489.74984,1,2025-03-30 12:00:00
82736.0,82908.4,82044.0,82546.2,927070.75,9270.7075,764921379.35425,1,2025-03-30 16:00:00
82546.2,82762.4,81558.3,82403.4,1049750.15,10497.5015,862931835.69933,1,2025-03-30 20:00:00
82403.5,82465.4,81260.9,81540.3,1417963.59,14179.6359,1160018039.66566,1,2025-03-31 00:00:00
81540.3,82306.0,81405.3,81949.9,874773.45,8747.7345,716903734.98317,1,2025-03-31 04:00:00
81949.8,82287.3,81288.8,82215.2,1396940.0,13969.4,1143307508.19965,1,2025-03-31 08:00:00
82215.1,83943.6,81656.0,83427.3,3843486.1,38434.861,3185645939.23499,1,2025-03-31 12:00:00
83427.3,83700.0,82385.0,82460.0,1369582.23,13695.8223,1138285561.32661,1,2025-03-31 16:00:00
82460.0,82887.6,82268.0,82556.6,815084.74,8150.8474,672685108.69387,1,2025-03-31 20:00:00
82556.6,83250.0,82433.0,82956.5,830514.92,8305.1492,688007571.12679,1,2025-04-01 00:00:00
82956.5,83610.4,82880.0,83457.4,848811.58,8488.1158,706765725.74327,1,2025-04-01 04:00:00
83457.4,84517.5,83436.0,83932.9,1947191.36,19471.9136,1637531426.59649,1,2025-04-01 08:00:00
83932.9,85515.4,82550.0,85295.6,4188230.99,41882.3099,3518078362.84952,1,2025-04-01 12:00:00
85295.7,85504.4,84719.1,84966.1,1562104.32,15621.0432,1329011702.46578,1,2025-04-01 16:00:00
84966.0,85587.7,84777.6,85162.6,667938.81,6679.3881,569242868.51108,1,2025-04-01 20:00:00
85162.6,85266.0,84504.0,84555.0,991795.1,9917.951,841810887.10369,1,2025-04-02 00:00:00
84555.1,84732.4,83888.0,84433.9,1324985.22,13249.8522,1116364027.93772,1,2025-04-02 04:00:00
84433.9,85466.0,84266.5,84573.7,1440429.49,14404.2949,1222982853.73512,1,2025-04-02 08:00:00
84573.7,87357.0,84449.2,86772.1,5177683.63,51776.8363,4451740748.09225,1,2025-04-02 12:00:00
86772.0,87375.2,86182.0,86910.1,2277228.49,22772.2849,1974793512.86624,1,2025-04-02 16:00:00
86910.0,88547.4,82325.4,82513.5,7048574.02,70485.7402,6013507835.64866,1,2025-04-02 20:00:00
82513.5,83933.5,82164.1,83477.1,2105180.81,21051.8081,1752784777.45314,1,2025-04-03 00:00:00
83477.1,83740.3,83006.8,83459.8,1040882.35,10408.8235,867714409.21202,1,2025-04-03 04:00:00
83459.8,83800.0,83050.0,83101.1,1037485.69,10374.8569,865876742.76886,1,2025-04-03 08:00:00
83101.0,83158.4,81168.2,82047.9,4274486.37,42744.8637,3508557229.25769,1,2025-04-03 12:00:00
82048.0,82468.8,81540.0,82022.9,1683292.34,16832.9234,1380859078.65021,1,2025-04-03 16:00:00
82026.2,83333.0,81802.1,83223.5,976483.33,9764.8333,807343465.41423,1,2025-04-03 20:00:00
83224.5,83412.9,82580.5,82832.2,990215.11,9902.1511,821991671.15488,1,2025-04-04 00:00:00
82832.3,84050.0,82612.1,84001.3,1272547.75,12725.4775,1060758685.44412,1,2025-04-04 04:00:00
84001.4,84750.0,81668.8,82676.3,4091967.94,40919.6794,3409635554.42356,1,2025-04-04 08:00:00
82676.3,83720.2,81850.0,82867.3,5537634.62,55376.3462,4588352802.23906,1,2025-04-04 12:00:00
82867.3,84627.9,82725.9,84007.9,3072253.79,30722.5379,2573754770.58452,1,2025-04-04 16:00:00
84007.8,84474.9,83476.5,83900.0,749181.39,7491.8139,629374459.90128,1,2025-04-04 20:00:00
83900.0,84280.8,83400.0,83640.1,689093.24,6890.9324,578024600.89629,1,2025-04-05 00:00:00
83640.0,83876.8,83348.9,83532.7,554513.99,5545.1399,463511117.73998,1,2025-04-05 04:00:00
83532.7,83916.0,83369.0,83478.0,627783.54,6277.8354,525078409.22199,1,2025-04-05 08:00:00
83478.0,83572.0,82376.1,82620.0,1560256.85,15602.5685,1293088506.44094,1,2025-04-05 12:00:00
82620.0,83154.8,82604.1,82867.4,572454.86,5724.5486,474429883.85607,1,2025-04-05 16:00:00
82867.5,83685.7,82829.4,83536.7,597030.83,5970.3083,496708472.87624,1,2025-04-05 20:00:00
83536.7,83800.0,83156.0,83346.8,673684.19,6736.8419,562251374.01892,1,2025-04-06 00:00:00
83346.8,83542.4,83029.1,83030.0,653441.83,6534.4183,544233932.34456,1,2025-04-06 04:00:00
83030.1,83178.2,82673.9,82857.7,805208.96,8052.0896,667441247.69383,1,2025-04-06 08:00:00
82857.7,82990.1,82214.6,82545.0,1418154.24,14181.5424,1171126712.15325,1,2025-04-06 12:00:00
82545.1,82561.1,78669.9,79611.3,5012870.72,50128.7072,4026733517.85794,1,2025-04-06 16:00:00
79611.3,79886.0,77141.8,78419.9,4626634.07,46266.3407,3631951670.13936,1,2025-04-06 20:00:00
78420.0,79333.0,77355.0,77693.0,3294928.59,32949.2859,2580621968.05818,1,2025-04-07 00:00:00
77693.0,77982.1,74505.2,75119.5,5859633.06,58596.3306,4454316237.75163,1,2025-04-07 04:00:00
75119.6,77575.4,75090.0,76690.0,4090646.88,40906.4688,3130688555.14162,1,2025-04-07 08:00:00
76690.1,81233.5,75783.9,78480.1,12724657.3,127246.573,9979886117.77835,1,2025-04-07 12:00:00
78480.0,79380.9,77298.9,78123.0,4341595.48,43415.9548,3404752708.63236,1,2025-04-07 16:00:00
78123.5,80210.0,78092.4,79180.1,1400842.76,14008.4276,1111568856.97698,1,2025-04-07 20:00:00
79180.2,80866.7,78787.2,79900.0,2137626.63,21376.2663,1709393598.60734,1,2025-04-08 00:00:00
79900.0,80413.8,79212.0,79494.2,1420394.45,14203.9445,1132116479.65916,1,2025-04-08 04:00:00
79494.1,80078.7,78805.5,79988.0,1621050.55,16210.5055,1284609661.68014,1,2025-04-08 08:00:00
79987.9,80393.4,78162.0,78500.0,4328791.61,43287.9161,3438668052.26621,1,2025-04-08 12:00:00
78500.0,78529.7,76370.0,76868.0,4647750.02,46477.5002,3591067368.12412,1,2025-04-08 16:00:00
76868.1,77293.6,76245.9,76332.0,1472779.87,14727.7987,1130245846.90436,1,2025-04-08 20:00:00
76331.9,76889.5,74612.2,75073.3,3726229.3,37262.293,2823039349.87165,1,2025-04-09 00:00:00
75073.0,77935.0,75000.0,77678.4,3439144.6,34391.446,2640092547.62228,1,2025-04-09 04:00:00
77678.4,77860.0,75753.9,76244.0,3188979.85,31889.7985,2447993637.36091,1,2025-04-09 08:00:00
76244.1,78332.6,76019.0,77272.0,4517829.02,45178.2902,3490775949.65055,1,2025-04-09 12:00:00
77272.0,82999.9,77146.8,82330.1,9077965.41,90779.6541,7340635757.12131,1,2025-04-09 16:00:00
82332.4,83600.7,82004.3,82634.8,2064071.24,20640.7124,1712973831.11161,1,2025-04-09 20:00:00
82634.8,82758.8,81470.1,81780.0,1605607.27,16056.0727,1319064829.44121,1,2025-04-10 00:00:00
81779.9,82349.7,81300.0,81599.8,1469994.24,14699.9424,1203858299.86097,1,2025-04-10 04:00:00
81599.9,82128.0,81350.0,81878.1,1364522.11,13645.2211,1115395093.24592,1,2025-04-10 08:00:00
81878.0,82600.0,78602.7,78768.1,6476768.01,64767.6801,5232623297.47587,1,2025-04-10 12:00:00
78768.0,80063.9,78460.8,79639.9,3596634.18,35966.3418,2850081753.74406,1,2025-04-10 16:00:00
79635.4,80031.6,79385.8,79606.0,908101.36,9081.0136,723809298.40428,1,2025-04-10 20:00:00
79606.0,80922.9,78960.0,80847.5,1959676.31,19596.7631,1568894298.12871,1,2025-04-11 00:00:00
80847.5,81460.0,80510.0,81258.0,1752434.04,17524.3404,1419340008.10632,1,2025-04-11 04:00:00
81258.0,82978.0,80780.0,82153.2,3409232.11,34092.3211,2797530447.85771,1,2025-04-11 08:00:00
82153.1,83350.0,81343.2,82532.5,4294349.89,42943.4989,3534148459.63525,1,2025-04-11 12:00:00
82532.5,84248.9,82014.6,83856.2,2604152.65,26041.5265,2172230662.31514,1,2025-04-11 16:00:00
83856.1,84361.4,83080.2,83422.0,911396.79,9113.9679,762482296.26154,1,2025-04-11 20:00:00
83422.0,83582.9,82770.3,82971.9,888261.07,8882.6107,738516789.85757,1,2025-04-12 00:00:00
82972.0,83831.4,82850.0,83714.7,1124470.82,11244.7082,938143612.48119,1,2025-04-12 04:00:00
83714.7,84042.7,83304.0,83528.1,1000821.57,10008.2157,836598411.60238,1,2025-04-12 08:00:00
83528.1,85419.9,83479.5,85005.4,2924263.78,29242.6378,2471103481.51178,1,2025-04-12 12:00:00
85005.4,85271.2,84428.3,84948.4,1036358.6,10363.586,879518649.1851,1,2025-04-12 16:00:00
84948.5,85917.7,84880.7,85272.7,904157.99,9041.5799,772847702.24725,1,2025-04-12 20:00:00
85272.8,86147.9,84668.3,85416.1,1579017.78,15790.1778,1347887965.36674,1,2025-04-13 00:00:00
85416.1,85428.8,84384.3,84409.9,1239318.85,12393.1885,1049812625.86123,1,2025-04-13 04:00:00
84409.9,84957.2,84163.5,84522.5,1281203.47,12812.0347,1083359993.36647,1,2025-04-13 08:00:00
84522.4,84705.5,83460.0,83861.8,2130248.87,21302.4887,1789271673.02898,1,2025-04-13 12:00:00
83861.8,85062.6,83019.0,83993.1,3041767.82,30417.6782,2563847049.96735,1,2025-04-13 16:00:00
83993.1,84447.2,83040.5,83765.0,1599981.58,15999.8158,1337312773.49422,1,2025-04-13 20:00:00
83765.0,85554.9,83684.4,84574.6,2384068.17,23840.6817,2020194804.54817,1,2025-04-14 00:00:00
84574.5,85118.0,84220.0,84590.0,1089668.14,10896.6814,922008762.16525,1,2025-04-14 04:00:00
84590.1,84974.9,84260.0,84929.9,1162930.72,11629.3072,984435725.43731,1,2025-04-14 08:00:00
84929.9,85819.7,83695.8,84100.7,4067427.02,40674.2702,3447949486.29653,1,2025-04-14 12:00:00
84100.7,85210.0,83850.4,84908.4,1575131.21,15751.3121,1332036572.53178,1,2025-04-14 16:00:00
84908.5,84974.9,84411.4,84579.9,554078.77,5540.7877,469091969.18526,1,2025-04-14 20:00:00
84580.0,85430.0,84333.4,85392.3,1185827.79,11858.2779,1007789027.51559,1,2025-04-15 00:00:00
85392.3,85897.9,85163.0,85743.1,1352235.93,13522.3593,1156881754.78002,1,2025-04-15 04:00:00
85743.0,86061.6,85332.1,85590.1,1578588.86,15785.8886,1353522842.25249,1,2025-04-15 08:00:00
85590.1,86478.0,84625.0,84922.7,3455695.31,34556.9531,2955540547.73802,1,2025-04-15 12:00:00
84922.6,85146.4,83888.0,83974.7,1432325.25,14323.2525,1210055685.43136,1,2025-04-15 16:00:00
83974.7,84236.2,83588.1,83649.6,913376.17,9133.7617,766410456.2674,1,2025-04-15 20:00:00
83649.6,83949.8,83101.4,83690.1,1365831.59,13658.3159,1141200594.2967,1,2025-04-16 00:00:00
83690.0,83820.0,83217.5,83363.1,1037262.7,10372.627,865994386.08387,1,2025-04-16 04:00:00
83363.2,84134.9,83124.9,84044.4,1516405.81,15164.0581,1269993350.44622,1,2025-04-16 08:00:00
84044.8,85286.1,83481.5,84854.6,2461237.06,24612.3706,2076846598.24573,1,2025-04-16 12:00:00
84854.6,85588.0,83266.2,84335.5,3103968.31,31039.6831,2617178888.2422,1,2025-04-16 16:00:00
84335.5,84683.9,84031.3,84034.1,648112.73,6481.1273,546984467.35801,1,2025-04-16 20:00:00
84034.1,84496.0,83790.0,83992.7,901313.65,9013.1365,758079002.77021,1,2025-04-17 00:00:00
83992.8,85063.5,83891.4,84681.7,1212212.75,12122.1275,1024831607.9598,1,2025-04-17 04:00:00
84681.7,84771.6,84183.2,84580.0,805834.62,8058.3462,680748094.62998,1,2025-04-17 08:00:00
84580.0,84874.0,83703.0,84541.9,2184367.03,21843.6703,1843241112.2084,1,2025-04-17 12:00:00
84542.0,85488.0,84404.9,84840.9,2123072.41,21230.7241,1803643838.60543,1,2025-04-17 16:00:00
84840.7,85141.0,84727.5,84949.9,470972.86,4709.7286,400173003.43089,1,2025-04-17 20:00:00
84949.9,85149.1,84728.0,84834.2,498501.72,4985.0172,423238848.63011,1,2025-04-18 00:00:00
84834.1,84853.2,84416.0,84670.2,676865.8,6768.658,572863531.39386,1,2025-04-18 04:00:00
84670.1,84778.5,84481.3,84679.0,445806.8,4458.068,377252814.35157,1,2025-04-18 08:00:00
84679.0,84770.0,84314.5,84372.8,750907.6,7509.076,634741526.00166,1,2025-04-18 12:00:00
84372.8,84657.9,84270.2,84579.0,499795.7,4997.957,422456915.93144,1,2025-04-18 16:00:00
84578.9,84710.7,84340.0,84467.8,312056.92,3120.5692,263738479.79104,1,2025-04-18 20:00:00
84467.8,84988.7,84370.0,84884.5,596916.07,5969.1607,505771097.64541,1,2025-04-19 00:00:00
84884.4,85274.6,84879.7,85223.6,956537.91,9565.3791,813926733.82714,1,2025-04-19 04:00:00
85223.5,85456.4,85100.0,85230.9,850645.89,8506.4589,725541981.05525,1,2025-04-19 08:00:00
85230.8,85700.0,85066.0,85186.6,830916.39,8309.1639,709459536.90283,1,2025-04-19 12:00:00
85186.7,85350.2,84710.0,85106.9,924027.69,9240.2769,786140677.25778,1,2025-04-19 16:00:00
85106.9,85390.0,85020.0,85091.6,242929.52,2429.2952,207089865.90618,1,2025-04-19 20:00:00
85091.6,85338.1,85049.5,85163.0,312812.63,3128.1263,266545352.63281,1,2025-04-20 00:00:00
85163.0,85250.0,84668.7,84780.7,801492.17,8014.9217,680401101.04423,1,2025-04-20 04:00:00
84780.7,84799.4,83935.4,84133.1,1209322.08,12093.2208,1019834129.46279,1,2025-04-20 08:00:00
84133.2,84677.0,84100.0,84352.2,960811.63,9608.1163,810922665.18677,1,2025-04-20 12:00:00
84352.1,84670.0,84280.0,84650.0,407894.26,4078.9426,344804920.05223,1,2025-04-20 16:00:00
84650.1,85309.3,84618.0,85193.1,1160151.85,11601.5185,986424308.96448,1,2025-04-20 20:00:00
85193.1,87679.7,85151.5,87216.8,3677013.52,36770.1352,3191242213.37164,1,2025-04-21 00:00:00
87216.7,87756.0,87060.0,87452.3,1000657.11,10006.5711,875047583.61823,1,2025-04-21 04:00:00
87452.3,87799.9,86650.0,86970.1,1386114.89,13861.1489,1209249403.58845,1,2025-04-21 08:00:00
86970.1,88474.3,86790.1,88039.2,3692796.86,36927.9686,3238721279.9197,1,2025-04-21 12:00:00
88039.2,88253.0,86377.0,87400.1,2802191.52,28021.9152,2441385024.36424,1,2025-04-21 16:00:00
87400.1,87628.0,86813.3,87505.0,773273.37,7732.7337,674421811.10091,1,2025-04-21 20:00:00
87505.1,88888.0,87050.0,88162.6,2571092.24,25710.9224,2265177748.77836,1,2025-04-22 00:00:00
88162.7,88512.3,87964.0,88487.9,1146456.52,11464.5652,1011770741.09581,1,2025-04-22 04:00:00
88487.8,88699.9,88234.6,88621.1,927259.17,9272.5917,820638472.39025,1,2025-04-22 08:00:00
88621.1,91458.7,88478.8,90931.8,6011316.65,60113.1665,5421013724.38173,1,2025-04-22 12:00:00
90931.8,91720.9,90626.8,91405.6,2134104.54,21341.0454,1945383874.72068,1,2025-04-22 16:00:00
91405.7,94180.0,91042.2,93461.2,3623810.34,36238.1034,3362378167.94416,1,2025-04-22 20:00:00
93462.0,93929.7,92608.6,93183.8,1740310.5,17403.105,1620747501.06614,1,2025-04-23 00:00:00
93183.8,94350.0,93022.4,94144.9,1733296.74,17332.9674,1622580561.024,1,2025-04-23 04:00:00
94144.9,94555.0,93340.0,93484.0,1770384.83,17703.8483,1662608145.6014,1,2025-04-23 08:00:00
93484.0,94800.0,91945.4,93188.5,4512356.51,45123.5651,4208700172.23588,1,2025-04-23 12:00:00
93188.4,94235.9,92913.0,93477.7,1672587.33,16725.8733,1564817967.96088,1,2025-04-23 16:00:00
93477.6,93928.7,93230.7,93683.6,648490.32,6484.9032,607191758.64438,1,2025-04-23 20:00:00
93683.6,93778.0,92600.0,92659.3,1139706.28,11397.0628,1062486835.42751,1,2025-04-24 00:00:00
92659.3,92888.0,92048.8,92185.4,1469977.04,14699.7704,1359776763.55383,1,2025-04-24 04:00:00
92185.4,92647.9,91640.1,92599.9,1883620.05,18836.2005,1736601667.24699,1,2025-04-24 08:00:00
92600.0,93433.0,92414.7,93171.0,1857066.8,18570.668,1725672513.37988,1,2025-04-24 12:00:00
93171.1,93676.5,92649.1,93538.8,1287091.31,12870.9131,1200243089.99628,1,2025-04-24 16:00:00
93538.2,93982.6,93000.1,93960.1,998964.79,9989.6479,934526224.09387,1,2025-04-24 20:00:00
93960.1,94410.0,92801.0,93275.0,1843111.63,18431.1163,1723985571.38637,1,2025-04-25 00:00:00
93274.9,93868.1,92970.0,93758.6,1255805.94,12558.0594,1173422978.17755,1,2025-04-25 04:00:00
93758.6,94625.4,93507.8,94591.3,1278970.42,12789.7042,1200645434.98673,1,2025-04-25 08:00:00
94591.2,95737.2,93881.5,95020.6,3974600.93,39746.0093,3769835921.94003,1,2025-04-25 12:00:00
95020.7,95528.1,94333.5,95239.5,1520407.97,15204.0797,1444051546.30015,1,2025-04-25 16:00:00
95239.5,95295.3,94410.0,94601.9,597098.25,5970.9825,566074413.94297,1,2025-04-25 20:00:00
94601.9,95171.4,94514.1,94701.4,678445.93,6784.4593,643591888.06285,1,2025-04-26 00:00:00
94701.5,94806.1,94323.8,94516.4,637475.6,6374.756,603005050.39841,1,2025-04-26 04:00:00
94516.3,94700.0,93942.7,94114.2,1018368.49,10183.6849,959770584.16928,1,2025-04-26 08:00:00
94114.1,94371.9,93825.0,94330.1,866645.1,8666.451,815789037.29045,1,2025-04-26 12:00:00
94330.1,94349.2,93990.1,94258.4,415674.02,4156.7402,391576838.25171,1,2025-04-26 16:00:00
94258.3,94855.5,94035.5,94582.0,645354.53,6453.5453,609483062.27071,1,2025-04-26 20:00:00
94582.0,95276.3,94004.3,94119.4,1170600.62,11706.0062,1106837386.49484,1,2025-04-27 00:00:00
94119.3,94258.6,93611.0,94035.6,788941.37,7889.4137,741227732.35979,1,2025-04-27 04:00:00
94035.7,94299.9,93835.1,93881.4,528374.33,5283.7433,497001702.88974,1,2025-04-27 08:00:00
93881.4,94137.2,93538.4,93847.5,950147.64,9501.4764,891665720.99408,1,2025-04-27 12:00:00
93847.5,94397.9,93685.3,94390.0,596033.27,5960.3327,560517217.56947,1,2025-04-27 16:00:00
94390.0,94500.0,93588.9,93708.0,737678.94,7376.7894,693628517.01813,1,2025-04-27 20:00:00
93708.0,93941.5,92732.5,93804.9,2091801.01,20918.0101,1951531441.26858,1,2025-04-28 00:00:00
93804.9,94751.5,93804.9,94642.2,1190389.17,11903.8917,1122427295.72365,1,2025-04-28 04:00:00
94642.2,95488.0,94284.1,95273.8,3338791.92,33387.9192,3167003614.37522,1,2025-04-28 08:00:00
95273.8,95577.6,93529.4,93800.0,3215835.12,32158.3512,3039028403.12822,1,2025-04-28 12:00:00
93799.9,94879.6,93406.0,94743.8,1397988.93,13979.8893,1314439865.18021,1,2025-04-28 16:00:00
94743.8,95146.0,94253.3,94960.0,857433.98,8574.3398,811983763.38296,1,2025-04-28 20:00:00
94959.9,95420.5,94386.9,94617.0,1422278.67,14222.7867,1349553456.85494,1,2025-04-29 00:00:00
94617.0,94926.2,94161.7,94873.5,1043113.29,10431.1329,986099696.31754,1,2025-04-29 04:00:00
94873.4,95247.7,94688.1,95092.0,933803.2,9338.032,886623630.70439,1,2025-04-29 08:00:00
95092.0,95262.3,94439.8,94791.2,1528389.69,15283.8969,1449357836.44238,1,2025-04-29 12:00:00
94791.3,95442.2,94595.5,95259.3,1651805.91,16518.0591,1571561776.70397,1,2025-04-29 16:00:00
95259.4,95380.5,93668.5,94196.0,2002825.71,20028.2571,1888686812.16649,1,2025-04-29 20:00:00
94196.0,95080.0,94061.5,95000.0,1175310.52,11753.1052,1111454903.1694,1,2025-04-30 00:00:00
95000.0,95146.9,94456.4,94587.3,861602.2,8616.022,817136952.15194,1,2025-04-30 04:00:00
94587.2,95200.0,94480.0,95145.9,1103192.19,11031.9219,1046990480.71317,1,2025-04-30 08:00:00
95145.8,95186.8,92864.0,93955.0,4113285.95,41132.8595,3863028363.36384,1,2025-04-30 12:00:00
93955.0,94525.2,93464.0,94122.6,1266575.52,12665.7552,1190420055.64183,1,2025-04-30 16:00:00
94122.6,94738.0,93873.7,94112.2,1326369.69,13263.6969,1250991044.16099,1,2025-04-30 20:00:00
94112.3,94966.0,94068.6,94728.0,1218549.95,12185.4995,1153123627.80541,1,2025-05-01 00:00:00
94728.0,95162.8,94658.8,94960.9,950098.04,9500.9804,902095060.04211,1,2025-05-01 04:00:00
94960.9,96364.8,94851.9,96132.1,2621149.71,26211.4971,2510833489.216,1,2025-05-01 08:00:00
96132.1,97398.0,95762.5,96806.1,3762593.73,37625.9373,3631667523.65565,1,2025-05-01 12:00:00
96806.0,97319.3,96364.1,96490.0,1437727.26,14377.2726,1391849675.99329,1,2025-05-01 16:00:00
96489.9,96858.4,96137.6,96443.3,873521.88,8735.2188,842609402.8941,1,2025-05-01 20:00:00
96443.2,97188.0,96426.2,97055.9,1058456.88,10584.5688,1025695670.43742,1,2025-05-02 00:00:00
97055.9,97250.0,96307.6,96323.0,1183439.72,11834.3972,1144220905.15321,1,2025-05-02 04:00:00
96323.1,97050.8,96320.1,96873.0,971067.57,9710.6757,939276091.70793,1,2025-05-02 08:00:00
96873.0,97861.2,96600.0,97269.9,2565780.5,25657.805,2493514381.4373,1,2025-05-02 12:00:00
97269.8,97742.2,96700.1,96859.5,1292074.61,12920.7461,1256699604.13187,1,2025-05-02 16:00:00
96859.5,97085.0,96509.8,96837.0,501486.79,5014.8679,485144248.2209,1,2025-05-02 20:00:00
96836.9,96880.0,96256.0,96280.2,831439.01,8314.3901,802291228.3643,1,2025-05-03 00:00:00
96280.2,96550.1,96070.0,96294.7,754947.72,7549.4772,727001074.41033,1,2025-05-03 04:00:00
96294.8,96400.0,95811.0,95900.0,891607.26,8916.0726,856567173.62095,1,2025-05-03 08:00:00
95900.1,96472.1,95850.0,96359.7,774789.91,7747.8991,745428009.15318,1,2025-05-03 12:00:00
96359.8,96374.9,95815.0,96323.4,657295.61,6572.9561,631714042.61808,1,2025-05-03 16:00:00
96323.5,96400.0,95666.4,95800.0,666652.1,6666.521,640110282.82407,1,2025-05-03 20:00:00
95800.0,96265.0,95526.4,95688.4,989460.81,9894.6081,948313128.93465,1,2025-05-04 00:00:00
95688.4,96105.9,95650.0,95848.6,479860.55,4798.6055,460100677.20507,1,2025-05-04 04:00:00
95848.7,95898.6,95233.5,95380.3,905814.88,9058.1488,864861899.01229,1,2025-05-04 08:00:00
95380.3,95631.0,95181.5,95415.3,679038.78,6790.3878,648026881.8031,1,2025-05-04 12:00:00
95415.2,95598.5,95200.0,95542.1,441393.47,4413.9347,420985713.35605,1,2025-05-04 16:00:00
95542.0,95720.0,94102.3,94232.0,1413166.6,14131.666,1339698187.41927,1,2025-05-04 20:00:00
94232.1,94750.0,93430.4,94009.9,1924830.04,19248.3004,1811376222.55766,1,2025-05-05 00:00:00
94009.9,94786.5,93971.1,94705.9,904501.06,9045.0106,854530444.85063,1,2025-05-05 04:00:00
94705.8,94740.0,93850.1,93998.1,940560.44,9405.6044,886595915.95039,1,2025-05-05 08:00:00
93998.1,94500.0,93560.0,93734.0,1869459.67,18694.5967,1756874674.81124,1,2025-05-05 12:00:00
93733.9,94865.4,93717.0,94300.0,1218577.79,12185.7779,1150252198.48384,1,2025-05-05 16:00:00
94299.9,95150.0,93810.2,94694.1,1005419.4,10054.194,951571385.19477,1,2025-05-05 20:00:00
94694.1,94886.0,93981.0,94410.4,970770.0,9707.7,916466238.69243,1,2025-05-06 00:00:00
94410.3,94599.0,94251.3,94344.1,504176.33,5041.7633,476005006.8769,1,2025-05-06 04:00:00
94344.1,94353.3,93674.0,93773.0,960339.54,9603.3954,902833538.14256,1,2025-05-06 08:00:00
93772.9,94683.5,93338.0,94505.1,2203876.68,22038.7668,2072260829.3578,1,2025-05-06 12:00:00
94505.7,95106.9,94171.5,94909.2,1049946.31,10499.4631,994216926.45348,1,2025-05-06 16:00:00
94909.3,96866.0,94379.4,96782.0,2192113.39,21921.1339,2099439779.11989,1,2025-05-06 20:00:00
96782.0,97720.0,96171.9,96464.4,2587574.03,25875.7403,2509410506.2734,1,2025-05-07 00:00:00
96464.4,96958.0,96274.6,96932.0,829576.77,8295.7677,801157760.31314,1,2025-05-07 04:00:00
96931.9,97066.0,96777.0,96996.7,686267.91,6862.6791,665158014.65882,1,2025-05-07 08:00:00
96996.7,97444.3,96669.0,96896.0,1578180.17,15781.8017,1530906474.28924,1,2025-05-07 12:00:00
96896.1,96917.6,95737.8,96133.1,2345758.88,23457.5888,2260883178.5928,1,2025-05-07 16:00:00
96133.1,97349.5,96026.7,96984.0,1119935.01,11199.3501,1085440754.3083,1,2025-05-07 20:00:00
96983.9,99200.0,96805.0,99102.6,3057325.49,30573.2549,3003683544.11868,1,2025-05-08 00:00:00
99104.0,99389.0,98698.8,99211.9,1764637.18,17646.3718,1748399067.74804,1,2025-05-08 04:00:00
99211.8,99875.4,99162.1,99369.1,1639675.8,16396.758,1632791860.06799,1,2025-05-08 08:00:00
99369.2,101499.0,99053.7,100730.0,3948631.24,39486.3124,3955177020.22485,1,2025-05-08 12:00:00
100730.0,101666.0,100528.8,101261.2,1860190.77,18601.9077,1880591699.68943,1,2025-05-08 16:00:00
101261.2,104318.9,101230.6,103234.1,3051871.26,30518.7126,3134713851.85025,1,2025-05-08 20:00:00
103234.0,103234.1,102279.4,102418.1,1206147.74,12061.4774,1238698894.61712,1,2025-05-09 00:00:00
102418.2,104359.8,102346.4,103610.2,1694263.22,16942.6322,1751257665.1723,1,2025-05-09 04:00:00
103610.2,103919.0,102388.0,102909.0,2351108.71,23511.0871,2422591424.97467,1,2025-05-09 08:00:00
102909.0,103732.0,102359.0,102848.5,1960515.18,19605.1518,2019955578.78415,1,2025-05-09 12:00:00
102848.6,103329.9,102241.7,103138.0,1102080.84,11020.8084,1133364628.93069,1,2025-05-09 16:00:00
103137.9,103363.1,102701.0,102946.2,433796.33,4337.9633,446694436.60126,1,2025-05-09 20:00:00
102946.2,103228.3,102777.6,103176.6,575710.67,5757.1067,592941452.22826,1,2025-05-10 00:00:00
103176.6,104096.4,102977.5,103730.1,1094196.67,10941.9667,1133273396.79574,1,2025-05-10 04:00:00
103730.1,104080.5,103332.8,103400.0,1060132.5,10601.325,1098811575.80778,1,2025-05-10 08:00:00
103399.9,103801.7,103051.0,103084.2,691942.77,6919.4277,715982292.29494,1,2025-05-10 12:00:00
103084.2,103594.2,102967.1,103160.3,770782.69,7707.8269,795888355.25774,1,2025-05-10 16:00:00
103160.3,104962.6,103024.3,104787.8,1245732.16,12457.3216,1298301626.79625,1,2025-05-10 20:00:00
104787.3,104937.5,103383.4,103948.0,1370529.45,13705.2945,1427135389.47005,1,2025-05-11 00:00:00
103948.0,104349.8,103294.2,103347.2,895825.4,8958.254,929638570.96089,1,2025-05-11 04:00:00
103347.1,104736.9,103340.0,104604.1,1045945.46,10459.4546,1089884200.12067,1,2025-05-11 08:00:00
104604.1,104855.0,103738.6,104088.1,1427145.76,14271.4576,1487979295.44521,1,2025-05-11 12:00:00
104088.1,104780.0,103691.9,104375.1,952850.71,9528.5071,992244362.07143,1,2025-05-11 16:00:00
104375.2,104543.7,103500.0,104066.0,681226.57,6812.2657,708360912.83017,1,2025-05-11 20:00:00
104065.9,105137.1,103677.1,104059.9,1491014.39,14910.1439,1554547313.38895,1,2025-05-12 00:00:00
104059.9,105834.5,103712.1,104431.5,2418994.85,24189.9485,2536035654.32301,1,2025-05-12 04:00:00
104431.5,104694.5,103566.0,103714.9,1322718.77,13227.1877,1378852349.64541,1,2025-05-12 08:00:00
103714.8,104628.1,102309.9,102480.1,3235441.09,32354.4109,3345423407.20895,1,2025-05-12 12:00:00
102480.1,103043.5,100700.0,101817.1,2728386.07,27283.8607,2780218792.8538,1,2025-05-12 16:00:00
101816.3,103095.3,101728.2,102740.0,890252.3,8902.523,913056379.01113,1,2025-05-12 20:00:00
102740.1,102749.6,101368.5,101678.7,1364500.11,13645.0011,1392848354.74802,1,2025-05-13 00:00:00
101678.6,102908.0,101575.0,102624.0,968105.08,9681.0508,991567864.88604,1,2025-05-13 04:00:00
102624.0,103792.8,102474.1,103683.4,1267804.04,12678.0404,1308559510.17017,1,2025-05-13 08:00:00
103683.3,103934.5,102762.1,103654.2,2355013.01,23550.1301,2437936804.23853,1,2025-05-13 12:00:00
103654.2,104975.2,103503.2,104751.6,1632864.55,16328.6455,1701366156.28264,1,2025-05-13 16:00:00
104751.5,104905.6,103832.7,104088.1,636553.68,6365.5368,663944071.61805,1,2025-05-13 20:00:00
104088.1,104090.1,103411.0,103549.9,831478.86,8314.7886,862628910.87521,1,2025-05-14 00:00:00
103549.8,103948.0,103329.6,103657.7,769584.39,7695.8439,797726314.30529,1,2025-05-14 04:00:00
103657.8,104135.4,102789.0,103909.7,1570920.33,15709.2033,1624982617.0908,1,2025-05-14 08:00:00
103909.6,104329.2,102805.5,103476.1,1735185.23,17351.8523,1796210327.62383,1,2025-05-14 12:00:00
103476.1,103691.9,102555.0,103279.1,1192218.67,11922.1867,1230381864.75296,1,2025-05-14 16:00:00
103279.1,103627.6,103249.6,103450.2,361845.84,3618.4584,374350206.07554,1,2025-05-14 20:00:00
103450.3,103818.0,102678.0,102712.1,924373.51,9243.7351,953807492.83508,1,2025-05-15 00:00:00
102712.0,102939.6,101682.6,101746.2,1181348.43,11813.4843,1208225678.83794,1,2025-05-15 04:00:00
101746.2,102405.5,101464.4,102324.4,1205583.71,12055.8371,1228957588.64924,1,2025-05-15 08:00:00
102324.3,103255.0,101324.0,103209.3,2544481.27,25444.8127,2603351476.07158,1,2025-05-15 12:00:00
103209.3,104172.9,102503.9,103110.0,1986096.31,19860.9631,2053211672.53942,1,2025-05-15 16:00:00
103110.1,103975.4,102660.2,103723.9,1098723.71,10987.2371,1136397737.84317,1,2025-05-15 20:00:00
103723.8,104438.5,103438.7,103997.2,1188421.79,11884.2179,1235894663.01289,1,2025-05-16 00:00:00
103997.2,104164.0,103650.3,103672.7,737098.69,7370.9869,765974218.59442,1,2025-05-16 04:00:00
103672.6,103867.6,103066.0,103621.4,1060896.0,10608.96,1098162846.90547,1,2025-05-16 08:00:00
103621.5,104247.0,103288.0,104131.6,1353198.51,13531.9851,1403789569.81138,1,2025-05-16 12:00:00
104131.7,104541.6,103530.0,103960.0,1355993.94,13559.9394,1410445770.21166,1,2025-05-16 16:00:00
103960.0,103977.1,103352.7,103411.5,492000.24,4920.0024,509544200.82529,1,2025-05-16 20:00:00
103411.5,103544.4,102559.8,103466.3,1100890.64,11008.9064,1134700698.6233,1,2025-05-17 00:00:00
103466.3,103665.8,103239.8,103394.5,545977.56,5459.7756,564946557.05346,1,2025-05-17 04:00:00
103394.5,103515.2,102707.2,102946.2,905326.46,9053.2646,932817580.5687,1,2025-05-17 08:00:00
102946.3,103154.2,102590.9,102888.1,725214.45,7252.1445,746409203.76722,1,2025-05-17 12:00:00
102888.1,103322.2,102712.6,103109.0,625806.07,6258.0607,644781593.19974,1,2025-05-17 16:00:00
103109.0,103446.9,102852.0,103093.0,366611.99,3666.1199,378066427.10614,1,2025-05-17 20:00:00
103093.0,103374.5,103060.0,103245.4,338222.19,3382.2219,349151342.02747,1,2025-05-18 00:00:00
103245.4,103949.9,103245.4,103890.0,645916.44,6459.1644,668693209.89628,1,2025-05-18 04:00:00
103890.0,104063.2,103757.4,103760.0,575095.67,5750.9567,597460100.80667,1,2025-05-18 08:00:00
103760.1,105666.0,103660.0,105480.5,1951711.68,19517.1168,2046135662.84936,1,2025-05-18 12:00:00
105480.6,105970.0,103804.0,103835.7,2478632.32,24786.3232,2599667405.5627,1,2025-05-18 16:00:00
103835.7,106654.0,103214.4,106435.0,2550402.57,25504.0257,2675025299.66336,1,2025-05-18 20:00:00
106435.0,107149.2,103505.5,103565.9,2787455.39,27874.5539,2932071498.56376,1,2025-05-19 00:00:00
103565.9,103720.0,102025.0,103166.7,2876925.74,28769.2574,2960046615.39895,1,2025-05-19 04:00:00
103166.7,103387.7,102730.7,102907.3,1030421.36,10304.2136,1061751832.14545,1,2025-05-19 08:00:00
102907.3,104931.5,102100.0,104750.5,2552161.36,25521.6136,2643003487.79495,1,2025-05-19 12:00:00
104750.5,105548.0,104456.0,105468.6,2473248.93,24732.4893,2598841286.23316,1,2025-05-19 16:00:00
105468.3,105800.0,104969.8,105534.5,768589.88,7685.8988,810436693.26091,1,2025-05-19 20:00:00
105534.5,106853.0,105484.0,105729.3,2298421.88,22984.2188,2438817152.21569,1,2025-05-20 00:00:00
105729.3,106384.3,104880.7,104990.2,1413440.37,14134.4037,1493720123.05836,1,2025-05-20 04:00:00
104990.2,105375.1,104809.3,105160.6,1006850.78,10068.5078,1058363990.15696,1,2025-05-20 08:00:00
105160.6,105348.1,104137.9,105291.6,1776654.75,17766.5475,1859979167.07469,1,2025-05-20 12:00:00
105291.6,107233.5,105033.4,106983.8,2501620.3,25016.203,2651667543.29396,1,2025-05-20 16:00:00
106983.8,107286.3,105888.0,106788.5,1751726.77,17517.2677,1868598983.97711,1,2025-05-20 20:00:00
106788.4,107173.7,106127.3,106790.3,1254007.92,12540.0792,1337892800.10314,1,2025-05-21 00:00:00
106790.4,107998.3,106413.3,106466.1,2516086.33,25160.8633,2700055082.28455,1,2025-05-21 04:00:00
106466.1,106750.0,106038.5,106493.3,1268830.75,12688.3075,1349587477.54627,1,2025-05-21 08:00:00
106493.4,109444.0,106271.7,108930.0,4163220.6,41632.206,4500873296.06128,1,2025-05-21 12:00:00
108929.9,109839.1,106062.2,108560.0,6278637.25,62786.3725,6760045607.77402,1,2025-05-21 16:00:00
108560.0,110817.8,107686.6,109609.1,2598230.75,25982.3075,2839331193.65791,1,2025-05-21 20:00:00
109609.2,111873.3,109143.5,111741.5,2939149.2,29391.492,3248810363.01863,1,2025-05-22 00:00:00
111741.5,111760.0,110450.0,111019.7,1766979.63,17669.7963,1962546507.0287,1,2025-05-22 04:00:00
111019.7,111343.0,110246.0,110961.5,1415862.76,14158.6276,1567506663.80692,1,2025-05-22 08:00:00
110961.6,111582.0,110500.9,111254.5,2464932.94,24649.3294,2738302848.11511,1,2025-05-22 12:00:00
111254.9,111987.0,110857.6,111137.8,1638191.44,16381.9144,1826585474.28044,1,2025-05-22 16:00:00
111138.0,111677.0,110689.9,111645.9,739327.48,7393.2748,821366014.14905,1,2025-05-22 20:00:00
111646.0,111746.1,110960.0,111054.0,1022469.62,10224.6962,1138532018.82662,1,2025-05-23 00:00:00
111054.1,111140.3,110369.1,110702.9,1204640.18,12046.4018,1333236296.69427,1,2025-05-23 04:00:00
110702.9,111332.1,108823.7,109053.3,2154540.98,21545.4098,2376178855.7903,1,2025-05-23 08:00:00
109053.3,109950.0,107265.7,108899.9,4917824.44,49178.2444,5352216155.64827,1,2025-05-23 12:00:00
108899.8,109762.6,107958.5,108658.0,2163483.09,21634.8309,2356301626.11887,1,2025-05-23 16:00:00
108657.3,108681.8,106729.0,107272.3,1538648.74,15386.4874,1658112541.05743,1,2025-05-23 20:00:00
107272.3,108330.2,106844.7,108330.1,1217468.36,12174.6836,1310287651.27096,1,2025-05-24 00:00:00
108330.1,108535.2,107522.0,107551.7,936802.15,9368.0215,1012596960.84907,1,2025-05-24 04:00:00
107551.7,109450.0,107540.9,109148.9,1368248.57,13682.4857,1487177566.41979,1,2025-05-24 08:00:00
109149.0,109222.0,108505.0,108889.0,919111.63,9191.1163,1000223778.79414,1,2025-05-24 12:00:00
108888.9,109184.7,108640.0,108910.7,415404.18,4154.0418,452294726.90559,1,2025-05-24 16:00:00
108910.7,109094.2,107429.9,107724.0,1141547.9,11415.479,1234577989.97465,1,2025-05-24 20:00:00
107724.0,108209.9,107149.0,108039.3,1353128.43,13531.2843,1456938345.19599,1,2025-05-25 00:00:00
108039.3,108248.5,107403.2,107634.3,611345.33,6113.4533,659290935.34969,1,2025-05-25 04:00:00
107634.3,107650.0,106666.0,107223.0,1643815.29,16438.1529,1760163848.0619,1,2025-05-25 08:00:00
107223.0,107699.9,106533.3,106935.5,1831544.49,18315.4449,1963403652.70195,1,2025-05-25 12:00:00
106935.4,107921.7,106601.9,107674.0,774272.95,7742.7295,830019625.73352,1,2025-05-25 16:00:00
107674.0,109285.9,107123.2,108962.2,1607435.22,16074.3522,1742397656.27746,1,2025-05-25 20:00:00
108962.1,109819.5,108639.4,109586.0,1432501.62,14325.0162,1566778348.83653,1,2025-05-26 00:00:00
109586.0,110189.7,109309.1,110045.0,1123950.72,11239.5072,1233540293.05249,1,2025-05-26 04:00:00
110044.9,110139.3,109523.5,109749.4,802921.99,8029.2199,881142532.0495,1,2025-05-26 08:00:00
109749.4,110380.0,109430.5,109950.5,1752206.98,17522.0698,1924828196.80727,1,2025-05-26 12:00:00
109950.5,110392.7,108803.5,109085.7,1860583.65,18605.8365,2035356300.30009,1,2025-05-26 16:00:00
109085.7,109874.3,108902.7,109391.9,761914.52,7619.1452,833042079.06003,1,2025-05-26 20:00:00
109391.9,109637.9,107469.3,108851.5,2882300.28,28823.0028,3127744703.18289,1,2025-05-27 00:00:00
108851.5,109587.4,108452.1,109485.0,1596190.86,15961.9086,1739316421.56367,1,2025-05-27 04:00:00
109485.0,109836.3,109365.0,109546.3,881408.89,8814.0889,966028678.09293,1,2025-05-27 08:00:00
109546.2,110722.0,108610.5,110104.0,3916642.42,39166.4242,4300671492.39551,1,2025-05-27 12:00:00
110103.9,110475.5,109512.8,109838.1,1208573.34,12085.7334,1330182779.82734,1,2025-05-27 16:00:00
109838.2,109856.0,108555.6,108895.5,957667.91,9576.6791,1044973332.67854,1,2025-05-27 20:00:00
108895.6,109250.0,108362.0,108815.6,1059355.17,10593.5517,1152340250.9087,1,2025-05-28 00:00:00
108815.5,109036.0,108580.0,108763.1,564708.59,5647.0859,614548625.76964,1,2025-05-28 04:00:00
108763.1,109086.2,108185.9,108810.0,1105760.74,11057.6074,1201876710.6752,1,2025-05-28 08:00:00
108810.1,109003.6,106966.0,107067.0,2921994.22,29219.9422,3151946033.42082,1,2025-05-28 12:00:00
107067.0,107793.4,106858.1,106888.1,1449682.06,14496.8206,1557377840.31074,1,2025-05-28 16:00:00
106888.1,107988.8,106728.4,107720.7,991063.78,9910.6378,1064419572.21365,1,2025-05-28 20:00:00
107720.7,108454.8,107378.3,107990.0,1355211.44,13552.1144,1463782113.20889,1,2025-05-29 00:00:00
107990.0,108056.9,106888.6,107838.8,1044548.3,10445.483,1123579029.5345,1,2025-05-29 04:00:00
107838.8,108869.7,107617.8,108745.9,1764450.94,17644.5094,1913277457.32469,1,2025-05-29 08:00:00
108746.0,108773.6,106410.4,106992.3,3959126.45,39591.2645,4257450933.11888,1,2025-05-29 12:00:00
106992.3,107146.8,105600.0,105693.0,2948706.7,29487.067,3136307594.74089,1,2025-05-29 16:00:00
105692.9,106430.0,105258.0,105548.4,1057194.26,10571.9426,1119706587.43036,1,2025-05-29 20:00:00
105548.3,106190.8,104542.5,105975.0,2073928.76,20739.2876,2187744624.08215,1,2025-05-30 00:00:00
105975.1,106277.2,104692.2,105005.0,1607215.22,16072.1522,1695689877.1132,1,2025-05-30 04:00:00
105005.0,105931.0,104567.0,105832.1,1686265.66,16862.6566,1775593791.88948,1,2025-05-30 08:00:00
105832.1,105950.0,104985.0,105499.9,1883158.06,18831.5806,1987034416.85095,1,2025-05-30 12:00:00
105499.9,105536.6,103666.7,104602.2,2539019.04,25390.1904,2650062086.9696,1,2025-05-30 16:00:00
104602.2,104842.5,103557.0,103959.0,1024272.12,10242.7212,1067447080.59061,1,2025-05-30 20:00:00
103959.0,104273.3,103022.1,103632.6,1626787.74,16267.8774,1685370014.36183,1,2025-05-31 00:00:00
103632.7,103877.0,103445.0,103703.3,494165.89,4941.6589,512349378.03245,1,2025-05-31 04:00:00
103703.4,103771.3,103231.6,103461.0,477644.15,4776.4415,494303889.89579,1,2025-05-31 08:00:00
103461.1,104799.7,103446.1,104503.1,1295032.36,12950.3236,1350026804.22404,1,2025-05-31 12:00:00
104503.0,104750.0,104226.7,104659.9,480020.18,4800.2018,501634631.13696,1,2025-05-31 16:00:00
104660.0,104861.4,104405.4,104550.0,448815.57,4488.1557,469783978.86087,1,2025-05-31 20:00:00
104550.0,104608.1,103877.0,104324.1,740705.32,7407.0532,771855170.85396,1,2025-06-01 00:00:00
104324.1,104686.6,104136.2,104244.6,476928.42,4769.2842,497953477.52436,1,2025-06-01 04:00:00
104244.7,104431.7,103710.0,104028.4,746560.14,7465.6014,776251082.01235,1,2025-06-01 08:00:00
104028.4,104750.0,103712.0,104654.9,816610.19,8166.1019,852247679.57659,1,2025-06-01 12:00:00
104654.9,105260.0,104288.0,105078.1,1102376.5,11023.765,1156462720.80993,1,2025-06-01 16:00:00
105078.1,105823.1,104833.6,105586.0,748566.56,7485.6656,788861324.838,1,2025-06-01 20:00:00
105586.1,105695.9,104522.7,104780.1,841200.3,8412.003,884240017.61069,1,2025-06-02 00:00:00
104780.1,105400.0,104557.0,105347.0,733305.98,7333.0598,770045365.80983,1,2025-06-02 04:00:00
105346.9,105880.9,103892.0,104008.5,1689615.12,16896.1512,1770011428.34164,1,2025-06-02 08:00:00
104007.5,104637.4,103615.0,104384.9,2202069.89,22020.6989,2292748347.99638,1,2025-06-02 12:00:00
104384.9,104694.0,103977.8,104378.7,677510.64,6775.1064,706477670.1484,1,2025-06-02 16:00:00
104375.9,105900.0,104375.9,105814.4,1152632.9,11526.329,1214006264.7362,1,2025-06-02 20:00:00
105814.5,106480.0,105295.0,105452.0,1368096.39,13680.9639,1449630631.50062,1,2025-06-03 00:00:00
105451.9,105490.4,105070.2,105145.9,652610.07,6526.1007,687075654.71838,1,2025-06-03 04:00:00
105146.0,105317.6,104823.0,105241.8,659917.25,6599.1725,693642191.87953,1,2025-06-03 08:00:00
105241.7,106755.3,104963.3,106562.3,2200272.91,22002.7291,2331511653.3079,1,2025-06-03 12:00:00
106562.2,106629.0,105521.8,106173.5,1405332.62,14053.3262,1489970781.07274,1,2025-06-03 16:00:00
106173.5,106198.7,105206.0,105339.5,838135.87,8381.3587,884807479.0596,1,2025-06-03 20:00:00
105339.5,105800.0,105075.2,105484.0,718510.6,7185.106,757911556.43403,1,2025-06-04 00:00:00
105483.9,105579.2,105211.0,105264.8,500895.16,5008.9516,527686440.28468,1,2025-06-04 04:00:00
105264.8,105950.0,105039.5,105054.2,995872.87,9958.7287,1050534212.29699,1,2025-06-04 08:00:00
105054.2,105487.2,104113.6,105243.6,2364496.76,23644.9676,2479683550.15281,1,2025-06-04 12:00:00
105243.6,105426.5,104825.8,104867.6,672354.37,6723.5437,706856037.94737,1,2025-06-04 16:00:00
104866.5,105025.9,104358.0,104643.5,559799.75,5597.9975,586003790.6606,1,2025-06-04 20:00:00
104643.5,105207.8,104598.0,105000.1,599402.01,5994.0201,628919399.92794,1,2025-06-05 00:00:00
105000.0,105183.0,104337.5,104478.7,804396.91,8043.9691,841918450.06955,1,2025-06-05 04:00:00
104478.6,104870.0,104381.5,104770.1,589116.88,5891.1688,616605968.3457,1,2025-06-05 08:00:00
104770.1,105864.8,103845.4,104480.0,3673099.73,36730.9973,3849067742.46685,1,2025-06-05 12:00:00
104480.0,104547.6,101500.2,101876.3,3714275.27,37142.7527,3823109368.6908,1,2025-06-05 16:00:00
101872.2,102138.1,100333.0,101457.8,2944858.34,29448.5834,2979845250.87452,1,2025-06-05 20:00:00
101457.8,102465.4,101048.8,102440.1,1078572.47,10785.7247,1098165496.02017,1,2025-06-06 00:00:00
102440.1,103427.9,102318.5,103102.1,1396385.08,13963.8508,1436538299.12403,1,2025-06-06 04:00:00
103102.2,103948.3,103102.1,103870.3,1193858.02,11938.5802,1236727148.33112,1,2025-06-06 08:00:00
103870.2,105288.0,103442.2,105037.8,2834330.5,28343.305,2958791101.57465,1,2025-06-06 12:00:00
105037.8,105237.4,104011.0,104183.3,1323495.64,13234.9564,1384890503.80534,1,2025-06-06 16:00:00
104183.3,104583.1,104120.0,104234.8,453709.92,4537.0992,473285858.02034,1,2025-06-06 20:00:00
104234.9,104876.5,103825.2,104818.0,795323.12,7953.2312,830391334.63043,1,2025-06-07 00:00:00
104818.0,105276.9,104578.0,104820.5,755219.38,7552.1938,792274185.49939,1,2025-06-07 04:00:00
104820.5,105215.6,104630.9,105086.5,570307.51,5703.0751,598513598.77374,1,2025-06-07 08:00:00
105086.4,105749.6,105079.2,105502.1,980964.7,9809.647,1034428857.81965,1,2025-06-07 12:00:00
105502.1,105875.2,105214.7,105680.0,646306.59,6463.0659,682236889.07628,1,2025-06-07 16:00:00
105680.0,105875.2,105469.9,105502.9,331338.98,3313.3898,350321463.74579,1,2025-06-07 20:00:00
105502.9,105741.9,105348.0,105431.5,383559.84,3835.5984,404527557.13066,1,2025-06-08 00:00:00
105431.5,105600.6,105358.6,105388.0,300642.92,3006.4292,317059550.78475,1,2025-06-08 04:00:00
105388.0,105677.9,104919.3,105624.8,897027.08,8970.2708,944582421.74333,1,2025-06-08 08:00:00
105624.9,106111.0,105450.0,105929.9,1043909.52,10439.0952,1104137602.86875,1,2025-06-08 12:00:00
105930.0,106321.0,105891.3,106247.2,630545.69,6305.4569,669341654.59973,1,2025-06-08 16:00:00
106247.2,106450.0,105518.0,105680.0,658271.67,6582.7167,697257605.32054,1,2025-06-08 20:00:00
105680.0,105932.7,105238.0,105608.8,763679.11,7636.7911,806067231.93464,1,2025-06-09 00:00:00
105608.8,105666.7,105271.6,105513.1,451167.77,4511.6777,475860874.8103,1,2025-06-09 04:00:00
105513.1,107770.1,105425.9,107700.0,2657761.34,26577.6134,2840364194.96008,1,2025-06-09 08:00:00
107700.0,107999.0,106784.7,107580.1,2295283.19,22952.8319,2467822411.84481,1,2025-06-09 12:00:00
107580.0,108765.2,107580.0,108517.3,1487114.38,14871.1438,1609273089.18988,1,2025-06-09 16:00:00
108517.3,110649.5,108391.6,110220.0,2200839.37,22008.3937,2415214051.96848,1,2025-06-09 20:00:00
110220.0,110265.0,109325.0,109526.0,1053298.19,10532.9819,1155622643.06418,1,2025-06-10 00:00:00
109526.0,109688.0,109052.1,109173.9,830847.51,8308.4751,908471476.95683,1,2025-06-10 04:00:00
109173.9,109816.0,109002.4,109500.0,1020606.24,10206.0624,1116782770.65539,1,2025-06-10 08:00:00
109499.9,109879.4,108274.1,108974.8,1993439.5,19934.395,2172766920.38273,1,2025-06-10 12:00:00
108974.8,110364.1,108468.3,109470.0,1189415.78,11894.1578,1301037441.29477,1,2025-06-10 16:00:00
109470.0,110265.2,109180.2,110237.4,809918.26,8099.1826,889144108.88116,1,2025-06-10 20:00:00
110237.4,110250.0,109503.2,109670.2,582156.6,5821.566,639038366.95312,1,2025-06-11 00:00:00
109670.2,109698.9,109313.7,109397.6,450937.44,4509.3744,493827252.07202,1,2025-06-11 04:00:00
109397.5,109620.0,109138.0,109196.7,527499.75,5274.9975,576761513.468,1,2025-06-11 08:00:00
109196.7,110360.0,108955.4,109692.0,2197860.69,21978.6069,2411077664.35436,1,2025-06-11 12:00:00
109691.9,109776.9,108350.1,108694.4,1426777.47,14267.7747,1555054939.10476,1,2025-06-11 16:00:00
108694.4,109193.8,107964.8,108596.4,1088701.64,10887.0164,1181238927.05256,1,2025-06-11 20:00:00
108596.4,108777.0,107659.0,107826.7,1024367.22,10243.6722,1108324135.0126,1,2025-06-12 00:00:00
107826.7,107943.2,107297.6,107577.6,878544.37,8785.4437,945746624.70903,1,2025-06-12 04:00:00
107577.6,107796.4,106823.0,106868.2,1023356.61,10233.5661,1097788264.90389,1,2025-06-12 08:00:00
106868.2,107755.4,106533.0,106960.0,2119307.2,21193.072,2270548422.02446,1,2025-06-12 12:00:00
106960.0,108395.0,106628.0,106753.5,1937096.69,19370.9669,2085230871.14914,1,2025-06-12 16:00:00
106753.5,106920.0,105600.1,105611.0,1776277.01,17762.7701,1884820567.49772,1,2025-06-12 20:00:00
105611.1,105650.0,102652.4,104234.3,4719781.88,47197.8188,4904234563.79939,1,2025-06-13 00:00:00
104234.3,104900.0,103734.0,104825.1,1463399.78,14633.9978,1526537738.83921,1,2025-06-13 04:00:00
104825.2,105441.1,104364.0,104983.6,1377487.13,13774.8713,1444403028.93833,1,2025-06-13 08:00:00
104983.7,105725.6,104067.5,105390.5,2109352.67,21093.5267,2213122968.67448,1,2025-06-13 12:00:00
105390.5,105920.0,104615.0,105060.0,1451467.5,14514.675,1528017307.32891,1,2025-06-13 16:00:00
105060.1,106138.1,104964.2,106009.0,592368.64,5923.6864,625603250.91679,1,2025-06-13 20:00:00
106009.1,106168.0,105154.6,105189.1,699582.68,6995.8268,738635750.27037,1,2025-06-14 00:00:00
105189.2,105369.0,104734.3,105029.0,545847.11,5458.4711,573634225.32487,1,2025-06-14 04:00:00
105028.9,105098.0,104788.3,105028.3,420699.65,4206.9965,441534945.0985,1,2025-06-14 08:00:00
105027.5,105077.0,104540.7,104798.8,538900.78,5389.0078,565021434.78016,1,2025-06-14 12:00:00
104798.8,105009.0,104311.0,104609.4,818968.19,8189.6819,856949624.54481,1,2025-06-14 16:00:00
104609.6,105452.7,104255.0,105363.4,695260.41,6952.6041,730004721.53824,1,2025-06-14 20:00:00
105363.4,105630.0,105214.2,105427.5,432881.38,4328.8138,456522943.98352,1,2025-06-15 00:00:00
105427.6,106082.0,105134.2,105388.3,762615.84,7626.1584,805354655.36555,1,2025-06-15 04:00:00
105388.3,105456.1,104823.0,104933.5,543863.81,5438.6381,571258892.10819,1,2025-06-15 08:00:00
104933.6,105788.0,104905.7,105520.0,776279.08,7762.7908,818327025.48921,1,2025-06-15 12:00:00
105519.9,105730.0,105000.7,105239.8,448623.38,4486.2338,472823701.07103,1,2025-06-15 16:00:00
105239.8,105570.3,104425.6,105540.0,675213.89,6752.1389,708706746.10526,1,2025-06-15 20:00:00
105540.1,105926.0,104927.2,105862.4,916442.79,9164.4279,967273725.78624,1,2025-06-16 00:00:00
105862.3,107234.0,105814.3,107020.3,1365616.92,13656.1692,1455442674.76023,1,2025-06-16 04:00:00
107020.3,107192.0,106544.9,106846.7,800100.18,8001.0018,855286322.48289,1,2025-06-16 08:00:00
106846.7,107736.0,106456.7,107382.5,1573361.74,15733.6174,1686167742.15943,1,2025-06-16 12:00:00
107382.4,108847.7,107263.0,108596.6,1497080.01,14970.8001,1618469066.51746,1,2025-06-16 16:00:00
108596.6,108973.3,106666.0,106764.6,1572338.09,15723.3809,1696012027.17686,1,2025-06-16 20:00:00
106764.6,107721.0,106087.8,107552.1,1857006.17,18570.0617,1985162689.47021,1,2025-06-17 00:00:00
107552.0,107658.0,106400.0,106725.4,901833.25,9018.3325,964679402.97091,1,2025-06-17 04:00:00
106725.4,106796.8,105468.9,105606.1,1403103.95,14031.0395,1488022355.32397,1,2025-06-17 08:00:00
105606.1,105876.4,104069.3,104194.1,2695960.31,26959.6031,2830965921.2855,1,2025-06-17 12:00:00
104194.1,105286.2,103300.0,104621.1,2646837.44,26468.3744,2756350105.35985,1,2025-06-17 16:00:00
104621.0,104849.6,104128.0,104516.5,870750.78,8707.5078,909816255.38651,1,2025-06-17 20:00:00
104516.5,105187.0,104319.9,105122.5,723207.32,7232.0732,758181871.23451,1,2025-06-18 00:00:00
105122.5,105498.9,104650.0,104933.0,883189.61,8831.8961,928642979.64232,1,2025-06-18 04:00:00
104932.9,105279.9,104130.7,104799.2,1194839.19,11948.3919,1250331108.80962,1,2025-06-18 08:00:00
104799.3,105279.1,103750.1,104737.1,2577609.14,25776.0914,2694364850.88679,1,2025-06-18 12:00:00
104737.1,104789.2,103418.6,103779.3,2083761.15,20837.6115,2169740761.26101,1,2025-06-18 16:00:00
103779.4,105086.0,103600.0,104834.2,906160.5,9061.605,947574544.47408,1,2025-06-18 20:00:00
104834.2,105180.2,104402.3,105031.7,704389.97,7043.8997,738066782.43882,1,2025-06-19 00:00:00
105031.8,105170.0,104576.0,104594.3,636904.93,6369.0493,667653096.94752,1,2025-06-19 04:00:00
104594.4,105028.0,104589.1,104732.5,457771.63,4577.7163,479945883.95335,1,2025-06-19 08:00:00
104732.4,104870.0,104032.9,104064.2,949612.0,9496.12,991282628.57724,1,2025-06-19 12:00:00
