open,high,low,close,vol,volCcy,volCcyQuote,confirm,datetime
67961.3,68024.8,67636.0,67744.5,361325.4,3613.254,245007666.6996,1,2024-05-24 00:00:00
67744.5,68031.0,67650.0,67894.1,449292.8,4492.928,305058768.6071,1,2024-05-24 02:00:00
67894.3,67932.1,67058.3,67313.9,772648.7,7726.487,521386501.5854,1,2024-05-24 04:00:00
67313.9,67603.8,66851.8,67172.2,1009425.9,10094.259,678069715.0013,1,2024-05-24 06:00:00
67172.1,67476.8,66616.1,67385.2,832368.8,8323.688,558292785.648,1,2024-05-24 08:00:00
67385.2,67537.8,67287.3,67367.0,377223.9,3772.239,254282856.9483,1,2024-05-24 10:00:00
67366.9,67626.1,66933.2,67087.4,659884.3,6598.843,444358607.3413,1,2024-05-24 12:00:00
67087.5,68427.6,66990.4,68324.5,1493247.0,14932.47,1014156861.6306,1,2024-05-24 14:00:00
68324.4,68946.4,67896.7,68909.9,993087.6,9930.876,679250769.238,1,2024-05-24 16:00:00
68909.9,69270.5,68743.0,69128.7,802751.0,8027.51,553883638.007,1,2024-05-24 18:00:00
69128.7,69217.3,68806.0,68880.6,269011.1,2690.111,185567708.2889,1,2024-05-24 20:00:00
68880.5,68883.1,68528.4,68562.8,323359.8,3233.598,222154177.4799,1,2024-05-24 22:00:00
68562.8,68706.7,68502.5,68606.1,324745.0,3247.45,222866220.487,1,2024-05-25 00:00:00
68606.0,68919.9,68600.0,68749.6,358350.0,3583.5,246354220.6488,1,2024-05-25 02:00:00
68749.7,68821.2,68676.3,68719.6,149777.4,1497.774,102981674.2044,1,2024-05-25 04:00:00
68719.6,68801.2,68603.1,68753.2,187922.2,1879.222,129089489.2163,1,2024-05-25 06:00:00
68753.2,69160.0,68751.8,69096.0,407345.6,4073.456,280905021.1079,1,2024-05-25 08:00:00
69095.9,69664.7,69018.5,69109.4,728768.6,7287.686,505561209.3933,1,2024-05-25 10:00:00
69109.4,69307.9,68877.0,69033.3,603847.8,6038.478,417300951.6052,1,2024-05-25 12:00:00
69033.3,69213.1,68826.6,68921.7,409478.7,4094.787,282726999.0876,1,2024-05-25 14:00:00
68921.7,69118.2,68845.2,69069.1,274891.1,2748.911,189588923.9175,1,2024-05-25 16:00:00
69069.0,69279.1,69069.0,69161.4,143820.5,1438.205,99491465.5758,1,2024-05-25 18:00:00
69159.7,69241.0,69042.0,69157.9,88572.7,885.727,61227579.8346,1,2024-05-25 20:00:00
69157.9,69375.4,69050.9,69300.0,186220.1,1862.201,128985060.9369,1,2024-05-25 22:00:00
69300.0,69325.0,69158.0,69168.3,106152.7,1061.527,73471540.415,1,2024-05-26 00:00:00
69168.1,69187.0,68805.8,69088.0,371934.1,3719.341,256556691.9165,1,2024-05-26 02:00:00
69088.0,69154.0,68917.0,69153.9,142820.5,1428.205,98569565.9073,1,2024-05-26 04:00:00
69153.9,69488.0,69058.0,69357.9,392894.3,3928.943,272187996.4429,1,2024-05-26 06:00:00
69358.0,69580.3,68970.2,69089.9,605124.0,6051.24,418768778.3708,1,2024-05-26 08:00:00
69089.9,69243.8,69056.6,69132.0,230777.4,2307.774,159565763.0931,1,2024-05-26 10:00:00
69132.0,69150.0,68926.3,69142.1,294543.2,2945.432,203314565.0766,1,2024-05-26 12:00:00
69142.2,69407.9,68666.1,68850.5,651252.1,6512.521,449481809.8567,1,2024-05-26 14:00:00
68850.5,68970.6,68688.9,68794.8,366903.0,3669.03,252604007.3029,1,2024-05-26 16:00:00
68794.8,68923.0,68728.2,68908.0,127289.4,1272.894,87592548.0264,1,2024-05-26 18:00:00
68908.0,68914.6,68153.8,68531.2,336727.6,3367.276,230596978.1582,1,2024-05-26 20:00:00
68531.1,68702.9,68348.2,68515.1,284663.8,2846.638,195051146.6514,1,2024-05-26 22:00:00
68515.0,69321.7,68475.0,69086.1,490048.4,4900.484,337814561.5757,1,2024-05-27 00:00:00
69086.2,69308.2,68839.9,68890.4,371975.3,3719.753,256985550.0632,1,2024-05-27 02:00:00
68890.5,68923.3,68313.0,68532.0,545824.3,5458.243,374574581.1436,1,2024-05-27 04:00:00
68532.7,68740.0,68343.1,68655.0,455046.8,4550.468,311894007.8257,1,2024-05-27 06:00:00
68655.0,68946.3,68413.0,68595.1,508625.8,5086.258,349308012.1166,1,2024-05-27 08:00:00
68595.1,68697.0,68255.7,68439.1,417967.6,4179.676,286164464.5257,1,2024-05-27 10:00:00
68439.1,69057.9,68380.0,68924.0,636925.9,6369.259,438001788.7289,1,2024-05-27 12:00:00
68923.9,70584.5,68833.3,70408.2,1815120.4,18151.204,1267585385.2365,1,2024-05-27 14:00:00
70408.2,70740.0,70067.0,70224.1,758263.3,7582.633,533970747.4149,1,2024-05-27 16:00:00
70224.2,70299.7,69070.0,69276.6,773633.5,7736.335,539135382.6198,1,2024-05-27 18:00:00
69276.7,69919.9,69179.3,69812.6,379138.2,3791.382,263822310.6304,1,2024-05-27 20:00:00
69812.4,69820.0,69296.9,69410.3,375943.3,3759.433,261238281.7916,1,2024-05-27 22:00:00
69410.2,69600.0,68546.7,68631.5,956171.1,9561.711,660264789.4786,1,2024-05-28 00:00:00
68631.5,68860.2,67759.1,68073.5,1406259.8,14062.598,961187959.6097,1,2024-05-28 02:00:00
68073.6,68162.1,67488.2,68057.9,846014.1,8460.141,573571788.2463,1,2024-05-28 04:00:00
68057.9,68098.7,67677.0,67691.9,447338.8,4473.388,303646940.0436,1,2024-05-28 06:00:00
67692.0,68533.0,67602.0,68326.2,780994.5,7809.945,532115594.4161,1,2024-05-28 08:00:00
68326.2,68900.0,68246.2,68402.4,916705.5,9167.055,628595093.8658,1,2024-05-28 10:00:00
68402.4,68582.7,67654.0,67802.7,1072547.8,10725.478,730794995.241,1,2024-05-28 12:00:00
67802.8,68494.5,67511.0,68396.3,1235375.7,12353.757,840430394.8388,1,2024-05-28 14:00:00
68396.4,68473.0,67666.8,67785.9,776615.8,7766.158,527996048.5747,1,2024-05-28 16:00:00
67785.8,68634.0,67250.0,68451.0,1012783.8,10127.838,688013604.3884,1,2024-05-28 18:00:00
68451.0,68595.9,68130.6,68416.3,288894.2,2888.942,197573145.7911,1,2024-05-28 20:00:00
68416.2,68685.7,68344.9,68404.6,286266.5,2862.665,196210633.4267,1,2024-05-28 22:00:00
68404.6,68725.0,68262.0,68582.1,361676.7,3616.767,247823018.6342,1,2024-05-29 00:00:00
68582.1,68953.6,68458.3,68844.3,603499.7,6034.997,414966991.7979,1,2024-05-29 02:00:00
68844.4,68947.5,68587.8,68610.1,411412.3,4114.123,283020294.3667,1,2024-05-29 04:00:00
68610.2,68692.8,67955.8,67967.7,656511.1,6565.111,448540995.8863,1,2024-05-29 06:00:00
67967.7,68058.8,67600.0,67924.3,966398.7,9663.987,655492355.7567,1,2024-05-29 08:00:00
67924.4,68041.7,67740.0,67782.6,459434.3,4594.343,311986829.2826,1,2024-05-29 10:00:00
67782.6,68290.8,67600.2,67904.3,1409721.8,14097.218,957156384.2428,1,2024-05-29 12:00:00
67904.3,67988.0,67299.0,67383.4,1298182.9,12981.829,878044919.3335,1,2024-05-29 14:00:00
67383.4,67731.1,67126.7,67606.7,771374.0,7713.74,520120773.6752,1,2024-05-29 16:00:00
67606.6,67757.1,67222.3,67274.3,377584.3,3775.843,254659027.8276,1,2024-05-29 18:00:00
67274.7,67872.5,67130.0,67699.8,367410.4,3674.104,247767762.7261,1,2024-05-29 20:00:00
67699.8,67853.8,67560.0,67647.8,282240.6,2822.406,191026995.6417,1,2024-05-29 22:00:00
67647.8,67867.5,67474.1,67800.0,407758.8,4077.588,275987688.4618,1,2024-05-30 00:00:00
67800.0,68232.5,67779.0,68137.6,588884.6,5888.846,400706083.5945,1,2024-05-30 02:00:00
68137.6,68445.3,67970.0,68156.3,562256.5,5622.565,383403664.7852,1,2024-05-30 04:00:00
68156.3,68192.0,67500.0,67602.9,872688.7,8726.887,591985339.6065,1,2024-05-30 06:00:00
67603.0,67798.8,67134.0,67761.0,998906.7,9989.067,673871837.5494,1,2024-05-30 08:00:00
67761.1,68140.4,67550.9,67822.0,492739.2,4927.392,334527061.7792,1,2024-05-30 10:00:00
67822.0,68716.6,67755.4,68617.9,1193643.6,11936.436,814914901.5472,1,2024-05-30 12:00:00
68617.8,68835.6,68150.0,68527.9,1073035.8,10730.358,735261498.0708,1,2024-05-30 14:00:00
68527.9,69523.9,68376.4,69319.8,1042729.5,10427.295,719655741.7467,1,2024-05-30 16:00:00
69319.8,69431.0,68433.1,68675.6,831853.7,8318.537,574078279.4467,1,2024-05-30 18:00:00
68670.5,68680.0,68040.0,68426.3,559652.5,5596.525,382534389.1313,1,2024-05-30 20:00:00
68426.3,68531.9,68242.0,68366.0,239009.9,2390.099,163403569.0736,1,2024-05-30 22:00:00
68366.0,68643.0,68281.0,68444.0,306071.4,3060.714,209507516.3526,1,2024-05-31 00:00:00
68444.0,68761.4,68431.1,68536.2,367346.8,3673.468,251894703.6174,1,2024-05-31 02:00:00
68536.2,68653.5,68280.3,68440.8,266762.7,2667.627,182613837.2662,1,2024-05-31 04:00:00
68440.8,68467.9,68086.3,68183.4,339031.7,3390.317,231492490.6982,1,2024-05-31 06:00:00
68183.4,68330.3,67873.5,67947.9,470012.7,4700.127,319903737.3076,1,2024-05-31 08:00:00
67948.0,68475.5,67927.1,68362.2,557074.4,5570.744,380312009.4532,1,2024-05-31 10:00:00
68362.3,69062.8,68015.6,68064.1,1641866.1,16418.661,1126085195.7772,1,2024-05-31 12:00:00
68064.1,68069.0,67200.4,67219.7,1615356.7,16153.567,1091615363.7483,1,2024-05-31 14:00:00
67219.6,67474.0,66639.0,67349.9,1423491.4,14234.914,954549865.7894,1,2024-05-31 16:00:00
67350.0,68026.2,67181.2,67691.9,672876.0,6728.76,455083815.1827,1,2024-05-31 18:00:00
67691.6,67808.5,67526.0,67573.9,239108.4,2391.084,161839271.4347,1,2024-05-31 20:00:00
67573.9,67675.8,67246.0,67558.8,382002.6,3820.026,257732681.9733,1,2024-05-31 22:00:00
67558.8,67720.0,67428.1,67569.9,275129.6,2751.296,185915388.6954,1,2024-06-01 00:00:00
67569.9,67776.8,67549.2,67735.7,262125.2,2621.252,177438990.6034,1,2024-06-01 02:00:00
67735.8,67820.1,67591.3,67695.9,195059.9,1950.599,132072507.275,1,2024-06-01 04:00:00
67696.0,67740.5,67567.7,67630.9,189189.8,1891.898,127996880.363,1,2024-06-01 06:00:00
67631.0,67770.0,67617.1,67720.1,159248.5,1592.485,107806709.4448,1,2024-06-01 08:00:00
67720.2,67771.0,67635.6,67670.0,98190.0,981.9,66478554.4538,1,2024-06-01 10:00:00
67670.0,67887.1,67651.3,67709.7,210816.1,2108.161,142895678.5478,1,2024-06-01 12:00:00
67709.6,67877.0,67662.3,67688.6,182276.1,1822.761,123559151.0319,1,2024-06-01 14:00:00
67688.5,67838.0,67526.2,67783.3,262348.6,2623.486,177510544.59,1,2024-06-01 16:00:00
67783.3,67827.2,67693.7,67759.9,89731.2,897.312,60793804.3191,1,2024-06-01 18:00:00
67759.8,67834.0,67714.4,67770.5,91994.9,919.949,62342140.7828,1,2024-06-01 20:00:00
67770.4,67899.0,67717.8,67769.1,105872.7,1058.727,71775899.2619,1,2024-06-01 22:00:00
67769.1,67927.0,67707.7,67768.1,174715.1,1747.151,118492639.2055,1,2024-06-02 00:00:00
67768.2,67824.8,67632.1,67789.3,149263.4,1492.634,101129299.9168,1,2024-06-02 02:00:00
67789.4,67867.8,67720.0,67720.0,105596.2,1055.962,71587399.445,1,2024-06-02 04:00:00
67720.1,67844.5,67718.0,67718.1,107312.6,1073.126,72724837.6175,1,2024-06-02 06:00:00
67718.0,67817.7,67416.0,67549.9,399786.7,3997.867,270323025.4694,1,2024-06-02 08:00:00
67550.0,68345.0,67380.0,68266.0,685720.1,6857.201,465693090.6224,1,2024-06-02 10:00:00
68266.1,68332.0,67809.8,68180.4,670505.3,6705.053,456339761.1309,1,2024-06-02 12:00:00
68180.4,68497.0,68013.3,68164.7,565868.8,5658.688,386150852.8935,1,2024-06-02 14:00:00
68164.8,68221.6,67846.8,67891.7,299629.9,2996.299,203802642.6596,1,2024-06-02 16:00:00
67891.8,67891.8,67300.3,67741.0,730547.7,7305.477,493980513.828,1,2024-06-02 18:00:00
67741.1,67928.2,67577.6,67812.3,163806.0,1638.06,111036255.3013,1,2024-06-02 20:00:00
67812.2,68000.0,67766.8,67766.9,180690.4,1806.904,122669201.8596,1,2024-06-02 22:00:00
67766.9,68610.6,67618.4,68499.9,855756.3,8557.563,583140390.1247,1,2024-06-03 00:00:00
68500.0,68829.0,68230.1,68409.4,766790.8,7667.908,525731044.7539,1,2024-06-03 02:00:00
68409.4,68800.0,68313.0,68720.6,449214.5,4492.145,308002823.3824,1,2024-06-03 04:00:00
68720.5,69231.6,68634.5,68923.9,1081108.0,10811.08,746106780.6198,1,2024-06-03 06:00:00
68923.9,69351.5,68922.6,69023.0,587179.8,5871.798,406066686.8051,1,2024-06-03 08:00:00
69023.0,69282.3,68865.1,69096.6,426962.6,4269.626,294972139.9547,1,2024-06-03 10:00:00
69096.6,70338.3,69096.6,69800.1,1641564.6,16415.646,1145111071.0222,1,2024-06-03 12:00:00
69800.1,70090.9,68512.0,69622.4,2306623.0,23066.23,1596526766.5552,1,2024-06-03 14:00:00
69622.5,69725.3,68810.1,69285.6,826118.3,8261.183,571926613.8019,1,2024-06-03 16:00:00
69286.1,69466.6,69040.5,69224.0,418534.2,4185.342,289859715.0324,1,2024-06-03 18:00:00
69228.1,69524.0,68924.4,69093.2,338082.9,3380.829,234120832.4849,1,2024-06-03 20:00:00
69093.1,69157.9,68728.9,68805.0,347489.4,3474.894,239493260.7834,1,2024-06-03 22:00:00
68805.0,69241.6,68663.0,69241.3,441782.4,4417.824,304705195.4896,1,2024-06-04 00:00:00
69241.3,69386.0,69096.4,69175.0,327761.0,3277.61,226939258.6649,1,2024-06-04 02:00:00
69175.0,69295.1,68926.0,68975.1,287334.0,2873.34,198613333.0109,1,2024-06-04 04:00:00
68975.1,69086.9,68770.4,69009.2,521611.5,5216.115,359646991.9551,1,2024-06-04 06:00:00
69009.2,69207.1,68572.3,68733.8,614966.7,6149.667,423212649.8092,1,2024-06-04 08:00:00
68733.8,69050.0,68711.2,68973.2,391619.3,3916.193,269836143.097,1,2024-06-04 10:00:00
68973.2,69847.8,68857.0,69536.6,1119080.1,11190.801,776489772.2532,1,2024-06-04 12:00:00
69536.7,70498.8,69320.4,70448.6,2028179.3,20281.793,1418193996.8962,1,2024-06-04 14:00:00
70448.7,71019.1,70373.5,70567.9,1512205.2,15122.052,1069005697.3547,1,2024-06-04 16:00:00
70567.9,71082.9,70100.0,70433.3,831269.8,8312.698,587066424.3921,1,2024-06-04 18:00:00
70433.2,70627.8,70171.2,70620.0,286632.7,2866.327,201740445.3054,1,2024-06-04 20:00:00
70619.9,70738.0,70401.3,70543.6,290303.3,2903.033,204887361.4961,1,2024-06-04 22:00:00
70543.6,71360.0,70435.0,70991.3,845701.2,8457.012,599709121.5822,1,2024-06-05 00:00:00
70991.3,71181.6,70656.4,70960.0,577782.0,5777.82,409662940.4805,1,2024-06-05 02:00:00
70960.0,71257.9,70840.7,71004.5,618140.5,6181.405,439208757.2345,1,2024-06-05 04:00:00
71003.9,71398.7,70840.0,71205.7,729183.2,7291.832,518475248.9572,1,2024-06-05 06:00:00
71205.8,71245.5,70832.3,70920.4,407036.6,4070.366,288950657.6595,1,2024-06-05 08:00:00
70920.5,71114.0,70720.0,70981.7,407281.4,4072.814,288720232.0787,1,2024-06-05 10:00:00
70981.7,71190.0,70610.0,70741.5,906604.4,9066.044,642740470.5629,1,2024-06-05 12:00:00
70741.4,71764.7,70403.0,71574.5,1847270.6,18472.706,1313636944.1299,1,2024-06-05 14:00:00
71574.6,71777.0,71240.0,71638.8,871216.5,8712.165,623256473.8182,1,2024-06-05 16:00:00
71638.7,71750.0,70865.8,71284.4,912918.3,9129.183,649911072.3412,1,2024-06-05 18:00:00
71284.4,71359.1,71039.0,71150.8,165487.3,1654.873,117816646.0916,1,2024-06-05 20:00:00
71150.7,71298.8,70600.0,71115.0,417461.0,4174.61,296284170.3909,1,2024-06-05 22:00:00
71115.0,71200.0,70900.0,71130.5,293449.4,2934.494,208583745.6366,1,2024-06-06 00:00:00
71134.2,71257.4,71013.5,71048.3,208288.4,2082.884,148197705.2517,1,2024-06-06 02:00:00
71048.4,71123.5,70820.7,70916.2,322521.5,3225.215,228831921.0462,1,2024-06-06 04:00:00
70916.3,71090.0,70804.8,71034.9,337357.7,3373.577,239350010.2737,1,2024-06-06 06:00:00
71034.8,71166.8,70848.1,70993.0,301544.6,3015.446,214037961.6662,1,2024-06-06 08:00:00
70993.0,71199.9,70904.0,71177.8,281009.8,2810.098,199608355.499,1,2024-06-06 10:00:00
71177.9,71577.5,71001.1,71120.4,1049843.0,10498.43,748236821.1521,1,2024-06-06 12:00:00
71120.5,71666.0,71021.1,71300.0,868774.4,8687.744,619975931.4988,1,2024-06-06 14:00:00
71299.9,71380.0,70788.0,71116.8,1006692.1,10066.921,715031521.8704,1,2024-06-06 16:00:00
71116.7,71176.0,70458.2,70490.2,587883.2,5878.832,416032007.1263,1,2024-06-06 18:00:00
70490.2,70860.0,70117.4,70740.9,622746.3,6227.463,439033478.8464,1,2024-06-06 20:00:00
70740.9,70947.7,70650.8,70795.9,281977.7,2819.777,199679897.8887,1,2024-06-06 22:00:00
70795.9,70920.2,70666.2,70850.0,292617.5,2926.175,207242412.0552,1,2024-06-07 00:00:00
70850.0,71044.5,70677.7,70999.9,322195.5,3221.955,228362335.6383,1,2024-06-07 02:00:00
70999.9,71480.1,70999.9,71312.4,726740.4,7267.404,517777575.43,1,2024-06-07 04:00:00
71312.4,71371.8,71074.3,71118.4,323883.0,3238.83,230683131.8406,1,2024-06-07 06:00:00
71118.4,71324.8,71063.7,71304.5,284720.3,2847.203,202626520.2113,1,2024-06-07 08:00:00
71304.5,71726.1,71200.0,71720.0,690803.4,6908.034,493749421.88,1,2024-06-07 10:00:00
71720.0,72021.7,70630.0,71539.6,3131689.1,31316.891,2233322762.0503,1,2024-06-07 12:00:00
71539.6,71559.0,70850.1,71117.2,968570.1,9685.701,689813105.177,1,2024-06-07 14:00:00
71117.2,71225.0,69793.4,69799.4,1502891.8,15028.918,1059700913.0006,1,2024-06-07 16:00:00
69799.4,69891.9,68300.0,69255.8,3695287.3,36952.873,2555536102.4336,1,2024-06-07 18:00:00
69255.8,69382.1,68974.4,69237.0,492673.3,4926.733,340718878.5523,1,2024-06-07 20:00:00
69237.0,69528.0,69180.7,69350.1,245338.9,2453.389,170208947.123,1,2024-06-07 22:00:00
69350.0,69485.4,69292.7,69477.2,237166.2,2371.662,164597955.6822,1,2024-06-08 00:00:00
69477.1,69541.0,69390.0,69423.3,201085.4,2010.854,139684759.3419,1,2024-06-08 02:00:00
69423.3,69466.2,69232.9,69326.0,259417.4,2594.174,179842424.6875,1,2024-06-08 04:00:00
69325.9,69577.9,69302.2,69577.9,282570.0,2825.7,196266865.0106,1,2024-06-08 06:00:00
69577.8,69577.9,69372.2,69442.1,199522.5,1995.225,138560036.4445,1,2024-06-08 08:00:00
69442.2,69524.1,69310.0,69374.7,237855.4,2378.554,165114437.1287,1,2024-06-08 10:00:00
69374.7,69444.8,69160.8,69424.6,385065.3,3850.653,266906296.7188,1,2024-06-08 12:00:00
69424.7,69500.0,69308.1,69423.5,214868.3,2148.683,149176393.9628,1,2024-06-08 14:00:00
69423.6,69484.4,69289.2,69454.6,322091.0,3220.91,223497031.4502,1,2024-06-08 16:00:00
69454.5,69492.3,69417.5,69455.0,99415.2,994.152,69057275.5163,1,2024-06-08 18:00:00
69454.9,69479.0,69306.0,69396.6,112751.0,1127.51,78238928.5642,1,2024-06-08 20:00:00
69396.6,69403.0,69265.0,69309.3,97073.1,970.731,67293542.9323,1,2024-06-08 22:00:00
69309.3,69359.8,69228.0,69283.8,132964.1,1329.641,92125935.3432,1,2024-06-09 00:00:00
69283.9,69315.3,69128.5,69275.1,217840.6,2178.406,150799680.9074,1,2024-06-09 02:00:00
69275.1,69375.0,69237.3,69288.1,98474.9,984.749,68239191.3722,1,2024-06-09 04:00:00
69288.1,69440.6,69275.0,69301.5,153175.6,1531.756,106243579.3064,1,2024-06-09 06:00:00
69301.5,69406.7,69279.0,69368.3,79691.7,796.917,55261991.9704,1,2024-06-09 08:00:00
69368.2,69406.3,69320.5,69379.4,87536.4,875.364,60714919.7825,1,2024-06-09 10:00:00
69379.5,69784.9,69248.8,69457.4,761353.7,7613.537,529437483.6077,1,2024-06-09 12:00:00
69457.3,69580.0,69258.0,69508.5,334728.6,3347.286,232556281.1337,1,2024-06-09 14:00:00
69508.4,69698.9,69495.4,69648.1,175664.5,1756.645,122264878.3654,1,2024-06-09 16:00:00
69648.2,69850.0,69597.4,69707.6,286505.4,2865.054,199835878.7718,1,2024-06-09 18:00:00
69707.6,69820.0,69581.9,69739.3,128078.1,1280.781,89251670.0329,1,2024-06-09 20:00:00
69739.3,69788.2,69592.5,69641.2,112832.0,1128.32,78605300.3156,1,2024-06-09 22:00:00
69641.1,69674.3,69410.0,69615.0,206028.2,2060.282,143273253.7787,1,2024-06-10 00:00:00
69615.0,69798.7,69566.0,69609.9,214354.2,2143.542,149418056.8828,1,2024-06-10 02:00:00
69609.9,69687.7,69504.0,69568.4,189073.6,1890.736,131580787.9846,1,2024-06-10 04:00:00
69568.5,69611.1,69256.7,69313.9,441133.2,4411.332,306228841.5112,1,2024-06-10 06:00:00
69313.9,69500.0,69133.0,69451.1,449207.9,4492.079,311633331.9329,1,2024-06-10 08:00:00
69451.1,69571.5,69332.8,69483.8,238775.8,2387.758,165832055.358,1,2024-06-10 10:00:00
69483.9,69533.4,69220.3,69423.5,450149.5,4501.495,312374316.3694,1,2024-06-10 12:00:00
69423.4,70185.1,69305.8,70048.8,1060948.6,10609.486,740849038.81,1,2024-06-10 14:00:00
70048.7,70092.9,69708.0,70033.7,530435.7,5304.357,370773967.0419,1,2024-06-10 16:00:00
70033.6,70125.0,69380.0,69496.8,575045.5,5750.455,400875931.2121,1,2024-06-10 18:00:00
69496.8,69692.7,69330.0,69585.0,428670.1,4286.701,298002302.3388,1,2024-06-10 20:00:00
69585.0,69603.3,69396.0,69539.1,211586.8,2115.868,147016616.3951,1,2024-06-10 22:00:00
69539.1,69585.3,68461.3,68723.6,927489.0,9274.89,640004352.3329,1,2024-06-11 00:00:00
68723.6,68925.0,67878.3,68466.4,1663993.7,16639.937,1135904494.6083,1,2024-06-11 02:00:00
68466.3,68466.3,67610.1,67912.0,1180237.9,11802.379,801997069.8417,1,2024-06-11 04:00:00
67911.9,67988.1,67289.7,67561.0,951126.4,9511.264,643501111.877,1,2024-06-11 06:00:00
67561.0,67663.4,66845.7,67086.5,1251019.3,12510.193,841936471.3299,1,2024-06-11 08:00:00
67086.5,67299.0,66701.0,66903.1,1038902.4,10389.024,696036836.0042,1,2024-06-11 10:00:00
66903.0,67292.1,66500.0,66815.9,1271342.1,12713.421,851029720.5427,1,2024-06-11 12:00:00
66815.8,67100.0,65910.3,66229.4,1877416.8,18774.168,1249331451.7069,1,2024-06-11 14:00:00
66229.4,66806.8,66159.0,66773.2,958236.1,9582.361,637411827.4179,1,2024-06-11 16:00:00
66773.2,67577.4,66652.1,67397.6,908201.8,9082.018,609826982.6932,1,2024-06-11 18:00:00
67397.6,67489.0,67166.3,67384.6,298313.5,2983.135,200803992.8655,1,2024-06-11 20:00:00
67384.6,67584.9,67294.6,67309.4,312615.3,3126.153,210810051.2259,1,2024-06-11 22:00:00
67309.3,67426.4,66890.0,67174.0,431612.3,4316.123,289659509.7767,1,2024-06-12 00:00:00
67174.0,67600.0,67118.7,67412.1,480787.5,4807.875,324149855.8857,1,2024-06-12 02:00:00
67412.2,67600.0,67201.0,67259.0,450763.9,4507.639,303964907.9805,1,2024-06-12 04:00:00
67259.0,67493.4,67250.0,67451.5,263642.2,2636.422,177587212.069,1,2024-06-12 06:00:00
67451.4,67796.9,67352.0,67736.4,460762.0,4607.62,311305675.6013,1,2024-06-12 08:00:00
67736.5,68068.1,67721.0,67790.0,752861.2,7528.612,511154530.1086,1,2024-06-12 10:00:00
67789.9,69675.6,67741.6,69335.2,3179883.3,31798.833,2196777995.6552,1,2024-06-12 12:00:00
69335.2,70027.8,69300.0,69740.5,1490045.9,14900.459,1039542567.3592,1,2024-06-12 14:00:00
69740.6,69890.4,69301.4,69807.4,740042.7,7400.427,515054245.8462,1,2024-06-12 16:00:00
69807.4,69816.7,67250.0,67541.6,3836124.6,38361.246,2634637997.816,1,2024-06-12 18:00:00
67541.7,68677.5,67423.9,68526.7,893734.7,8937.347,607916021.4234,1,2024-06-12 20:00:00
68526.6,68535.7,68130.7,68273.7,286024.8,2860.248,195386385.8514,1,2024-06-12 22:00:00
68273.7,68398.0,67916.3,67994.6,415968.9,4159.689,283522071.6493,1,2024-06-13 00:00:00
67994.6,68186.5,66958.3,67466.2,1329846.8,13298.468,898069572.7946,1,2024-06-13 02:00:00
67466.2,67706.7,67324.8,67594.1,489896.6,4898.966,330931730.4084,1,2024-06-13 04:00:00
67594.0,67735.0,67305.0,67734.8,397453.5,3974.535,268411270.9388,1,2024-06-13 06:00:00
67734.8,67768.4,67172.4,67412.6,537933.1,5379.331,362860879.1855,1,2024-06-13 08:00:00
67412.6,67987.0,67228.8,67735.1,743644.6,7436.446,503525878.8689,1,2024-06-13 10:00:00
67735.2,68493.0,67450.8,67606.4,1900611.5,19006.115,1291225125.51,1,2024-06-13 12:00:00
67606.3,67758.6,66302.2,66470.1,2253074.4,22530.744,1511268441.2332,1,2024-06-13 14:00:00
66470.2,67083.0,66262.8,66929.3,1212560.5,12125.605,809136135.8477,1,2024-06-13 16:00:00
66929.4,66988.0,66600.7,66616.8,353238.4,3532.384,235940444.8544,1,2024-06-13 18:00:00
66616.9,66981.8,66523.2,66974.2,288069.2,2880.692,192224170.5241,1,2024-06-13 20:00:00
66974.1,66988.0,66676.9,66772.7,223485.9,2234.859,149395588.3724,1,2024-06-13 22:00:00
66772.7,66898.7,66474.6,66798.9,404751.4,4047.514,269911941.3694,1,2024-06-14 00:00:00
66798.8,67044.0,66685.0,66756.0,409387.7,4093.877,273652232.4499,1,2024-06-14 02:00:00
66756.0,67220.1,66720.0,67057.1,471155.7,4711.557,315680695.3257,1,2024-06-14 04:00:00
67057.0,67130.6,66883.0,66915.8,374740.7,3747.407,251056954.4538,1,2024-06-14 06:00:00
66915.8,67295.6,66861.0,66913.6,640023.8,6400.238,429335243.3088,1,2024-06-14 08:00:00
66913.6,67100.0,66769.2,67032.2,358503.2,3585.032,239969717.8279,1,2024-06-14 10:00:00
67032.2,67377.4,66956.0,67073.3,614311.5,6143.115,412719815.654,1,2024-06-14 12:00:00
67075.1,67122.0,66326.5,66392.6,1391727.4,13917.274,928730538.7902,1,2024-06-14 14:00:00
66392.7,66533.3,65066.0,65403.0,3134761.0,31347.61,2057837080.8653,1,2024-06-14 16:00:00
65403.0,65698.4,65094.3,65522.5,721739.2,7217.392,471663015.1599,1,2024-06-14 18:00:00
65522.6,66656.6,65479.7,66194.5,893157.1,8931.571,590247983.2903,1,2024-06-14 20:00:00
66194.6,66251.8,65872.3,66042.9,354127.7,3541.277,233756773.4399,1,2024-06-14 22:00:00
66042.9,66308.9,65988.0,66081.7,347721.2,3477.212,230083180.7066,1,2024-06-15 00:00:00
66081.8,66275.9,66045.0,66272.1,187658.6,1876.586,124226517.9798,1,2024-06-15 02:00:00
66272.1,66394.5,66199.9,66229.9,322313.9,3223.139,213649817.2156,1,2024-06-15 04:00:00
66230.0,66422.3,66075.0,66081.9,356059.9,3560.599,235780152.8632,1,2024-06-15 06:00:00
66082.0,66283.4,66081.9,66230.8,230225.4,2302.254,152376100.817,1,2024-06-15 08:00:00
66230.7,66339.0,66193.1,66323.5,161210.2,1612.102,106859300.0253,1,2024-06-15 10:00:00
66323.5,66370.5,66215.5,66315.7,206879.8,2068.798,137174944.4682,1,2024-06-15 12:00:00
66315.6,66494.8,66170.2,66327.1,277065.7,2770.657,183742238.5854,1,2024-06-15 14:00:00
66327.3,66378.2,66133.4,66255.0,200600.8,2006.008,132892672.054,1,2024-06-15 16:00:00
66255.0,66255.0,66075.0,66163.2,128014.2,1280.142,84690745.3393,1,2024-06-15 18:00:00
66163.2,66178.2,65860.1,66124.3,270116.1,2701.161,178365575.3353,1,2024-06-15 20:00:00
66124.4,66287.1,66040.6,66216.3,155290.2,1552.902,102779401.9155,1,2024-06-15 22:00:00
66216.4,66274.1,66085.0,66180.7,162280.8,1622.808,107389587.9078,1,2024-06-16 00:00:00
66180.7,66180.8,66060.8,66136.4,103659.6,1036.596,68546560.4597,1,2024-06-16 02:00:00
66136.4,66266.0,66035.1,66266.0,189192.7,1891.927,125184819.7751,1,2024-06-16 04:00:00
66265.9,66359.9,66169.9,66273.9,202156.7,2021.567,134000623.6228,1,2024-06-16 06:00:00
66273.9,66421.6,66190.0,66404.6,216593.8,2165.938,143638669.599,1,2024-06-16 08:00:00
66404.6,66769.8,66360.0,66484.3,571269.0,5712.69,380308406.2967,1,2024-06-16 10:00:00
66484.4,66753.2,66467.7,66753.1,350512.9,3505.129,233520871.6798,1,2024-06-16 12:00:00
66753.1,66783.8,66501.7,66704.2,330459.7,3304.597,220238849.6489,1,2024-06-16 14:00:00
66704.1,66746.7,66520.0,66582.5,221131.7,2211.317,147287547.0261,1,2024-06-16 16:00:00
66582.4,66665.9,66520.1,66566.1,84153.6,841.536,56041980.1543,1,2024-06-16 18:00:00
66566.2,66613.6,66457.6,66535.0,119085.4,1190.854,79220677.62,1,2024-06-16 20:00:00
66535.0,66988.0,66535.0,66682.1,561958.3,5619.583,375287343.063,1,2024-06-16 22:00:00
66682.0,66927.8,66270.0,66464.0,632377.5,6323.775,420717366.3864,1,2024-06-17 00:00:00
66463.0,66473.8,66125.8,66230.2,478450.3,4784.503,317267075.3826,1,2024-06-17 02:00:00
66230.1,66559.6,66167.8,66359.0,421676.1,4216.761,279889259.6251,1,2024-06-17 04:00:00
66359.0,66400.0,65944.1,66185.9,771801.4,7718.014,510834894.5284,1,2024-06-17 06:00:00
66185.9,66326.3,65653.7,65731.0,738924.5,7389.245,487617236.8104,1,2024-06-17 08:00:00
65731.0,66059.8,65570.9,65822.1,763583.8,7635.838,502419806.8717,1,2024-06-17 10:00:00
65822.1,65845.5,65180.0,65207.1,1327271.1,13272.711,869618036.9806,1,2024-06-17 12:00:00
65207.1,65794.3,65126.1,65365.3,1155290.2,11552.902,756540381.3939,1,2024-06-17 14:00:00
65365.2,66617.8,65140.5,66601.9,1562211.2,15622.112,1029808982.004,1,2024-06-17 16:00:00
66602.0,67320.0,66543.3,66683.9,1795942.0,17959.42,1201325363.8293,1,2024-06-17 18:00:00
66684.0,66765.1,66171.3,66575.3,734172.4,7341.724,487909588.4213,1,2024-06-17 20:00:00
66575.3,66719.0,66374.4,66484.1,453232.9,4532.329,301650216.9599,1,2024-06-17 22:00:00
66484.1,66591.4,64556.7,65140.1,2741464.2,27414.642,1791913948.0944,1,2024-06-18 00:00:00
65140.0,65650.0,64523.1,65493.9,1428647.3,14286.473,931425865.784,1,2024-06-18 02:00:00
65493.9,65842.0,65343.4,65596.0,863274.7,8632.747,566858642.7342,1,2024-06-18 04:00:00
65596.0,65802.0,65400.7,65681.9,729225.5,7292.255,478245127.2183,1,2024-06-18 06:00:00
65681.8,65761.0,65456.7,65483.9,306798.1,3067.981,201361205.4016,1,2024-06-18 08:00:00
65483.9,65611.4,65116.0,65371.4,776353.3,7763.533,507253001.3744,1,2024-06-18 10:00:00
65371.4,65442.0,64650.0,64844.3,2055291.4,20552.914,1335580857.8925,1,2024-06-18 12:00:00
64844.3,65400.0,64158.0,64698.7,2966341.4,29663.414,1920289267.2791,1,2024-06-18 14:00:00
64699.8,64900.0,64328.0,64605.7,896842.1,8968.421,579420976.8642,1,2024-06-18 16:00:00
64606.9,64866.0,64022.0,64420.2,1008707.7,10087.077,649936399.9494,1,2024-06-18 18:00:00
64420.2,65310.3,64180.0,65216.3,880918.3,8809.183,571370538.7328,1,2024-06-18 20:00:00
65216.4,65306.2,65057.1,65178.1,466468.2,4664.682,304013032.9928,1,2024-06-18 22:00:00
65178.1,65521.7,64800.1,65037.8,1337572.1,13375.721,871296559.7366,1,2024-06-19 00:00:00
65037.9,65606.0,65011.0,65408.5,634933.5,6349.335,415048158.307,1,2024-06-19 02:00:00
65408.6,65729.2,65330.0,65420.1,550480.8,5504.808,360680857.6417,1,2024-06-19 04:00:00
65420.1,65657.3,65156.0,65334.8,512559.1,5125.591,335368728.3264,1,2024-06-19 06:00:00
65334.8,65361.9,65082.4,65308.0,519897.1,5198.971,338989141.3086,1,2024-06-19 08:00:00
65307.9,65550.0,65017.5,65217.5,694622.4,6946.224,453386989.273,1,2024-06-19 10:00:00
65217.6,65315.9,65031.7,65081.5,452933.0,4529.33,295092999.3289,1,2024-06-19 12:00:00
65081.6,65150.2,64763.1,64934.9,726365.1,7263.651,471725688.4079,1,2024-06-19 14:00:00
64934.8,65286.9,64814.7,65095.0,498876.8,4988.768,324559140.589,1,2024-06-19 16:00:00
65095.0,65170.2,64802.7,64888.6,280586.4,2805.864,182287183.592,1,2024-06-19 18:00:00
64888.7,65098.2,64616.2,65016.0,385124.4,3851.244,249789755.2722,1,2024-06-19 20:00:00
65015.9,65061.5,64793.5,64970.1,235812.9,2358.129,153085003.8392,1,2024-06-19 22:00:00
64970.0,65423.3,64840.9,65169.7,641001.1,6410.011,417456396.1803,1,2024-06-20 00:00:00
65169.8,65255.0,64976.0,65200.1,345983.5,3459.835,225399393.7043,1,2024-06-20 02:00:00
65200.2,65623.2,65089.4,65517.9,595394.7,5953.947,389088165.9083,1,2024-06-20 04:00:00
65517.9,65988.0,65387.0,65857.8,983342.1,9833.421,646387595.1558,1,2024-06-20 06:00:00
65857.9,65913.3,65571.8,65716.0,528874.2,5288.742,347495245.6863,1,2024-06-20 08:00:00
65716.0,66485.0,65642.0,66171.9,1211699.3,12116.993,802059277.207,1,2024-06-20 10:00:00
66171.9,66300.0,65150.2,65160.0,1853005.0,18530.05,1216519773.2461,1,2024-06-20 12:00:00
65160.0,65212.0,64660.0,64828.6,1587121.5,15871.215,1030491455.3881,1,2024-06-20 14:00:00
64828.7,65033.8,64550.8,64981.9,1055817.9,10558.179,683787510.3403,1,2024-06-20 16:00:00
64981.9,65233.0,64841.6,65067.3,538324.7,5383.247,350240929.3856,1,2024-06-20 18:00:00
65067.5,65200.0,65000.3,65050.1,230316.0,2303.16,149936586.3052,1,2024-06-20 20:00:00
65050.0,65168.0,64868.7,64887.9,208720.5,2087.205,135694666.0333,1,2024-06-20 22:00:00
64888.0,65030.0,64637.8,64987.9,597951.4,5979.514,387672683.4975,1,2024-06-21 00:00:00
64987.9,65083.0,64342.0,64502.6,724905.5,7249.055,469182995.2787,1,2024-06-21 02:00:00
64502.6,64688.9,64305.0,64668.0,646848.9,6468.489,417565271.1687,1,2024-06-21 04:00:00
64667.9,64748.9,64188.0,64208.6,576822.7,5768.227,371891115.0674,1,2024-06-21 06:00:00
64208.7,64374.3,63512.1,64097.5,2199252.9,21992.529,1405718282.203,1,2024-06-21 08:00:00
64097.6,64175.1,63674.0,63774.7,661271.1,6612.711,422606791.8083,1,2024-06-21 10:00:00
63774.6,63941.9,63360.0,63626.6,1325726.1,13257.261,844008974.3116,1,2024-06-21 12:00:00
63626.6,64365.0,63434.0,63726.7,1642875.2,16428.752,1050214741.5076,1,2024-06-21 14:00:00
63726.6,63894.7,63458.8,63659.9,693924.5,6939.245,441918243.3257,1,2024-06-21 16:00:00
63660.0,64268.0,63628.4,64230.0,653270.7,6532.707,418286462.7724,1,2024-06-21 18:00:00
64230.0,64478.2,63841.0,64081.9,490337.9,4903.379,314810345.6057,1,2024-06-21 20:00:00
64082.0,64234.4,64067.2,64152.4,211517.7,2115.177,135672725.4199,1,2024-06-21 22:00:00
64152.5,64222.2,63932.0,64150.1,225991.1,2259.911,144842092.154,1,2024-06-22 00:00:00
64150.0,64343.9,64150.0,64318.5,269912.6,2699.126,173510414.8236,1,2024-06-22 02:00:00
64318.5,64421.8,64240.8,64415.0,275676.1,2756.761,177341400.4725,1,2024-06-22 04:00:00
64415.0,64539.8,64309.9,64521.6,489962.5,4899.625,315670283.6304,1,2024-06-22 06:00:00
64521.5,64533.4,64200.0,64330.3,548953.3,5489.533,353169019.142,1,2024-06-22 08:00:00
64330.4,64383.0,64250.0,64281.5,177130.2,1771.302,113906603.0211,1,2024-06-22 10:00:00
64281.6,64345.0,64255.2,64283.3,126580.6,1265.806,81390676.7551,1,2024-06-22 12:00:00
64283.2,64400.0,64250.0,64308.5,195739.7,1957.397,125872115.4675,1,2024-06-22 14:00:00
64308.5,64363.2,64250.0,64255.1,151286.5,1512.865,97280821.4465,1,2024-06-22 16:00:00
64255.2,64328.0,64223.7,64298.2,86932.0,869.32,55873518.8452,1,2024-06-22 18:00:00
64298.3,64340.2,64250.0,64319.9,101314.2,1013.142,65135283.2357,1,2024-06-22 20:00:00
64319.9,64331.3,64253.8,64266.3,88669.5,886.695,57009312.9548,1,2024-06-22 22:00:00
64266.3,64529.6,64266.3,64471.6,330793.7,3307.937,213144282.0065,1,2024-06-23 00:00:00
64471.7,64518.0,64368.2,64419.7,150053.3,1500.533,96716332.4155,1,2024-06-23 02:00:00
64419.7,64450.7,64350.0,64378.9,136780.0,1367.8,88083731.7992,1,2024-06-23 04:00:00
64378.9,64437.0,64377.0,64416.1,79728.5,797.285,51345402.5782,1,2024-06-23 06:00:00
64416.1,64437.3,64374.9,64409.9,84761.1,847.611,54591154.3926,1,2024-06-23 08:00:00
64409.9,64410.0,64251.3,64346.7,220268.8,2202.688,141687143.084,1,2024-06-23 10:00:00
64346.7,64439.1,64265.0,64312.3,134340.1,1343.401,86436974.3377,1,2024-06-23 12:00:00
64312.4,64327.8,64070.1,64103.5,403394.8,4033.948,258926945.3508,1,2024-06-23 14:00:00
64103.5,64195.0,63925.0,64130.1,402219.8,4022.198,257690328.9997,1,2024-06-23 16:00:00
64130.1,64196.4,64077.1,64155.0,119078.2,1190.782,76365937.3561,1,2024-06-23 18:00:00
64155.0,64165.2,63531.0,63838.9,580379.0,5803.79,370056718.6059,1,2024-06-23 20:00:00
63838.8,63838.9,63160.8,63203.8,703333.8,7033.338,446192889.4947,1,2024-06-23 22:00:00
63203.8,63342.0,62903.3,63310.7,1294519.0,12945.19,816986644.5721,1,2024-06-24 00:00:00
63310.7,63370.7,62666.8,62867.9,909529.6,9095.296,572475129.2608,1,2024-06-24 02:00:00
62868.0,62954.0,62266.3,62310.8,1377805.9,13778.059,862343815.2221,1,2024-06-24 04:00:00
62310.9,62587.0,62158.4,62457.1,1050172.2,10501.722,654697306.0809,1,2024-06-24 06:00:00
62457.1,62963.2,60600.0,61394.1,3701244.5,37012.445,2283423394.6006,1,2024-06-24 08:00:00
61394.0,61571.6,60834.1,61282.3,1357235.2,13572.352,830795011.0059,1,2024-06-24 10:00:00
61282.0,61650.0,60937.2,61577.9,1153151.8,11531.518,706905992.0581,1,2024-06-24 12:00:00
61577.9,61699.9,60680.0,60853.1,1310065.6,13100.656,801715991.1914,1,2024-06-24 14:00:00
60853.2,61056.1,59788.0,60257.4,3474471.3,34744.713,2096581562.5961,1,2024-06-24 16:00:00
60258.2,60486.7,59051.5,59322.1,2156361.0,21563.61,1290801079.1861,1,2024-06-24 18:00:00
59319.6,60123.2,58351.0,60110.1,2517762.0,25177.62,1491472615.3452,1,2024-06-24 20:00:00
60110.2,60430.0,59969.5,60280.3,657991.9,6579.919,396027830.0651,1,2024-06-24 22:00:00
60280.2,60645.9,60243.0,60491.4,528415.4,5284.154,319189258.2939,1,2024-06-25 00:00:00
60491.4,61589.8,60404.0,61299.9,1449140.6,14491.406,885527997.463,1,2024-06-25 02:00:00
61300.0,61420.0,60939.0,61030.1,708877.1,7088.771,434018055.6499,1,2024-06-25 04:00:00
61030.1,61252.0,60632.9,60693.2,785236.6,7852.366,478550180.1415,1,2024-06-25 06:00:00
60693.3,61622.4,60681.4,61454.7,993548.6,9935.486,607237431.2351,1,2024-06-25 08:00:00
61454.6,61502.8,61110.5,61188.2,667609.1,6676.091,409295816.6812,1,2024-06-25 10:00:00
61188.2,61443.7,60957.1,61199.9,807326.7,8073.267,493799719.3662,1,2024-06-25 12:00:00
61200.0,62150.0,61152.1,61819.6,2118430.8,21184.308,1307986407.1164,1,2024-06-25 14:00:00
61819.6,61943.1,61333.6,61393.0,724004.6,7240.046,446010309.456,1,2024-06-25 16:00:00
61393.0,62438.0,61134.0,61979.2,1522659.9,15226.599,942651219.8245,1,2024-06-25 18:00:00
61977.5,62082.4,61811.0,61921.0,203599.9,2035.999,126134116.0545,1,2024-06-25 20:00:00
61921.0,62150.0,61653.9,61793.8,387074.1,3870.741,239474337.5925,1,2024-06-25 22:00:00
61793.9,62177.0,61628.9,62077.0,435568.4,4355.684,269654051.2528,1,2024-06-26 00:00:00
62077.1,62491.5,61840.1,61925.9,718546.3,7185.463,446599669.9925,1,2024-06-26 02:00:00
61925.9,61984.4,61565.5,61570.3,509821.3,5098.213,314698274.6491,1,2024-06-26 04:00:00
61570.3,61820.7,61530.0,61732.1,397649.2,3976.492,245145676.5545,1,2024-06-26 06:00:00
61732.1,61763.9,61313.8,61379.6,491122.9,4911.229,301917718.5284,1,2024-06-26 08:00:00
61379.5,61570.6,61161.6,61443.5,566369.1,5663.691,347370544.04,1,2024-06-26 10:00:00
61443.5,61834.7,61330.0,61754.0,602790.1,6027.901,371152023.9774,1,2024-06-26 12:00:00
61754.0,61988.0,61179.7,61480.0,1119108.2,11191.082,689031933.2597,1,2024-06-26 14:00:00
61480.0,61551.0,60855.0,61257.1,1146333.1,11463.331,701020580.4292,1,2024-06-26 16:00:00
61257.1,61257.1,60720.0,61002.1,770935.4,7709.354,469749785.8232,1,2024-06-26 18:00:00
61002.1,61170.9,60720.0,61071.1,401699.5,4016.995,244820621.2794,1,2024-06-26 20:00:00
61071.1,61071.1,60786.8,60864.9,271471.2,2714.712,165340643.1317,1,2024-06-26 22:00:00
60864.9,61162.5,60765.2,61060.2,337376.6,3373.766,205713213.1704,1,2024-06-27 00:00:00
61061.4,61299.6,60869.9,61035.7,413689.6,4136.896,252568788.6374,1,2024-06-27 02:00:00
61035.7,61188.0,60802.1,60810.8,314962.0,3149.62,192190823.9213,1,2024-06-27 04:00:00
60810.7,60919.9,60620.0,60803.3,513916.2,5139.162,312245898.9697,1,2024-06-27 06:00:00
60803.3,61349.9,60737.5,61286.0,560694.4,5606.944,342222790.8562,1,2024-06-27 08:00:00
61286.0,61455.9,61082.1,61194.2,537198.9,5371.989,329010096.5251,1,2024-06-27 10:00:00
61194.1,61998.6,61153.4,61990.0,1848023.6,18480.236,1137665158.7974,1,2024-06-27 12:00:00
61990.0,62400.0,61525.0,61582.0,1706586.3,17065.863,1057343087.7157,1,2024-06-27 14:00:00
61580.3,62022.5,61530.0,61828.2,591000.1,5910.001,365084848.7001,1,2024-06-27 16:00:00
61828.1,61930.0,61409.6,61454.8,402063.6,4020.636,247863198.3643,1,2024-06-27 18:00:00
61454.8,61598.1,61362.7,61546.1,243500.1,2435.001,149751709.853,1,2024-06-27 20:00:00
61546.2,61716.2,61517.3,61702.3,270603.7,2706.037,166793835.928,1,2024-06-27 22:00:00
61702.4,62230.0,61475.9,62081.0,685645.9,6856.459,424124474.5597,1,2024-06-28 00:00:00
62081.1,62138.0,61569.9,61817.2,556887.3,5568.873,344276481.7754,1,2024-06-28 02:00:00
61817.1,61826.5,61481.0,61607.3,474970.0,4749.7,292579442.2493,1,2024-06-28 04:00:00
61607.3,61676.3,61233.0,61344.0,579158.1,5791.581,355896590.03,1,2024-06-28 06:00:00
61344.0,61595.0,61213.0,61555.0,459854.6,4598.546,282377915.6059,1,2024-06-28 08:00:00
61555.0,61799.0,61451.6,61698.2,433285.1,4332.851,266997260.4626,1,2024-06-28 10:00:00
61698.3,61880.0,61235.2,61296.3,1657455.1,16574.551,1019995037.0951,1,2024-06-28 12:00:00
61296.3,61513.8,60755.0,61058.8,1486472.3,14864.723,907618586.9163,1,2024-06-28 14:00:00
61058.8,61115.9,60640.0,60827.6,856920.4,8569.204,521650678.3336,1,2024-06-28 16:00:00
60827.6,60883.5,60102.0,60144.3,1196736.1,11967.361,723248165.6959,1,2024-06-28 18:00:00
60144.5,60420.0,60050.0,60370.4,501952.8,5019.528,302444805.9455,1,2024-06-28 20:00:00
60370.5,60458.8,60292.1,60430.9,221080.3,2210.803,133505880.8267,1,2024-06-28 22:00:00
60431.0,60998.7,60405.0,60889.6,882236.5,8822.365,535795879.2723,1,2024-06-29 00:00:00
60889.7,60978.0,60695.0,60755.3,268553.0,2685.53,163260812.5132,1,2024-06-29 02:00:00
60755.4,60795.8,60686.2,60753.5,154673.2,1546.732,93948698.8584,1,2024-06-29 04:00:00
60753.6,61127.9,60734.1,61043.1,522282.9,5222.829,318576473.8711,1,2024-06-29 06:00:00
61043.1,61070.0,60888.0,60971.6,252469.9,2524.699,153916493.0162,1,2024-06-29 08:00:00
60971.6,61227.5,60910.0,61098.0,384945.9,3849.459,235205332.613,1,2024-06-29 10:00:00
61097.9,61189.4,60980.0,61094.0,301052.9,3010.529,183927395.5883,1,2024-06-29 12:00:00
61093.9,61167.7,60944.9,61115.0,263768.5,2637.685,160971798.167,1,2024-06-29 14:00:00
61114.9,61133.3,60906.6,61027.5,203502.8,2035.028,124113610.5891,1,2024-06-29 16:00:00
61027.5,61081.4,60927.4,61050.7,111123.2,1111.232,67803052.3251,1,2024-06-29 18:00:00
61050.6,61118.1,60940.0,61054.2,179290.3,1792.903,109436943.5368,1,2024-06-29 20:00:00
61054.2,61061.9,60829.3,60992.1,164719.4,1647.194,100420372.1234,1,2024-06-29 22:00:00
60992.2,61098.9,60914.4,60964.0,219823.9,2198.239,134102128.4957,1,2024-06-30 00:00:00
60964.0,60964.3,60762.0,60905.2,359496.2,3594.962,218800464.037,1,2024-06-30 02:00:00
60905.3,60908.4,60709.9,60795.5,207381.8,2073.818,126061328.8357,1,2024-06-30 04:00:00
60795.5,61799.2,60770.0,61528.9,1328615.5,13286.155,816415853.9496,1,2024-06-30 06:00:00
61528.9,61710.0,61384.0,61519.1,466908.3,4669.083,287393793.8307,1,2024-06-30 08:00:00
61519.1,61672.3,61487.0,61551.9,242457.5,2424.575,149299331.6662,1,2024-06-30 10:00:00
61552.0,61746.8,61330.0,61712.6,512267.7,5122.677,315346626.5424,1,2024-06-30 12:00:00
61712.7,61878.8,61526.1,61720.0,502624.3,5026.243,310078232.261,1,2024-06-30 14:00:00
61720.0,61873.0,61580.0,61710.1,373332.2,3733.322,230485900.7311,1,2024-06-30 16:00:00
61710.0,62122.9,61680.0,62022.8,550537.1,5505.371,341159408.1626,1,2024-06-30 18:00:00
62022.7,62399.9,61819.9,61937.1,577920.9,5779.209,359054123.0197,1,2024-06-30 20:00:00
61937.1,63091.9,61929.0,62769.8,1300986.2,13009.862,816172230.3647,1,2024-06-30 22:00:00
62769.9,63731.8,62570.0,63640.7,1622631.7,16226.317,1026884130.1939,1,2024-07-01 00:00:00
63640.7,63840.0,63300.0,63436.0,906264.4,9062.644,575815710.1632,1,2024-07-01 02:00:00
63437.3,63470.8,63216.0,63423.4,383312.0,3833.12,242778945.1731,1,2024-07-01 04:00:00
63423.4,63474.3,63250.0,63276.8,302253.5,3022.535,191490425.8018,1,2024-07-01 06:00:00
63276.8,63325.1,62789.0,62949.9,755321.9,7553.219,475866907.5199,1,2024-07-01 08:00:00
62949.9,63012.1,62607.0,62679.6,583836.9,5838.369,366607169.7385,1,2024-07-01 10:00:00
62679.6,63096.5,62518.0,62695.5,997004.0,9970.04,626033549.7814,1,2024-07-01 12:00:00
62695.6,63179.0,62613.3,63126.3,901788.0,9017.88,567149627.3856,1,2024-07-01 14:00:00
63126.3,63688.0,62958.1,63686.0,994238.4,9942.384,629527973.6954,1,2024-07-01 16:00:00
63685.9,63866.0,63066.7,63221.6,1081817.7,10818.177,686890729.96,1,2024-07-01 18:00:00
63221.7,63428.0,63036.2,63129.6,306440.8,3064.408,193826081.6052,1,2024-07-01 20:00:00
63129.7,63171.2,62816.0,62905.3,431799.2,4317.992,271788038.1011,1,2024-07-01 22:00:00
62905.3,62993.7,62786.5,62929.9,342877.4,3428.774,215687587.6271,1,2024-07-02 00:00:00
62929.9,63298.7,62918.7,63130.9,374604.9,3746.049,236359403.1862,1,2024-07-02 02:00:00
63130.9,63248.4,62992.1,63025.9,265471.8,2654.718,167509672.8276,1,2024-07-02 04:00:00
63025.8,63050.0,62577.0,62638.7,735219.6,7352.196,461499018.5853,1,2024-07-02 06:00:00
62638.6,62793.3,62409.9,62658.0,632386.9,6323.869,396023760.4387,1,2024-07-02 08:00:00
62656.7,62873.5,62500.4,62827.8,439444.1,4394.441,275595591.0574,1,2024-07-02 10:00:00
62827.9,63165.0,62531.1,62629.0,999879.2,9998.792,628576732.4747,1,2024-07-02 12:00:00
62629.1,62751.3,61836.9,61958.4,2161522.3,21615.223,1343996091.2001,1,2024-07-02 14:00:00
61958.5,62179.4,61830.0,62163.5,588350.9,5883.509,364528118.0889,1,2024-07-02 16:00:00
62163.5,62375.0,61901.0,61959.5,634881.2,6348.812,394795136.8767,1,2024-07-02 18:00:00
61959.4,62103.0,61881.1,61956.0,275072.7,2750.727,170600656.1752,1,2024-07-02 20:00:00
61955.9,62195.6,61955.9,62129.9,226299.7,2262.997,140521529.3143,1,2024-07-02 22:00:00
62129.9,62292.1,61268.0,61633.5,1068731.1,10687.311,660418564.0318,1,2024-07-03 00:00:00
61633.5,61633.7,60601.1,60990.1,1779378.4,17793.784,1088263465.5496,1,2024-07-03 02:00:00
60990.0,61119.7,60815.8,61118.9,623758.4,6237.584,380151839.3128,1,2024-07-03 04:00:00
61118.8,61185.8,60840.5,60874.2,523607.6,5236.076,319506220.507,1,2024-07-03 06:00:00
60871.6,60997.2,60304.0,60616.3,1315671.1,13156.711,798220752.4496,1,2024-07-03 08:00:00
60616.3,60636.7,59531.3,60393.7,2410129.1,24101.291,1449996964.8723,1,2024-07-03 10:00:00
60393.7,60644.6,59760.0,60589.9,1624542.9,16245.429,978332058.4735,1,2024-07-03 12:00:00
60589.9,60778.0,59964.3,60187.1,1327683.9,13276.839,800955980.7876,1,2024-07-03 14:00:00
60187.2,60664.8,60090.1,60367.1,897790.9,8977.909,542516108.6699,1,2024-07-03 16:00:00
60367.1,60439.0,59640.5,59661.7,827388.6,8273.886,496640822.0859,1,2024-07-03 18:00:00
59660.5,60349.2,59365.0,60242.9,911587.0,9115.87,544704972.8911,1,2024-07-03 20:00:00
60242.8,60371.7,60121.1,60213.9,275477.1,2754.771,166036982.5622,1,2024-07-03 22:00:00
60214.0,60503.8,58429.8,58587.5,2347156.0,23471.56,1396213921.0864,1,2024-07-04 00:00:00
58587.5,59158.1,57796.9,59105.8,2301185.1,23011.851,1349474589.0161,1,2024-07-04 02:00:00
59105.7,59160.0,58724.0,58892.5,655501.1,6555.011,386266265.7091,1,2024-07-04 04:00:00
58896.8,59096.7,58088.8,58237.5,1602911.7,16029.117,939641258.949,1,2024-07-04 06:00:00
58237.5,58508.4,56968.6,57740.3,3500905.7,35009.057,2018622388.7678,1,2024-07-04 08:00:00
57740.3,58104.0,57431.0,57762.0,1147451.0,11474.51,662737803.1172,1,2024-07-04 10:00:00
57762.0,57762.0,56758.0,57421.2,2463891.8,24638.918,1409810743.2068,1,2024-07-04 12:00:00
57421.3,58352.0,56851.9,58140.1,2142621.4,21426.214,1233748460.9929,1,2024-07-04 14:00:00
58140.2,58387.9,57740.0,58240.5,1142727.4,11427.274,663820672.2756,1,2024-07-04 16:00:00
58240.6,58675.4,57932.3,58279.8,831335.4,8313.354,484768346.9648,1,2024-07-04 18:00:00
58279.7,58650.0,58130.8,58491.8,286764.0,2867.64,167288188.8782,1,2024-07-04 20:00:00
58491.8,58821.8,56825.0,57065.2,1874827.2,18748.272,1080762108.9102,1,2024-07-04 22:00:00
57065.2,57559.5,56670.0,57177.5,2327485.7,23274.857,1328904568.5422,1,2024-07-05 00:00:00
57177.5,57250.0,54958.8,55240.6,4891198.8,48911.988,2736615866.7582,1,2024-07-05 02:00:00
55240.6,55370.3,53222.3,54798.9,3973974.9,39739.749,2159071586.8371,1,2024-07-05 04:00:00
54798.9,54800.0,53869.3,54401.1,1799133.5,17991.335,975941050.3357,1,2024-07-05 06:00:00
54401.2,54737.0,53888.0,54523.1,1658241.0,16582.41,899881223.5118,1,2024-07-05 08:00:00
54523.0,55662.4,54400.0,55490.0,2345173.4,23451.734,1293186536.7863,1,2024-07-05 10:00:00
55489.9,56070.0,54841.5,55838.9,3053967.8,30539.678,1693802838.3802,1,2024-07-05 12:00:00
55841.9,56698.9,55341.5,56678.3,2299588.0,22995.88,1289814141.2597,1,2024-07-05 14:00:00
56678.3,57065.4,56158.0,56470.2,1764123.6,17641.236,998538402.0263,1,2024-07-05 16:00:00
56470.2,56760.0,55820.0,56469.8,1287770.3,12877.703,725965141.6727,1,2024-07-05 18:00:00
56469.9,56810.9,56318.5,56520.7,318704.0,3187.04,180004290.7607,1,2024-07-05 20:00:00
56519.0,56868.1,56402.0,56620.0,371709.8,3717.098,210648586.6525,1,2024-07-05 22:00:00
56620.0,57022.9,56209.8,56222.2,959213.9,9592.139,542562321.4294,1,2024-07-06 00:00:00
56222.2,56526.8,56177.1,56411.3,448326.1,4483.261,252569004.3799,1,2024-07-06 02:00:00
56411.2,56491.6,56027.7,56359.5,691766.8,6917.668,389167287.7602,1,2024-07-06 04:00:00
56359.6,56678.0,56347.1,56595.5,457960.4,4579.604,258980508.3499,1,2024-07-06 06:00:00
56595.4,56775.8,56438.8,56768.4,313971.4,3139.714,177694222.3091,1,2024-07-06 08:00:00
56768.5,56894.8,56650.8,56736.8,419127.3,4191.273,237919215.512,1,2024-07-06 10:00:00
56736.8,57400.0,56505.0,56994.9,868740.0,8687.4,494665953.0718,1,2024-07-06 12:00:00
56994.9,57466.4,56713.2,57310.2,1018171.6,10181.716,581352858.3085,1,2024-07-06 14:00:00
57310.2,58138.1,57182.2,57966.4,1312306.9,13123.069,758085127.6473,1,2024-07-06 16:00:00
57966.4,58028.8,57732.2,57862.2,344344.0,3443.44,199180681.6716,1,2024-07-06 18:00:00
57862.3,58287.9,57831.1,57877.2,453145.9,4531.459,263020502.6689,1,2024-07-06 20:00:00
57877.2,58499.8,57877.2,58233.1,597991.1,5979.911,348435356.6842,1,2024-07-06 22:00:00
58233.1,58325.0,57838.0,58115.0,530456.1,5304.561,307831915.0202,1,2024-07-07 00:00:00
58115.0,58456.0,57865.9,57963.5,936902.7,9369.027,544517276.9714,1,2024-07-07 02:00:00
57963.5,58008.0,57423.0,57657.0,926112.3,9261.123,534654819.7057,1,2024-07-07 04:00:00
57657.1,57802.9,57066.0,57375.6,739744.0,7397.44,424573371.9219,1,2024-07-07 06:00:00
57375.9,57747.6,57372.5,57737.4,530659.9,5306.599,305591188.2905,1,2024-07-07 08:00:00
57737.4,57930.6,57347.4,57459.4,651392.4,6513.924,375329891.556,1,2024-07-07 10:00:00
57459.3,57657.7,56771.6,56879.0,929408.4,9294.084,530492406.1144,1,2024-07-07 12:00:00
56879.0,57063.0,56568.0,56832.0,838823.9,8388.239,476454430.338,1,2024-07-07 14:00:00
56832.1,57312.0,56752.5,57239.8,594179.4,5941.794,338910048.072,1,2024-07-07 16:00:00
57239.7,57398.7,57022.0,57154.5,275064.9,2750.649,157373271.4095,1,2024-07-07 18:00:00
57154.5,57326.0,56196.2,56590.5,761876.1,7618.761,431406153.1582,1,2024-07-07 20:00:00
56587.7,56797.5,55727.6,55870.1,1042175.9,10421.759,586041493.6869,1,2024-07-07 22:00:00
55870.0,56030.0,54280.0,54963.8,2773890.7,27738.907,1526515237.9913,1,2024-07-08 00:00:00
54963.7,55484.0,54600.0,55160.0,1643094.8,16430.948,906512747.4482,1,2024-07-08 02:00:00
55160.0,55700.0,54959.2,55479.0,902871.9,9028.719,500522027.2496,1,2024-07-08 04:00:00
55479.1,55896.0,55205.9,55849.5,828558.0,8285.58,461241878.503,1,2024-07-08 06:00:00
55849.4,58226.4,55726.8,57520.1,3502338.5,35023.385,2001244466.8379,1,2024-07-08 08:00:00
57520.0,57719.7,56693.3,57158.8,1496505.1,14965.051,855411606.3164,1,2024-07-08 10:00:00
57158.7,57629.8,56801.7,57234.6,1204270.1,12042.701,688629742.0812,1,2024-07-08 12:00:00
57234.7,57318.7,54901.6,55760.2,4265613.7,42656.137,2389876641.3131,1,2024-07-08 14:00:00
55760.2,56379.4,55417.7,56287.2,1224520.2,12245.202,684414386.6705,1,2024-07-08 16:00:00
56287.1,56566.0,56148.7,56480.7,596888.0,5968.88,336384800.5153,1,2024-07-08 18:00:00
56482.9,56853.3,56201.0,56650.0,606542.3,6065.423,342518384.3995,1,2024-07-08 20:00:00
56650.1,56974.1,56551.8,56719.1,457971.7,4579.717,259877788.8761,1,2024-07-08 22:00:00
56719.1,57299.4,56285.9,56562.8,1220892.0,12208.92,692840654.9148,1,2024-07-09 00:00:00
56562.9,57374.8,56333.1,57171.0,1002545.6,10025.456,571045910.4463,1,2024-07-09 02:00:00
57171.0,57443.1,57101.6,57291.4,721793.6,7217.936,413349269.8182,1,2024-07-09 04:00:00
57291.4,57776.9,56993.9,57116.4,1080173.5,10801.735,619645739.9497,1,2024-07-09 06:00:00
57116.3,57922.0,57019.9,57582.3,1312889.0,13128.89,755881194.1585,1,2024-07-09 08:00:00
57582.0,57668.6,57223.4,57430.9,504334.1,5043.341,289653656.2724,1,2024-07-09 10:00:00
57430.0,57569.1,56942.3,57338.4,780446.1,7804.461,446929880.7849,1,2024-07-09 12:00:00
57338.5,58143.0,56888.9,57470.5,2236098.5,22360.985,1285034389.1291,1,2024-07-09 14:00:00
57470.5,57866.0,57358.2,57525.5,755757.7,7557.577,435204822.6076,1,2024-07-09 16:00:00
57525.6,58333.0,57439.3,57859.9,1003199.8,10031.998,581098593.6862,1,2024-07-09 18:00:00
57859.8,58109.2,57700.0,57799.4,297756.3,2977.563,172413755.107,1,2024-07-09 20:00:00
57799.5,58276.4,57715.0,58044.1,362856.6,3628.566,210418977.6692,1,2024-07-09 22:00:00
58044.2,58044.2,57328.1,57789.7,747891.0,7478.91,431325942.7847,1,2024-07-10 00:00:00
57789.7,58219.3,57635.8,58181.7,503010.9,5030.109,291499917.0038,1,2024-07-10 02:00:00
58178.4,59481.7,58178.3,58974.3,2616751.0,26167.51,1542588314.4895,1,2024-07-10 04:00:00
58974.3,59317.1,58831.8,58978.6,723137.4,7231.374,427248009.9763,1,2024-07-10 06:00:00
58978.6,59042.3,58394.0,58494.9,1113269.2,11132.692,652826316.207,1,2024-07-10 08:00:00
58495.8,58736.5,58316.0,58496.7,625775.4,6257.754,366411953.2045,1,2024-07-10 10:00:00
58496.7,58572.4,57511.0,57762.7,1954910.3,19549.103,1133093364.3477,1,2024-07-10 12:00:00
57766.1,58034.8,57484.6,57700.0,978031.3,9780.313,564879827.936,1,2024-07-10 14:00:00
57700.1,58018.6,57431.3,57638.3,749972.1,7499.721,432922245.2128,1,2024-07-10 16:00:00
57638.2,57798.0,57350.4,57400.0,442374.8,4423.748,254477207.2651,1,2024-07-10 18:00:00
57400.0,57567.9,57156.0,57433.9,484954.6,4849.546,278185297.3005,1,2024-07-10 20:00:00
57433.8,57868.3,57419.9,57720.4,421079.2,4210.792,242963658.416,1,2024-07-10 22:00:00
57724.7,58399.2,57366.1,58276.0,876224.5,8762.245,507362731.1808,1,2024-07-11 00:00:00
58276.0,58370.0,57001.2,57560.1,1216875.6,12168.756,700789570.243,1,2024-07-11 02:00:00
57560.2,58106.5,57477.0,57989.6,564473.4,5644.734,326157676.5792,1,2024-07-11 04:00:00
57989.7,58315.8,57866.0,58190.2,539400.6,5394.006,313345249.1278,1,2024-07-11 06:00:00
58191.0,58389.0,58043.5,58285.8,562205.4,5622.054,327262243.784,1,2024-07-11 08:00:00
58285.8,58893.0,58169.7,58765.6,1041200.2,10412.002,609459762.3022,1,2024-07-11 10:00:00
58765.6,59671.5,58255.0,58565.0,3013404.9,30134.049,1775510287.0146,1,2024-07-11 12:00:00
58565.1,58676.8,57260.0,57405.8,2109356.9,21093.569,1219355969.965,1,2024-07-11 14:00:00
57405.7,57933.8,57170.5,57799.9,866841.6,8668.416,499218713.0795,1,2024-07-11 16:00:00
57800.0,57989.9,57336.1,57381.6,564417.7,5644.177,325407117.737,1,2024-07-11 18:00:00
57381.2,57635.0,57200.0,57468.4,357135.6,3571.356,205074671.2216,1,2024-07-11 20:00:00
57468.3,57548.1,57138.9,57346.3,440011.1,4400.111,252209254.677,1,2024-07-11 22:00:00
57347.1,57580.1,56535.5,56948.1,1206340.7,12063.407,687267441.2754,1,2024-07-12 00:00:00
56948.0,57422.0,56856.0,56921.5,788954.2,7889.542,450783990.8972,1,2024-07-12 02:00:00
56921.6,57120.6,56713.5,57030.1,432462.0,4324.62,246276000.8265,1,2024-07-12 04:00:00
57030.1,57409.0,56825.4,57096.9,807674.6,8076.746,461482916.5294,1,2024-07-12 06:00:00
57097.0,57331.9,56872.0,56964.0,679643.1,6796.431,388345589.0398,1,2024-07-12 08:00:00
56964.0,57275.0,56769.5,57209.0,585292.8,5852.928,333996948.9129,1,2024-07-12 10:00:00
57209.0,57999.0,57086.1,57837.5,1484800.6,14848.006,853722801.1051,1,2024-07-12 12:00:00
57837.5,58273.9,57677.0,58206.1,1140150.3,11401.503,660840710.8636,1,2024-07-12 14:00:00
58206.1,58437.6,57932.0,58170.7,823714.4,8237.144,479001772.5508,1,2024-07-12 16:00:00
58170.6,58576.0,57507.6,57582.5,1270178.1,12701.781,737503962.5804,1,2024-07-12 18:00:00
57582.0,57691.8,57155.1,57601.8,737079.8,7370.798,423657784.8812,1,2024-07-12 20:00:00
57601.7,57916.2,57575.0,57902.0,260878.5,2608.785,150762001.2243,1,2024-07-12 22:00:00
57899.7,57975.0,57750.1,57889.9,247808.9,2478.089,143398772.4099,1,2024-07-13 00:00:00
57890.0,57994.3,57764.7,57822.4,247109.7,2471.097,143005548.4388,1,2024-07-13 02:00:00
57822.4,58168.7,57756.0,58069.8,352064.8,3520.648,203941158.3507,1,2024-07-13 04:00:00
58069.9,58247.6,57999.7,58168.9,337472.5,3374.725,196054216.5549,1,2024-07-13 06:00:00
58168.9,58873.1,57904.1,58665.7,884831.7,8848.317,516245346.7051,1,2024-07-13 08:00:00
58665.7,58760.0,58337.0,58536.7,713422.2,7134.222,417630430.9123,1,2024-07-13 10:00:00
58536.8,58926.9,58435.0,58614.0,868173.6,8681.736,509620579.7088,1,2024-07-13 12:00:00
58615.2,58908.1,58471.1,58844.1,548693.5,5486.935,322138839.0734,1,2024-07-13 14:00:00
58844.1,58977.8,58565.2,58719.3,497677.0,4976.77,292403959.9999,1,2024-07-13 16:00:00
58719.3,58813.9,58574.0,58622.7,160353.8,1603.538,94090473.0856,1,2024-07-13 18:00:00
58622.6,58705.3,58570.0,58697.9,127697.4,1276.974,74857118.4131,1,2024-07-13 20:00:00
58697.9,59887.9,58238.2,59205.2,2041044.2,20410.442,1208467283.9011,1,2024-07-13 22:00:00
59205.2,59846.2,59196.0,59705.4,1000508.7,10005.087,595859537.9268,1,2024-07-14 00:00:00
59705.3,59750.0,59280.0,59466.0,467382.7,4673.827,277806887.7352,1,2024-07-14 02:00:00
59466.1,60307.7,59422.0,60274.6,1598281.8,15982.818,958648601.5926,1,2024-07-14 04:00:00
60274.6,60336.0,59794.9,60057.2,680873.9,6808.739,408767592.5141,1,2024-07-14 06:00:00
60057.2,60419.1,60053.4,60189.5,730983.6,7309.836,440344305.2281,1,2024-07-14 08:00:00
60189.4,60234.7,59900.5,60110.0,452895.2,4528.952,271968708.0599,1,2024-07-14 10:00:00
60110.1,60115.9,59580.0,59698.9,688085.4,6880.854,411120966.5687,1,2024-07-14 12:00:00
59698.8,60249.0,59464.8,60088.0,933716.1,9337.161,559315898.9263,1,2024-07-14 14:00:00
60087.9,60190.0,59883.5,60007.1,335768.1,3357.681,201527040.603,1,2024-07-14 16:00:00
60007.0,60084.0,59887.7,59910.1,133888.8,1338.888,80288021.3119,1,2024-07-14 18:00:00
59910.0,61473.2,59864.5,61301.4,1593061.8,15930.618,966831175.4728,1,2024-07-14 20:00:00
61304.8,61402.2,60701.1,60789.8,929436.1,9294.361,566618092.7941,1,2024-07-14 22:00:00
60789.7,61811.0,60638.8,61395.4,1394350.2,13943.502,854894364.1013,1,2024-07-15 00:00:00
61395.4,62805.4,61295.0,62645.7,2259332.4,22593.324,1407497417.7857,1,2024-07-15 02:00:00
62645.8,62980.0,62436.7,62811.2,1028820.3,10288.203,645062316.5457,1,2024-07-15 04:00:00
62811.2,63118.6,62710.6,62848.4,907285.6,9072.856,570754471.334,1,2024-07-15 06:00:00
62848.1,63280.7,62553.1,62651.0,1266281.7,12662.817,796034673.4,1,2024-07-15 08:00:00
62651.1,62831.9,62300.0,62466.0,755896.4,7558.964,472749677.2409,1,2024-07-15 10:00:00
62466.0,62990.0,62454.2,62917.1,1093705.4,10937.054,686242487.8096,1,2024-07-15 12:00:00
62917.6,63330.0,62728.8,63019.1,1357931.0,13579.31,855944636.9358,1,2024-07-15 14:00:00
63019.1,63777.0,62855.3,63087.0,1653795.5,16537.955,1048424230.841,1,2024-07-15 16:00:00
63087.0,63813.0,63001.0,63353.7,1285869.2,12858.692,816129643.6219,1,2024-07-15 18:00:00
63353.7,63796.6,63252.9,63537.4,544020.3,5440.203,345960364.0642,1,2024-07-15 20:00:00
63537.5,64948.3,63502.2,64750.0,2158667.1,21586.671,1390473185.6182,1,2024-07-15 22:00:00
64750.0,64992.0,64458.0,64864.4,935115.1,9351.151,605165269.5264,1,2024-07-16 00:00:00
64864.3,64880.0,64567.2,64767.5,579975.7,5799.757,375391869.6979,1,2024-07-16 02:00:00
64767.5,65000.0,63477.1,63664.9,2021777.7,20217.777,1297635414.4024,1,2024-07-16 04:00:00
63665.0,63901.8,62718.0,62920.1,2142048.7,21420.487,1354184289.3216,1,2024-07-16 06:00:00
62920.1,63251.9,62375.0,63185.7,1600000.8,16000.008,1005686962.0375,1,2024-07-16 08:00:00
63185.7,63860.8,63080.1,63758.4,1364174.9,13641.749,866306427.2017,1,2024-07-16 10:00:00
63758.4,64285.0,63402.1,63425.3,1696130.3,16961.303,1083099706.2774,1,2024-07-16 12:00:00
63425.3,64987.0,63073.2,64881.8,2421131.9,24211.319,1551980986.0612,1,2024-07-16 14:00:00
64881.9,65246.8,64128.0,64560.5,1881973.4,18819.734,1216118296.0536,1,2024-07-16 16:00:00
64560.4,65202.8,64414.0,65180.0,942341.8,9423.418,611127738.6545,1,2024-07-16 18:00:00
65178.0,65201.8,64472.5,64500.1,522107.5,5221.075,338650303.7989,1,2024-07-16 20:00:00
64500.1,65398.8,64110.6,65047.1,1005849.4,10058.494,652303684.0944,1,2024-07-16 22:00:00
65047.2,66149.4,64933.0,65677.6,1719512.7,17195.127,1128829477.9102,1,2024-07-17 00:00:00
65677.6,65922.0,65400.0,65709.0,855242.8,8552.428,561699351.9777,1,2024-07-17 02:00:00
65709.1,66025.3,65557.5,65636.3,755172.1,7551.721,496832671.8704,1,2024-07-17 04:00:00
65636.3,65811.0,65211.5,65269.9,822326.3,8223.263,538486130.004,1,2024-07-17 06:00:00
65269.9,65520.0,64806.9,65338.0,1226872.4,12268.724,800279212.3861,1,2024-07-17 08:00:00
65337.9,65365.0,64580.0,64737.4,1046688.4,10466.884,679601392.2828,1,2024-07-17 10:00:00
64737.4,65326.0,64530.8,65138.2,1263094.0,12630.94,819461802.4199,1,2024-07-17 12:00:00
65138.3,65422.0,64618.7,64740.8,1329290.6,13292.906,863740476.9644,1,2024-07-17 14:00:00
64740.8,64782.9,63855.0,64287.4,1952717.8,19527.178,1255181086.9568,1,2024-07-17 16:00:00
64287.4,64766.9,64211.0,64580.4,506290.4,5062.904,326739771.7159,1,2024-07-17 18:00:00
64580.3,64679.2,64046.4,64320.0,400562.5,4005.625,257790982.0788,1,2024-07-17 20:00:00
64320.1,64450.0,64085.8,64093.4,396831.8,3968.318,254889156.0651,1,2024-07-17 22:00:00
64093.3,64680.0,63906.9,64676.6,643557.4,6435.574,414134474.074,1,2024-07-18 00:00:00
64676.6,65155.3,64240.0,64861.5,1055482.4,10554.824,683180517.2451,1,2024-07-18 02:00:00
64861.6,64884.0,64398.6,64760.0,471706.0,4717.06,304927280.4411,1,2024-07-18 04:00:00
64760.0,65058.6,64655.0,64676.4,522323.1,5223.231,338848041.0305,1,2024-07-18 06:00:00
64676.3,64963.0,64632.8,64859.2,376913.0,3769.13,244256276.2209,1,2024-07-18 08:00:00
64859.2,64859.3,64441.0,64760.0,558112.2,5581.122,360618933.9186,1,2024-07-18 10:00:00
64759.9,65123.0,64503.3,64594.1,932037.2,9320.372,604126487.9789,1,2024-07-18 12:00:00
64594.1,64715.9,63400.0,63545.0,2279201.2,22792.012,1456884138.7245,1,2024-07-18 14:00:00
63545.1,63968.7,63318.6,63563.2,915876.8,9158.768,583263867.1389,1,2024-07-18 16:00:00
63563.3,63760.0,63232.6,63569.4,769262.5,7692.625,488470293.6619,1,2024-07-18 18:00:00
63570.0,63928.4,63450.0,63847.9,353465.8,3534.658,225232622.4375,1,2024-07-18 20:00:00
63847.6,64134.3,63713.0,63985.6,460473.2,4604.732,294601882.5276,1,2024-07-18 22:00:00
63985.7,64027.2,63300.0,63818.0,767013.4,7670.134,488062906.5334,1,2024-07-19 00:00:00
63818.0,64375.8,63643.8,64330.0,753945.7,7539.457,482940576.3545,1,2024-07-19 02:00:00
64330.0,64406.6,64093.5,64179.9,418508.4,4185.084,268773550.6674,1,2024-07-19 04:00:00
64179.9,64504.7,63615.5,63715.4,914072.2,9140.722,585639281.7036,1,2024-07-19 06:00:00
63715.3,64143.0,63416.1,63710.3,998471.0,9984.71,636582440.8018,1,2024-07-19 08:00:00
63710.0,64198.0,63666.1,64127.9,557187.1,5571.871,356706928.3842,1,2024-07-19 10:00:00
64128.0,65342.4,64030.1,65136.4,1967909.8,19679.098,1271597968.4475,1,2024-07-19 12:00:00
65136.3,65900.0,64999.7,65838.9,2521816.4,25218.164,1653350562.3509,1,2024-07-19 14:00:00
65841.5,66871.0,65830.7,66764.9,2652879.4,26528.794,1760790811.5876,1,2024-07-19 16:00:00
66764.9,67423.7,66444.0,67164.1,1723119.7,17231.197,1154248083.2113,1,2024-07-19 18:00:00
67160.7,67363.0,66891.1,66896.0,754967.2,7549.672,506258971.109,1,2024-07-19 20:00:00
66895.9,67011.0,66617.8,66668.1,425572.4,4255.724,284278503.4575,1,2024-07-19 22:00:00
66668.1,66845.2,66198.5,66380.0,754504.0,7545.04,501765016.2592,1,2024-07-20 00:00:00
66379.9,66769.4,66331.9,66608.0,337046.8,3370.468,224427155.5172,1,2024-07-20 02:00:00
66608.0,66722.0,66439.8,66544.0,266863.4,2668.634,177649444.41,1,2024-07-20 04:00:00
66544.1,66776.9,66508.0,66566.8,258700.3,2587.003,172359090.2306,1,2024-07-20 06:00:00
66566.7,66750.0,66464.1,66590.0,274303.5,2743.035,182646292.5879,1,2024-07-20 08:00:00
66590.1,66666.0,66477.8,66493.1,206736.3,2067.363,137557575.3601,1,2024-07-20 10:00:00
66493.2,66665.2,66281.1,66552.8,388562.0,3885.62,258331342.8014,1,2024-07-20 12:00:00
66552.8,66852.0,66512.1,66829.4,429530.2,4295.302,286431338.186,1,2024-07-20 14:00:00
66829.4,67655.0,66668.4,67410.3,1401945.3,14019.453,942041182.8402,1,2024-07-20 16:00:00
67410.4,67586.2,67127.5,67230.9,457598.5,4575.985,308200126.0174,1,2024-07-20 18:00:00
67230.9,67443.2,66771.9,67096.2,499694.8,4996.948,335324669.0855,1,2024-07-20 20:00:00
67096.3,67319.7,66858.3,67135.8,329223.3,3292.233,220834967.3764,1,2024-07-20 22:00:00
67138.1,67437.9,66970.0,67280.0,318267.4,3182.674,213874711.5257,1,2024-07-21 00:00:00
67280.0,67400.0,67155.0,67182.5,195474.7,1954.747,131518849.7379,1,2024-07-21 02:00:00
67182.5,67227.8,66880.0,67054.9,310650.3,3106.503,208302796.7084,1,2024-07-21 04:00:00
67054.9,67100.4,66596.0,66713.7,570507.4,5705.074,380878771.3085,1,2024-07-21 06:00:00
66713.7,67041.4,66680.6,66989.3,301782.6,3017.826,201829734.8327,1,2024-07-21 08:00:00
66989.2,67088.0,66757.9,66886.6,216928.6,2169.286,145116429.1863,1,2024-07-21 10:00:00
66886.5,67002.4,66603.2,66775.4,347624.9,3476.249,232256610.831,1,2024-07-21 12:00:00
66775.4,67522.0,66684.3,67164.0,1134707.9,11347.079,762578096.5594,1,2024-07-21 14:00:00
67164.1,67743.4,66480.0,66660.1,1376527.3,13765.273,925006981.2362,1,2024-07-21 16:00:00
66660.0,67800.0,65769.1,67428.0,2471026.9,24710.269,1649849085.8659,1,2024-07-21 18:00:00
67428.1,68360.0,67280.1,68191.4,1335939.8,13359.398,907454713.8282,1,2024-07-21 20:00:00
68197.9,68399.0,67880.9,68170.2,512891.3,5128.913,349292058.1005,1,2024-07-21 22:00:00
68170.2,68497.9,67758.9,67855.2,844698.5,8446.985,575361556.6367,1,2024-07-22 00:00:00
67855.2,68200.0,67762.0,67885.0,500496.8,5004.968,340400334.0584,1,2024-07-22 02:00:00
67885.1,68009.4,67517.2,67646.6,482509.5,4825.095,326959660.3977,1,2024-07-22 04:00:00
67646.7,67766.5,67120.0,67231.2,813507.5,8135.075,548067239.3629,1,2024-07-22 06:00:00
67233.9,67428.0,66929.7,67424.1,589049.7,5890.497,395931121.2569,1,2024-07-22 08:00:00
67424.2,67619.2,67281.6,67525.1,391324.0,3913.24,263910667.8262,1,2024-07-22 10:00:00
67525.0,67960.0,66984.5,67100.0,1141803.5,11418.035,770720901.5739,1,2024-07-22 12:00:00
67099.9,67328.0,66578.0,67077.9,1320558.7,13205.587,884035249.4494,1,2024-07-22 14:00:00
67077.9,67476.7,66822.0,67470.5,550670.0,5506.7,369960459.6185,1,2024-07-22 16:00:00
67470.4,68278.8,67334.1,68228.1,891409.0,8914.09,604249343.3531,1,2024-07-22 18:00:00
68228.1,68250.0,67650.6,67845.4,615137.3,6151.373,418125322.4523,1,2024-07-22 20:00:00
67845.4,67863.8,67220.9,67523.1,550186.8,5501.868,371551316.8046,1,2024-07-22 22:00:00
67526.0,67763.5,67222.0,67420.1,505195.7,5051.957,340886971.9745,1,2024-07-23 00:00:00
67420.0,67722.5,67251.7,67477.8,377078.5,3770.785,254653348.8362,1,2024-07-23 02:00:00
67477.8,67535.3,66328.0,66443.9,1324760.7,13247.607,884588325.7441,1,2024-07-23 04:00:00
66443.9,66779.5,66267.0,66596.2,769021.4,7690.214,511859055.2407,1,2024-07-23 06:00:00
66596.1,67176.0,66530.7,66930.1,923583.1,9235.831,617887378.5376,1,2024-07-23 08:00:00
66933.4,67029.8,66450.8,66681.1,596753.2,5967.532,398296682.877,1,2024-07-23 10:00:00
66681.1,66772.7,65956.8,66102.8,1419607.7,14196.077,942311109.5679,1,2024-07-23 12:00:00
66102.8,67352.0,65980.0,66578.8,2458284.8,24582.848,1641946728.9213,1,2024-07-23 14:00:00
66575.0,66776.0,65685.8,65936.6,1672010.4,16720.104,1105274893.0032,1,2024-07-23 16:00:00
65936.7,66118.4,65425.8,65530.7,980500.4,9805.004,645055961.2002,1,2024-07-23 18:00:00
65530.7,66055.7,65473.6,65875.0,747620.4,7476.204,491844304.1685,1,2024-07-23 20:00:00
65875.0,66048.1,65779.2,65941.0,389239.7,3892.397,256576628.3701,1,2024-07-23 22:00:00
65941.0,66158.6,65622.0,65671.7,497421.4,4974.214,327636242.5347,1,2024-07-24 00:00:00
65671.6,66117.5,65477.4,66051.9,562163.4,5621.634,369854983.0124,1,2024-07-24 02:00:00
66051.9,66074.2,65600.0,65812.2,382227.7,3822.277,251614658.0438,1,2024-07-24 04:00:00
65812.1,66075.9,65767.7,66075.9,351450.3,3514.503,231721738.966,1,2024-07-24 06:00:00
66075.9,66474.2,65988.9,66389.9,789111.5,7891.115,523178115.0305,1,2024-07-24 08:00:00
66390.0,66599.2,66321.0,66361.0,544085.3,5440.853,361606405.2936,1,2024-07-24 10:00:00
66361.0,66917.3,66173.2,66347.2,1186827.2,11868.272,789961696.6891,1,2024-07-24 12:00:00
66347.3,67126.4,66098.3,66189.1,1616393.7,16163.937,1077063167.464,1,2024-07-24 14:00:00
66189.2,66713.4,65974.0,66589.2,750929.9,7509.299,498403797.8584,1,2024-07-24 16:00:00
66589.2,66662.6,65573.8,65664.6,1099325.8,10993.258,725402859.6613,1,2024-07-24 18:00:00
65661.0,66077.8,65084.6,65648.1,860505.5,8605.055,564183253.4208,1,2024-07-24 20:00:00
65648.2,65676.0,65101.3,65377.4,559707.5,5597.075,366006078.0175,1,2024-07-24 22:00:00
65377.4,65635.4,64200.0,64478.0,2198304.9,21983.049,1421661242.974,1,2024-07-25 00:00:00
64478.0,64481.9,63823.9,64093.5,1278323.3,12783.233,820024224.7642,1,2024-07-25 02:00:00
64093.5,64328.6,63767.3,64259.6,690242.9,6902.429,442601892.5695,1,2024-07-25 04:00:00
64259.7,64387.9,64055.5,64126.4,486187.0,4861.87,312246813.7297,1,2024-07-25 06:00:00
64126.2,64471.8,63867.2,64306.4,793885.7,7938.857,509450879.674,1,2024-07-25 08:00:00
64306.5,64313.9,63966.0,64105.7,438224.4,4382.244,281048374.3993,1,2024-07-25 10:00:00
64105.8,64407.0,63733.5,64048.0,1100175.6,11001.756,704906832.287,1,2024-07-25 12:00:00
64046.5,65012.4,63433.6,64785.9,2660186.2,26601.862,1711756549.5442,1,2024-07-25 14:00:00
64786.0,65168.5,64622.9,65038.3,804077.6,8040.776,521949077.7811,1,2024-07-25 16:00:00
65038.4,65188.3,64383.2,64680.1,854726.1,8547.261,553628349.3015,1,2024-07-25 18:00:00
64681.9,66057.0,64414.8,65834.4,1333931.5,13339.315,871885847.8208,1,2024-07-25 20:00:00
65834.3,66176.4,65627.7,65799.9,659540.7,6595.407,434174621.9542,1,2024-07-25 22:00:00
65800.0,66566.0,65720.0,66426.5,1004409.8,10044.098,665186684.9666,1,2024-07-26 00:00:00
66426.5,67498.9,66385.5,67046.6,1763077.5,17630.775,1181621659.9242,1,2024-07-26 02:00:00
67046.6,67132.3,66880.0,66935.9,595299.4,5952.994,398762552.8203,1,2024-07-26 04:00:00
66935.9,67193.0,66892.5,66912.6,470100.9,4701.009,315129186.3671,1,2024-07-26 06:00:00
66912.7,67524.4,66912.6,67300.1,761408.9,7614.089,512080434.8293,1,2024-07-26 08:00:00
67300.1,67425.2,67156.0,67338.5,515999.4,5159.994,347229180.3979,1,2024-07-26 10:00:00
67338.5,67987.0,67079.5,67891.9,1530892.8,15308.928,1033927187.1739,1,2024-07-26 12:00:00
67891.9,67999.0,66855.2,67574.4,2005904.4,20059.044,1352645186.1913,1,2024-07-26 14:00:00
67574.4,67695.0,67300.0,67370.3,597354.6,5973.546,403044827.537,1,2024-07-26 16:00:00
67370.3,68197.7,67333.0,67997.2,805788.2,8057.882,546160516.9768,1,2024-07-26 18:00:00
67997.2,68231.2,67422.9,67957.3,744168.1,7441.681,504575603.1879,1,2024-07-26 20:00:00
67957.4,68099.0,67849.7,67910.2,239630.5,2396.305,162797190.7678,1,2024-07-26 22:00:00
67910.2,67954.9,67628.8,67665.5,297674.1,2976.741,201849506.3026,1,2024-07-27 00:00:00
67665.5,68087.2,67653.3,67803.7,393798.9,3937.989,267273266.3879,1,2024-07-27 02:00:00
67802.1,68016.4,67776.0,67905.4,212370.5,2123.705,144221274.4155,1,2024-07-27 04:00:00
67901.5,68335.0,67893.0,68055.1,610484.6,6104.846,416107091.185,1,2024-07-27 06:00:00
68055.2,68240.0,67908.0,68231.5,357641.2,3576.412,243478151.2843,1,2024-07-27 08:00:00
68231.5,68275.0,68032.2,68229.9,273650.4,2736.504,186529366.4614,1,2024-07-27 10:00:00
68230.0,69419.0,68209.2,69252.2,1805089.8,18050.898,1242364169.3216,1,2024-07-27 12:00:00
69252.2,69434.3,68613.7,68874.4,1258372.3,12583.723,867916124.9298,1,2024-07-27 14:00:00
68874.4,69011.8,68440.0,68554.1,905425.4,9054.254,621960654.7516,1,2024-07-27 16:00:00
68554.1,69011.4,67676.2,68259.9,1654803.7,16548.037,1131247865.231,1,2024-07-27 18:00:00
68259.9,69233.0,66621.1,68872.0,5514329.4,55143.294,3739155805.5613,1,2024-07-27 20:00:00
68872.1,68876.0,67761.0,67905.4,794044.0,7940.44,543174829.0762,1,2024-07-27 22:00:00
67905.4,68307.7,67267.0,68095.2,841261.9,8412.619,570940877.5173,1,2024-07-28 00:00:00
68095.3,68168.0,67944.0,67945.0,261806.6,2618.066,178192118.3848,1,2024-07-28 02:00:00
67945.1,68047.3,67071.0,67423.3,850015.2,8500.152,573282839.106,1,2024-07-28 04:00:00
67423.3,67588.9,67301.2,67545.7,309022.6,3090.226,208452334.0573,1,2024-07-28 06:00:00
67545.8,67566.0,67220.0,67434.9,325619.9,3256.199,219537037.3434,1,2024-07-28 08:00:00
67434.9,68013.2,67392.3,67838.5,534560.2,5345.602,362113696.5267,1,2024-07-28 10:00:00
67838.6,68125.0,67745.3,67980.3,439445.2,4394.452,298638728.9952,1,2024-07-28 12:00:00
67980.4,68030.5,67568.2,67660.4,558050.9,5580.509,378194985.0738,1,2024-07-28 14:00:00
67660.4,68009.0,67622.2,67995.2,299000.0,2990.0,202712782.1678,1,2024-07-28 16:00:00
67995.2,68359.0,67945.0,68135.5,468041.4,4680.414,319143244.3337,1,2024-07-28 18:00:00
68135.5,68184.9,67816.4,68029.8,238364.9,2383.649,162089377.7944,1,2024-07-28 20:00:00
68029.9,68279.0,67933.1,68239.1,319637.3,3196.373,217700439.1334,1,2024-07-28 22:00:00
68239.0,69020.0,68159.8,68550.1,1253075.1,12530.751,860876547.6558,1,2024-07-29 00:00:00
68550.1,69861.3,68540.4,69375.7,1723599.1,17235.991,1196306375.3436,1,2024-07-29 02:00:00
69375.6,69835.0,69291.0,69675.0,703524.4,7035.244,489291014.1781,1,2024-07-29 04:00:00
69675.0,69929.4,69461.7,69548.9,706314.5,7063.145,492039882.2446,1,2024-07-29 06:00:00
69549.0,69737.4,69375.3,69548.4,463828.9,4638.289,322599368.9754,1,2024-07-29 08:00:00
69548.4,69878.7,69402.9,69588.1,579273.3,5792.733,403677276.9159,1,2024-07-29 10:00:00
69588.1,70098.0,69089.2,69276.2,2112399.0,21123.99,1470529322.2308,1,2024-07-29 12:00:00
69276.1,69311.0,67650.3,68100.0,3099847.4,30998.474,2119250737.6109,1,2024-07-29 14:00:00
68100.0,68125.9,66395.0,67014.3,3232156.7,32321.567,2169691489.1175,1,2024-07-29 16:00:00
67014.3,67549.5,66943.6,67311.5,925443.2,9254.432,623257517.971,1,2024-07-29 18:00:00
67311.6,67500.0,67015.0,67488.0,378873.3,3788.733,254819348.1527,1,2024-07-29 20:00:00
67488.1,67548.6,66600.0,66787.3,721508.4,7215.084,483498161.1052,1,2024-07-29 22:00:00
66787.4,66892.1,65871.0,66218.8,1562411.1,15624.111,1037103660.2226,1,2024-07-30 00:00:00
66218.8,66693.8,65957.3,66623.8,768534.7,7685.347,509993391.0906,1,2024-07-30 02:00:00
66623.7,66831.6,66325.0,66487.3,566660.4,5666.604,377407646.8297,1,2024-07-30 04:00:00
66487.3,67000.0,66466.1,66944.8,561040.2,5610.402,374955806.5078,1,2024-07-30 06:00:00
66944.8,66992.7,66430.1,66605.5,609062.3,6090.623,406537369.5522,1,2024-07-30 08:00:00
66605.5,66723.5,66401.0,66561.7,392676.9,3926.769,261409376.0409,1,2024-07-30 10:00:00
66561.4,66947.0,66219.0,66384.7,978084.7,9780.847,651214186.6927,1,2024-07-30 12:00:00
66384.7,66464.8,65534.0,66226.9,1875826.6,18758.266,1238807429.6256,1,2024-07-30 14:00:00
66226.9,66570.4,65687.7,65872.3,1041998.1,10419.981,688587288.9217,1,2024-07-30 16:00:00
65872.3,66070.0,65555.0,65928.4,902195.9,9021.959,593689119.8122,1,2024-07-30 18:00:00
65928.5,66319.4,65280.0,66307.7,897220.9,8972.209,590875547.0499,1,2024-07-30 20:00:00
66307.7,66354.9,66084.6,66195.6,347602.7,3476.027,230228559.9164,1,2024-07-30 22:00:00
66195.7,66445.4,65888.0,66302.7,545668.4,5456.684,361268837.455,1,2024-07-31 00:00:00
66302.7,66410.0,66040.0,66065.4,340241.0,3402.41,225162962.0764,1,2024-07-31 02:00:00
66065.2,66233.0,65500.0,66179.3,1062311.5,10623.115,699091573.0397,1,2024-07-31 04:00:00
66179.3,66566.3,66117.1,66227.8,924991.1,9249.911,613987045.5933,1,2024-07-31 06:00:00
66227.7,66385.0,66036.0,66263.2,497054.3,4970.543,329313830.4998,1,2024-07-31 08:00:00
66263.1,66263.2,65955.2,66101.5,406906.8,4069.068,268922311.1125,1,2024-07-31 10:00:00
66101.5,66863.3,66003.5,66513.0,1137635.4,11376.354,755827458.0068,1,2024-07-31 12:00:00
66512.9,66733.0,65972.5,66379.9,1302510.6,13025.106,864551240.9551,1,2024-07-31 14:00:00
66380.0,66840.0,66278.3,66684.9,894055.7,8940.557,595042100.9973,1,2024-07-31 16:00:00
66685.0,66727.3,64800.0,65256.8,2387980.1,23879.801,1572146571.3679,1,2024-07-31 18:00:00
65256.8,65439.6,64500.0,64982.7,1954208.0,19542.08,1267585005.8443,1,2024-07-31 20:00:00
64982.7,65060.3,64625.4,64635.1,477115.3,4771.153,309203636.8475,1,2024-07-31 22:00:00
64635.1,64849.6,64115.9,64216.1,1192729.7,11927.297,769265129.8559,1,2024-08-01 00:00:00
64216.1,64260.0,63750.0,63938.0,1245745.4,12457.454,797282879.175,1,2024-08-01 02:00:00
63938.1,64357.4,63577.7,64299.2,1269112.6,12691.126,811430188.8015,1,2024-08-01 04:00:00
64299.2,64480.0,64122.2,64319.0,661411.4,6614.114,425365574.6911,1,2024-08-01 06:00:00
64318.3,64696.6,64297.9,64462.0,525809.7,5258.097,339243256.3313,1,2024-08-01 08:00:00
64462.0,64687.0,64313.7,64672.4,389318.3,3893.183,251139348.3792,1,2024-08-01 10:00:00
64672.3,64944.9,64456.2,64748.4,938217.4,9382.174,607422902.0241,1,2024-08-01 12:00:00
64748.3,64776.8,62654.1,62906.2,3581021.0,35810.21,2273451782.7708,1,2024-08-01 14:00:00
62906.8,63266.0,62266.8,63213.1,2462938.9,24629.389,1546446022.2687,1,2024-08-01 16:00:00
63213.1,63494.8,62795.5,63415.6,1282368.3,12823.683,809739801.1062,1,2024-08-01 18:00:00
63415.6,65365.1,63326.7,64894.5,2013381.3,20133.813,1296735981.892,1,2024-08-01 20:00:00
64894.5,65660.0,64866.0,65353.6,1301920.5,13019.205,850282875.8893,1,2024-08-01 22:00:00
65353.7,65614.4,64555.7,64654.2,1068192.7,10681.927,694425850.6335,1,2024-08-02 00:00:00
64654.2,64833.5,63654.4,64603.5,1505465.5,15054.655,966779859.8546,1,2024-08-02 02:00:00
64602.7,64661.1,64067.6,64182.0,637922.9,6379.229,410571499.3639,1,2024-08-02 04:00:00
64182.0,64640.0,63806.3,64158.1,934745.1,9347.451,600377114.8729,1,2024-08-02 06:00:00
64158.2,64620.9,64044.7,64515.6,683735.5,6837.355,440180795.8723,1,2024-08-02 08:00:00
64515.6,64971.0,64373.6,64666.1,796454.3,7964.543,515505450.9606,1,2024-08-02 10:00:00
64665.8,65555.0,64130.8,65217.0,2350140.7,23501.407,1523909748.2266,1,2024-08-02 12:00:00
65220.8,65364.7,62424.0,63410.1,4415575.2,44155.752,2807147500.1467,1,2024-08-02 14:00:00
63410.1,63607.9,62960.0,63100.1,1200133.0,12001.33,759550076.3362,1,2024-08-02 16:00:00
63100.2,63233.4,62510.0,62644.6,1149698.2,11496.982,722353570.7372,1,2024-08-02 18:00:00
62646.2,63203.2,61227.3,61988.0,2332286.1,23322.861,1450950499.6172,1,2024-08-02 20:00:00
61987.9,62258.2,61222.0,61490.7,1193915.2,11939.152,736084272.9704,1,2024-08-02 22:00:00
61490.8,61719.9,60500.0,61339.3,1851699.8,18516.998,1130679618.6091,1,2024-08-03 00:00:00
61339.3,61971.7,61212.5,61889.9,1026915.8,10269.158,632352272.729,1,2024-08-03 02:00:00
61889.9,61971.5,61376.3,61701.4,560903.4,5609.034,345803235.8057,1,2024-08-03 04:00:00
61701.4,61907.4,61606.6,61656.1,352473.8,3524.738,217635462.1551,1,2024-08-03 06:00:00
61656.1,61750.0,61444.4,61737.5,454622.8,4546.228,280030137.3864,1,2024-08-03 08:00:00
61737.5,62014.1,61666.7,61905.3,373728.4,3737.284,231137216.6079,1,2024-08-03 10:00:00
61905.3,62206.2,61833.7,62011.0,605458.9,6054.589,375448242.8223,1,2024-08-03 12:00:00
62011.0,62174.0,60809.5,60876.0,1226098.9,12260.989,754176506.5194,1,2024-08-03 14:00:00
60875.9,61340.2,60356.1,60588.1,2793862.7,27938.627,1699359653.358,1,2024-08-03 16:00:00
60588.1,60855.0,59907.6,60259.4,1635126.6,16351.266,986056292.134,1,2024-08-03 18:00:00
60259.5,60868.5,59830.0,60659.0,1292946.6,12929.466,780623989.5267,1,2024-08-03 20:00:00
60659.1,60833.3,60372.4,60711.2,708247.2,7082.472,429355813.0143,1,2024-08-03 22:00:00
60711.2,60823.0,60321.8,60745.0,452074.0,4520.74,274009410.0375,1,2024-08-04 00:00:00
60744.9,61124.9,60683.2,60746.3,569004.7,5690.047,346335359.5234,1,2024-08-04 02:00:00
60746.3,60942.2,60555.5,60795.8,349776.9,3497.769,212423644.668,1,2024-08-04 04:00:00
60795.8,60866.0,60253.0,60375.4,474770.4,4747.704,287360089.2505,1,2024-08-04 06:00:00
60372.2,60745.8,60118.0,60712.1,542754.0,5427.54,328279987.9259,1,2024-08-04 08:00:00
60712.0,61018.8,60536.0,60899.9,489829.9,4898.299,297821168.5309,1,2024-08-04 10:00:00
60899.9,61095.0,60788.1,60822.1,414444.7,4144.447,252556377.2233,1,2024-08-04 12:00:00
60822.2,60876.9,58925.0,59097.7,3000865.8,30008.658,1791069838.9481,1,2024-08-04 14:00:00
59097.8,59319.2,57111.1,57865.3,3763706.9,37637.069,2194245782.1472,1,2024-08-04 16:00:00
57865.3,59485.9,57743.4,59247.6,2118616.6,21186.166,1244049855.8054,1,2024-08-04 18:00:00
59246.1,59577.0,58356.8,58469.9,874132.9,8741.329,515318414.2576,1,2024-08-04 20:00:00
58469.9,59153.4,58008.0,58170.0,931554.1,9315.541,545924362.7384,1,2024-08-04 22:00:00
58170.0,58314.9,52199.4,54413.9,9496164.2,94961.642,5235892733.1164,1,2024-08-05 00:00:00
54413.9,54699.5,53567.8,53881.8,2961061.9,29610.619,1604076937.4359,1,2024-08-05 02:00:00
53881.7,54558.0,52273.9,52714.4,3842102.4,38421.024,2047505680.0765,1,2024-08-05 04:00:00
52714.9,53100.0,48906.7,52662.5,7930756.4,79307.564,4073188594.9739,1,2024-08-05 06:00:00
52662.5,53250.0,51736.2,52650.2,2569270.1,25692.701,1351507552.8525,1,2024-08-05 08:00:00
52650.3,52650.3,50625.0,51342.2,3599351.9,35993.519,1848464005.8853,1,2024-08-05 10:00:00
51342.3,52530.0,49555.0,51961.5,6509359.5,65093.595,3306385945.6142,1,2024-08-05 12:00:00
51960.0,55000.0,51948.7,54320.3,5793404.7,57934.047,3114782627.3932,1,2024-08-05 14:00:00
54320.2,55679.4,53761.2,54699.0,2925533.1,29255.331,1599051886.1325,1,2024-08-05 16:00:00
54704.5,54719.9,52525.3,53478.8,2476011.3,24760.113,1322488460.6477,1,2024-08-05 18:00:00
53478.9,55221.9,53463.5,54372.2,1558229.5,15582.295,844984122.9164,1,2024-08-05 20:00:00
54372.2,55090.0,53861.6,54009.6,1229422.7,12294.227,670201143.9467,1,2024-08-05 22:00:00
54009.6,56280.0,53936.6,55726.0,2401824.1,24018.241,1333149725.2222,1,2024-08-06 00:00:00
55726.0,56058.8,55464.7,55666.7,848064.7,8480.647,472848209.9577,1,2024-08-06 02:00:00
55666.7,56000.0,55235.3,55938.0,950122.3,9501.223,528035207.6047,1,2024-08-06 04:00:00
55937.9,56167.2,55457.0,56003.0,1034600.0,10346.0,577512467.8425,1,2024-08-06 06:00:00
56003.0,56114.9,54600.0,55215.2,2172147.9,21721.479,1197131241.0646,1,2024-08-06 08:00:00
55215.2,55442.0,54864.3,55205.5,976021.7,9760.217,538156213.1158,1,2024-08-06 10:00:00
55205.6,55479.9,54354.5,55192.2,2143331.5,21433.315,1178090160.96,1,2024-08-06 12:00:00
55192.3,56622.0,55133.0,56407.8,3093502.6,30935.026,1735481819.2209,1,2024-08-06 14:00:00
56407.7,56959.1,56235.0,56488.2,1500369.7,15003.697,849888554.9038,1,2024-08-06 16:00:00
56488.2,57100.0,56301.5,56756.3,1189597.4,11895.974,674726826.2119,1,2024-08-06 18:00:00
56758.9,56856.0,56095.2,56460.6,812760.7,8127.607,458847405.0159,1,2024-08-06 20:00:00
56460.7,56942.0,55700.0,56014.2,1242497.3,12424.973,698537547.0059,1,2024-08-06 22:00:00
56014.2,57066.1,55555.0,56959.3,1523662.4,15236.624,857281245.4342,1,2024-08-07 00:00:00
56959.3,57280.1,56480.0,56854.0,1195310.2,11953.102,679914744.5767,1,2024-08-07 02:00:00
56854.0,57234.0,56700.0,56788.9,962302.8,9623.028,548580220.0402,1,2024-08-07 04:00:00
56788.9,57099.0,56536.1,56923.4,873218.5,8732.185,496177104.4032,1,2024-08-07 06:00:00
56926.0,57854.9,56862.4,57352.0,1544219.6,15442.196,885468075.1505,1,2024-08-07 08:00:00
57352.0,57736.8,56861.6,56966.0,1101627.6,11016.276,630788481.9221,1,2024-08-07 10:00:00
56965.7,57482.0,56711.4,56828.0,1597045.5,15970.455,911898003.0281,1,2024-08-07 12:00:00
56828.1,56992.0,55633.0,56100.0,2342323.2,23423.232,1316193231.1573,1,2024-08-07 14:00:00
56100.0,56313.8,55439.0,55580.1,1341498.8,13414.988,749849441.9219,1,2024-08-07 16:00:00
55580.0,55636.0,54674.5,54764.0,1560685.5,15606.855,858590633.8842,1,2024-08-07 18:00:00
54759.5,55599.9,54643.3,55420.4,1124884.0,11248.84,619787755.5793,1,2024-08-07 20:00:00
55420.0,55466.7,54558.8,55140.0,800503.9,8005.039,440788588.9763,1,2024-08-07 22:00:00
55136.1,57400.0,54733.3,56861.0,2116460.0,21164.6,1186048062.4307,1,2024-08-08 00:00:00
56861.0,57642.2,56818.1,57056.1,1416643.2,14166.432,812210075.5078,1,2024-08-08 02:00:00
57056.1,57277.3,56668.4,56952.0,801123.6,8011.236,456233225.8602,1,2024-08-08 04:00:00
56951.9,57427.7,56785.5,57187.9,953337.8,9533.378,545028879.3536,1,2024-08-08 06:00:00
57188.0,57499.9,56982.8,57343.9,682953.9,6829.539,390956155.2926,1,2024-08-08 08:00:00
57344.0,57698.9,57200.0,57325.0,751228.4,7512.284,431461865.3805,1,2024-08-08 10:00:00
57325.1,58500.0,56670.2,57277.9,3398396.2,33983.962,1961690608.2429,1,2024-08-08 12:00:00
57278.0,59541.0,57173.9,59422.0,3521501.9,35215.019,2064024732.7472,1,2024-08-08 14:00:00
59423.0,59886.7,59264.0,59464.9,1824464.7,18244.647,1086974006.0165,1,2024-08-08 16:00:00
59464.9,59824.4,59235.0,59408.5,856212.2,8562.122,509895561.0455,1,2024-08-08 18:00:00
59411.5,61400.0,59294.6,61176.0,1320084.9,13200.849,796012990.8362,1,2024-08-08 20:00:00
61187.0,62766.0,60623.2,61697.1,2688966.1,26889.661,1661490455.766,1,2024-08-08 22:00:00
61692.1,61754.6,60769.9,61404.2,1260098.8,12600.988,772463824.2463,1,2024-08-09 00:00:00
61404.1,61574.7,61140.0,61360.0,581840.0,5818.4,356805204.3464,1,2024-08-09 02:00:00
61360.0,61396.3,60580.0,60984.1,745307.8,7453.078,454143237.9628,1,2024-08-09 04:00:00
60984.1,61400.0,60735.8,60874.8,753147.6,7531.476,459527056.895,1,2024-08-09 06:00:00
60874.8,61214.5,60590.2,60764.5,774013.0,7740.13,471201811.1865,1,2024-08-09 08:00:00
60764.5,60853.3,60160.4,60659.2,1239675.7,12396.757,750354954.5541,1,2024-08-09 10:00:00
60659.2,60799.3,59802.1,60450.7,1550801.3,15508.013,934667765.0226,1,2024-08-09 12:00:00
60450.8,61133.3,59522.1,59820.6,2446570.9,24465.709,1475160962.1429,1,2024-08-09 14:00:00
59820.6,60741.5,59728.0,60204.5,967949.5,9679.495,582861860.6646,1,2024-08-09 16:00:00
60204.6,60773.2,59833.6,60682.2,610650.7,6106.507,368316758.3841,1,2024-08-09 18:00:00
60682.2,60994.7,59916.3,60734.9,930672.5,9306.725,562732891.6321,1,2024-08-09 20:00:00
60734.9,60989.0,60275.7,60842.0,1118143.5,11181.435,677563858.0806,1,2024-08-09 22:00:00
60842.0,61492.8,60454.0,60470.1,881034.5,8810.345,536510408.8874,1,2024-08-10 00:00:00
60470.0,60739.9,60279.6,60447.4,353305.8,3533.058,213675950.1996,1,2024-08-10 02:00:00
60447.3,60486.7,60241.2,60370.9,214682.2,2146.822,129605887.8846,1,2024-08-10 04:00:00
60370.9,60852.4,60333.0,60842.0,274644.2,2746.442,166427102.1136,1,2024-08-10 06:00:00
60842.0,61116.0,60622.3,60895.8,473803.0,4738.03,288386713.2127,1,2024-08-10 08:00:00
60895.9,61019.9,60627.5,60925.6,309554.1,3095.541,188360688.3528,1,2024-08-10 10:00:00
60925.7,60950.0,60414.1,60444.8,394425.0,3944.25,239191827.4466,1,2024-08-10 12:00:00
60444.8,60774.3,60406.5,60517.2,339347.0,3393.47,205670281.9817,1,2024-08-10 14:00:00
60517.2,60896.9,60410.2,60780.1,280426.1,2804.261,170059352.1805,1,2024-08-10 16:00:00
60780.2,61250.0,60738.0,61018.2,448160.0,4481.6,273456287.6857,1,2024-08-10 18:00:00
61018.3,61175.6,60903.6,61079.3,183403.8,1834.038,111944579.2715,1,2024-08-10 20:00:00
61079.3,61083.9,60750.2,60919.5,169166.5,1691.665,103020796.6077,1,2024-08-10 22:00:00
60919.5,61249.9,60889.4,61108.8,313534.3,3135.343,191530338.3245,1,2024-08-11 00:00:00
61108.8,61413.4,60969.2,61085.4,405105.8,4051.058,247918510.5682,1,2024-08-11 02:00:00
61085.4,61151.8,60873.2,61109.9,317624.4,3176.244,193773915.9307,1,2024-08-11 04:00:00
61109.9,61276.5,61010.0,61259.1,240173.3,2401.733,146889910.6125,1,2024-08-11 06:00:00
61260.0,61951.3,61011.0,61115.9,986685.6,9866.856,605710185.4991,1,2024-08-11 08:00:00
61116.0,61275.0,60410.9,60676.2,863062.1,8630.621,524615555.2873,1,2024-08-11 10:00:00
60676.2,60710.2,60161.5,60464.0,832548.8,8325.488,502999193.7894,1,2024-08-11 12:00:00
60464.1,60767.5,59900.1,60134.5,899915.7,8999.157,542656275.0556,1,2024-08-11 14:00:00
60135.1,60369.8,59974.7,60276.4,490173.1,4901.731,294862905.447,1,2024-08-11 16:00:00
60275.0,60358.0,59533.6,59635.2,558192.7,5581.927,334106890.2819,1,2024-08-11 18:00:00
59635.3,59683.7,58272.4,59005.7,1842923.1,18429.231,1083958041.0459,1,2024-08-11 20:00:00
59005.6,59363.7,58525.7,58727.7,863528.5,8635.285,508392607.3362,1,2024-08-11 22:00:00
58727.8,59088.0,58091.4,58589.0,1066501.7,10665.017,624199265.4405,1,2024-08-12 00:00:00
58589.1,58825.0,58320.7,58520.1,469361.5,4693.615,274809951.884,1,2024-08-12 02:00:00
58520.1,58698.7,58367.9,58576.0,429587.0,4295.87,251529023.195,1,2024-08-12 04:00:00
58576.1,59046.0,57610.0,58666.0,1801686.2,18016.862,1050629745.1079,1,2024-08-12 06:00:00
58666.0,59026.0,58155.0,58300.1,990207.9,9902.079,579432191.9536,1,2024-08-12 08:00:00
58300.1,59962.0,58116.8,59842.1,1794901.6,17949.016,1063086725.87,1,2024-08-12 10:00:00
59842.0,59931.1,57978.6,58165.9,1905709.9,19057.099,1126073854.1767,1,2024-08-12 12:00:00
58166.0,60718.8,57765.4,60207.4,4023934.3,40239.343,2396808596.5628,1,2024-08-12 14:00:00
60207.3,60421.1,59252.8,59302.0,1071038.5,10710.385,640255492.3813,1,2024-08-12 16:00:00
59302.0,59498.9,58435.3,59051.3,1109197.5,11091.975,654142368.0914,1,2024-08-12 18:00:00
59052.0,59396.6,58551.3,58982.8,688340.5,6883.405,406076816.3455,1,2024-08-12 20:00:00
58982.8,59755.0,58860.3,59348.6,507702.2,5077.022,301142002.5742,1,2024-08-12 22:00:00
59348.6,59915.7,59271.8,59738.2,646801.3,6468.013,385653395.4892,1,2024-08-13 00:00:00
59738.2,59784.4,58869.1,59045.1,891458.8,8914.588,528424720.4481,1,2024-08-13 02:00:00
59045.1,59370.0,58833.0,59219.3,466169.7,4661.697,275619898.4228,1,2024-08-13 04:00:00
59219.4,59480.1,58982.2,59241.3,540791.7,5407.917,320431426.7059,1,2024-08-13 06:00:00
59241.2,59323.0,58700.8,58953.2,662452.1,6624.521,390646630.034,1,2024-08-13 08:00:00
58953.1,58973.7,58366.0,58832.7,654865.4,6548.654,384359089.7394,1,2024-08-13 10:00:00
58832.8,59424.5,58700.1,59396.5,1236106.6,12361.066,729995704.1721,1,2024-08-13 12:00:00
59396.6,59779.5,59004.7,59469.2,1150347.2,11503.472,684068808.7357,1,2024-08-13 14:00:00
59469.2,61589.4,59442.4,61166.3,2699782.5,26997.825,1641972889.693,1,2024-08-13 16:00:00
61166.3,61220.8,60235.9,60818.2,1203134.8,12031.348,731312000.4374,1,2024-08-13 18:00:00
60818.2,61146.6,60508.0,61036.9,406527.5,4065.275,247167563.825,1,2024-08-13 20:00:00
61036.9,61068.5,60390.9,60591.9,509742.6,5097.426,308980918.1389,1,2024-08-13 22:00:00
60591.9,60858.0,60428.4,60522.2,398624.0,3986.24,241770062.9282,1,2024-08-14 00:00:00
60522.2,61300.0,60501.0,60949.8,604309.3,6043.093,368250680.1987,1,2024-08-14 02:00:00
60949.9,61161.4,60790.1,60829.1,373492.4,3734.924,227703175.3283,1,2024-08-14 04:00:00
60829.0,60945.0,60634.0,60918.1,460796.8,4607.968,280072771.1306,1,2024-08-14 06:00:00
60918.1,60978.2,60640.0,60859.1,393898.9,3938.989,239670651.9935,1,2024-08-14 08:00:00
60859.1,61470.6,60834.3,61292.0,965415.0,9654.15,590504996.0669,1,2024-08-14 10:00:00
61292.0,61847.0,59466.0,59607.8,3156991.9,31569.919,1917433648.2135,1,2024-08-14 12:00:00
59607.9,59833.9,58806.1,59435.5,3069659.3,30696.593,1821234998.1327,1,2024-08-14 14:00:00
59435.4,59458.4,58528.0,59160.1,1297049.5,12970.495,766461614.9582,1,2024-08-14 16:00:00
59160.1,59525.0,58711.0,58893.5,662232.1,6622.321,390896899.5302,1,2024-08-14 18:00:00
58892.5,59191.3,58871.1,58925.5,362423.4,3624.234,214002035.4663,1,2024-08-14 20:00:00
58925.5,59033.0,58428.1,58685.2,575976.4,5759.764,338483015.0068,1,2024-08-14 22:00:00
58685.2,59047.4,58140.9,58205.6,678439.5,6784.395,398044218.0437,1,2024-08-15 00:00:00
58205.7,58569.3,58010.0,58448.7,840334.1,8403.341,490162964.0748,1,2024-08-15 02:00:00
58448.8,58648.0,58154.4,58326.0,541698.1,5416.981,316292399.9281,1,2024-08-15 04:00:00
58326.0,58403.3,57704.1,58069.1,1020963.1,10209.631,592604955.2946,1,2024-08-15 06:00:00
58069.0,58558.6,57969.9,58402.5,631226.0,6312.26,367998078.3565,1,2024-08-15 08:00:00
58402.5,58875.7,58280.8,58742.2,675254.5,6752.545,395687908.7082,1,2024-08-15 10:00:00
58742.2,59483.7,58524.5,59446.4,1998881.1,19988.811,1180606397.0807,1,2024-08-15 12:00:00
59446.4,59775.2,59193.6,59671.5,1438033.7,14380.337,855771863.5814,1,2024-08-15 14:00:00
59670.5,59861.5,58769.4,58880.8,1141733.3,11417.333,678567830.1251,1,2024-08-15 16:00:00
58880.9,58880.9,56680.0,57044.1,3555417.7,35554.177,2047888725.5061,1,2024-08-15 18:00:00
57044.2,57648.5,56048.3,57626.0,1753149.6,17531.496,996304557.9449,1,2024-08-15 20:00:00
57626.0,57874.9,57379.4,57528.0,697552.3,6975.523,401870999.433,1,2024-08-15 22:00:00
57532.9,57673.9,57095.7,57545.9,671565.6,6715.656,385459076.5675,1,2024-08-16 00:00:00
57546.0,58530.0,57334.8,57894.2,1089183.3,10891.833,631905441.8989,1,2024-08-16 02:00:00
57894.2,58332.0,57808.0,58188.0,431039.0,4310.39,250536094.2828,1,2024-08-16 04:00:00
58188.0,58637.0,58044.4,58457.2,701466.7,7014.667,409819219.6008,1,2024-08-16 06:00:00
58457.3,58699.6,58256.9,58667.9,577101.6,5771.016,337501327.9683,1,2024-08-16 08:00:00
58668.0,58673.7,58200.0,58400.8,645612.9,6456.129,377192396.3504,1,2024-08-16 10:00:00
58400.8,58929.6,57525.0,58358.7,2629547.7,26295.477,1530701691.2129,1,2024-08-16 12:00:00
58358.7,58485.5,57637.5,58063.9,1421191.2,14211.912,825091140.5475,1,2024-08-16 14:00:00
58063.6,59367.9,57991.1,59218.8,1674934.4,16749.344,982372908.4104,1,2024-08-16 16:00:00
59220.0,59824.9,59071.7,59678.5,1445746.0,14457.46,860125914.4172,1,2024-08-16 18:00:00
59678.6,59707.4,58955.0,59033.2,590480.3,5904.803,350209095.0382,1,2024-08-16 20:00:00
59033.1,59190.0,58726.0,58892.2,467101.1,4671.011,275540574.4404,1,2024-08-16 22:00:00
58892.2,59388.0,58807.4,59246.8,438142.0,4381.42,259137463.9291,1,2024-08-17 00:00:00
59246.8,59340.9,58991.9,59166.0,316615.6,3166.156,187221362.4507,1,2024-08-17 02:00:00
59165.9,59272.9,59080.0,59158.9,210989.8,2109.898,124895396.9207,1,2024-08-17 04:00:00
59159.0,59261.1,59050.0,59247.1,206212.0,2062.12,122008084.7098,1,2024-08-17 06:00:00
59247.2,59478.0,59160.0,59322.1,351728.5,3517.285,208596679.656,1,2024-08-17 08:00:00
59322.1,59348.7,59061.3,59140.1,354981.8,3549.818,210036356.1834,1,2024-08-17 10:00:00
59140.0,59450.0,59098.7,59325.0,400079.9,4000.799,237203536.6506,1,2024-08-17 12:00:00
59325.0,59657.8,59250.0,59392.9,514736.4,5147.364,306043452.3313,1,2024-08-17 14:00:00
59393.0,59731.0,59392.9,59431.2,380451.0,3804.51,226576398.7286,1,2024-08-17 16:00:00
59431.1,59554.1,59301.0,59478.4,233893.8,2338.938,138966197.834,1,2024-08-17 18:00:00
59478.4,59500.0,59151.0,59310.0,225291.1,2252.911,133650322.9813,1,2024-08-17 20:00:00
59310.0,59499.0,59250.0,59499.0,139730.8,1397.308,82936772.5929,1,2024-08-17 22:00:00
59499.0,59757.9,59410.0,59440.0,388400.2,3884.002,231451170.9631,1,2024-08-18 00:00:00
59439.9,60297.9,59281.2,59339.3,1406823.0,14068.23,841428387.8002,1,2024-08-18 02:00:00
59339.2,59715.6,59252.0,59489.7,794176.3,7941.763,472453886.9711,1,2024-08-18 04:00:00
59489.7,59665.9,59477.0,59579.0,307873.6,3078.736,183441351.2085,1,2024-08-18 06:00:00
59579.0,60123.0,59420.0,59879.8,810418.6,8104.186,484141306.2586,1,2024-08-18 08:00:00
59879.8,60198.1,59751.4,60020.1,796395.6,7963.956,477667235.5129,1,2024-08-18 10:00:00
60020.0,60287.0,59823.0,59834.1,643883.2,6438.832,386729498.6845,1,2024-08-18 12:00:00
59834.1,59986.5,59668.1,59867.0,507107.3,5071.073,303424757.1534,1,2024-08-18 14:00:00
59867.0,59959.4,59365.0,59536.0,630358.9,6303.589,375924449.8537,1,2024-08-18 16:00:00
59535.9,59765.0,59462.4,59710.1,247583.9,2475.839,147554104.445,1,2024-08-18 18:00:00
59710.1,59875.3,59337.1,59443.0,298186.8,2981.868,177876910.2382,1,2024-08-18 20:00:00
59442.9,59585.0,58421.0,58435.8,1097502.2,10975.022,647039229.2826,1,2024-08-18 22:00:00
58435.8,58725.6,58210.0,58564.9,1290206.7,12902.067,754106873.5266,1,2024-08-19 00:00:00
58565.0,58769.9,58423.3,58730.3,469902.6,4699.026,275530806.2985,1,2024-08-19 02:00:00
58730.2,58746.6,58379.0,58488.3,445069.3,4450.693,260544140.3466,1,2024-08-19 04:00:00
58488.4,58748.5,58385.0,58503.6,512065.0,5120.65,299934409.6778,1,2024-08-19 06:00:00
58505.3,58678.4,57950.7,58009.7,1026081.5,10260.815,598171141.8994,1,2024-08-19 08:00:00
58008.1,58510.0,57800.0,58389.5,1072764.6,10727.646,623206447.9783,1,2024-08-19 10:00:00
58389.6,58966.0,58024.3,58207.4,1578895.9,15788.959,924360136.721,1,2024-08-19 12:00:00
58207.4,58773.9,58080.0,58535.1,996421.5,9964.215,582357796.5198,1,2024-08-19 14:00:00
58535.1,59295.0,58372.2,59024.8,999732.4,9997.324,588427623.9132,1,2024-08-19 16:00:00
59024.9,59251.7,58718.4,58957.6,513416.5,5134.165,302817656.7527,1,2024-08-19 18:00:00
58957.6,59339.0,58901.4,58965.6,465577.3,4655.773,275273033.9065,1,2024-08-19 20:00:00
58965.6,59615.1,58965.6,59433.0,536618.5,5366.185,318318537.2953,1,2024-08-19 22:00:00
59433.2,60914.0,59351.8,60443.9,2085902.9,20859.029,1258383214.4528,1,2024-08-20 00:00:00
60443.8,60628.0,60345.0,60627.9,492711.3,4927.113,298041274.8054,1,2024-08-20 02:00:00
60628.0,61434.4,60590.3,61121.9,1490414.3,14904.143,909333597.087,1,2024-08-20 04:00:00
61122.0,61161.0,60811.0,60939.5,539196.5,5391.965,328639865.7896,1,2024-08-20 06:00:00
60939.8,60980.0,60688.4,60868.1,591071.2,5910.712,359585364.3662,1,2024-08-20 08:00:00
60868.2,60888.0,60440.0,60528.1,635936.2,6359.362,385546751.9197,1,2024-08-20 10:00:00
60528.1,60950.0,60338.4,60881.9,1060848.7,10608.487,643357999.2596,1,2024-08-20 12:00:00
60881.9,60900.0,58582.0,58822.1,4399430.8,43994.308,2617050119.7221,1,2024-08-20 14:00:00
58822.1,59056.8,58500.0,59033.8,1018291.9,10182.919,598948054.7678,1,2024-08-20 16:00:00
59035.9,59596.8,58979.5,59509.0,916158.8,9161.588,543611806.1843,1,2024-08-20 18:00:00
59508.9,59719.6,58755.0,59285.0,667573.9,6675.739,395779482.0002,1,2024-08-20 20:00:00
59285.0,59578.4,58973.9,59007.9,367725.8,3677.258,218006118.9473,1,2024-08-20 22:00:00
59006.2,59279.4,58760.0,59275.2,580644.6,5806.446,342945202.8195,1,2024-08-21 00:00:00
59275.2,59521.0,59207.8,59321.4,420283.0,4202.83,249391354.5307,1,2024-08-21 02:00:00
59321.4,59409.1,59180.2,59382.0,228064.0,2280.64,135332244.5023,1,2024-08-21 04:00:00
59382.0,59752.4,59362.7,59712.0,556660.4,5566.604,331873450.7384,1,2024-08-21 06:00:00
59712.0,59962.0,59093.0,59287.9,1115060.6,11150.606,662890477.4933,1,2024-08-21 08:00:00
59287.9,59520.0,59197.9,59360.4,399612.7,3996.127,237242105.2399,1,2024-08-21 10:00:00
59360.5,60134.7,58829.9,59930.4,1629705.3,16297.053,968028353.0038,1,2024-08-21 12:00:00
59930.5,60222.0,59200.6,59514.1,2589012.6,25890.126,1544983813.907,1,2024-08-21 14:00:00
59514.1,60060.0,59370.6,59937.8,756174.1,7561.741,451920100.9449,1,2024-08-21 16:00:00
59937.8,61666.0,59740.8,61569.0,2866355.7,28663.557,1743554741.3955,1,2024-08-21 18:00:00
61569.5,61828.0,60916.6,61240.8,1460630.1,14606.301,896381815.77,1,2024-08-21 20:00:00
61240.9,61508.9,61010.0,61158.7,545624.0,5456.24,334050138.4614,1,2024-08-21 22:00:00
61158.8,61234.3,60730.0,60975.1,603978.3,6039.783,368188162.4581,1,2024-08-22 00:00:00
60975.1,60977.9,59587.8,60543.9,1919261.1,19192.611,1157147840.6501,1,2024-08-22 02:00:00
60543.9,60850.0,60450.0,60714.5,585903.4,5859.034,355497162.3727,1,2024-08-22 04:00:00
60714.5,61105.8,60675.6,60974.5,540753.2,5407.532,329160834.361,1,2024-08-22 06:00:00
60974.5,61114.5,60789.7,60875.4,565436.3,5654.363,344529607.9645,1,2024-08-22 08:00:00
60875.4,61400.0,60818.0,61324.1,805497.8,8054.978,492970348.837,1,2024-08-22 10:00:00
61324.1,61388.0,60405.0,60807.8,1809444.1,18094.441,1100769092.6426,1,2024-08-22 12:00:00
60807.8,60850.0,60100.0,60406.2,1494451.8,14944.518,904006810.3392,1,2024-08-22 14:00:00
60406.3,60599.3,60138.0,60162.2,691596.5,6915.965,417665964.1161,1,2024-08-22 16:00:00
60162.1,60571.4,60130.0,60307.6,583896.8,5838.968,352377262.2613,1,2024-08-22 18:00:00
60307.6,60717.0,60283.0,60547.3,465335.3,4653.353,281511943.1782,1,2024-08-22 20:00:00
60547.4,60600.1,60301.3,60380.0,214648.5,2146.485,129707974.6379,1,2024-08-22 22:00:00
60380.0,60954.0,60334.2,60760.4,611335.6,6113.356,371269707.1691,1,2024-08-23 00:00:00
60760.3,60814.8,60575.2,60600.1,273083.8,2730.838,165698531.8599,1,2024-08-23 02:00:00
60600.2,61097.0,60584.1,60864.1,645774.9,6457.749,393173105.3087,1,2024-08-23 04:00:00
60864.2,61358.0,60832.1,61075.3,747974.8,7479.748,457028822.3709,1,2024-08-23 06:00:00
61075.3,61334.0,60954.6,61014.0,630557.2,6305.572,385695134.9942,1,2024-08-23 08:00:00
61014.1,61160.0,60661.2,60736.1,639233.6,6392.336,389138171.5162,1,2024-08-23 10:00:00
60736.1,61220.4,60736.0,61121.9,865366.1,8653.661,528108825.8084,1,2024-08-23 12:00:00
61122.0,62327.4,60790.0,61528.0,5087636.1,50876.361,3130165088.2908,1,2024-08-23 14:00:00
61527.0,63039.9,61317.7,63005.9,2443402.9,24434.029,1519838381.8598,1,2024-08-23 16:00:00
63005.9,63816.0,62416.0,63604.0,3028476.5,30284.765,1915932602.081,1,2024-08-23 18:00:00
63609.7,65098.5,63473.1,64392.3,1563214.0,15632.14,1003293445.5122,1,2024-08-23 20:00:00
64392.3,65000.0,63852.0,64050.0,1561193.6,15611.936,1004849459.8987,1,2024-08-23 22:00:00
64050.0,64221.6,63629.0,63840.1,674449.9,6744.499,430925168.7979,1,2024-08-24 00:00:00
63843.9,64020.9,63777.8,63841.0,435930.0,4359.3,278565661.1523,1,2024-08-24 02:00:00
63841.0,64037.5,63828.0,63989.9,334639.3,3346.393,213969021.4117,1,2024-08-24 04:00:00
63990.0,64447.2,63921.2,64309.8,686065.5,6860.655,440124476.873,1,2024-08-24 06:00:00
64309.8,64554.9,64150.1,64339.6,492237.6,4922.376,316527827.686,1,2024-08-24 08:00:00
64339.6,64399.9,63900.0,63922.0,450923.5,4509.235,289253286.2832,1,2024-08-24 10:00:00
63922.0,64265.9,63918.3,64228.0,437293.9,4372.939,280415759.4867,1,2024-08-24 12:00:00
64228.0,64269.9,63865.0,63982.6,464565.7,4645.657,297656989.0807,1,2024-08-24 14:00:00
63982.6,64445.9,63921.4,64052.7,690527.5,6905.275,443242597.6253,1,2024-08-24 16:00:00
64056.0,64464.0,63942.0,64204.9,472498.7,4724.987,303564860.7344,1,2024-08-24 18:00:00
64205.0,64345.2,63500.0,63613.5,490885.2,4908.852,313757485.0426,1,2024-08-24 20:00:00
63611.2,64173.5,63573.2,64160.9,444252.2,4442.522,283769779.3351,1,2024-08-24 22:00:00
64160.1,65028.4,64050.0,64160.0,1025846.0,10258.46,660470271.3384,1,2024-08-25 00:00:00
64160.1,64285.0,64000.0,64115.9,259719.6,2597.196,166569639.7926,1,2024-08-25 02:00:00
64115.9,64218.0,64002.0,64157.0,219662.4,2196.624,140859152.8675,1,2024-08-25 04:00:00
64157.0,64183.4,63785.0,63877.8,567086.8,5670.868,362647664.1136,1,2024-08-25 06:00:00
63877.7,64032.1,63806.7,63870.1,346048.6,3460.486,221142600.1763,1,2024-08-25 08:00:00
63870.0,64036.6,63790.0,63891.4,308503.6,3085.036,197158828.3865,1,2024-08-25 10:00:00
63891.5,64183.8,63820.0,64085.7,379625.0,3796.25,243021761.5831,1,2024-08-25 12:00:00
64085.7,64291.4,64080.9,64133.0,400278.8,4002.788,256864475.6677,1,2024-08-25 14:00:00
64133.1,64205.8,64008.7,64149.9,245141.7,2451.417,157127127.1775,1,2024-08-25 16:00:00
64149.9,64275.4,64080.0,64192.2,163825.7,1638.257,105137432.6097,1,2024-08-25 18:00:00
64192.2,64605.3,64129.7,64401.3,459344.3,4593.443,295640410.7187,1,2024-08-25 20:00:00
64401.4,65043.6,64200.1,64222.0,1297662.9,12976.629,837967924.9986,1,2024-08-25 22:00:00
64222.1,64490.0,63875.0,63934.5,755080.3,7550.803,484200889.998,1,2024-08-26 00:00:00
63934.5,64132.9,63785.0,64125.2,430994.9,4309.949,275795987.7873,1,2024-08-26 02:00:00
64125.1,64221.8,63890.0,63960.3,301876.1,3018.761,193343653.7755,1,2024-08-26 04:00:00
63960.3,64200.0,63574.7,63634.4,981407.8,9814.078,626244437.1822,1,2024-08-26 06:00:00
63634.4,63904.3,63214.5,63859.1,924822.8,9248.228,588343510.2629,1,2024-08-26 08:00:00
63859.1,64040.0,63730.3,63850.4,768345.4,7683.454,490834387.7261,1,2024-08-26 10:00:00
63850.4,63968.5,63466.0,63764.2,1094160.9,10941.609,696778446.4834,1,2024-08-26 12:00:00
63765.0,63873.0,63068.0,63535.0,1739530.2,17395.302,1102879115.853,1,2024-08-26 14:00:00
63535.0,63890.0,63200.0,63388.9,978848.6,9788.486,622030871.5826,1,2024-08-26 16:00:00
63389.0,63728.9,63189.6,63331.1,827404.5,8274.045,525187655.6226,1,2024-08-26 18:00:00
63331.0,63567.8,62840.2,63144.7,926933.8,9269.338,585691723.4051,1,2024-08-26 20:00:00
63144.8,63300.0,62793.1,62840.1,627161.9,6271.619,395263218.0045,1,2024-08-26 22:00:00
62840.1,63215.0,62650.0,62992.2,1091009.2,10910.092,686493294.1986,1,2024-08-27 00:00:00
62996.7,63200.0,62727.3,62971.9,574855.0,5748.55,361797503.33,1,2024-08-27 02:00:00
62972.0,63200.0,62903.7,63154.0,445402.4,4454.024,280885232.4202,1,2024-08-27 04:00:00
63154.0,63160.9,62730.0,62907.8,564967.9,5649.679,355201588.6108,1,2024-08-27 06:00:00
62907.9,63012.8,62573.0,62692.4,746421.1,7464.211,468479122.0904,1,2024-08-27 08:00:00
62692.5,62692.5,62234.0,62433.6,1293045.1,12930.451,807236920.3245,1,2024-08-27 10:00:00
62433.5,62513.5,62122.0,62230.7,1112405.4,11124.054,693106917.6858,1,2024-08-27 12:00:00
62230.7,62298.0,61456.1,61698.6,2781748.1,27817.481,1720509668.767,1,2024-08-27 14:00:00
61698.6,61991.9,61504.2,61933.9,990948.5,9909.485,611862335.3844,1,2024-08-27 16:00:00
61933.9,62197.0,61861.6,62101.7,622694.0,6226.94,386280655.0378,1,2024-08-27 18:00:00
62101.6,62103.5,59640.9,60426.7,2477108.0,24771.08,1509901481.8104,1,2024-08-27 20:00:00
60426.6,60426.7,57910.1,59405.3,4100987.7,41009.877,2426690317.6595,1,2024-08-27 22:00:00
59405.4,59454.8,58915.8,59372.2,1163173.3,11631.733,688514549.5589,1,2024-08-28 00:00:00
59372.0,59656.0,59195.1,59625.2,541375.2,5413.752,321667122.4054,1,2024-08-28 02:00:00
59625.1,59669.1,59260.0,59296.7,488173.5,4881.735,290157920.5981,1,2024-08-28 04:00:00
59296.6,59373.2,58515.0,58601.1,965307.6,9653.076,569107612.9428,1,2024-08-28 06:00:00
58601.1,60222.0,58537.5,60189.9,1412363.9,14123.639,839045160.545,1,2024-08-28 08:00:00
60189.9,60219.8,59673.2,59928.1,856463.9,8564.639,513217877.4911,1,2024-08-28 10:00:00
59928.0,60161.6,59311.9,59342.2,1042415.9,10424.159,623587754.53,1,2024-08-28 12:00:00
59342.2,59944.4,58400.0,59003.9,2443604.2,24436.042,1443165867.831,1,2024-08-28 14:00:00
59003.8,59270.2,57778.9,58644.9,2736886.9,27368.869,1603540092.8475,1,2024-08-28 16:00:00
58644.9,59839.5,58580.8,58904.9,1279532.2,12795.322,758135225.3618,1,2024-08-28 18:00:00
58904.9,59620.7,58626.0,59116.0,1073779.3,10737.793,635323740.1629,1,2024-08-28 20:00:00
59116.0,59260.0,58834.2,59040.2,352496.0,3524.96,208202665.0355,1,2024-08-28 22:00:00
59040.1,59331.6,58866.7,58994.5,447883.3,4478.833,264611792.9025,1,2024-08-29 00:00:00
58994.5,59194.4,58921.2,59146.8,266746.0,2667.46,157624000.2273,1,2024-08-29 02:00:00
59146.9,59459.0,59060.3,59431.6,374335.1,3743.351,221872461.8155,1,2024-08-29 04:00:00
59431.7,59757.2,59365.0,59571.3,533604.8,5336.048,317965759.7841,1,2024-08-29 06:00:00
59571.3,59773.1,59359.6,59577.6,519361.7,5193.617,309418225.0003,1,2024-08-29 08:00:00
59577.6,60478.0,59570.0,60058.6,1200330.7,12003.307,720441713.4414,1,2024-08-29 10:00:00
60058.6,60697.8,59971.4,60628.4,1323281.8,13232.818,798575241.8766,1,2024-08-29 12:00:00
60628.4,61169.9,60450.1,60779.9,1632530.4,16325.304,993236903.6114,1,2024-08-29 14:00:00
60779.9,60960.0,60173.5,60532.0,1128561.1,11285.611,682541482.5604,1,2024-08-29 16:00:00
60533.8,60550.0,58906.8,59268.1,2127898.7,21278.987,1265601211.4743,1,2024-08-29 18:00:00
59268.0,59640.5,59230.8,59496.7,422493.5,4224.935,251176096.3063,1,2024-08-29 20:00:00
59496.8,59496.8,58702.3,59350.1,679517.4,6795.174,401863605.1851,1,2024-08-29 22:00:00
59350.0,59491.0,58909.3,59226.0,605189.7,6051.897,358358624.8915,1,2024-08-30 00:00:00
59226.1,59346.0,58901.0,59038.7,439708.7,4397.087,259814844.6044,1,2024-08-30 02:00:00
59038.8,59168.0,58654.8,58791.6,533994.4,5339.944,314535238.6638,1,2024-08-30 04:00:00
58791.6,59586.9,58708.1,59268.3,875172.2,8751.722,518586812.3889,1,2024-08-30 06:00:00
59268.3,59655.0,59268.2,59577.6,614847.6,6148.476,365777286.7296,1,2024-08-30 08:00:00
59577.7,59671.1,59320.0,59400.2,488094.6,4880.946,290363757.6784,1,2024-08-30 10:00:00
59400.2,59951.0,58900.8,59661.4,1505664.8,15056.648,895683269.0992,1,2024-08-30 12:00:00
59661.5,59849.2,57924.0,58094.0,3251020.6,32510.206,1906043282.1673,1,2024-08-30 14:00:00
58095.9,58819.2,57660.1,58635.7,1811828.1,18118.281,1056196287.4855,1,2024-08-30 16:00:00
58635.8,59383.0,58622.1,58702.1,1329582.5,13295.825,784853989.1073,1,2024-08-30 18:00:00
58702.0,59157.0,58702.0,59059.9,286137.0,2861.37,168669172.5918,1,2024-08-30 20:00:00
59060.0,59296.0,59044.1,59127.3,258976.4,2589.764,153253316.5964,1,2024-08-30 22:00:00
59127.4,59478.0,59055.6,59280.5,355077.9,3550.779,210529242.4542,1,2024-08-31 00:00:00
59280.5,59299.9,59133.0,59232.7,172842.4,1728.424,102316029.2557,1,2024-08-31 02:00:00
59232.6,59350.0,59209.0,59209.7,179004.1,1790.041,106113283.9668,1,2024-08-31 04:00:00
59209.8,59265.1,59066.0,59091.1,211819.7,2118.197,125301238.9172,1,2024-08-31 06:00:00
59091.1,59135.6,58824.6,58910.6,413040.1,4130.401,243598983.3172,1,2024-08-31 08:00:00
58910.6,59190.0,58872.3,59124.7,267639.2,2676.392,158145239.0859,1,2024-08-31 10:00:00
59125.0,59259.0,58926.1,58951.9,427352.8,4273.528,252716943.4265,1,2024-08-31 12:00:00
58950.1,59169.8,58880.2,59017.9,368512.9,3685.129,217615375.1205,1,2024-08-31 14:00:00
59017.9,59056.9,58735.2,59008.7,381859.1,3818.591,224973756.2025,1,2024-08-31 16:00:00
59008.7,59159.9,58820.0,58866.5,355207.7,3552.077,209564537.957,1,2024-08-31 18:00:00
58866.4,59148.5,58784.0,59055.7,177560.5,1775.605,104697453.1547,1,2024-08-31 20:00:00
59055.6,59140.5,58930.0,58977.2,109278.5,1092.785,64494778.4775,1,2024-08-31 22:00:00
58975.7,59085.9,58830.0,58831.9,198183.5,1981.835,116810577.1842,1,2024-09-01 00:00:00
58832.0,58896.5,58264.0,58529.5,901488.2,9014.882,527737441.2818,1,2024-09-01 02:00:00
58529.6,58608.6,57766.7,57978.0,1165013.1,11650.131,677312373.3695,1,2024-09-01 04:00:00
57978.0,58500.0,57940.2,58477.0,591861.1,5918.611,344642808.4899,1,2024-09-01 06:00:00
58477.0,58508.0,58133.2,58201.4,420001.1,4200.011,244893178.1009,1,2024-09-01 08:00:00
58201.3,58241.7,57830.0,58238.1,687378.1,6873.781,398863709.4146,1,2024-09-01 10:00:00
58238.1,58320.0,57714.1,58172.0,814840.2,8148.402,472882677.5378,1,2024-09-01 12:00:00
58172.0,58378.0,57150.1,58220.1,1924751.8,19247.518,1113047469.7565,1,2024-09-01 14:00:00
58220.0,58363.5,57866.3,58128.1,738087.2,7380.872,428939557.2342,1,2024-09-01 16:00:00
58128.1,58800.0,58121.1,58516.1,871689.8,8716.898,509886144.1554,1,2024-09-01 18:00:00
58516.0,58662.8,58080.2,58353.0,299150.8,2991.508,174665680.9058,1,2024-09-01 20:00:00
58353.1,58424.0,57188.0,57290.8,1514107.6,15141.076,870638790.1307,1,2024-09-01 22:00:00
57290.7,57650.0,57111.0,57412.2,1014529.7,10145.297,582200599.7164,1,2024-09-02 00:00:00
57412.3,57775.5,57280.0,57732.4,731434.3,7314.343,421027271.5745,1,2024-09-02 02:00:00
57732.4,57988.0,57449.2,57783.4,562851.1,5628.511,324788338.118,1,2024-09-02 04:00:00
57782.0,57888.0,57355.1,57548.9,509387.2,5093.872,293548452.5049,1,2024-09-02 06:00:00
57549.0,58470.0,57511.6,58410.0,1417368.2,14173.682,823503421.3503,1,2024-09-02 08:00:00
58410.0,58666.0,58289.0,58428.9,892674.2,8926.742,521970864.1215,1,2024-09-02 10:00:00
58428.9,58525.9,58160.0,58182.6,551663.5,5516.635,321713805.4922,1,2024-09-02 12:00:00
58182.6,58844.0,58106.1,58539.4,1058962.5,10589.625,620035701.833,1,2024-09-02 14:00:00
58539.5,58660.0,58288.7,58518.7,460182.2,4601.822,268951810.9745,1,2024-09-02 16:00:00
58518.7,58671.2,58318.8,58447.4,235673.9,2356.739,137848148.7342,1,2024-09-02 18:00:00
58447.4,59290.0,58384.6,59037.0,896412.6,8964.126,529029513.3486,1,2024-09-02 20:00:00
59037.1,59440.8,58999.5,59146.9,668211.4,6682.114,395627621.5487,1,2024-09-02 22:00:00
59146.9,59416.0,59010.0,59392.0,533916.8,5339.168,316253151.2779,1,2024-09-03 00:00:00
59391.9,59828.0,59074.2,59127.9,1109627.3,11096.273,659841851.5988,1,2024-09-03 02:00:00
59127.9,59263.1,58988.9,59194.5,532007.6,5320.076,314667266.2777,1,2024-09-03 04:00:00
59194.5,59194.5,58861.6,59108.1,536422.7,5364.227,316469519.3063,1,2024-09-03 06:00:00
59108.1,59149.7,58720.0,58870.0,622037.3,6220.373,366290279.0119,1,2024-09-03 08:00:00
58870.1,59198.9,58831.8,59071.7,433769.6,4337.696,256136075.6805,1,2024-09-03 10:00:00
59071.7,59385.0,58208.0,58395.9,1607504.7,16075.047,944703698.9222,1,2024-09-03 12:00:00
58396.0,58396.0,57568.0,57721.3,2283162.9,22831.629,1321935418.0224,1,2024-09-03 14:00:00
57721.2,58112.0,57658.0,57700.1,712995.6,7129.956,412354217.4481,1,2024-09-03 16:00:00
57700.1,58258.0,57576.1,58051.3,855565.9,8555.659,495799470.8954,1,2024-09-03 18:00:00
58052.9,58248.2,57920.1,58134.0,354436.3,3544.363,206009135.1742,1,2024-09-03 20:00:00
58134.0,58189.4,57411.0,57486.1,642546.9,6425.469,370904029.0929,1,2024-09-03 22:00:00
57486.1,57951.0,55555.9,56777.7,3865911.1,38659.111,2188675674.31,1,2024-09-04 00:00:00
56777.8,56848.0,56520.0,56665.9,692025.4,6920.254,392372006.9101,1,2024-09-04 02:00:00
56665.9,56733.0,56166.0,56246.0,697024.2,6970.242,393645608.2242,1,2024-09-04 04:00:00
56246.1,56887.9,56221.5,56745.6,862237.8,8622.378,487227593.0254,1,2024-09-04 06:00:00
56745.6,56900.0,56574.0,56600.0,478470.6,4784.706,271452299.1097,1,2024-09-04 08:00:00
56600.0,56700.0,56441.0,56563.6,475834.5,4758.345,269113948.3398,1,2024-09-04 10:00:00
56562.5,56760.8,56301.4,56491.9,840728.7,8407.287,475186515.6158,1,2024-09-04 12:00:00
56491.9,58164.0,56170.8,58132.8,3558101.6,35581.016,2036722946.2128,1,2024-09-04 14:00:00
58132.7,58535.1,57807.3,57880.1,1876448.0,18764.48,1092818632.7222,1,2024-09-04 16:00:00
57880.0,58174.9,57643.5,58056.0,665701.3,6657.013,385145867.7333,1,2024-09-04 18:00:00
58056.0,58185.0,57830.6,58099.9,352137.9,3521.379,204334215.9286,1,2024-09-04 20:00:00
58100.0,58400.0,57888.7,57974.0,390616.5,3906.165,227139440.7542,1,2024-09-04 22:00:00
57973.9,58330.0,57955.0,58032.8,424807.2,4248.072,246877092.7441,1,2024-09-05 00:00:00
58032.9,58074.1,56905.8,57122.5,1666424.7,16664.247,955259948.8064,1,2024-09-05 02:00:00
57122.5,57285.8,57028.4,57190.0,516745.3,5167.453,295468116.9648,1,2024-09-05 04:00:00
57190.1,57257.9,56529.4,57155.0,1041863.4,10418.634,593273474.6225,1,2024-09-05 06:00:00
57155.0,57242.5,56615.1,56798.2,808423.2,8084.232,460084015.9462,1,2024-09-05 08:00:00
56798.2,56880.0,56648.6,56690.1,565194.2,5651.942,320735950.7399,1,2024-09-05 10:00:00
56690.2,57175.4,56316.7,57040.3,2094861.2,20948.612,1188648640.1866,1,2024-09-05 12:00:00
57041.0,57362.0,55800.0,55973.0,3469908.4,34699.084,1962307310.4557,1,2024-09-05 14:00:00
55973.1,56635.1,55952.4,56613.9,1090411.9,10904.119,613944007.5044,1,2024-09-05 16:00:00
56613.8,56721.0,55780.8,56046.6,1058199.4,10581.994,595596983.5319,1,2024-09-05 18:00:00
56046.6,56265.3,55638.0,56148.9,565429.0,5654.29,316876012.1908,1,2024-09-05 20:00:00
56149.0,56230.0,55767.4,56180.0,369040.9,3690.409,206849402.5508,1,2024-09-05 22:00:00
56180.0,56634.0,55983.2,56560.0,681863.3,6818.633,383932680.9714,1,2024-09-06 00:00:00
56559.9,56868.0,56500.0,56585.0,710796.6,7107.966,403235400.2422,1,2024-09-06 02:00:00
56585.0,56750.7,56310.0,56495.2,454946.1,4549.461,257174556.0714,1,2024-09-06 04:00:00
56495.1,56523.0,55275.7,55792.1,1700673.8,17006.738,948335258.261,1,2024-09-06 06:00:00
55792.1,55937.9,55630.3,55888.0,831829.1,8318.291,464164923.49,1,2024-09-06 08:00:00
55888.5,56281.2,55821.0,56007.0,846618.4,8466.184,474664020.2279,1,2024-09-06 10:00:00
56007.0,57048.1,55650.3,55895.6,3852287.7,38522.877,2172848148.6379,1,2024-09-06 12:00:00
55895.7,55937.9,53805.0,54041.5,5503770.9,55037.709,3012183955.4415,1,2024-09-06 14:00:00
54040.6,54426.8,53602.4,53932.9,2491770.1,24917.701,1346252996.2093,1,2024-09-06 16:00:00
53933.0,53996.6,53250.5,53537.1,2214613.8,22146.138,1187554818.1503,1,2024-09-06 18:00:00
53537.7,53800.0,52522.0,53763.6,2445375.5,24453.755,1299273317.2704,1,2024-09-06 20:00:00
53763.7,53966.0,53600.1,53956.4,603497.9,6034.979,324526924.4495,1,2024-09-06 22:00:00
53956.4,54095.1,53744.0,53815.8,464526.8,4645.268,250514600.4814,1,2024-09-07 00:00:00
53815.8,53950.0,53750.1,53818.0,302846.3,3028.463,163068200.0543,1,2024-09-07 02:00:00
53818.1,54381.0,53807.3,54179.3,786304.3,7863.043,425749408.3665,1,2024-09-07 04:00:00
54179.4,54407.6,54026.4,54280.4,602053.7,6020.537,326534920.1085,1,2024-09-07 06:00:00
54280.4,54428.3,54150.0,54240.0,497066.6,4970.666,269864592.0865,1,2024-09-07 08:00:00
54240.1,54496.8,54229.3,54326.7,360935.2,3609.352,196223005.1991,1,2024-09-07 10:00:00
54326.6,54661.6,54326.6,54547.0,568460.4,5684.604,309979776.9823,1,2024-09-07 12:00:00
54547.0,54842.3,54476.0,54779.1,612785.0,6127.85,335068425.2997,1,2024-09-07 14:00:00
54779.2,54863.2,53988.7,54136.1,794340.4,7943.404,432246282.2602,1,2024-09-07 16:00:00
54136.0,54466.0,54030.3,54405.0,378043.1,3780.431,205203244.0442,1,2024-09-07 18:00:00
54405.0,54443.4,53860.0,53932.5,400404.1,4004.041,216665456.999,1,2024-09-07 20:00:00
53932.4,54204.4,53809.0,54161.9,399922.9,3999.229,215939507.0426,1,2024-09-07 22:00:00
54161.8,54376.8,53965.4,54280.2,359494.1,3594.941,194816570.6494,1,2024-09-08 00:00:00
54280.3,54506.6,54261.9,54398.1,426806.2,4268.062,232068703.8504,1,2024-09-08 02:00:00
54398.1,54578.4,54333.1,54344.0,490786.1,4907.861,267268789.605,1,2024-09-08 04:00:00
54344.0,54545.8,54251.1,54440.0,345976.6,3459.766,188266233.1389,1,2024-09-08 06:00:00
54440.1,54735.0,54350.0,54452.1,553557.5,5535.575,301950171.1729,1,2024-09-08 08:00:00
54452.0,54674.8,54443.1,54559.0,284333.3,2843.333,155192273.5882,1,2024-09-08 10:00:00
54559.2,54575.4,54074.5,54397.9,882480.1,8824.801,479073458.0693,1,2024-09-08 12:00:00
54397.6,54446.0,53626.1,53688.0,1176703.0,11767.03,635401846.6914,1,2024-09-08 14:00:00
53688.1,54522.9,53622.0,54500.1,945714.7,9457.147,511065258.1546,1,2024-09-08 16:00:00
54500.2,54528.9,54270.9,54334.8,308419.6,3084.196,167737363.9225,1,2024-09-08 18:00:00
54334.9,54654.5,54178.8,54460.4,490456.1,4904.561,266883633.5098,1,2024-09-08 20:00:00
54460.3,55326.0,54360.8,54879.7,1793739.0,17937.39,984084857.0401,1,2024-09-08 22:00:00
54877.0,55375.9,54677.5,55099.9,1225932.2,12259.322,675125594.3355,1,2024-09-09 00:00:00
55099.9,55219.6,54777.9,55119.8,664643.2,6646.432,365614378.6934,1,2024-09-09 02:00:00
55119.9,55158.0,54584.3,54679.2,678117.8,6781.178,371849408.8769,1,2024-09-09 04:00:00
54679.3,55004.2,54645.6,54967.8,624661.9,6246.619,342576268.7703,1,2024-09-09 06:00:00
54966.4,55545.0,54951.5,55149.9,1150300.4,11503.004,635733845.7783,1,2024-09-09 08:00:00
55150.0,55450.2,55085.1,55269.7,536864.7,5368.647,296855091.3619,1,2024-09-09 10:00:00
55269.7,55798.8,54962.2,55682.5,1597267.0,15972.67,884841321.1495,1,2024-09-09 12:00:00
55682.4,55750.0,54802.7,55390.0,2048301.6,20483.016,1130817834.6002,1,2024-09-09 14:00:00
55389.9,56788.0,55346.4,56512.7,2853748.0,28537.48,1605060077.1196,1,2024-09-09 16:00:00
56512.7,57184.0,56247.5,57087.3,1644775.9,16447.759,932559254.6196,1,2024-09-09 18:00:00
57087.9,58161.5,56802.3,57449.8,1573803.1,15738.031,904025003.4557,1,2024-09-09 20:00:00
57449.8,57620.2,57005.0,57035.2,659328.6,6593.286,377688430.1582,1,2024-09-09 22:00:00
57035.2,57079.8,56633.0,56904.1,787491.0,7874.91,447754240.591,1,2024-09-10 00:00:00
56904.0,56927.1,56532.0,56532.1,559406.6,5594.066,317171518.4627,1,2024-09-10 02:00:00
56532.1,56975.3,56388.0,56940.7,850998.6,8509.986,482597402.9822,1,2024-09-10 04:00:00
56940.6,57308.5,56766.0,57218.6,674238.3,6742.383,384810280.9494,1,2024-09-10 06:00:00
57218.5,57410.5,56882.0,57091.9,927771.4,9277.714,530448591.4383,1,2024-09-10 08:00:00
57092.0,57258.2,56950.0,57218.1,449526.8,4495.268,256777226.3129,1,2024-09-10 10:00:00
57218.1,57477.0,56630.5,56743.9,1462258.9,14622.589,833211571.927,1,2024-09-10 12:00:00
56744.0,57211.0,56526.0,56593.0,1936503.2,19365.032,1101465341.7425,1,2024-09-10 14:00:00
56593.1,57388.8,56560.0,57175.8,1005229.9,10052.299,573209210.662,1,2024-09-10 16:00:00
57175.9,58048.6,57175.9,57950.0,1569789.1,15697.891,905312123.1596,1,2024-09-10 18:00:00
57950.1,57975.4,57441.8,57522.2,564255.7,5642.557,325496833.976,1,2024-09-10 20:00:00
57522.2,57874.3,57445.5,57644.6,333630.5,3336.305,192269068.7417,1,2024-09-10 22:00:00
57644.5,57762.0,56674.8,56724.1,1344487.8,13444.878,768542302.195,1,2024-09-11 00:00:00
56724.0,57181.1,56684.6,56824.9,803305.4,8033.054,457163814.5616,1,2024-09-11 02:00:00
56825.0,56825.0,56100.0,56248.0,1281452.4,12814.524,722578716.9938,1,2024-09-11 04:00:00
56247.8,56771.2,56177.0,56704.6,724418.1,7244.181,409408953.9723,1,2024-09-11 06:00:00
56704.6,56736.0,56353.2,56674.5,613287.9,6132.879,346751570.2542,1,2024-09-11 08:00:00
56674.5,56882.7,56334.3,56795.6,700163.4,7001.634,396612195.0625,1,2024-09-11 10:00:00
56795.6,57170.0,55711.2,55740.1,3183368.0,31833.68,1799010866.5168,1,2024-09-11 12:00:00
55740.2,57025.6,55555.5,56700.1,3029860.2,30298.602,1700951219.1391,1,2024-09-11 14:00:00
56700.1,57875.0,56644.0,57688.2,2335861.6,23358.616,1338892351.0604,1,2024-09-11 16:00:00
57688.3,57977.5,57321.3,57582.3,1232905.0,12329.05,710762154.9409,1,2024-09-11 18:00:00
57583.4,57684.3,57247.0,57355.4,332300.6,3323.006,190904558.6611,1,2024-09-11 20:00:00
57355.4,57510.9,57210.0,57342.8,285188.9,2851.889,163629411.4601,1,2024-09-11 22:00:00
57340.2,58333.3,57325.0,58145.9,1203824.0,12038.24,695762829.8132,1,2024-09-12 00:00:00
58146.0,58500.0,57833.0,58229.5,1167012.8,11670.128,678864318.9096,1,2024-09-12 02:00:00
58229.6,58431.3,57933.0,57982.2,633676.0,6336.76,368689084.9519,1,2024-09-12 04:00:00
57982.2,58149.8,57850.0,58132.4,456684.5,4566.845,264871389.6056,1,2024-09-12 06:00:00
58132.4,58342.3,57982.5,58026.3,584381.4,5843.814,340049017.4505,1,2024-09-12 08:00:00
58026.2,58159.5,57883.2,58059.3,410731.5,4107.315,238296494.9549,1,2024-09-12 10:00:00
58059.2,58166.5,57347.0,57620.9,1831476.4,18314.764,1057392119.6616,1,2024-09-12 12:00:00
57621.0,58586.8,57403.0,57511.8,2581906.6,25819.066,1495467273.851,1,2024-09-12 14:00:00
57511.8,58422.1,57495.1,58395.7,1068536.0,10685.36,620145275.1882,1,2024-09-12 16:00:00
58395.8,58456.0,57967.1,58399.4,779050.2,7790.502,454054124.9222,1,2024-09-12 18:00:00
58399.5,58399.5,57762.4,57924.3,625688.6,6256.886,363432853.9897,1,2024-09-12 20:00:00
57924.2,58260.3,57889.4,58127.9,329211.8,3292.118,191250032.1084,1,2024-09-12 22:00:00
58127.9,58266.7,57870.9,58137.6,460699.9,4606.999,267471549.4528,1,2024-09-13 00:00:00
58137.6,58180.6,57832.4,57859.9,307299.2,3072.992,178217551.2358,1,2024-09-13 02:00:00
57859.9,58029.9,57825.0,57941.3,313658.7,3136.587,181642886.7469,1,2024-09-13 04:00:00
57941.2,58145.0,57735.0,58117.6,531359.0,5313.59,307800619.3042,1,2024-09-13 06:00:00
58117.5,58159.6,57928.1,58060.1,401326.0,4013.26,233019814.1119,1,2024-09-13 08:00:00
58060.1,58355.2,57811.0,57876.0,780782.4,7807.824,453997554.4759,1,2024-09-13 10:00:00
57876.0,58165.9,57623.5,58042.5,1484064.1,14840.641,858285924.6161,1,2024-09-13 12:00:00
58041.9,59732.9,57822.2,59659.9,3809708.1,38097.081,2240999314.9459,1,2024-09-13 14:00:00
59658.4,59998.0,59315.4,59587.7,1744467.0,17444.67,1040415616.2044,1,2024-09-13 16:00:00
59587.7,59998.0,59470.8,59730.0,859554.5,8595.545,513663012.3218,1,2024-09-13 18:00:00
59730.0,60371.7,59616.8,60280.0,870268.4,8702.684,522974021.4077,1,2024-09-13 20:00:00
60280.0,60650.0,60243.3,60495.9,1138130.8,11381.308,688405249.3965,1,2024-09-13 22:00:00
60495.9,60614.6,60370.0,60408.9,450492.7,4504.927,272545894.0228,1,2024-09-14 00:00:00
60409.0,60504.6,60288.0,60329.3,317350.3,3173.503,191627694.6142,1,2024-09-14 02:00:00
60328.1,60356.0,59930.9,59941.0,490497.5,4904.975,295082590.8454,1,2024-09-14 04:00:00
59941.0,60186.9,59909.5,60143.0,392357.1,3923.571,235596434.8055,1,2024-09-14 06:00:00
60143.0,60167.9,59884.8,60086.6,310894.0,3108.94,186576354.6613,1,2024-09-14 08:00:00
60086.6,60086.6,59586.8,59699.7,777742.3,7777.423,465045688.3861,1,2024-09-14 10:00:00
59699.7,59864.5,59626.4,59769.6,415969.5,4159.695,248529471.0963,1,2024-09-14 12:00:00
59769.5,60023.6,59698.5,59867.0,452819.1,4528.191,271223469.6237,1,2024-09-14 14:00:00
59865.3,59989.7,59830.1,59889.6,245975.6,2459.756,147352939.0656,1,2024-09-14 16:00:00
59889.6,59925.0,59374.2,59810.6,681266.4,6812.664,406451515.6552,1,2024-09-14 18:00:00
59810.5,60147.7,59769.5,60028.1,318051.4,3180.514,190817371.5784,1,2024-09-14 20:00:00
60028.2,60137.9,59932.0,59992.8,165243.5,1652.435,99171584.1763,1,2024-09-14 22:00:00
59992.8,60280.0,59980.0,60222.9,392524.5,3925.245,236043263.637,1,2024-09-15 00:00:00
60222.9,60263.9,60109.4,60154.3,235508.1,2355.081,141748098.6727,1,2024-09-15 02:00:00
60154.3,60234.4,60073.0,60144.0,211504.8,2115.048,127241297.2473,1,2024-09-15 04:00:00
60144.0,60217.7,60126.6,60190.1,133493.6,1334.936,80326457.373,1,2024-09-15 06:00:00
60190.1,60200.0,60010.9,60022.1,271258.1,2712.581,162998973.0443,1,2024-09-15 08:00:00
60022.0,60056.1,59870.0,60001.9,471094.1,4710.941,282586284.4035,1,2024-09-15 10:00:00
60001.9,60363.5,59949.8,60187.9,542684.2,5426.842,326439490.0622,1,2024-09-15 12:00:00
60187.8,60415.8,59880.0,60336.8,676904.4,6769.044,407341186.7273,1,2024-09-15 14:00:00
60336.8,60350.0,59678.1,59826.0,739246.6,7392.466,443064202.3403,1,2024-09-15 16:00:00
59826.0,60193.9,59750.0,59885.8,562543.0,5625.43,337259519.3681,1,2024-09-15 18:00:00
59885.7,59947.3,59453.9,59664.7,594751.4,5947.514,354888780.1741,1,2024-09-15 20:00:00
59664.7,59698.6,58679.5,59130.0,1615902.5,16159.025,955273652.4269,1,2024-09-15 22:00:00
59130.1,59212.4,58402.7,58612.8,1455798.6,14557.986,854615088.5558,1,2024-09-16 00:00:00
58612.9,58681.9,58115.0,58572.8,1042680.0,10426.8,608800277.8941,1,2024-09-16 02:00:00
58572.7,58676.9,58320.3,58664.0,577266.8,5772.668,337733256.9692,1,2024-09-16 04:00:00
58663.9,58957.4,58620.0,58896.1,592801.2,5928.012,348463752.9679,1,2024-09-16 06:00:00
58896.1,59186.3,58582.5,58632.0,897682.0,8976.82,528697346.9255,1,2024-09-16 08:00:00
58632.0,58842.0,58501.1,58658.4,510195.5,5101.955,299286630.8528,1,2024-09-16 10:00:00
58658.4,58790.0,58012.0,58490.7,1338748.4,13387.484,781851674.9518,1,2024-09-16 12:00:00
58495.1,58567.1,57566.2,57887.8,1941923.6,19419.236,1124020849.974,1,2024-09-16 14:00:00
57887.8,58288.0,57450.0,58169.1,1456899.3,14568.993,842234914.8847,1,2024-09-16 16:00:00
58169.1,58193.3,57700.0,57954.2,828960.8,8289.608,479986299.5763,1,2024-09-16 18:00:00
57954.2,58178.0,57602.9,58005.7,555902.3,5559.023,321864405.466,1,2024-09-16 20:00:00
58005.8,58429.2,57836.8,58210.5,402831.8,4028.318,234205699.0826,1,2024-09-16 22:00:00
58210.4,58344.6,57613.1,57898.2,694006.3,6940.063,401802361.5139,1,2024-09-17 00:00:00
57899.6,58228.0,57838.0,58072.0,431199.3,4311.993,250406261.2183,1,2024-09-17 02:00:00
58072.0,58799.9,58032.9,58640.5,695780.1,6957.801,406652458.4793,1,2024-09-17 04:00:00
58640.5,58723.3,58440.2,58695.8,441374.8,4413.748,258538297.9511,1,2024-09-17 06:00:00
58695.9,59086.0,58627.3,58967.6,768704.7,7687.047,452312790.9128,1,2024-09-17 08:00:00
58967.7,59298.0,58912.0,59089.0,859750.4,8597.504,508385720.9107,1,2024-09-17 10:00:00
59089.1,59460.8,58868.0,58958.4,1293658.3,12936.583,765647520.6894,1,2024-09-17 12:00:00
58958.4,61366.0,58935.7,61139.8,5181122.5,51811.225,3132052447.6154,1,2024-09-17 14:00:00
61139.9,61276.0,60694.7,60973.4,1402626.5,14026.265,854599582.1859,1,2024-09-17 16:00:00
60973.4,61086.0,59630.0,59984.6,1867442.4,18674.424,1126809051.1903,1,2024-09-17 18:00:00
59985.7,60444.8,59750.0,60340.5,903986.0,9039.86,543499825.0241,1,2024-09-17 20:00:00
60340.5,60359.6,60008.7,60318.4,356340.9,3563.409,214544142.4134,1,2024-09-17 22:00:00
60318.4,60343.7,59874.0,60121.6,575047.4,5750.474,345766602.0376,1,2024-09-18 00:00:00
60121.6,60782.0,60080.0,60513.7,736243.2,7362.432,445214726.1097,1,2024-09-18 02:00:00
60513.7,60688.8,60193.7,60238.2,499445.4,4994.454,301711655.5733,1,2024-09-18 04:00:00
60238.1,60560.0,60200.0,60426.0,339953.8,3399.538,205309558.3809,1,2024-09-18 06:00:00
60426.1,60426.1,59663.8,59663.8,852989.4,8529.894,511932182.2844,1,2024-09-18 08:00:00
59663.2,60034.5,59370.2,59855.2,1050498.6,10504.986,627594342.0157,1,2024-09-18 10:00:00
59855.2,60176.7,59306.1,59514.0,1306133.0,13061.33,780540064.8819,1,2024-09-18 12:00:00
59513.9,59796.2,59310.0,59434.2,1094025.1,10940.251,651344808.1267,1,2024-09-18 14:00:00
59434.2,60263.3,59162.8,60023.6,1416861.7,14168.617,846786346.2354,1,2024-09-18 16:00:00
60023.6,61425.9,59768.0,60072.9,5475796.6,54757.966,3316388236.8826,1,2024-09-18 18:00:00
60072.9,60498.0,59476.1,60212.3,1019052.0,10190.52,611588243.5195,1,2024-09-18 20:00:00
60212.2,61802.0,60203.1,61767.8,1354054.0,13540.54,827095858.7113,1,2024-09-18 22:00:00
61767.9,62598.0,61567.0,62015.1,2510778.6,25107.786,1558513315.9705,1,2024-09-19 00:00:00
62015.1,62348.3,61805.7,62114.8,774714.9,7747.149,481120317.4084,1,2024-09-19 02:00:00
62114.9,62188.0,61900.0,61999.8,487347.7,4873.477,302271582.4195,1,2024-09-19 04:00:00
61999.9,62176.9,61820.0,62099.7,489184.2,4891.842,303463389.0362,1,2024-09-19 06:00:00
62100.0,62353.0,61900.0,62270.4,664815.5,6648.155,413120894.5081,1,2024-09-19 08:00:00
62270.4,62738.2,62237.0,62640.1,1262446.5,12624.465,788994414.6087,1,2024-09-19 10:00:00
62640.0,63394.8,62590.0,63042.6,2778754.1,27787.541,1750408669.5259,1,2024-09-19 12:00:00
63045.4,63528.0,62829.5,63153.4,1703772.8,17037.728,1076776312.8301,1,2024-09-19 14:00:00
63153.9,63871.8,62938.0,63714.6,1910749.4,19107.494,1213486538.1432,1,2024-09-19 16:00:00
63714.6,63850.0,63188.0,63260.1,1007200.4,10072.004,639850777.2889,1,2024-09-19 18:00:00
63260.1,63260.1,62887.1,62887.1,498813.8,4988.138,314686022.6557,1,2024-09-19 20:00:00
62887.1,63115.9,62659.0,62967.6,653981.8,6539.818,411317344.6554,1,2024-09-19 22:00:00
62967.6,63200.0,62609.0,63052.0,790219.0,7902.19,496800568.4787,1,2024-09-20 00:00:00
63052.0,63773.1,62830.0,63766.1,984316.0,9843.16,622784241.4361,1,2024-09-20 02:00:00
63766.1,64183.2,63606.0,63809.9,1602929.5,16029.295,1024205235.8858,1,2024-09-20 04:00:00
63810.0,63926.5,63388.0,63528.0,758476.4,7584.764,482731414.6484,1,2024-09-20 06:00:00
63528.1,63565.5,63112.0,63475.2,763679.4,7636.794,483845201.4472,1,2024-09-20 08:00:00
63475.1,63722.3,63356.0,63449.5,630810.6,6308.106,400852230.0704,1,2024-09-20 10:00:00
63449.4,63558.2,62680.6,62853.7,1570495.3,15704.953,989761101.1933,1,2024-09-20 12:00:00
62853.6,63535.8,62574.7,63165.0,2065649.8,20656.498,1302491831.5898,1,2024-09-20 14:00:00
63164.9,63288.5,62615.9,62697.0,1070707.7,10707.077,673091858.2236,1,2024-09-20 16:00:00
62697.0,63027.3,62337.9,62800.4,971658.0,9716.58,609059877.8304,1,2024-09-20 18:00:00
62800.4,63299.5,62694.5,63111.4,547674.6,5476.746,345309230.8236,1,2024-09-20 20:00:00
63111.5,63279.0,63071.2,63208.1,213280.6,2132.806,134751971.0759,1,2024-09-20 22:00:00
63208.1,63321.1,62833.2,62841.5,485853.4,4858.534,306511556.875,1,2024-09-21 00:00:00
62841.6,63014.8,62811.3,62900.0,239871.9,2398.719,150942231.2461,1,2024-09-21 02:00:00
62899.9,62960.0,62757.2,62919.8,286148.1,2861.481,179905100.0924,1,2024-09-21 04:00:00
62919.8,63143.5,62896.1,63084.0,255484.1,2554.841,161054582.5387,1,2024-09-21 06:00:00
63084.0,63150.0,63000.0,63119.2,189155.2,1891.552,119313861.4244,1,2024-09-21 08:00:00
63119.2,63120.0,62960.9,63088.0,195674.3,1956.743,123352075.0957,1,2024-09-21 10:00:00
63088.0,63247.3,63030.0,63189.9,296299.1,2962.991,187057895.4362,1,2024-09-21 12:00:00
63189.9,63315.7,63049.7,63167.5,489693.4,4896.934,309468931.4399,1,2024-09-21 14:00:00
63167.6,63411.9,63087.6,63284.3,396669.0,3966.69,250997572.5877,1,2024-09-21 16:00:00
63284.3,63344.7,63163.6,63204.9,161945.3,1619.453,102405988.209,1,2024-09-21 18:00:00
63204.8,63213.3,63050.0,63087.9,155819.4,1558.194,98354231.6415,1,2024-09-21 20:00:00
63087.9,63600.0,63056.1,63349.9,526524.1,5265.241,333600098.0082,1,2024-09-21 22:00:00
63349.9,63456.0,63020.1,63050.1,397380.4,3973.804,251223711.4052,1,2024-09-22 00:00:00
63050.0,63214.2,62822.0,63115.3,575179.2,5751.792,362344339.7968,1,2024-09-22 02:00:00
63115.2,63209.5,62904.1,62934.0,216628.4,2166.284,136541928.3056,1,2024-09-22 04:00:00
62934.1,63046.3,62828.2,62950.2,250640.0,2506.4,157741267.7232,1,2024-09-22 06:00:00
62950.3,63048.0,62650.0,62707.8,444232.6,4442.326,279161416.7084,1,2024-09-22 08:00:00
62707.9,62867.7,62560.0,62792.2,583291.4,5832.914,365797256.336,1,2024-09-22 10:00:00
62792.2,62950.0,62580.0,62608.0,394176.1,3941.761,247397586.0525,1,2024-09-22 12:00:00
62608.0,62822.9,62456.7,62655.4,532032.1,5320.321,333141114.8095,1,2024-09-22 14:00:00
62655.1,63153.2,62473.2,63065.0,685921.1,6859.211,430942610.5975,1,2024-09-22 16:00:00
63065.1,63236.0,62800.0,63166.0,370582.7,3705.827,233444817.9391,1,2024-09-22 18:00:00
63166.0,63330.5,62700.0,62784.8,520185.0,5201.85,328453319.2213,1,2024-09-22 20:00:00
62784.7,64048.6,62356.0,63589.1,2039706.5,20397.065,1292396775.4871,1,2024-09-22 22:00:00
63589.1,63980.0,62550.0,63828.5,2263149.9,22631.499,1434537766.3335,1,2024-09-23 00:00:00
63828.6,64765.0,63680.0,64364.4,1770391.1,17703.911,1138721498.7944,1,2024-09-23 02:00:00
64364.4,64499.3,63659.1,63762.6,1175485.2,11754.852,752448514.4562,1,2024-09-23 04:00:00
63762.6,63785.4,63386.2,63553.2,701675.3,7016.753,446061394.1967,1,2024-09-23 06:00:00
63553.2,63714.3,63310.0,63632.5,578557.6,5785.576,367546025.0439,1,2024-09-23 08:00:00
63632.5,63647.1,63378.3,63436.1,401945.9,4019.459,255197158.5198,1,2024-09-23 10:00:00
63436.1,63533.0,63050.0,63184.0,974120.9,9741.209,616411188.3136,1,2024-09-23 12:00:00
63183.9,63810.0,63095.0,63626.4,1649290.8,16492.908,1046649888.9335,1,2024-09-23 14:00:00
63626.5,63842.9,63107.1,63325.6,919247.9,9192.479,582780440.3809,1,2024-09-23 16:00:00
63325.6,63572.0,63260.3,63306.0,368113.4,3681.134,233481176.5074,1,2024-09-23 18:00:00
63306.0,63528.7,63080.0,63382.6,404453.4,4044.534,256112593.1214,1,2024-09-23 20:00:00
63382.6,63427.9,63186.1,63345.2,286965.9,2869.659,181660371.4481,1,2024-09-23 22:00:00
63345.3,63415.9,62802.2,62946.5,1050306.6,10503.066,662270521.5061,1,2024-09-24 00:00:00
62946.2,63192.3,62712.0,63130.5,525562.5,5255.625,331039835.9551,1,2024-09-24 02:00:00
63130.4,63235.0,62950.0,63218.9,295845.5,2958.455,186724299.4605,1,2024-09-24 04:00:00
63219.0,63567.0,63218.9,63559.8,539482.0,5394.82,342040658.7434,1,2024-09-24 06:00:00
63559.9,63947.0,63484.7,63535.0,1093519.9,10935.199,696666876.8242,1,2024-09-24 08:00:00
63535.0,63737.7,63381.0,63480.7,530478.8,5304.788,337107964.2306,1,2024-09-24 10:00:00
63480.8,63778.0,63401.3,63520.5,787944.9,7879.449,500988687.8437,1,2024-09-24 12:00:00
63520.4,63570.8,62731.0,63164.2,2102186.6,21021.866,1327770029.9904,1,2024-09-24 14:00:00
63164.3,64024.5,63093.7,63782.9,1187336.6,11873.366,755182007.4374,1,2024-09-24 16:00:00
63782.9,64380.0,63546.9,64287.6,1037589.8,10375.898,663761816.6878,1,2024-09-24 18:00:00
64287.6,64649.4,63974.0,64035.3,1013523.4,10135.234,651675969.5667,1,2024-09-24 20:00:00
64035.4,64720.0,64035.4,64278.1,766329.2,7663.292,493655421.2053,1,2024-09-24 22:00:00
64278.2,64838.5,63980.8,64390.0,1153285.1,11532.851,742601511.3019,1,2024-09-25 00:00:00
64390.0,64580.8,64226.9,64458.3,445051.7,4450.517,286524848.6359,1,2024-09-25 02:00:00
64458.4,64460.0,64153.2,64184.2,429842.1,4298.421,276302675.3367,1,2024-09-25 04:00:00
64184.1,64184.1,63655.0,63862.1,958267.8,9582.678,612228961.8998,1,2024-09-25 06:00:00
63862.1,63922.5,63610.0,63620.6,521900.6,5219.006,332992822.4949,1,2024-09-25 08:00:00
63620.5,63847.5,63400.0,63840.0,841727.9,8417.279,535542098.5152,1,2024-09-25 10:00:00
63840.0,63840.0,63320.0,63760.0,791017.8,7910.178,502983559.5025,1,2024-09-25 12:00:00
63760.0,64009.6,63444.8,63500.0,1048829.9,10488.299,669001358.3491,1,2024-09-25 14:00:00
63500.0,63679.3,63011.4,63172.8,1060814.0,10608.14,671664256.8891,1,2024-09-25 16:00:00
63172.8,63486.7,63134.2,63192.4,625475.6,6254.756,395886225.4381,1,2024-09-25 18:00:00
63192.9,63558.0,63188.2,63442.0,328999.6,3289.996,208745034.643,1,2024-09-25 20:00:00
63442.0,63518.7,62906.2,63160.1,570860.5,5708.605,360582066.9567,1,2024-09-25 22:00:00
63160.0,63299.8,62666.0,63163.0,1078959.3,10789.593,679363270.8385,1,2024-09-26 00:00:00
63162.9,63547.9,63104.5,63509.6,630038.1,6300.381,399039657.0286,1,2024-09-26 02:00:00
63509.6,63728.8,63333.4,63594.9,529355.3,5293.553,336344591.3635,1,2024-09-26 04:00:00
63594.8,63875.0,63583.2,63849.9,560575.9,5605.759,357382026.4843,1,2024-09-26 06:00:00
63850.0,63980.0,63590.4,63801.9,797697.1,7976.971,508907992.3994,1,2024-09-26 08:00:00
63802.0,64500.0,63764.0,64408.2,1644421.4,16444.214,1057264387.0387,1,2024-09-26 10:00:00
64408.2,64739.8,64154.6,64441.7,1365380.9,13653.809,879950851.0361,1,2024-09-26 12:00:00
64441.8,65535.9,64311.0,65238.4,4169336.6,41693.366,2707605109.7663,1,2024-09-26 14:00:00
65239.3,65848.9,65101.0,65127.9,1660573.0,16605.73,1086620855.8216,1,2024-09-26 16:00:00
65127.9,65303.5,64683.5,64695.8,1100601.7,11006.017,716293443.384,1,2024-09-26 18:00:00
64695.8,65230.4,64620.0,65046.1,669185.7,6691.857,433848298.6084,1,2024-09-26 20:00:00
65046.0,65250.0,64727.1,65166.1,444098.8,4440.988,288868694.2748,1,2024-09-26 22:00:00
65166.0,65358.0,64988.0,65113.9,492225.7,4922.257,320774150.4748,1,2024-09-27 00:00:00
65113.9,65428.6,64822.0,65360.3,666364.5,6663.645,433688836.169,1,2024-09-27 02:00:00
65360.4,65467.0,65088.5,65362.1,520611.6,5206.116,339964953.3874,1,2024-09-27 04:00:00
65362.1,65555.0,65222.0,65472.9,742519.3,7425.193,485781669.9159,1,2024-09-27 06:00:00
65472.9,66027.5,65421.5,65754.9,1383441.0,13834.41,909557853.7324,1,2024-09-27 08:00:00
65754.8,65792.1,65350.0,65448.6,748102.2,7481.022,490296700.1441,1,2024-09-27 10:00:00
65448.6,65888.0,65326.5,65671.0,1116290.4,11162.904,732255617.7803,1,2024-09-27 12:00:00
65671.0,66478.7,65562.0,66004.0,2496098.7,24960.987,1651930242.7428,1,2024-09-27 14:00:00
66004.0,66374.9,65688.0,65913.4,1312504.8,13125.048,866693984.1268,1,2024-09-27 16:00:00
65913.5,65975.4,65525.1,65652.8,631073.7,6310.737,414883512.4136,1,2024-09-27 18:00:00
65651.5,65919.6,65621.5,65820.0,219919.1,2199.191,144669823.4951,1,2024-09-27 20:00:00
65820.1,65980.0,65681.3,65779.3,243068.1,2430.681,160022695.4484,1,2024-09-27 22:00:00
65779.3,66011.5,65726.5,65999.0,251627.2,2516.272,165711500.2746,1,2024-09-28 00:00:00
65999.1,66277.5,65899.9,66076.4,518687.7,5186.877,342813648.157,1,2024-09-28 02:00:00
66076.4,66099.9,65914.5,65964.1,235168.2,2351.682,155201983.6304,1,2024-09-28 04:00:00
65964.2,65970.7,65740.0,65822.2,343193.9,3431.939,225964506.3528,1,2024-09-28 06:00:00
65822.1,65822.2,65456.0,65646.0,628593.8,6285.938,412399833.1465,1,2024-09-28 08:00:00
65645.9,65814.0,65580.6,65804.0,263495.8,2634.958,173194914.2052,1,2024-09-28 10:00:00
65803.9,65804.0,65421.2,65539.2,426520.0,4265.2,279569665.1388,1,2024-09-28 12:00:00
65539.2,65833.6,65539.2,65630.7,333200.6,3332.006,218906512.8033,1,2024-09-28 14:00:00
65630.7,65736.3,65481.6,65643.1,298613.9,2986.139,195872511.3608,1,2024-09-28 16:00:00
65643.9,65831.5,65643.9,65735.1,196795.3,1967.953,129405753.4818,1,2024-09-28 18:00:00
65735.2,65781.9,65430.0,65711.3,251694.0,2516.94,165087350.5494,1,2024-09-28 20:00:00
65711.2,66002.7,65580.0,65857.2,317369.5,3173.695,208826225.6918,1,2024-09-28 22:00:00
65857.2,65992.0,65645.3,65868.2,361586.0,3615.86,237948111.7133,1,2024-09-29 00:00:00
65868.2,65936.0,65723.5,65817.3,215842.7,2158.427,142127969.7729,1,2024-09-29 02:00:00
65817.2,65817.3,65508.3,65607.1,267574.7,2675.747,175682448.679,1,2024-09-29 04:00:00
65607.1,65643.6,65450.0,65480.9,330963.0,3309.63,216904483.5702,1,2024-09-29 06:00:00
65481.0,65682.8,65452.0,65589.2,283956.8,2839.568,186212954.1857,1,2024-09-29 08:00:00
65589.3,65730.8,65475.0,65701.1,291414.6,2914.146,191193614.5066,1,2024-09-29 10:00:00
65701.0,65867.0,65571.4,65810.7,378989.0,3789.89,249123922.8587,1,2024-09-29 12:00:00
65810.6,65824.0,65600.0,65762.9,335308.4,3353.084,220347735.3008,1,2024-09-29 14:00:00
65763.0,65946.6,65655.0,65824.8,298880.5,2988.805,196752494.7782,1,2024-09-29 16:00:00
65824.9,65975.2,65748.4,65948.1,170620.9,1706.209,112363927.1794,1,2024-09-29 18:00:00
65948.1,66100.0,65795.0,65874.1,299078.4,2990.784,197197642.4759,1,2024-09-29 20:00:00
65874.0,65955.0,65533.3,65604.2,516328.4,5163.284,339059968.2356,1,2024-09-29 22:00:00
65604.2,65632.0,64738.6,64780.1,1928248.2,19282.482,1257279077.7948,1,2024-09-30 00:00:00
64780.0,64825.2,64200.0,64567.8,1971879.6,19718.796,1271577231.2127,1,2024-09-30 02:00:00
64567.8,64567.8,64330.4,64531.5,370861.8,3708.618,239039275.3167,1,2024-09-30 04:00:00
64531.5,64730.0,64350.0,64565.8,778615.6,7786.156,502790564.184,1,2024-09-30 06:00:00
64565.8,64582.0,63535.3,63540.4,2210268.2,22102.682,1415212995.7965,1,2024-09-30 08:00:00
63540.4,63886.0,63249.6,63826.1,1644243.5,16442.435,1044771298.8125,1,2024-09-30 10:00:00
63826.1,64156.0,63765.7,63882.5,1035668.4,10356.684,662626512.0905,1,2024-09-30 12:00:00
63882.5,64025.6,63541.3,63568.9,1192081.0,11920.81,760053203.8774,1,2024-09-30 14:00:00
63568.9,63747.3,63380.0,63696.7,742617.1,7426.171,472039129.1168,1,2024-09-30 16:00:00
63696.8,63739.0,63063.0,63494.3,1163405.2,11634.052,737087213.5341,1,2024-09-30 18:00:00
63494.3,63883.9,63450.3,63700.3,449030.2,4490.302,286090633.812,1,2024-09-30 20:00:00
63700.3,63777.0,62820.0,63330.5,905557.0,9055.57,572831407.7749,1,2024-09-30 22:00:00
63330.5,63647.2,63010.0,63471.8,942745.5,9427.455,597760871.1401,1,2024-10-01 00:00:00
63471.7,63749.1,63184.2,63720.9,527283.7,5272.837,334913853.7708,1,2024-10-01 02:00:00
63721.0,63912.3,63642.4,63746.8,440747.5,4407.475,281067826.7653,1,2024-10-01 04:00:00
63746.8,64123.4,63746.8,64047.8,648696.4,6486.964,415065813.9473,1,2024-10-01 06:00:00
64047.8,64099.0,63831.0,63860.7,377387.2,3773.872,241432574.1043,1,2024-10-01 08:00:00
63860.8,63984.1,63718.3,63741.2,434521.5,4345.215,277387529.647,1,2024-10-01 10:00:00
63741.3,63830.9,62507.7,62862.6,2260524.9,22605.249,1424118986.4365,1,2024-10-01 12:00:00
62862.6,63084.8,61800.0,62630.1,4713669.8,47136.698,2943981360.9079,1,2024-10-01 14:00:00
62630.0,62786.0,61001.8,62153.1,4430157.2,44301.572,2742054572.6541,1,2024-10-01 16:00:00
62153.2,62443.3,61600.0,61764.7,1346914.1,13469.141,835816208.4179,1,2024-10-01 18:00:00
61765.1,61775.2,60150.0,61135.2,2669582.7,26695.827,1624873980.3131,1,2024-10-01 20:00:00
61135.3,61159.9,60630.0,60814.3,743633.5,7436.335,452456656.9031,1,2024-10-01 22:00:00
60814.2,61536.0,60737.4,61517.6,809041.1,8090.411,494851236.4107,1,2024-10-02 00:00:00
61517.6,61873.9,61430.0,61736.0,737824.2,7378.242,455221998.5466,1,2024-10-02 02:00:00
61736.0,61742.7,61350.0,61485.3,623482.0,6234.82,383594139.3733,1,2024-10-02 04:00:00
61485.3,61944.0,61355.1,61729.5,573103.2,5731.032,353629304.9595,1,2024-10-02 06:00:00
61729.5,61916.0,61138.0,61280.0,777696.9,7776.969,478400441.9779,1,2024-10-02 08:00:00
61279.9,61560.0,60890.0,61170.0,935807.9,9358.079,573002094.9024,1,2024-10-02 10:00:00
61170.1,61478.0,60525.9,61352.2,1843425.5,18434.255,1124013170.528,1,2024-10-02 12:00:00
61352.2,61926.4,61057.0,61865.5,2030247.1,20302.471,1248201573.9247,1,2024-10-02 14:00:00
61864.0,62368.4,61242.4,61627.7,1530653.3,15306.533,947485513.4759,1,2024-10-02 16:00:00
61627.8,61688.5,59981.8,60190.0,2362716.9,23627.169,1432078655.3429,1,2024-10-02 18:00:00
60190.0,60995.0,60128.0,60832.6,1009108.4,10091.084,611676231.4298,1,2024-10-02 20:00:00
60832.5,60877.6,60445.1,60650.1,533978.2,5339.782,323944817.1175,1,2024-10-02 22:00:00
60650.1,61187.9,60536.3,61028.0,829404.5,8294.045,505342839.0635,1,2024-10-03 00:00:00
61028.0,61474.0,60982.8,61460.2,589125.1,5891.251,360724659.8061,1,2024-10-03 02:00:00
61460.3,61482.5,61111.1,61183.9,481533.2,4815.332,295099662.1388,1,2024-10-03 04:00:00
61183.9,61425.1,60806.1,60929.7,621945.9,6219.459,380438865.1077,1,2024-10-03 06:00:00
60929.8,60984.1,60116.8,60727.6,1753296.9,17532.969,1060246627.1221,1,2024-10-03 08:00:00
60727.5,61080.0,60596.1,60768.0,710655.9,7106.559,432443344.6322,1,2024-10-03 10:00:00
60767.9,60777.0,59840.8,60378.3,2056932.2,20569.322,1240610687.9737,1,2024-10-03 12:00:00
60378.4,60922.7,60037.2,60642.1,2348258.9,23482.589,1418942402.3296,1,2024-10-03 14:00:00
60642.1,60788.0,59921.9,60634.4,1493687.6,14936.876,902066789.0039,1,2024-10-03 16:00:00
60634.4,61061.0,60537.4,61034.9,594629.9,5946.299,361339135.5578,1,2024-10-03 18:00:00
61035.0,61127.1,60617.3,60816.2,484359.8,4843.598,294764342.1714,1,2024-10-03 20:00:00
60816.2,60997.2,60700.0,60758.0,252842.3,2528.423,153776921.6142,1,2024-10-03 22:00:00
60757.9,61284.2,60464.4,61224.9,845200.9,8452.009,514713221.6456,1,2024-10-04 00:00:00
61224.0,61277.6,60890.5,60959.9,431903.9,4319.039,263658915.0718,1,2024-10-04 02:00:00
60959.9,61240.5,60921.2,61224.9,411273.3,4112.733,251330183.306,1,2024-10-04 04:00:00
61224.9,61498.9,61060.6,61436.5,567267.1,5672.671,347567190.9543,1,2024-10-04 06:00:00
61436.5,61652.8,61303.0,61337.9,623185.7,6231.857,383186584.8338,1,2024-10-04 08:00:00
61336.4,61484.5,61268.1,61450.9,405093.2,4050.932,248638329.6908,1,2024-10-04 10:00:00
61450.9,62016.2,61206.5,61584.6,2317047.6,23170.476,1428457815.6412,1,2024-10-04 12:00:00
61584.6,61887.2,60786.0,61887.0,2442987.5,24429.875,1499135438.4367,1,2024-10-04 14:00:00
61886.9,62342.3,61648.2,61983.9,1324784.6,13247.846,822547041.0174,1,2024-10-04 16:00:00
61984.5,62471.0,61900.0,62369.9,694890.2,6948.902,432529004.6579,1,2024-10-04 18:00:00
62370.0,62485.5,62158.0,62275.9,309776.6,3097.766,193107560.0355,1,2024-10-04 20:00:00
62275.9,62355.0,61965.0,62093.8,311252.5,3112.525,193392454.8681,1,2024-10-04 22:00:00
62093.8,62202.7,61987.3,62075.0,260765.5,2607.655,161929945.7647,1,2024-10-05 00:00:00
62074.9,62075.0,61675.6,61868.3,463718.2,4637.182,286920988.3633,1,2024-10-05 02:00:00
61868.4,62177.8,61822.4,62148.0,262131.7,2621.317,162620306.6579,1,2024-10-05 04:00:00
62148.1,62279.0,62072.3,62072.4,258370.7,2583.707,160609472.8125,1,2024-10-05 06:00:00
62072.4,62343.0,62072.3,62264.3,403772.4,4037.724,251281346.5957,1,2024-10-05 08:00:00
62264.3,62287.6,62182.8,62193.8,228578.4,2285.784,142244378.666,1,2024-10-05 10:00:00
62193.9,62388.1,62088.0,62148.2,417189.6,4171.896,259656231.765,1,2024-10-05 12:00:00
62148.3,62248.9,62099.6,62165.0,208470.4,2084.704,129596681.5562,1,2024-10-05 14:00:00
62165.0,62193.0,61887.6,62012.8,458761.5,4587.615,284498894.2316,1,2024-10-05 16:00:00
62012.9,62057.9,61788.0,61861.9,249748.2,2497.482,154538699.0573,1,2024-10-05 18:00:00
61862.0,61950.9,61710.0,61866.5,222377.3,2223.773,137489669.8758,1,2024-10-05 20:00:00
61866.6,62118.0,61848.8,62066.1,193448.6,1934.486,119976847.9771,1,2024-10-05 22:00:00
62066.1,62171.9,61891.4,62098.8,279581.5,2795.815,173419121.1136,1,2024-10-06 00:00:00
62098.9,62133.3,61876.0,61886.8,190303.6,1903.036,117956954.6569,1,2024-10-06 02:00:00
61886.9,61990.0,61816.1,61950.3,187949.9,1879.499,116359708.0703,1,2024-10-06 04:00:00
61950.3,62027.4,61892.3,61955.9,127774.5,1277.745,79194563.6807,1,2024-10-06 06:00:00
61955.8,62179.8,61925.6,62080.0,251148.0,2511.48,155846663.1994,1,2024-10-06 08:00:00
62079.9,62159.4,62013.5,62102.6,181703.8,1817.038,112802448.7112,1,2024-10-06 10:00:00
62102.6,62365.6,62071.4,62247.7,446494.8,4464.948,277917866.226,1,2024-10-06 12:00:00
62247.7,62787.0,62186.0,62729.2,1093073.9,10930.739,683791584.2368,1,2024-10-06 14:00:00
62729.2,62930.0,62553.3,62588.9,700443.4,7004.434,439601868.1827,1,2024-10-06 16:00:00
62589.0,62998.4,62588.9,62636.1,308806.5,3088.065,193881201.0161,1,2024-10-06 18:00:00
62635.5,62769.2,62300.0,62309.9,327833.2,3278.332,204991044.5745,1,2024-10-06 20:00:00
62309.9,62919.9,62308.9,62825.5,428181.5,4281.815,268428108.8082,1,2024-10-06 22:00:00
62825.6,63974.6,62654.7,63822.5,1669883.7,16698.837,1059915274.1829,1,2024-10-07 00:00:00
63822.5,63960.6,63350.0,63535.8,716785.8,7167.858,456300934.6594,1,2024-10-07 02:00:00
63535.8,63680.0,63360.9,63400.8,403119.4,4031.194,256068132.0555,1,2024-10-07 04:00:00
63400.8,63729.5,63316.3,63539.9,405543.3,4055.433,257739458.8966,1,2024-10-07 06:00:00
63539.9,63712.8,63086.0,63224.0,747932.7,7479.327,473677785.8213,1,2024-10-07 08:00:00
63223.9,63233.7,62655.0,63149.1,1229623.1,12296.231,773897326.6736,1,2024-10-07 10:00:00
63149.2,63575.0,62833.2,63457.4,1142187.8,11421.878,721676867.8445,1,2024-10-07 12:00:00
63457.4,64473.2,63456.1,63654.7,2717188.5,27171.885,1738059215.137,1,2024-10-07 14:00:00
63654.8,63916.0,63420.0,63828.0,651743.1,6517.431,415133142.2256,1,2024-10-07 16:00:00
63827.9,63828.0,62733.2,63378.8,1324440.5,13244.405,837099996.8366,1,2024-10-07 18:00:00
63378.8,63408.0,62989.1,63383.1,354546.2,3545.462,224064776.7837,1,2024-10-07 20:00:00
63383.2,63383.2,62121.6,62221.3,1400255.0,14002.55,876063549.4567,1,2024-10-07 22:00:00
62221.4,62731.7,62153.5,62633.9,725323.1,7253.231,453025230.0265,1,2024-10-08 00:00:00
62633.9,62830.0,62415.1,62639.9,505427.7,5054.277,316527564.6427,1,2024-10-08 02:00:00
62639.9,62793.6,62306.9,62517.8,597321.5,5973.215,373695439.3914,1,2024-10-08 04:00:00
62517.8,62539.6,62001.5,62316.3,855822.1,8558.221,532876156.538,1,2024-10-08 06:00:00
62316.2,62595.3,62189.3,62539.2,482024.9,4820.249,300759023.3489,1,2024-10-08 08:00:00
62539.3,62665.9,62410.5,62622.9,360597.2,3605.972,225533585.6625,1,2024-10-08 10:00:00
62622.9,63048.9,62330.0,63032.0,1058198.0,10581.98,663241826.3229,1,2024-10-08 12:00:00
63032.0,63219.0,61869.2,62281.3,2680519.0,26805.19,1675388750.6779,1,2024-10-08 14:00:00
62281.3,62623.2,62023.9,62400.0,1066228.2,10662.282,664450922.8495,1,2024-10-08 16:00:00
62399.9,62543.9,61876.0,62249.9,825731.3,8257.313,513192951.9753,1,2024-10-08 18:00:00
62250.0,62577.8,62150.0,62436.0,272352.5,2723.525,169828633.5963,1,2024-10-08 20:00:00
62436.0,62455.7,62022.1,62156.8,360634.0,3606.34,224343873.3408,1,2024-10-08 22:00:00
62156.8,62500.0,62003.0,62404.6,615976.1,6159.761,383529217.2503,1,2024-10-09 00:00:00
62404.6,62470.0,62156.8,62400.1,386167.2,3861.672,240722425.6532,1,2024-10-09 02:00:00
62400.0,62555.0,62300.0,62537.7,331319.3,3313.193,206865357.1691,1,2024-10-09 04:00:00
62537.7,62550.0,62192.2,62272.7,378024.6,3780.246,235664374.6723,1,2024-10-09 06:00:00
62272.7,62290.0,62058.0,62264.2,434857.0,4348.57,270337161.1146,1,2024-10-09 08:00:00
62264.2,62264.2,62066.0,62209.9,278663.6,2786.636,173212665.4287,1,2024-10-09 10:00:00
62209.9,62241.8,61752.0,61804.6,1601184.0,16011.84,991600866.3342,1,2024-10-09 12:00:00
61802.8,62410.5,61637.3,62311.7,1497307.4,14973.074,928751299.8534,1,2024-10-09 14:00:00
62311.8,62349.1,61679.0,61757.8,976809.4,9768.094,604457581.7275,1,2024-10-09 16:00:00
61757.8,61822.0,60832.2,61037.9,1699253.4,16992.534,1040931310.7917,1,2024-10-09 18:00:00
61037.9,61120.0,60300.0,60901.7,1432991.8,14329.918,869623139.5223,1,2024-10-09 20:00:00
60901.6,60911.0,60616.0,60646.9,413724.5,4137.245,251330595.2955,1,2024-10-09 22:00:00
60646.9,60860.8,60368.0,60805.0,801841.2,8018.412,485856123.0644,1,2024-10-10 00:00:00
60805.0,60956.0,60708.0,60864.5,412473.8,4124.738,251102511.285,1,2024-10-10 02:00:00
60864.6,61047.7,60808.0,60930.5,402682.0,4026.82,245356967.3715,1,2024-10-10 04:00:00
60930.4,61147.6,60883.8,60891.1,457001.6,4570.016,278887754.5486,1,2024-10-10 06:00:00
60891.1,61066.5,60626.4,60928.0,665360.7,6653.607,404904122.2349,1,2024-10-10 08:00:00
60927.9,61320.9,60927.9,61262.5,672142.1,6721.421,411066557.519,1,2024-10-10 10:00:00
61262.5,61316.6,60618.0,60945.3,1840567.0,18405.67,1122447817.7999,1,2024-10-10 12:00:00
60945.4,61066.0,60444.0,60797.5,1221361.8,12213.618,741246925.3717,1,2024-10-10 14:00:00
60797.5,61041.7,59566.0,59614.0,2204681.8,22046.818,1328156912.4717,1,2024-10-10 16:00:00
59614.0,59776.0,58924.9,59736.8,2285896.1,22858.961,1355003227.2692,1,2024-10-10 18:00:00
59736.8,60192.0,59584.4,60188.2,965343.9,9653.439,577678287.2986,1,2024-10-10 20:00:00
60188.2,60317.3,59939.0,60317.3,504637.9,5046.379,303621013.195,1,2024-10-10 22:00:00
60317.2,60784.9,60080.1,60577.2,800420.5,8004.205,483279104.6341,1,2024-10-11 00:00:00
60577.2,60718.0,60368.0,60605.7,496801.8,4968.018,300886664.0956,1,2024-10-11 02:00:00
60605.6,60782.9,60578.4,60601.0,390620.3,3906.203,236992434.4568,1,2024-10-11 04:00:00
60601.0,60932.0,60596.2,60673.5,520823.2,5208.232,316658224.7882,1,2024-10-11 06:00:00
60673.5,61118.0,60650.0,61076.8,658753.4,6587.534,401006201.5443,1,2024-10-11 08:00:00
61076.7,61272.0,61000.0,61180.9,806400.0,8064.0,493116744.4268,1,2024-10-11 10:00:00
61180.9,61867.0,61130.1,61680.0,1880080.1,18800.801,1155885320.7217,1,2024-10-11 12:00:00
61679.9,62466.0,61635.0,62254.3,2245319.8,22453.198,1392418518.3893,1,2024-10-11 14:00:00
62254.3,62948.0,62122.4,62911.7,1796663.9,17966.639,1122611428.3367,1,2024-10-11 16:00:00
62911.7,63420.0,62710.1,63088.2,1464001.0,14640.01,922931534.6797,1,2024-10-11 18:00:00
63086.9,63172.4,62789.1,62847.5,426525.4,4265.254,268678681.3731,1,2024-10-11 20:00:00
62847.5,62917.9,62352.5,62539.3,724542.6,7245.426,453257255.4573,1,2024-10-11 22:00:00
62539.3,63083.3,62500.0,62738.0,698438.5,6984.385,438532909.9455,1,2024-10-12 00:00:00
62737.9,62766.4,62483.2,62569.8,368516.3,3685.163,230678639.903,1,2024-10-12 02:00:00
62569.8,62808.0,62569.8,62777.6,361880.1,3618.801,226763900.8177,1,2024-10-12 04:00:00
62777.6,62786.0,62647.1,62767.9,187592.6,1875.926,117658740.9333,1,2024-10-12 06:00:00
62767.9,62848.0,62676.1,62846.8,203731.7,2037.317,127834363.1547,1,2024-10-12 08:00:00
62846.8,63281.5,62810.0,62939.9,719913.7,7199.137,453833596.6677,1,2024-10-12 10:00:00
62939.8,63161.3,62821.8,63067.7,409366.9,4093.669,257837780.8905,1,2024-10-12 12:00:00
63067.7,63480.2,63004.3,63166.0,895462.6,8954.626,566518981.4586,1,2024-10-12 14:00:00
63166.0,63400.0,63047.3,63100.0,422137.8,4221.378,266724823.6242,1,2024-10-12 16:00:00
63100.0,63187.0,62888.1,63004.2,288231.6,2882.316,181636466.6355,1,2024-10-12 18:00:00
63004.2,63238.4,63004.1,63220.1,135110.5,1351.105,85289227.9254,1,2024-10-12 20:00:00
63220.1,63389.0,63135.7,63210.3,205287.0,2052.87,129876145.4766,1,2024-10-12 22:00:00
63210.3,63300.0,62825.0,62889.2,433392.9,4333.929,273213832.5106,1,2024-10-13 00:00:00
62889.2,62931.4,62654.5,62720.0,405357.9,4053.579,254484526.5054,1,2024-10-13 02:00:00
62719.9,62978.0,62715.6,62861.9,207567.8,2075.678,130472758.9836,1,2024-10-13 04:00:00
62861.8,63007.5,62730.0,62857.8,230829.8,2308.298,145075099.1444,1,2024-10-13 06:00:00
62857.8,62980.0,62777.8,62840.3,241026.9,2410.269,151518802.9436,1,2024-10-13 08:00:00
62840.2,62844.3,62527.8,62567.4,439769.4,4397.694,275608770.0947,1,2024-10-13 10:00:00
62567.4,62838.0,62556.3,62663.3,288543.5,2885.435,180916229.1418,1,2024-10-13 12:00:00
62663.1,62667.7,62050.0,62231.3,1190273.7,11902.737,741617122.3081,1,2024-10-13 14:00:00
62231.4,62888.0,62172.8,62516.2,924697.8,9246.978,578680482.9266,1,2024-10-13 16:00:00
62516.2,62753.9,62311.8,62737.9,346549.9,3465.499,216641646.8932,1,2024-10-13 18:00:00
62737.9,63042.9,62613.7,62893.0,330237.5,3302.375,207500956.1525,1,2024-10-13 20:00:00
62892.9,63144.0,62635.0,62877.9,416148.1,4161.481,261588227.0572,1,2024-10-13 22:00:00
62877.8,62907.2,62457.4,62639.1,408495.3,4084.953,255931615.8224,1,2024-10-14 00:00:00
62639.1,64400.0,62486.2,64315.1,2035332.8,20353.328,1295149878.988,1,2024-10-14 02:00:00
64315.1,64541.2,63777.2,63940.1,1496226.1,14962.261,960272305.9848,1,2024-10-14 04:00:00
63940.0,64707.1,63810.0,64620.0,1247812.2,12478.122,802443042.8419,1,2024-10-14 06:00:00
64620.1,64925.2,64346.8,64817.9,1297139.7,12971.397,838350393.8068,1,2024-10-14 08:00:00
64818.0,65191.0,64705.0,64924.9,1061055.2,10610.552,688935466.81,1,2024-10-14 10:00:00
64924.8,65318.0,64658.0,65150.2,1659637.5,16596.375,1078411206.3364,1,2024-10-14 12:00:00
65150.3,66313.0,65114.0,65892.8,3252619.2,32526.192,2141413907.051,1,2024-10-14 14:00:00
65892.8,66040.0,65571.6,65647.0,1211981.3,12119.813,796907810.4817,1,2024-10-14 16:00:00
65647.1,66086.6,65588.0,65937.5,957094.6,9570.946,630699151.1714,1,2024-10-14 18:00:00
65937.6,66058.0,65742.1,65792.4,294361.7,2943.617,194012624.5579,1,2024-10-14 20:00:00
65792.3,66680.0,65779.4,66097.9,1129555.6,11295.556,748505262.8431,1,2024-10-14 22:00:00
66097.9,66348.2,65772.2,65879.9,680505.2,6805.052,449227502.1514,1,2024-10-15 00:00:00
65880.0,65950.0,65355.0,65423.5,793627.6,7936.276,520725272.1518,1,2024-10-15 02:00:00
65423.5,65722.3,65236.4,65384.1,742767.9,7427.679,486308764.9547,1,2024-10-15 04:00:00
65384.2,65861.0,65300.2,65666.9,648654.6,6486.546,425693143.3454,1,2024-10-15 06:00:00
65666.9,65868.2,65591.5,65643.7,377150.3,3771.503,247906489.089,1,2024-10-15 08:00:00
65643.6,65755.8,65280.0,65403.8,771468.8,7714.688,505470333.355,1,2024-10-15 10:00:00
65403.7,67799.9,65389.3,67679.9,3024703.6,30247.036,2013007395.1364,1,2024-10-15 12:00:00
67679.9,67990.0,64765.0,66022.6,7389263.4,73892.634,4888755508.2299,1,2024-10-15 14:00:00
66022.7,67228.9,65979.2,66806.7,2333375.2,23333.752,1556735529.4734,1,2024-10-15 16:00:00
66806.8,67394.1,66562.1,66974.0,1207881.8,12078.818,808921942.6476,1,2024-10-15 18:00:00
66974.1,67014.8,66125.4,66440.4,1042946.5,10429.465,693533918.5874,1,2024-10-15 20:00:00
66440.3,67195.5,66419.8,67083.0,661639.0,6616.39,442305055.826,1,2024-10-15 22:00:00
67082.9,67532.7,66761.0,67381.9,871275.1,8712.751,585037471.8659,1,2024-10-16 00:00:00
67381.9,67577.9,67082.3,67105.0,563175.7,5631.757,379108703.2324,1,2024-10-16 02:00:00
67103.2,67361.3,66884.3,67213.1,509742.4,5097.424,342006528.0037,1,2024-10-16 04:00:00
67213.0,67304.4,66760.4,66972.9,604592.2,6045.922,405023926.9055,1,2024-10-16 06:00:00
66973.0,67475.9,66912.2,67428.9,827496.8,8274.968,556423724.6397,1,2024-10-16 08:00:00
67429.0,68432.5,67333.5,67908.7,2501527.6,25015.276,1699699785.5099,1,2024-10-16 10:00:00
67908.7,68085.4,67132.0,67395.2,2041601.8,20416.018,1381154440.6731,1,2024-10-16 12:00:00
67395.2,68329.0,67358.0,67763.3,2154046.7,21540.467,1460729611.9365,1,2024-10-16 14:00:00
67763.3,68111.0,67488.0,67944.1,813298.7,8132.987,551225261.8445,1,2024-10-16 16:00:00
67944.1,68066.6,67633.1,67727.2,471758.8,4717.588,320057089.0568,1,2024-10-16 18:00:00
67727.1,67972.9,67504.0,67576.2,400897.7,4008.977,271511288.1991,1,2024-10-16 20:00:00
67576.2,67879.5,67576.2,67621.8,293919.9,2939.199,199013259.8735,1,2024-10-16 22:00:00
67621.8,67950.0,67407.8,67902.1,729455.7,7294.557,493909998.8135,1,2024-10-17 00:00:00
67902.1,67904.8,67410.0,67600.0,532809.6,5328.096,360077118.0361,1,2024-10-17 02:00:00
67600.1,67600.1,67259.0,67340.4,616166.4,6161.664,415202226.5614,1,2024-10-17 04:00:00
67340.5,67500.0,67082.0,67305.9,773003.2,7730.032,519885985.5062,1,2024-10-17 06:00:00
67305.9,67533.4,67182.3,67200.2,492885.6,4928.856,332024002.6565,1,2024-10-17 08:00:00
67200.2,67314.5,66822.0,66894.2,1117278.5,11172.785,748981287.3964,1,2024-10-17 10:00:00
66894.2,67359.2,66674.8,67029.0,1326045.2,13260.452,889098331.6538,1,2024-10-17 12:00:00
67031.0,67688.0,66666.0,67583.0,1872386.2,18723.862,1256611750.4903,1,2024-10-17 14:00:00
67583.0,67588.0,67111.7,67283.2,829619.7,8296.197,558737953.2105,1,2024-10-17 16:00:00
67283.2,67303.6,66713.0,66846.4,888194.3,8881.943,594279414.8734,1,2024-10-17 18:00:00
66846.3,67155.5,66822.5,67085.4,277773.5,2777.735,186220491.3785,1,2024-10-17 20:00:00
67085.4,67600.0,67085.4,67439.3,651588.0,6515.88,439001084.8919,1,2024-10-17 22:00:00
67439.3,68280.8,67200.0,68100.1,1060035.3,10600.353,717967643.299,1,2024-10-18 00:00:00
68100.0,68160.9,67512.0,67543.0,816993.9,8169.939,554664456.9626,1,2024-10-18 02:00:00
67543.0,68053.0,67540.0,67996.8,541816.5,5418.165,367278109.0915,1,2024-10-18 04:00:00
67996.8,68395.0,67864.8,67980.0,1039664.7,10396.647,708145573.8514,1,2024-10-18 06:00:00
67980.0,68070.0,67765.1,67811.1,463522.3,4635.223,314769159.9931,1,2024-10-18 08:00:00
67811.1,68039.5,67673.0,67717.1,390380.1,3903.801,264904336.8981,1,2024-10-18 10:00:00
67717.2,68198.0,67645.9,68197.9,861252.9,8612.529,584775262.2476,1,2024-10-18 12:00:00
68197.9,68876.0,67925.2,68741.8,3086313.1,30863.131,2112648335.537,1,2024-10-18 14:00:00
68741.8,68920.0,68350.0,68701.2,1073996.6,10739.966,737783244.8067,1,2024-10-18 16:00:00
68701.2,69061.2,68555.0,68603.7,793455.9,7934.559,546006762.964,1,2024-10-18 18:00:00
68603.8,68698.4,68250.0,68420.0,382873.8,3828.738,262141725.9567,1,2024-10-18 20:00:00
68420.0,68487.8,68218.0,68437.2,343642.6,3436.426,234812244.9743,1,2024-10-18 22:00:00
68437.1,68494.1,68299.9,68350.1,226988.1,2269.881,155246096.1898,1,2024-10-19 00:00:00
68350.1,68712.3,68344.0,68454.1,447872.5,4478.725,306864555.2606,1,2024-10-19 02:00:00
68454.1,68574.7,68314.8,68400.0,252849.8,2528.498,172983641.4928,1,2024-10-19 04:00:00
68400.1,68451.0,68300.1,68359.2,189523.3,1895.233,129570699.74,1,2024-10-19 06:00:00
68359.3,68482.7,68343.2,68349.3,138724.8,1387.248,94888712.9041,1,2024-10-19 08:00:00
68349.4,68387.3,68086.0,68090.8,477649.8,4776.498,325905059.5202,1,2024-10-19 10:00:00
68090.8,68281.4,68085.0,68124.1,251807.3,2518.073,171694318.6816,1,2024-10-19 12:00:00
68124.1,68372.4,68124.0,68223.5,351874.1,3518.741,240196207.8312,1,2024-10-19 14:00:00
68223.6,68227.7,68005.3,68132.9,459889.0,4598.89,313246596.7674,1,2024-10-19 16:00:00
68132.9,68252.6,68092.0,68188.7,114103.2,1141.032,77805995.6844,1,2024-10-19 18:00:00
68188.6,68350.0,68169.7,68225.0,144772.4,1447.724,98832790.3465,1,2024-10-19 20:00:00
68225.0,68432.4,68203.3,68377.1,214800.9,2148.009,146812020.9617,1,2024-10-19 22:00:00
68377.0,68447.5,68153.8,68164.4,232649.1,2326.491,158844042.3955,1,2024-10-20 00:00:00
68164.5,68238.0,68106.4,68193.3,155774.3,1557.743,106186152.5051,1,2024-10-20 02:00:00
68193.3,68332.0,68188.0,68224.1,155573.2,1555.732,106184226.2865,1,2024-10-20 04:00:00
68224.1,68448.4,68180.0,68369.6,289483.7,2894.837,197875775.9628,1,2024-10-20 06:00:00
68369.6,68500.0,68348.1,68433.8,229493.5,2294.935,157016209.4614,1,2024-10-20 08:00:00
68433.9,68460.3,68357.0,68420.1,143595.3,1435.953,98244132.2162,1,2024-10-20 10:00:00
68420.0,68495.0,68186.4,68460.6,484518.8,4845.188,331193954.9518,1,2024-10-20 12:00:00
68460.5,68777.0,68358.9,68635.2,955031.1,9550.311,655253258.8651,1,2024-10-20 14:00:00
68635.2,68666.0,68413.7,68563.7,227007.2,2270.072,155604706.9071,1,2024-10-20 16:00:00
68563.8,68671.4,68489.7,68517.8,164807.6,1648.076,113048709.5284,1,2024-10-20 18:00:00
68517.7,68936.6,68472.8,68776.2,409573.6,4095.736,281660926.5262,1,2024-10-20 20:00:00
68776.3,69444.0,68605.3,69050.1,1281776.4,12817.764,885392840.9091,1,2024-10-20 22:00:00
69050.0,69572.0,68987.2,69229.9,803842.6,8038.426,557161331.9754,1,2024-10-21 00:00:00
69230.0,69289.6,68600.7,68942.1,763514.1,7635.141,525993889.5579,1,2024-10-21 02:00:00
68942.2,69204.6,68782.8,68982.4,396295.6,3962.956,273451888.4428,1,2024-10-21 04:00:00
68982.5,69150.0,68480.0,68510.6,705927.4,7059.274,485357818.4608,1,2024-10-21 06:00:00
68510.6,68670.0,68149.0,68398.2,826374.5,8263.745,565205385.7533,1,2024-10-21 08:00:00
68398.1,68500.0,68205.2,68266.0,421816.9,4218.169,288412833.7067,1,2024-10-21 10:00:00
68266.0,68363.1,67177.2,67336.0,2460003.2,24600.032,1666397886.5786,1,2024-10-21 12:00:00
67336.0,67621.0,66856.2,67331.0,2359828.4,23598.284,1585326024.3816,1,2024-10-21 14:00:00
67331.1,67658.9,66900.0,67517.0,1026737.8,10267.378,691146011.2901,1,2024-10-21 16:00:00
67517.1,67924.5,67021.8,67752.6,889588.6,8895.886,600348240.962,1,2024-10-21 18:00:00
67752.7,67923.9,67614.2,67789.6,331720.3,3317.203,224713835.7259,1,2024-10-21 20:00:00
67789.6,67871.0,67360.0,67378.7,489387.7,4893.877,330857137.5263,1,2024-10-21 22:00:00
67378.7,67537.6,66566.5,67509.1,1463319.2,14633.192,980932497.5655,1,2024-10-22 00:00:00
67509.2,67699.0,67275.0,67413.4,545331.8,5453.318,367995724.3298,1,2024-10-22 02:00:00
67413.4,67667.9,67300.2,67593.6,383058.4,3830.584,258672560.7055,1,2024-10-22 04:00:00
67593.6,67800.0,67372.6,67398.0,655556.1,6555.561,443407692.3876,1,2024-10-22 06:00:00
67398.0,67399.9,66757.7,66960.3,1258593.9,12585.939,843708055.7556,1,2024-10-22 08:00:00
66960.2,67527.7,66866.5,67294.5,698729.7,6987.297,469742262.6311,1,2024-10-22 10:00:00
67294.5,67474.9,66645.9,66994.4,1516882.0,15168.82,1016112142.0181,1,2024-10-22 12:00:00
66994.3,67695.0,66822.1,67290.0,2039351.4,20393.514,1373817235.197,1,2024-10-22 14:00:00
67290.0,67442.7,66930.0,67332.9,839309.9,8393.099,563850292.3143,1,2024-10-22 16:00:00
67333.0,67643.3,67243.8,67485.2,490716.1,4907.161,331101576.1745,1,2024-10-22 18:00:00
67485.2,67578.6,67407.7,67528.4,163497.8,1634.978,110344663.0403,1,2024-10-22 20:00:00
67528.5,67842.0,67274.5,67426.2,554512.3,5545.123,374868514.1757,1,2024-10-22 22:00:00
67426.2,67471.2,67128.6,67355.3,474102.5,4741.025,318863730.4919,1,2024-10-23 00:00:00
67355.2,67396.9,66891.3,67090.1,512768.0,5127.68,343958708.3609,1,2024-10-23 02:00:00
67090.1,67242.3,67004.5,67096.2,305201.8,3052.018,204896124.1045,1,2024-10-23 04:00:00
67096.2,67312.0,66810.0,66868.0,610138.9,6101.389,408872650.9496,1,2024-10-23 06:00:00
66868.0,67056.0,66202.4,66506.3,1742981.4,17429.814,1160196309.2448,1,2024-10-23 08:00:00
66506.2,66647.4,66305.9,66430.0,558237.4,5582.374,371203795.0382,1,2024-10-23 10:00:00
66430.0,66899.9,66100.0,66794.8,1473218.2,14732.182,979408842.3037,1,2024-10-23 12:00:00
66794.7,66875.0,65901.3,66228.7,1603016.2,16030.162,1062874144.2301,1,2024-10-23 14:00:00
66228.7,66300.8,65650.1,65732.7,1704798.0,17047.98,1123355590.2377,1,2024-10-23 16:00:00
65732.8,66599.9,65226.0,66490.2,2280278.2,22802.782,1501087039.7325,1,2024-10-23 18:00:00
66490.2,66689.5,66349.8,66419.9,502289.1,5022.891,334093470.7264,1,2024-10-23 20:00:00
66420.0,66823.4,66362.8,66662.1,458459.2,4584.592,305452176.2928,1,2024-10-23 22:00:00
66662.2,67620.3,66508.0,67279.6,1476667.1,14766.671,992197202.5267,1,2024-10-24 00:00:00
67279.6,67523.0,67157.5,67220.0,455323.7,4553.237,306661773.621,1,2024-10-24 02:00:00
67220.1,67486.0,67220.0,67367.6,318959.4,3189.594,214878935.5277,1,2024-10-24 04:00:00
67367.5,67485.7,67080.0,67134.4,544794.5,5447.945,366433884.2347,1,2024-10-24 06:00:00
67134.3,67263.2,66732.9,66892.6,813384.5,8133.845,544493197.5707,1,2024-10-24 08:00:00
66892.9,67350.0,66867.2,67294.4,598515.0,5985.15,401668461.638,1,2024-10-24 10:00:00
67294.3,67986.0,67270.3,67900.9,1561647.2,15616.472,1056334906.7503,1,2024-10-24 12:00:00
67901.0,67980.0,67525.5,67699.7,1297887.0,12978.87,879462162.7042,1,2024-10-24 14:00:00
67699.7,67854.0,67354.4,67651.1,821650.6,8216.506,555426473.0692,1,2024-10-24 16:00:00
67651.1,68335.5,67617.6,68305.2,903904.7,9039.047,614937126.2296,1,2024-10-24 18:00:00
68305.2,68880.0,67978.1,68349.5,1019166.6,10191.666,697377057.2774,1,2024-10-24 20:00:00
68349.5,68560.0,68052.3,68202.6,441151.4,4411.514,301282105.2768,1,2024-10-24 22:00:00
68202.7,68285.7,67835.5,67977.0,618834.9,6188.349,420803441.2383,1,2024-10-25 00:00:00
67977.2,68244.0,67830.2,68006.0,459561.2,4595.612,312778087.7704,1,2024-10-25 02:00:00
68006.0,68046.4,67607.0,67765.9,687615.4,6876.154,466096455.3793,1,2024-10-25 04:00:00
67765.8,67870.0,67248.3,67546.9,804811.5,8048.115,543434524.0216,1,2024-10-25 06:00:00
67546.8,67885.7,67319.2,67838.7,774237.8,7742.378,523682720.2583,1,2024-10-25 08:00:00
67838.7,68184.3,67674.0,68104.3,562268.7,5622.687,381996755.5882,1,2024-10-25 10:00:00
68104.2,68450.1,67735.1,68347.8,1109246.4,11092.464,755389433.9892,1,2024-10-25 12:00:00
68347.9,68776.9,67433.0,67685.8,2140590.2,21405.902,1461060265.5304,1,2024-10-25 14:00:00
67684.8,67900.0,66773.0,66846.2,2038652.1,20386.521,1373549509.3403,1,2024-10-25 16:00:00
66846.1,67582.3,65988.8,66858.7,3336877.2,33368.772,2232078374.5921,1,2024-10-25 18:00:00
66858.7,67306.5,66626.6,67297.0,467435.6,4674.356,312982392.4812,1,2024-10-25 20:00:00
67297.0,67405.2,65588.0,66695.0,2410710.3,24107.103,1599134109.1933,1,2024-10-25 22:00:00
66695.0,66850.0,66503.2,66708.9,685586.9,6855.869,457211258.765,1,2024-10-26 00:00:00
66708.9,67042.9,66427.5,66903.0,740069.7,7400.697,494231870.0703,1,2024-10-26 02:00:00
66903.0,67232.3,66759.4,67126.7,476209.0,4762.09,319283233.0158,1,2024-10-26 04:00:00
67126.7,67240.0,66972.2,67002.3,331542.9,3315.429,222452422.6719,1,2024-10-26 06:00:00
67002.4,67286.0,66986.1,67043.8,270864.4,2708.644,181875650.2235,1,2024-10-26 08:00:00
67043.8,67179.9,66954.0,67131.3,270016.9,2700.169,181088777.0942,1,2024-10-26 10:00:00
67131.2,67182.0,66872.5,66900.1,423873.8,4238.738,284003148.1974,1,2024-10-26 12:00:00
66900.0,67015.0,66745.0,66887.9,628442.8,6284.428,420183619.2669,1,2024-10-26 14:00:00
66887.9,67153.3,66788.0,67063.9,343338.8,3433.388,230004800.3405,1,2024-10-26 16:00:00
67063.9,67189.0,67023.7,67178.5,124044.7,1240.447,83240193.149,1,2024-10-26 18:00:00
67178.5,67479.9,67100.0,67178.6,346859.2,3468.592,233387888.9422,1,2024-10-26 20:00:00
67178.5,67252.0,67085.5,67100.0,153640.0,1536.4,103169111.2907,1,2024-10-26 22:00:00
67100.0,67143.3,66933.3,67085.1,235082.4,2350.824,157570698.1685,1,2024-10-27 00:00:00
67085.0,67330.0,67000.0,67296.1,240810.4,2408.104,161743771.1891,1,2024-10-27 02:00:00
67296.0,67326.5,67118.0,67180.9,165350.0,1653.5,111136574.0969,1,2024-10-27 04:00:00
67180.8,67236.8,67120.0,67200.0,129593.5,1295.935,87052726.0167,1,2024-10-27 06:00:00
67200.0,67266.0,67100.0,67141.0,165563.2,1655.632,111221207.4164,1,2024-10-27 08:00:00
67141.0,67203.5,67041.2,67125.2,157936.5,1579.365,105998466.8854,1,2024-10-27 10:00:00
67125.2,67777.0,67122.0,67615.8,1034869.7,10348.697,698960924.4608,1,2024-10-27 12:00:00
67615.8,67860.0,67610.0,67790.1,503435.3,5034.353,341019890.1308,1,2024-10-27 14:00:00
67790.0,68042.5,67670.0,67762.2,599852.1,5998.521,406895917.8588,1,2024-10-27 16:00:00
67762.1,67860.0,67556.0,67848.1,358664.5,3586.645,242778937.5264,1,2024-10-27 18:00:00
67848.2,68197.9,67722.6,67937.1,387974.3,3879.743,263669468.8867,1,2024-10-27 20:00:00
67937.2,68346.6,67937.2,68028.2,641119.7,6411.197,437118384.5362,1,2024-10-27 22:00:00
68028.3,68128.6,67734.8,67745.8,439524.7,4395.247,298448546.9728,1,2024-10-28 00:00:00
67745.8,67990.0,67666.9,67729.2,408708.7,4087.087,277144740.8542,1,2024-10-28 02:00:00
67729.1,67983.0,67619.7,67915.0,323825.4,3238.254,219424542.3395,1,2024-10-28 04:00:00
67915.0,68686.0,67802.3,68423.4,1252583.2,12525.832,856440558.1654,1,2024-10-28 06:00:00
68423.5,68625.6,68250.0,68574.5,648816.2,6488.162,443855046.2126,1,2024-10-28 08:00:00
68574.4,68846.6,68491.9,68764.2,730823.6,7308.236,501948112.3745,1,2024-10-28 10:00:00
68764.1,69293.6,68580.2,68829.9,2127554.6,21275.546,1467642730.9634,1,2024-10-28 12:00:00
68830.0,69100.0,68424.0,68497.1,1496718.3,14967.183,1028910181.1715,1,2024-10-28 14:00:00
68496.6,69214.0,68449.9,68977.7,1159881.7,11598.817,798499121.2993,1,2024-10-28 16:00:00
68977.8,69930.0,68830.2,69635.9,1976568.0,19765.68,1373841071.1318,1,2024-10-28 18:00:00
69635.9,69821.7,69427.0,69797.6,471711.1,4717.111,328358356.121,1,2024-10-28 20:00:00
69797.9,70346.2,69750.4,69971.9,1274763.2,12747.632,892631247.0746,1,2024-10-28 22:00:00
69971.9,70399.9,69767.0,70314.2,634898.8,6348.988,444526256.7604,1,2024-10-29 00:00:00
70314.1,71637.0,70224.3,70963.7,2927943.1,29279.431,2081699247.4762,1,2024-10-29 02:00:00
70963.8,71150.5,70913.1,71045.0,451963.2,4519.632,321063621.0425,1,2024-10-29 04:00:00
71045.0,71399.4,70833.0,71025.9,891070.3,8910.703,633587208.957,1,2024-10-29 06:00:00
71025.9,71366.0,70983.1,71300.0,529186.2,5291.862,376718574.3069,1,2024-10-29 08:00:00
71300.0,71589.0,71082.9,71457.5,678942.1,6789.421,484599099.1597,1,2024-10-29 10:00:00
71457.6,71821.9,70939.0,71797.9,1429102.5,14291.025,1020219445.0053,1,2024-10-29 12:00:00
71798.0,72450.0,71335.3,72410.9,2841744.6,28417.446,2044013455.0175,1,2024-10-29 14:00:00
72410.9,73079.2,72361.5,72737.8,2485934.5,24859.345,1807527290.8797,1,2024-10-29 16:00:00
72737.8,73760.5,72536.4,72559.5,2569313.9,25693.139,1878677890.1557,1,2024-10-29 18:00:00
72559.6,72698.3,71911.0,72331.1,1091525.9,10915.259,789503509.0613,1,2024-10-29 20:00:00
72331.0,73028.6,72229.8,72751.3,674645.3,6746.453,490160831.9752,1,2024-10-29 22:00:00
72751.4,72810.3,72030.6,72441.8,791107.5,7911.075,572150802.2651,1,2024-10-30 00:00:00
72441.8,72666.0,72204.0,72271.7,497728.4,4977.284,360538745.6444,1,2024-10-30 02:00:00
72271.7,72548.0,72213.8,72526.6,331309.4,3313.094,239853297.4032,1,2024-10-30 04:00:00
72526.6,72654.1,72113.9,72244.8,519747.4,5197.474,376083819.5866,1,2024-10-30 06:00:00
72244.9,72614.0,72237.5,72594.4,540383.1,5403.831,391497856.1554,1,2024-10-30 08:00:00
72594.4,72625.0,71938.8,72010.7,659622.9,6596.229,476579888.9243,1,2024-10-30 10:00:00
72010.8,72162.2,71458.1,71968.2,1840382.8,18403.828,1322617071.813,1,2024-10-30 12:00:00
71965.8,72485.8,71702.8,72061.3,1611763.3,16117.633,1162435958.1002,1,2024-10-30 14:00:00
72061.2,72211.0,71661.8,71915.9,654322.9,6543.229,470773460.6825,1,2024-10-30 16:00:00
71915.8,72169.3,71800.0,71836.4,450747.5,4507.475,324379103.4614,1,2024-10-30 18:00:00
71836.4,72974.0,71647.9,72399.8,1706088.2,17060.882,1233852981.4288,1,2024-10-30 20:00:00
72399.7,72707.0,72260.4,72343.2,395557.6,3955.576,286744616.5593,1,2024-10-30 22:00:00
72343.1,72464.5,72021.3,72378.1,518808.5,5188.085,374747769.4918,1,2024-10-31 00:00:00
72378.1,72598.3,72190.0,72356.2,375218.4,3752.184,271760888.8431,1,2024-10-31 02:00:00
72356.2,72399.6,72209.9,72294.9,242395.0,2423.95,175246028.9359,1,2024-10-31 04:00:00
72294.9,72487.6,72139.5,72414.9,318427.6,3184.276,230241463.0238,1,2024-10-31 06:00:00
72414.9,72450.0,72156.1,72304.2,342302.4,3423.024,247457081.1945,1,2024-10-31 08:00:00
72304.2,72700.0,72226.6,72230.5,702325.4,7023.254,508807474.7021,1,2024-10-31 10:00:00
72230.4,72299.1,71122.5,71328.6,1973979.1,19739.791,1416394761.9741,1,2024-10-31 12:00:00
71328.6,71387.4,70450.0,70637.2,3089557.3,30895.573,2191123438.6766,1,2024-10-31 14:00:00
70637.1,70930.1,70364.3,70800.5,1207784.1,12077.841,852712600.5032,1,2024-10-31 16:00:00
70800.5,70803.4,70053.5,70110.2,1054031.7,10540.317,742219874.3136,1,2024-10-31 18:00:00
70110.3,70550.0,69680.1,70460.6,1137353.3,11373.533,797038962.2179,1,2024-10-31 20:00:00
70460.6,70653.1,70164.5,70304.3,458471.5,4584.715,322966926.2153,1,2024-10-31 22:00:00
70304.4,70485.8,69300.0,69415.1,1366442.4,13664.424,954507243.5411,1,2024-11-01 00:00:00
69415.1,69712.0,68838.2,69373.5,1675981.3,16759.813,1160670322.7545,1,2024-11-01 02:00:00
69373.6,69678.0,69345.0,69609.4,296374.1,2963.741,206105495.3869,1,2024-11-01 04:00:00
69609.4,69707.8,69078.0,69282.9,679720.5,6797.205,471259726.0964,1,2024-11-01 06:00:00
69282.9,69588.8,69231.9,69532.2,431199.4,4311.994,299389899.111,1,2024-11-01 08:00:00
69532.2,70231.4,69520.1,70003.6,1052875.8,10528.758,736715256.6079,1,2024-11-01 10:00:00
70003.6,71234.0,69890.1,71212.0,2062685.6,20626.856,1454949636.8115,1,2024-11-01 12:00:00
71212.0,71644.3,69031.9,69393.8,3936919.1,39369.191,2778096250.7695,1,2024-11-01 14:00:00
69393.8,70529.5,69354.0,69597.0,2020787.4,20207.874,1413274982.5193,1,2024-11-01 16:00:00
69597.0,69658.5,68826.2,69281.0,1351249.5,13512.495,935355314.0151,1,2024-11-01 18:00:00
69281.0,69477.5,68851.8,69276.0,681625.2,6816.252,471707628.0127,1,2024-11-01 20:00:00
69275.9,69645.2,69240.7,69496.8,288876.9,2888.769,200597307.1916,1,2024-11-01 22:00:00
69496.9,69715.9,69476.3,69667.3,323459.5,3234.595,225160165.8917,1,2024-11-02 00:00:00
69667.3,69927.5,69556.8,69598.9,317777.7,3177.777,221610978.8744,1,2024-11-02 02:00:00
69598.9,69744.2,69444.0,69717.7,271755.5,2717.555,189076669.6097,1,2024-11-02 04:00:00
69717.7,69828.3,69585.0,69823.4,208712.9,2087.129,145528128.5323,1,2024-11-02 06:00:00
69823.4,69850.0,69516.6,69570.0,262250.2,2622.502,182696318.9459,1,2024-11-02 08:00:00
69569.9,69703.6,69425.0,69606.0,248361.1,2483.611,172735173.3423,1,2024-11-02 10:00:00
69606.1,69718.8,69358.4,69364.1,522038.3,5220.383,362936117.2602,1,2024-11-02 12:00:00
69364.0,69462.0,69026.5,69403.2,767796.6,7677.966,531661005.8386,1,2024-11-02 14:00:00
69403.2,69626.0,69321.5,69410.9,342742.4,3427.424,238124667.7922,1,2024-11-02 16:00:00
69410.8,69572.9,69223.2,69508.1,184915.7,1849.157,128348568.5793,1,2024-11-02 18:00:00
69508.2,69583.0,69439.1,69439.2,122788.2,1227.882,85338116.553,1,2024-11-02 20:00:00
69439.2,69559.9,69155.7,69382.9,253040.8,2530.408,175380306.7366,1,2024-11-02 22:00:00
69382.8,69402.0,69016.0,69026.5,359604.3,3596.043,248739126.7186,1,2024-11-03 00:00:00
69026.4,69048.8,67845.0,68387.1,2352458.8,23524.588,1608123777.0391,1,2024-11-03 02:00:00
68387.1,68717.4,68304.8,68442.4,627310.7,6273.107,430099179.3288,1,2024-11-03 04:00:00
68442.4,68794.0,68380.3,68407.8,381988.0,3819.88,261891517.7924,1,2024-11-03 06:00:00
68407.9,68623.0,68209.0,68244.7,479508.2,4795.082,327889408.7383,1,2024-11-03 08:00:00
68244.8,68588.7,68244.8,68353.0,345536.3,3455.363,236504632.4452,1,2024-11-03 10:00:00
68352.9,68560.0,67965.9,68047.3,688551.6,6885.516,469893364.5684,1,2024-11-03 12:00:00
68047.4,68232.0,67462.2,68102.3,1948183.9,19481.839,1321543169.0513,1,2024-11-03 14:00:00
68102.3,68555.4,68062.9,68363.7,1060062.8,10600.628,724348370.1938,1,2024-11-03 16:00:00
68363.6,68715.5,67679.3,68685.8,822758.5,8227.585,561689569.2096,1,2024-11-03 18:00:00
68685.7,69368.0,68488.1,69149.8,806643.6,8066.436,556672498.4429,1,2024-11-03 20:00:00
69149.8,69306.9,68510.2,68776.9,634591.8,6345.918,436956635.3209,1,2024-11-03 22:00:00
68776.9,69043.7,68220.7,68979.0,858037.8,8580.378,589137022.2803,1,2024-11-04 00:00:00
68979.0,69516.4,68881.8,69056.7,728700.5,7287.005,504242271.6636,1,2024-11-04 02:00:00
69056.7,69404.6,68725.0,68826.8,490305.9,4903.059,338500570.2526,1,2024-11-04 04:00:00
68826.8,69186.1,68630.0,68630.5,503828.9,5038.289,347250301.6996,1,2024-11-04 06:00:00
68630.4,68938.1,68474.9,68652.8,657752.0,6577.52,451642736.0379,1,2024-11-04 08:00:00
68652.8,69058.1,68615.4,68800.0,437376.0,4373.76,301166365.7643,1,2024-11-04 10:00:00
68800.1,69271.6,68662.8,68676.0,713736.2,7137.362,492332457.7475,1,2024-11-04 12:00:00
68675.9,68765.3,68200.1,68636.5,1486425.9,14864.259,1017595976.0522,1,2024-11-04 14:00:00
68636.5,68830.9,67222.0,67822.5,2097861.0,20978.61,1423442036.3706,1,2024-11-04 16:00:00
67822.4,68068.0,67555.5,67851.6,623808.6,6238.086,423057179.7246,1,2024-11-04 18:00:00
67851.6,67851.6,66811.7,67115.3,1218244.4,12182.444,819484424.7418,1,2024-11-04 20:00:00
67115.3,68111.0,67052.3,67858.8,809881.6,8098.816,548442184.6322,1,2024-11-04 22:00:00
67858.8,68188.0,67466.2,68000.0,849658.6,8496.586,576898756.9034,1,2024-11-05 00:00:00
68000.0,68280.0,67822.6,68237.1,391162.6,3911.626,266100776.2796,1,2024-11-05 02:00:00
68237.1,68830.0,68211.0,68749.8,704100.0,7041.0,482185659.9258,1,2024-11-05 04:00:00
68749.9,68979.8,68568.9,68893.7,582453.8,5824.538,400449917.3087,1,2024-11-05 06:00:00
68893.7,69107.1,68740.0,68784.0,684355.6,6843.556,471629336.6019,1,2024-11-05 08:00:00
68784.0,68980.0,68622.0,68815.0,445276.1,4452.761,306317476.1497,1,2024-11-05 10:00:00
68815.1,68969.5,68674.6,68821.9,493658.5,4936.585,339706670.1499,1,2024-11-05 12:00:00
68822.0,70350.6,68773.0,69638.0,3514359.6,35143.596,2449355759.3678,1,2024-11-05 14:00:00
69638.0,70573.5,69533.5,69960.4,1672624.3,16726.243,1173060623.0639,1,2024-11-05 16:00:00
69960.4,70272.5,68680.0,68998.7,1504412.4,15044.124,1046449032.2379,1,2024-11-05 18:00:00
68998.6,69671.0,68832.9,69163.2,1011529.6,10115.296,701617757.8982,1,2024-11-05 20:00:00
69163.1,69917.1,68890.0,69381.9,657728.6,6577.286,456651040.5408,1,2024-11-05 22:00:00
69382.0,71461.6,69300.0,71128.0,2979455.9,29794.559,2111218640.7946,1,2024-11-06 00:00:00
71128.1,75423.4,70950.0,74378.0,6632225.1,66322.251,4877273980.6082,1,2024-11-06 02:00:00
74377.9,74998.0,73660.0,74802.0,2918835.6,29188.356,2172415545.0346,1,2024-11-06 04:00:00
74801.9,75488.0,73012.7,73419.2,3614933.2,36149.332,2689962880.534,1,2024-11-06 06:00:00
73419.2,74132.8,72716.0,73770.8,2332122.9,23321.229,1711326363.2087,1,2024-11-06 08:00:00
73770.8,74529.1,73388.0,74292.0,1491124.0,14911.24,1103062805.8328,1,2024-11-06 10:00:00
74292.0,74788.4,73579.2,73990.8,1394500.3,13945.003,1034424610.0109,1,2024-11-06 12:00:00
73990.9,74747.8,73485.0,74296.1,2658235.3,26582.353,1969917562.6814,1,2024-11-06 14:00:00
74296.1,74672.0,74129.9,74456.8,1021349.2,10213.492,759888688.5616,1,2024-11-06 16:00:00
74456.9,75850.0,74402.7,75830.3,1701721.4,17017.214,1280221854.7508,1,2024-11-06 18:00:00
75830.2,76422.0,75515.0,75902.7,1632154.3,16321.543,1239218061.1642,1,2024-11-06 20:00:00
75902.7,76058.4,75550.0,75598.2,656577.0,6565.77,497178836.6275,1,2024-11-06 22:00:00
75598.1,76050.0,75100.0,75412.4,1322923.9,13229.239,998477469.707,1,2024-11-07 00:00:00
75412.3,75481.7,75018.0,75061.0,807753.6,8077.536,607794588.11,1,2024-11-07 02:00:00
75061.1,75077.2,74644.7,74788.0,762268.8,7622.688,570496792.0586,1,2024-11-07 04:00:00
74788.0,74990.9,74450.0,74783.0,824730.7,8247.307,616304503.6826,1,2024-11-07 06:00:00
74783.1,75185.0,74701.0,74948.3,630998.4,6309.984,473473535.5214,1,2024-11-07 08:00:00
74948.3,75063.0,74722.9,74771.8,440394.4,4403.944,329731612.7795,1,2024-11-07 10:00:00
74771.8,75133.1,74608.0,74681.7,570174.5,5701.745,426866451.5941,1,2024-11-07 12:00:00
74681.8,76076.2,74508.1,76059.9,1693625.7,16936.257,1274330961.801,1,2024-11-07 14:00:00
76060.0,76498.9,75560.4,76265.5,1440316.4,14403.164,1094932382.1638,1,2024-11-07 16:00:00
76265.6,76750.0,75775.2,76520.0,1844066.1,18440.661,1407120654.4746,1,2024-11-07 18:00:00
76520.0,76882.2,75858.0,75876.0,1101762.4,11017.624,842152401.3353,1,2024-11-07 20:00:00
75876.0,76088.0,75484.9,75856.0,681339.9,6813.399,516339087.6943,1,2024-11-07 22:00:00
75856.0,76378.8,75828.8,75990.2,715156.8,7151.568,544249516.409,1,2024-11-08 00:00:00
75990.3,76031.9,75580.8,75903.5,582571.4,5825.714,441382820.6548,1,2024-11-08 02:00:00
75903.5,76164.5,75815.0,75992.0,377096.8,3770.968,286510927.8013,1,2024-11-08 04:00:00
75992.0,76248.4,75690.2,76177.5,598338.2,5983.382,454592829.4658,1,2024-11-08 06:00:00
76177.6,76188.0,75778.0,75954.0,477600.5,4776.005,362612492.0775,1,2024-11-08 08:00:00
75954.0,76344.0,75780.0,75948.3,455462.9,4554.629,346589736.5719,1,2024-11-08 10:00:00
75948.3,76290.0,75858.0,76270.1,549984.4,5499.844,418227835.3431,1,2024-11-08 12:00:00
76270.0,76599.8,75600.1,76415.1,2007816.5,20078.165,1527530836.8909,1,2024-11-08 14:00:00
76415.1,76533.2,75801.7,76381.0,1191134.6,11911.346,906906118.2555,1,2024-11-08 16:00:00
76381.0,77198.1,76340.0,76902.1,1309672.6,13096.726,1006177879.4925,1,2024-11-08 18:00:00
76902.2,77088.0,76370.0,76472.0,956509.6,9565.096,733106511.0875,1,2024-11-08 20:00:00
76472.0,76627.0,76286.9,76501.6,335639.3,3356.393,256580049.2075,1,2024-11-08 22:00:00
76501.6,76631.5,76260.0,76321.6,377151.2,3771.512,288282623.0335,1,2024-11-09 00:00:00
76321.5,76455.0,76150.0,76346.1,350387.5,3503.875,267324787.3254,1,2024-11-09 02:00:00
76346.2,76666.0,76301.6,76550.0,372929.1,3729.291,285269745.0368,1,2024-11-09 04:00:00
76550.1,76800.0,76361.6,76539.1,563881.2,5638.812,431590099.1082,1,2024-11-09 06:00:00
76539.2,76750.0,76434.4,76558.1,404295.5,4042.955,309621971.7292,1,2024-11-09 08:00:00
76558.1,76637.4,76383.0,76499.6,295634.7,2956.347,226097622.756,1,2024-11-09 10:00:00
76499.6,76589.9,76283.8,76424.8,326723.4,3267.234,249555828.5043,1,2024-11-09 12:00:00
76424.8,76448.9,76265.0,76313.8,317110.4,3171.104,242044892.4056,1,2024-11-09 14:00:00
76313.8,76333.3,75715.0,76238.3,850157.4,8501.574,646388573.3635,1,2024-11-09 16:00:00
76238.4,76765.2,76100.0,76216.1,664648.4,6646.484,507807511.2662,1,2024-11-09 18:00:00
76216.1,76512.0,76188.0,76469.4,230524.6,2305.246,176024133.3895,1,2024-11-09 20:00:00
76469.4,76946.4,76376.3,76688.0,696473.5,6964.735,534047652.9806,1,2024-11-09 22:00:00
76688.1,77132.9,76509.9,76706.4,664213.2,6642.132,510260982.5205,1,2024-11-10 00:00:00
76706.3,77556.0,76660.3,77220.2,1337026.4,13370.264,1032917889.1293,1,2024-11-10 02:00:00
77220.1,79921.0,77150.0,79167.9,3904359.8,39043.598,3081184666.1719,1,2024-11-10 04:00:00
79168.0,79338.1,78666.7,78844.2,1119573.6,11195.736,884377473.5509,1,2024-11-10 06:00:00
78844.3,79532.0,78839.9,79391.7,770179.2,7701.792,609998196.5814,1,2024-11-10 08:00:00
79391.8,80300.0,79300.0,79914.0,1602399.9,16023.999,1278832378.3887,1,2024-11-10 10:00:00
79913.9,80193.0,79300.0,79752.8,1341275.0,13412.75,1068531168.0213,1,2024-11-10 12:00:00
79752.8,80025.1,79187.1,79700.0,1042737.4,10427.374,829571728.8719,1,2024-11-10 14:00:00
79700.1,80830.0,79510.0,80404.0,1221392.2,12213.922,979315069.3571,1,2024-11-10 16:00:00
80403.9,81150.0,79355.3,79779.9,1859707.0,18597.07,1496329796.9728,1,2024-11-10 18:00:00
79779.9,80103.1,78520.1,79913.5,1377280.0,13772.8,1092387486.8753,1,2024-11-10 20:00:00
79913.5,81742.4,79820.1,80379.4,1748453.5,17484.535,1410422394.7181,1,2024-11-10 22:00:00
80379.5,81784.2,80235.7,81231.9,1134974.1,11349.741,918751071.2903,1,2024-11-11 00:00:00
81232.0,81886.9,80953.1,81615.2,924888.1,9248.881,752499716.3018,1,2024-11-11 02:00:00
81615.2,81739.9,80450.0,80749.9,1056651.6,10566.516,857359454.4424,1,2024-11-11 04:00:00
80749.9,81258.9,80600.2,81111.9,751075.9,7510.759,607969180.6344,1,2024-11-11 06:00:00
81114.7,81784.0,81032.1,81703.6,867135.2,8671.352,706031487.4089,1,2024-11-11 08:00:00
81703.5,82414.8,81667.7,82154.2,1397085.4,13970.854,1146420112.5811,1,2024-11-11 10:00:00
82154.1,82583.6,81473.6,81846.0,1797659.7,17976.597,1473872974.7429,1,2024-11-11 12:00:00
81845.9,84349.0,81550.0,84097.3,4580453.5,45804.535,3801955790.9014,1,2024-11-11 14:00:00
84097.3,84978.6,83880.0,84628.6,2883414.4,28834.144,2437259663.2058,1,2024-11-11 16:00:00
84628.7,87087.5,84221.4,86160.7,3496338.5,34963.385,2997839402.3189,1,2024-11-11 18:00:00
86160.7,88447.5,86112.3,87978.0,3339419.3,33394.193,2917971435.5547,1,2024-11-11 20:00:00
87978.1,89800.0,86500.1,88700.1,3539235.5,35392.355,3123109730.5141,1,2024-11-11 22:00:00
88700.1,89555.0,86650.0,88596.1,2833854.0,28338.54,2503920043.5928,1,2024-11-12 00:00:00
88596.1,88923.7,87050.0,88135.1,1711234.2,17112.342,1504120254.9909,1,2024-11-12 02:00:00
88135.0,89068.1,87787.2,88448.8,1170878.3,11708.783,1036261084.0499,1,2024-11-12 04:00:00
88448.8,89991.0,88231.0,89048.7,2081256.8,20812.568,1859819323.5496,1,2024-11-12 06:00:00
89048.8,89550.4,87717.6,87734.5,1774313.6,17743.136,1573241672.7701,1,2024-11-12 08:00:00
87734.6,88158.1,85466.1,87232.0,4532579.5,45325.795,3943983664.1882,1,2024-11-12 10:00:00
87232.1,87947.2,85149.4,86385.5,2735491.8,27354.918,2360995968.9115,1,2024-11-12 12:00:00
86385.4,87499.9,85235.1,86600.0,2401009.6,24010.096,2077315561.6552,1,2024-11-12 14:00:00
86600.0,87883.4,85737.0,86959.9,1709563.7,17095.637,1486860319.6646,1,2024-11-12 16:00:00
86960.0,89780.0,86907.9,88716.9,1864510.8,18645.108,1654568549.0001,1,2024-11-12 18:00:00
88716.8,89888.0,88180.0,88260.0,1329843.4,13298.434,1184421227.6555,1,2024-11-12 20:00:00
88262.8,88706.0,87410.6,87948.8,927492.6,9274.926,816557349.0747,1,2024-11-12 22:00:00
87948.9,88594.5,87600.0,88274.0,951818.2,9518.182,838657082.1946,1,2024-11-13 00:00:00
88274.0,88350.0,87044.0,87159.9,1116156.4,11161.564,977458021.2076,1,2024-11-13 02:00:00
87159.9,87714.8,86220.0,86554.7,1319066.1,13190.661,1146402511.618,1,2024-11-13 04:00:00
86554.7,87501.0,86142.9,87367.9,973923.8,9739.238,845789284.4248,1,2024-11-13 06:00:00
87368.0,87700.0,87083.7,87405.9,693863.1,6938.631,606329457.8912,1,2024-11-13 08:00:00
87405.9,88175.0,87132.0,87668.2,755150.8,7551.508,661790852.5258,1,2024-11-13 10:00:00
87668.1,89743.4,87500.3,89176.6,1891634.2,18916.342,1677814600.982,1,2024-11-13 12:00:00
89176.7,92735.8,88632.5,92561.2,5343261.5,53432.615,4861591419.5868,1,2024-11-13 14:00:00
92561.1,93372.0,91500.1,92266.0,2736678.2,27366.782,2531070781.9695,1,2024-11-13 16:00:00
92266.0,93179.1,89953.5,90200.1,2959610.3,29596.103,2702843831.8627,1,2024-11-13 18:00:00
90200.0,91189.8,87968.0,88544.0,2811144.3,28111.443,2515472458.0238,1,2024-11-13 20:00:00
88544.0,90528.0,88357.3,90383.8,977147.8,9771.478,876847326.0712,1,2024-11-13 22:00:00
90383.8,90520.0,89514.8,90408.1,921269.5,9212.695,829714563.8609,1,2024-11-14 00:00:00
90408.0,90629.1,89550.0,89979.9,690704.3,6907.043,621641467.5135,1,2024-11-14 02:00:00
89980.0,90236.2,89333.1,89984.4,620829.9,6208.299,557899595.1488,1,2024-11-14 04:00:00
89985.5,90887.3,89100.1,90800.0,1050520.6,10505.206,945081704.6516,1,2024-11-14 06:00:00
90800.0,91446.5,90351.1,90937.1,1221873.6,12218.736,1110579105.3473,1,2024-11-14 08:00:00
90937.0,91703.8,90455.1,91499.9,1330619.1,13306.191,1212454280.3343,1,2024-11-14 10:00:00
91499.9,91618.0,90582.1,90773.9,1006354.7,10063.547,916884107.7139,1,2024-11-14 12:00:00
90774.0,91823.7,87837.6,87965.9,4001568.9,40015.689,3579139960.2337,1,2024-11-14 14:00:00
87965.9,89400.0,87526.6,89258.1,1767597.3,17675.973,1564319283.9234,1,2024-11-14 16:00:00
89258.2,89711.9,88915.2,89481.3,708691.4,7086.914,633553125.0126,1,2024-11-14 18:00:00
89481.2,89481.2,87000.0,88235.1,1762409.3,17624.093,1551452684.6487,1,2024-11-14 20:00:00
88235.2,88370.1,86666.0,87349.4,1325049.5,13250.495,1157658232.279,1,2024-11-14 22:00:00
87349.4,88449.6,87267.9,88112.0,989909.8,9899.098,870586675.3117,1,2024-11-15 00:00:00
88111.9,88488.4,87740.0,88205.8,487629.8,4876.298,430167188.0216,1,2024-11-15 02:00:00
88205.9,88245.7,87080.2,87732.7,921705.1,9217.051,807353084.088,1,2024-11-15 04:00:00
87732.8,88427.9,87606.1,87650.1,620276.0,6202.76,545914141.7411,1,2024-11-15 06:00:00
87650.1,89363.0,87396.7,89200.0,1286939.1,12869.391,1140037558.0468,1,2024-11-15 08:00:00
89200.0,89776.6,88952.2,89742.0,703884.8,7038.848,629057726.6166,1,2024-11-15 10:00:00
89741.9,90740.0,89300.5,90158.7,1675736.7,16757.367,1508609580.4078,1,2024-11-15 12:00:00
90158.7,90217.7,87766.6,88441.6,2622553.2,26225.532,2329464145.7177,1,2024-11-15 14:00:00
88441.6,89968.0,88376.2,89489.6,1723723.0,17237.23,1540499122.4694,1,2024-11-15 16:00:00
89489.6,90856.0,89219.4,90393.8,1083165.4,10831.654,974859195.215,1,2024-11-15 18:00:00
90393.8,91858.4,90340.1,91683.4,1146360.2,11463.602,1045165366.2544,1,2024-11-15 20:00:00
91683.4,91874.6,90879.2,91050.0,555219.0,5552.19,506887972.6476,1,2024-11-15 22:00:00
91050.1,91463.6,90843.0,91245.6,475391.8,4753.918,433316479.2144,1,2024-11-16 00:00:00
91245.7,91730.8,91043.8,91265.8,444456.8,4444.568,406208907.2227,1,2024-11-16 02:00:00
91265.7,91819.7,91080.9,91353.7,425519.3,4255.193,388906940.4166,1,2024-11-16 04:00:00
91353.8,91466.8,91080.0,91143.9,352910.5,3529.105,322066301.2158,1,2024-11-16 06:00:00
91143.9,91474.4,91045.0,91250.0,297251.8,2972.518,271421107.4178,1,2024-11-16 08:00:00
91250.1,91620.7,91000.9,91190.6,521458.0,5214.58,475874421.9641,1,2024-11-16 10:00:00
91190.1,91334.2,90500.1,90779.1,853281.0,8532.81,775594832.2452,1,2024-11-16 12:00:00
90779.2,91100.0,90066.0,90527.4,801440.9,8014.409,725997127.7978,1,2024-11-16 14:00:00
90527.4,91044.0,90205.0,90930.0,587963.6,5879.636,533111634.1682,1,2024-11-16 16:00:00
90930.0,91426.0,90858.1,91150.0,384715.5,3847.155,350819047.2776,1,2024-11-16 18:00:00
91149.9,91218.8,90700.0,91031.4,237245.7,2372.457,215716460.2159,1,2024-11-16 20:00:00
91031.5,91037.8,90308.3,90575.4,376081.0,3760.81,340588604.5841,1,2024-11-16 22:00:00
90576.4,90896.2,90000.0,90267.9,526312.7,5263.127,476040496.1021,1,2024-11-17 00:00:00
90267.9,90287.0,89343.2,90250.0,960843.8,9608.438,863156618.0452,1,2024-11-17 02:00:00
90250.0,90912.6,90146.2,90482.3,607592.9,6075.929,550101261.124,1,2024-11-17 04:00:00
90482.4,90799.9,90366.1,90568.0,251548.8,2515.488,227857679.5317,1,2024-11-17 06:00:00
90567.9,91500.0,90500.0,91339.8,736791.6,7367.916,671130113.1543,1,2024-11-17 08:00:00
91339.9,91382.7,90535.5,90702.9,534163.6,5341.636,485473389.1738,1,2024-11-17 10:00:00
90702.9,91222.1,90265.1,90512.4,714620.9,7146.209,648665467.9552,1,2024-11-17 12:00:00
90512.5,90786.2,89900.7,90262.4,705961.1,7059.611,637528888.7954,1,2024-11-17 14:00:00
90262.5,90699.7,90085.7,90620.2,505631.2,5056.312,457018483.9307,1,2024-11-17 16:00:00
90620.1,90667.0,89715.0,90086.8,483273.9,4832.739,435189491.6472,1,2024-11-17 18:00:00
90086.7,90260.0,89014.9,89158.1,598176.1,5981.761,535809770.4147,1,2024-11-17 20:00:00
89158.2,89878.4,88700.0,89860.0,667556.5,6675.565,596692354.9194,1,2024-11-17 22:00:00
89860.0,90987.2,89634.7,90788.1,755540.1,7555.401,682493145.0157,1,2024-11-18 00:00:00
90788.1,90888.0,90315.2,90709.0,367722.2,3677.222,333012073.3354,1,2024-11-18 02:00:00
90709.1,90873.0,90468.1,90664.6,227267.1,2272.671,206034336.5144,1,2024-11-18 04:00:00
90664.7,92370.6,90664.6,91739.4,1629051.0,16290.51,1492899100.618,1,2024-11-18 06:00:00
91739.5,92280.0,91598.6,91768.1,703676.1,7036.761,646926018.0115,1,2024-11-18 08:00:00
91768.0,92084.4,90053.3,90296.0,1518171.8,15181.718,1381495076.6696,1,2024-11-18 10:00:00
90295.9,90774.4,89400.0,89511.7,1578818.9,15788.189,1421491789.9609,1,2024-11-18 12:00:00
89511.8,92666.0,89438.2,92367.9,2781295.0,27812.95,2535140666.7791,1,2024-11-18 14:00:00
92368.0,92636.2,90904.8,91588.1,2309576.6,23095.766,2118009085.5696,1,2024-11-18 16:00:00
91588.1,91695.0,89688.0,90621.4,1350185.0,13501.85,1221562916.9461,1,2024-11-18 18:00:00
90621.4,92036.6,90413.3,91314.2,1528340.7,15283.407,1398471780.2026,1,2024-11-18 20:00:00
91313.6,91499.9,90236.3,90472.9,611559.6,6115.596,555319989.4466,1,2024-11-18 22:00:00
90472.9,91271.9,90367.2,90738.2,635867.8,6358.678,577679791.3634,1,2024-11-19 00:00:00
90738.2,91623.7,90720.0,91466.0,483840.0,4838.4,441639999.4979,1,2024-11-19 02:00:00
91466.0,91932.4,91258.7,91908.1,571231.4,5712.314,522975972.4631,1,2024-11-19 04:00:00
91908.1,92066.0,91593.2,91650.0,621125.9,6211.259,570388457.3466,1,2024-11-19 06:00:00
91649.9,91981.0,91192.0,91732.2,788103.5,7881.035,721850664.2122,1,2024-11-19 08:00:00
91728.6,91950.0,91507.7,91678.5,351263.0,3512.63,322218577.5704,1,2024-11-19 10:00:00
91678.5,92838.0,91020.2,91128.9,2173650.7,21736.507,2000737275.1292,1,2024-11-19 12:00:00
91128.9,92450.6,90951.1,92398.0,2583093.6,25830.936,2369455981.0793,1,2024-11-19 14:00:00
92398.0,93300.0,92137.9,92858.0,1469640.1,14696.401,1362377119.2622,1,2024-11-19 16:00:00
92858.0,93949.0,92700.0,93240.0,1885429.7,18854.297,1762081451.1259,1,2024-11-19 18:00:00
93240.1,93588.0,91804.9,92207.9,1359451.2,13594.512,1258435129.4776,1,2024-11-19 20:00:00
92207.8,92447.1,91281.9,92302.1,849800.6,8498.006,780331535.5893,1,2024-11-19 22:00:00
92304.9,92447.4,91725.0,91988.5,497270.0,4972.7,457830672.3044,1,2024-11-20 00:00:00
91988.5,92100.0,91480.0,92051.4,637109.7,6371.097,584723582.6655,1,2024-11-20 02:00:00
92051.4,92527.5,91863.4,92522.9,465457.9,4654.579,429419780.7597,1,2024-11-20 04:00:00
92523.0,92858.0,92306.3,92847.9,536745.8,5367.458,497128722.7445,1,2024-11-20 06:00:00
92848.0,93697.0,92717.0,93100.1,1241523.1,12415.231,1157201725.5485,1,2024-11-20 08:00:00
93100.2,93660.0,92820.0,93479.9,880719.7,8807.197,821531282.2333,1,2024-11-20 10:00:00
93479.9,94637.5,93309.9,94390.6,1828077.2,18280.772,1718497691.7225,1,2024-11-20 12:00:00
94390.6,94829.9,93825.1,94721.6,2225132.2,22251.322,2101283339.3239,1,2024-11-20 14:00:00
94721.7,94837.8,93300.0,93907.0,2209776.6,22097.766,2076438715.0345,1,2024-11-20 16:00:00
93907.1,94285.0,93127.1,94019.9,1222145.6,12221.456,1144887418.8185,1,2024-11-20 18:00:00
94019.9,94618.0,93834.5,94355.6,647858.0,6478.58,610695965.7919,1,2024-11-20 20:00:00
94355.6,94475.2,93703.0,94299.0,438138.7,4381.387,412141929.6343,1,2024-11-20 22:00:00
94298.9,94986.6,94193.1,94710.0,898166.4,8981.664,850885517.9641,1,2024-11-21 00:00:00
94708.7,95950.0,94029.5,95800.1,1878555.8,18785.558,1786542709.95,1,2024-11-21 02:00:00
95800.1,97884.5,95796.0,97335.9,3020756.3,30207.563,2929895343.7177,1,2024-11-21 04:00:00
97336.0,97441.6,96810.1,96935.8,822235.7,8222.357,798802912.3287,1,2024-11-21 06:00:00
96935.8,97740.0,96760.0,97627.3,973242.6,9732.426,946580590.8328,1,2024-11-21 08:00:00
97627.3,98442.9,97288.0,97999.8,1456852.4,14568.524,1427093383.2221,1,2024-11-21 10:00:00
97999.9,98280.0,97073.3,97554.0,1746663.9,17466.639,1706535790.4499,1,2024-11-21 12:00:00
97554.0,97711.3,95620.0,96687.4,2985291.9,29852.919,2886494693.8126,1,2024-11-21 14:00:00
96687.5,98120.3,96320.1,98113.8,1353763.2,13537.632,1316144425.7507,1,2024-11-21 16:00:00
98113.7,99076.6,97690.0,97863.8,1811272.1,18112.721,1781869936.6483,1,2024-11-21 18:00:00
97863.8,98724.2,97501.1,97978.5,1026344.5,10263.445,1006186997.298,1,2024-11-21 20:00:00
97978.5,98752.3,97847.1,98338.5,471543.3,4715.433,463782096.0494,1,2024-11-21 22:00:00
98338.6,98548.5,97837.8,98076.8,626069.7,6260.697,614407453.83,1,2024-11-22 00:00:00
98076.9,99383.7,98035.9,98872.9,1232551.0,12325.51,1217599744.4491,1,2024-11-22 02:00:00
98872.9,99150.0,98512.4,98815.0,694811.9,6948.119,686937392.9493,1,2024-11-22 04:00:00
98815.0,99490.0,98666.3,99232.0,954800.8,9548.008,946692752.4264,1,2024-11-22 06:00:00
99231.9,99325.0,98400.1,98750.0,930888.8,9308.888,920006473.058,1,2024-11-22 08:00:00
98750.1,98967.0,98257.6,98899.0,702826.0,7028.26,692958817.0711,1,2024-11-22 10:00:00
98898.9,98988.0,97321.5,97762.2,1715479.1,17154.791,1681899565.7132,1,2024-11-22 12:00:00
97762.2,98775.5,97139.8,98650.9,1850771.5,18507.715,1812263881.9018,1,2024-11-22 14:00:00
98651.0,99309.4,98235.0,98798.0,1222477.1,12224.771,1208258482.3571,1,2024-11-22 16:00:00
98794.1,99640.8,98670.0,99089.4,1084116.5,10841.165,1075798587.4897,1,2024-11-22 18:00:00
99089.4,99466.0,98715.0,99287.6,725149.9,7251.499,718477197.6232,1,2024-11-22 20:00:00
99287.1,99389.0,98552.6,98899.5,406106.8,4061.068,401385375.022,1,2024-11-22 22:00:00
98899.5,98932.9,98322.0,98609.1,438867.6,4388.676,432796872.4261,1,2024-11-23 00:00:00
98609.2,98818.0,98303.8,98672.5,355906.7,3559.067,350765512.6218,1,2024-11-23 02:00:00
98672.5,98777.0,98300.0,98756.0,453431.2,4534.312,446862062.0033,1,2024-11-23 04:00:00
98756.0,98840.0,98400.0,98577.4,340114.3,3401.143,335395730.8371,1,2024-11-23 06:00:00
98577.4,98651.2,98375.0,98479.7,370108.6,3701.086,364431828.1989,1,2024-11-23 08:00:00
98479.7,98600.0,98301.7,98443.9,283155.1,2831.551,278809973.3299,1,2024-11-23 10:00:00
98443.9,98887.9,98430.0,98550.4,405642.4,4056.424,400181079.7943,1,2024-11-23 12:00:00
98550.4,98828.0,98394.1,98404.6,495568.6,4955.686,488750398.7874,1,2024-11-23 14:00:00
98404.7,98483.3,97340.1,97923.2,1322723.2,13227.232,1293876188.0359,1,2024-11-23 16:00:00
97923.2,98016.5,97367.6,97530.0,340856.0,3408.56,332904510.3712,1,2024-11-23 18:00:00
97530.1,98045.7,97170.0,97978.4,411539.5,4115.395,401538491.1359,1,2024-11-23 20:00:00
97978.4,98034.8,97402.8,97692.1,239496.5,2394.965,233903578.0084,1,2024-11-23 22:00:00
97692.0,98438.0,97639.6,98211.5,375325.8,3753.258,368067182.9682,1,2024-11-24 00:00:00
98211.6,98588.0,98126.7,98230.9,361794.6,3617.946,355951324.4385,1,2024-11-24 02:00:00
98230.9,98318.0,97907.3,98292.3,309662.0,3096.62,303896543.6401,1,2024-11-24 04:00:00
98292.2,98441.7,98060.0,98420.0,232277.4,2322.774,228344427.7323,1,2024-11-24 06:00:00
98420.0,98468.8,97831.0,97979.9,334992.0,3349.92,328661624.342,1,2024-11-24 08:00:00
97979.9,98018.8,97250.0,97291.0,601260.8,6012.608,586656369.629,1,2024-11-24 10:00:00
97291.0,97646.0,96425.5,97240.8,1465843.1,14658.431,1422468990.8543,1,2024-11-24 12:00:00
97240.8,97250.3,95902.4,95956.1,1178312.6,11783.126,1138276142.4421,1,2024-11-24 14:00:00
95956.1,96802.8,95794.9,95962.6,1092566.5,10925.665,1050733873.3261,1,2024-11-24 16:00:00
95962.7,96625.6,95900.0,96356.1,429942.5,4299.425,414064001.347,1,2024-11-24 18:00:00
96356.1,96999.0,96225.3,96975.4,327259.7,3272.597,316436128.0938,1,2024-11-24 20:00:00
96975.4,98401.6,96975.4,97909.0,1155055.9,11550.559,1129411745.3863,1,2024-11-24 22:00:00
97909.0,98081.0,96888.0,97213.6,768622.9,7686.229,749029498.2186,1,2024-11-25 00:00:00
97213.7,97918.4,97203.0,97902.0,433741.1,4337.411,423317611.3292,1,2024-11-25 02:00:00
97902.1,98264.9,97558.5,98089.2,505224.8,5052.248,494873087.3307,1,2024-11-25 04:00:00
98089.2,98384.8,97755.0,98081.4,511143.5,5111.435,501508368.3212,1,2024-11-25 06:00:00
98081.4,98954.4,97876.4,98544.5,979435.5,9794.355,964940946.8134,1,2024-11-25 08:00:00
98544.5,98740.0,98084.3,98239.4,630071.0,6300.71,619976538.4892,1,2024-11-25 10:00:00
98239.4,98378.1,97269.8,97501.0,1056846.9,10568.469,1032987540.7604,1,2024-11-25 12:00:00
97501.0,97683.0,94605.2,96000.1,3884402.3,38844.023,3727547330.3519,1,2024-11-25 14:00:00
96000.1,96533.1,94888.1,95261.4,1634574.2,16345.742,1563782990.9,1,2024-11-25 16:00:00
95261.4,95940.0,94338.1,94679.1,1262866.7,12628.667,1200217823.7929,1,2024-11-25 18:00:00
94679.1,95343.5,93562.8,93782.2,1280455.2,12804.552,1209562287.5494,1,2024-11-25 20:00:00
93782.2,94487.9,92600.0,93034.1,2178251.9,21782.519,2037052597.2068,1,2024-11-25 22:00:00
93034.1,94899.9,92799.0,94896.0,1296939.0,12969.39,1219488357.8263,1,2024-11-26 00:00:00
94895.9,94966.0,94288.0,94514.4,506718.8,5067.188,479488012.4663,1,2024-11-26 02:00:00
94514.3,94698.7,94072.1,94668.0,432267.1,4322.671,408054199.0937,1,2024-11-26 04:00:00
94668.0,95000.0,93500.1,93792.0,861102.4,8611.024,810919347.9573,1,2024-11-26 06:00:00
93792.0,93800.0,92341.0,93552.0,2182283.3,21822.833,2030091546.1291,1,2024-11-26 08:00:00
93552.1,93785.0,91500.0,92402.1,2091891.0,20918.91,1931364976.1486,1,2024-11-26 10:00:00
92400.7,92951.9,91834.2,92205.0,1375680.8,13756.808,1270531040.4522,1,2024-11-26 12:00:00
92204.9,93568.0,91761.6,92813.8,2125400.8,21254.008,1973544172.3905,1,2024-11-26 14:00:00
92812.1,94674.0,92704.2,93571.8,1836445.9,18364.459,1725096405.2036,1,2024-11-26 16:00:00
93571.8,93659.2,91609.5,91724.5,1753018.3,17530.183,1618631419.5696,1,2024-11-26 18:00:00
91724.2,92073.9,90825.0,91703.1,1601052.5,16010.525,1463876446.6659,1,2024-11-26 20:00:00
91705.3,92380.0,91550.1,91976.1,655665.8,6556.658,603303510.1303,1,2024-11-26 22:00:00
91976.0,92831.1,91819.1,92768.2,869486.3,8694.863,802721800.7403,1,2024-11-27 00:00:00
92768.1,93100.0,92291.9,92612.9,692075.5,6920.755,641955365.5691,1,2024-11-27 02:00:00
92613.0,93247.0,92371.3,92795.7,834054.4,8340.544,773966165.3257,1,2024-11-27 04:00:00
92795.7,93675.0,92795.7,93602.5,845259.6,8452.596,788571151.3289,1,2024-11-27 06:00:00
93602.4,93620.0,93106.9,93420.0,516091.7,5160.917,481819720.6761,1,2024-11-27 08:00:00
93420.0,93890.0,93309.2,93369.9,691568.0,6915.68,647407092.6655,1,2024-11-27 10:00:00
93370.0,94274.0,92850.1,94274.0,1238931.9,12389.319,1158767315.5984,1,2024-11-27 12:00:00
94274.0,95880.0,94108.3,95560.3,2462128.8,24621.288,2335479743.763,1,2024-11-27 14:00:00
95560.3,96342.9,95200.0,96241.2,1551930.3,15519.303,1486870729.5299,1,2024-11-27 16:00:00
96241.2,96664.5,95901.6,96649.5,894731.8,8947.318,861556875.3696,1,2024-11-27 18:00:00
96649.5,97200.0,96071.4,96278.2,1048457.4,10484.574,1013706215.1839,1,2024-11-27 20:00:00
96278.3,96525.7,95740.2,95868.0,510068.1,5100.681,490016995.573,1,2024-11-27 22:00:00
95868.0,96580.0,95740.5,96280.0,515290.1,5152.901,495527216.0995,1,2024-11-28 00:00:00
96280.0,96457.0,94811.0,95471.9,1102667.9,11026.679,1053134467.0427,1,2024-11-28 02:00:00
95471.9,95931.0,95347.7,95466.0,520699.3,5206.993,497965972.0801,1,2024-11-28 04:00:00
95465.9,95784.3,95062.6,95322.5,470111.6,4701.116,448622738.711,1,2024-11-28 06:00:00
95322.6,95638.0,94951.8,94984.0,449631.9,4496.319,428463068.8095,1,2024-11-28 08:00:00
94984.0,95819.9,94650.7,95462.4,1034321.9,10343.219,983727843.9674,1,2024-11-28 10:00:00
95462.4,95796.0,95032.6,95725.0,745286.8,7452.868,711134856.7203,1,2024-11-28 12:00:00
95725.0,96249.9,94895.1,95011.7,982608.0,9826.08,938802970.6305,1,2024-11-28 14:00:00
95012.6,95330.0,94834.0,94896.3,431917.0,4319.17,410719054.9243,1,2024-11-28 16:00:00
94896.2,95476.9,94880.1,95159.7,248106.2,2481.062,236178210.9998,1,2024-11-28 18:00:00
95159.7,95210.0,94732.5,95163.2,247977.1,2479.771,235538926.6483,1,2024-11-28 20:00:00
95163.1,96047.1,95050.7,95659.2,454162.0,4541.62,434294824.7832,1,2024-11-28 22:00:00
95659.2,95988.0,95361.0,95922.0,369624.1,3696.241,353570241.9565,1,2024-11-29 00:00:00
95922.0,96887.8,95916.6,96607.9,895601.5,8956.015,864553413.8001,1,2024-11-29 02:00:00
96608.0,96644.8,96175.0,96184.0,365383.9,3653.839,352167565.4052,1,2024-11-29 04:00:00
96184.1,96448.8,95619.5,95649.2,512746.3,5127.463,492562406.7872,1,2024-11-29 06:00:00
95649.1,96494.9,95649.1,96373.9,501901.7,5019.017,482124835.6843,1,2024-11-29 08:00:00
96374.0,97387.4,96311.4,97259.6,888273.2,8882.732,860682158.1094,1,2024-11-29 10:00:00
97259.7,97530.0,96780.3,97235.0,780168.8,7801.688,757851902.9837,1,2024-11-29 12:00:00
97235.0,98657.4,96921.9,98026.0,1990937.3,19909.373,1950727068.2081,1,2024-11-29 14:00:00
98026.0,98500.0,96961.1,96985.3,1574233.3,15742.333,1537940553.4384,1,2024-11-29 16:00:00
96985.2,97457.7,96870.8,97347.8,477186.5,4771.865,463576602.9214,1,2024-11-29 18:00:00
97347.7,97665.9,97000.0,97404.8,287992.9,2879.929,280384872.4477,1,2024-11-29 20:00:00
97404.9,97505.3,97111.1,97465.9,238384.2,2383.842,232068843.9956,1,2024-11-29 22:00:00
97466.0,97478.8,96400.1,96433.3,806678.3,8066.783,780793211.7,1,2024-11-30 00:00:00
96433.2,96709.6,96270.3,96644.8,715567.0,7155.67,690567597.7062,1,2024-11-30 02:00:00
96644.8,97251.9,96470.8,97106.9,567532.4,5675.324,549744651.2359,1,2024-11-30 04:00:00
97106.9,97270.8,95214.1,96791.0,1011512.6,10115.126,978827986.3861,1,2024-11-30 06:00:00
96791.0,96988.7,96608.9,96781.0,262419.3,2624.193,253988814.7493,1,2024-11-30 08:00:00
96781.1,96814.0,96088.0,96270.6,467309.6,4673.096,450195734.27,1,2024-11-30 10:00:00
96270.6,96700.3,96252.1,96406.0,256670.1,2566.701,247757465.3872,1,2024-11-30 12:00:00
96406.1,96768.5,96295.3,96667.3,386073.0,3860.73,372930181.7002,1,2024-11-30 14:00:00
96667.3,96979.1,96538.1,96797.2,271756.8,2717.568,263055970.2279,1,2024-11-30 16:00:00
96797.3,97085.7,96778.0,97020.3,149185.0,1491.85,144634156.8206,1,2024-11-30 18:00:00
97020.3,97048.2,96782.1,96793.6,102295.8,1022.958,99125544.9969,1,2024-11-30 20:00:00
96793.6,96837.5,96332.0,96430.0,290446.3,2904.463,280313724.9748,1,2024-11-30 22:00:00
96430.0,96700.0,96050.0,96114.4,426265.4,4262.654,410792550.8668,1,2024-12-01 00:00:00
96114.3,96666.7,95706.1,96349.9,1811818.7,18118.187,1742721991.843,1,2024-12-01 02:00:00
96350.0,96526.5,96200.0,96324.2,294339.4,2943.394,283687267.8636,1,2024-12-01 04:00:00
96324.3,96537.9,96300.2,96486.7,220130.3,2201.303,212282011.8128,1,2024-12-01 06:00:00
96486.6,98400.0,96434.5,97050.4,2874670.5,28746.705,2789370340.5039,1,2024-12-01 08:00:00
97050.3,97172.9,96540.2,97130.9,602686.5,6026.865,583815346.8631,1,2024-12-01 10:00:00
97130.9,97428.9,96685.1,97100.0,587163.4,5871.634,569982359.3162,1,2024-12-01 12:00:00
97099.9,97367.3,96960.5,97042.8,436478.9,4364.789,424060019.588,1,2024-12-01 14:00:00
97042.8,97369.8,97007.3,97332.8,307813.6,3078.136,299293215.7997,1,2024-12-01 16:00:00
97332.7,97560.0,96982.7,97199.3,295351.6,2953.516,287242997.0271,1,2024-12-01 18:00:00
97199.3,97823.2,96800.0,97805.4,299792.1,2997.921,291530224.7626,1,2024-12-01 20:00:00
97805.4,97875.7,97170.3,97197.4,867205.3,8672.053,845808430.5155,1,2024-12-01 22:00:00
97197.4,98249.9,97090.6,98058.5,835177.6,8351.776,815586773.0464,1,2024-12-02 00:00:00
98058.5,98143.9,96375.0,96512.3,833530.9,8335.309,810524985.6766,1,2024-12-02 02:00:00
96512.3,96941.0,96102.4,96393.6,1011356.4,10113.564,975931255.1353,1,2024-12-02 04:00:00
96393.6,96481.9,95757.5,96009.3,857589.4,8575.894,824380070.0094,1,2024-12-02 06:00:00
96009.4,96144.7,94879.0,95504.1,1390534.9,13905.349,1325393207.2385,1,2024-12-02 08:00:00
95504.1,95516.0,94833.0,95132.2,612085.5,6120.855,582133317.318,1,2024-12-02 10:00:00
95132.2,95820.0,94787.9,95699.5,875480.0,8754.8,834633997.9892,1,2024-12-02 12:00:00
95699.5,97230.0,95518.6,97049.5,1636026.7,16360.267,1578757448.3691,1,2024-12-02 14:00:00
97048.3,97382.7,94391.7,94611.9,1817842.6,18178.426,1745403428.5764,1,2024-12-02 16:00:00
94612.0,95873.1,94500.0,95832.0,886942.3,8869.423,846220005.1102,1,2024-12-02 18:00:00
95832.0,96347.0,95360.0,95425.7,396007.1,3960.071,379333029.2734,1,2024-12-02 20:00:00
95425.7,95866.0,95122.1,95833.2,412241.3,4122.413,393698201.1339,1,2024-12-02 22:00:00
95833.2,96127.0,95471.4,95548.7,378026.2,3780.262,362178562.6091,1,2024-12-03 00:00:00
95548.7,96340.9,95414.0,96090.1,368822.3,3688.223,354033365.8106,1,2024-12-03 02:00:00
96090.2,96249.9,95888.0,96178.0,240484.5,2404.845,231046368.1323,1,2024-12-03 04:00:00
96178.0,96279.5,95288.5,95565.7,557298.9,5572.989,533409421.1728,1,2024-12-03 06:00:00
95565.6,95688.0,95168.1,95278.0,326112.7,3261.127,311105738.9106,1,2024-12-03 08:00:00
95278.1,95505.7,94623.9,95010.0,689581.2,6895.812,654724537.8311,1,2024-12-03 10:00:00
95010.1,95010.1,93680.1,93734.7,1264515.1,12645.151,1193777271.2496,1,2024-12-03 12:00:00
93734.7,96264.0,93606.0,95703.1,2866380.4,28663.804,2724163535.7814,1,2024-12-03 14:00:00
95703.0,96193.2,94888.1,95869.5,1038028.2,10380.282,991060216.22,1,2024-12-03 16:00:00
95868.0,95868.0,94980.0,95475.2,449954.7,4499.547,429277289.6676,1,2024-12-03 18:00:00
95475.2,96144.8,95289.2,96034.7,464640.4,4646.404,444909211.8656,1,2024-12-03 20:00:00
96034.7,96144.0,95678.0,95860.2,375747.5,3757.475,360503153.5325,1,2024-12-03 22:00:00
95860.2,96666.6,95514.8,96262.5,680070.8,6800.708,653502481.0396,1,2024-12-04 00:00:00
96262.7,96271.1,95242.4,95814.9,506117.4,5061.174,484444882.9883,1,2024-12-04 02:00:00
95814.9,96500.0,95744.5,96499.9,370397.3,3703.973,356178716.5073,1,2024-12-04 04:00:00
96499.9,96746.0,96284.5,96617.9,479768.1,4797.681,463191022.3894,1,2024-12-04 06:00:00
96618.0,97000.0,96550.0,96856.0,500618.3,5006.183,484511569.4079,1,2024-12-04 08:00:00
96857.2,96883.6,96228.0,96240.0,431600.2,4316.002,416663913.182,1,2024-12-04 10:00:00
96240.0,96335.0,95400.1,95707.1,790772.8,7907.728,758001310.3552,1,2024-12-04 12:00:00
95707.1,96593.8,95436.0,95769.9,1498778.5,14987.785,1439015439.4323,1,2024-12-04 14:00:00
95769.9,95852.1,94596.3,95562.1,1965417.6,19654.176,1868718317.1912,1,2024-12-04 16:00:00
95562.4,97266.0,95460.5,97241.2,1345306.2,13453.062,1296675677.3026,1,2024-12-04 18:00:00
97243.9,99073.2,97144.0,97776.0,2745398.4,27453.984,2698622705.1894,1,2024-12-04 20:00:00
97775.9,99083.2,97621.0,98628.2,809753.0,8097.53,798203075.4303,1,2024-12-04 22:00:00
98628.2,98865.1,97941.5,98217.5,820352.6,8203.526,807449173.8306,1,2024-12-05 00:00:00
98217.4,104547.0,98179.8,103104.3,5369067.0,53690.67,5456773814.4644,1,2024-12-05 02:00:00
103104.4,103680.0,101950.1,102603.1,1517646.3,15176.463,1561996533.9464,1,2024-12-05 04:00:00
102603.1,102843.0,101408.7,102294.9,1335521.0,13355.21,1363231151.7171,1,2024-12-05 06:00:00
102295.0,103222.6,102295.0,102791.7,834858.9,8348.589,858213880.6246,1,2024-12-05 08:00:00
102791.7,103000.0,102343.2,102657.9,518001.5,5180.015,531558286.748,1,2024-12-05 10:00:00
102658.0,103499.6,102535.6,102851.0,845537.4,8455.374,871027371.2966,1,2024-12-05 12:00:00
102851.1,103620.8,100966.0,101344.2,2581273.9,25812.739,2642213658.4968,1,2024-12-05 14:00:00
101344.2,102163.7,100624.9,101357.1,1650046.7,16500.467,1671035537.3863,1,2024-12-05 16:00:00
101357.2,101594.1,98565.4,99100.0,2019043.3,20190.433,2022488449.2235,1,2024-12-05 18:00:00
99100.1,99480.0,97888.0,98899.0,1932147.0,19321.47,1908248241.7847,1,2024-12-05 20:00:00
98899.1,99043.7,88664.7,96931.8,6330259.8,63302.598,6034611781.2677,1,2024-12-05 22:00:00
96931.8,98822.0,96344.6,98133.9,1797961.7,17979.617,1753186131.8635,1,2024-12-06 00:00:00
98134.0,98188.7,97190.8,97768.9,782737.2,7827.372,764559068.4893,1,2024-12-06 02:00:00
97769.0,98299.9,97372.7,97889.9,504127.9,5041.279,493443518.3417,1,2024-12-06 04:00:00
97890.0,98294.4,97758.8,98152.9,440198.4,4401.984,431540537.1498,1,2024-12-06 06:00:00
98152.8,98715.7,97917.7,97984.0,748851.5,7488.515,736260026.8604,1,2024-12-06 08:00:00
97984.1,98347.6,97651.2,98070.2,454983.6,4549.836,445686919.3111,1,2024-12-06 10:00:00
98070.2,98934.5,97505.0,98595.9,944489.8,9444.898,927834225.7423,1,2024-12-06 12:00:00
98596.0,99540.8,98367.9,99326.8,1552656.0,15526.56,1537799889.3779,1,2024-12-06 14:00:00
99326.9,101315.0,98777.0,100871.6,1447122.9,14471.229,1447206100.999,1,2024-12-06 16:00:00
100872.8,101842.5,100619.2,101482.3,1148151.9,11481.519,1163902052.3979,1,2024-12-06 18:00:00
101482.4,102000.0,100338.9,100416.0,819608.6,8196.086,829955438.2963,1,2024-12-06 20:00:00
100416.1,100821.4,98916.0,99745.6,819212.5,8192.125,818982728.3196,1,2024-12-06 22:00:00
99745.6,100460.0,99546.1,100065.8,513376.3,5133.763,513911004.1835,1,2024-12-07 00:00:00
100065.7,100180.0,99247.8,99304.9,532106.9,5321.069,530201797.2131,1,2024-12-07 02:00:00
99304.8,99677.2,98824.6,99144.6,703207.1,7032.071,698230599.5894,1,2024-12-07 04:00:00
99144.6,99496.2,99055.1,99400.8,285375.3,2853.753,283312090.1358,1,2024-12-07 06:00:00
99400.7,99831.1,99261.3,99670.6,333363.3,3333.633,331875987.4586,1,2024-12-07 08:00:00
99670.6,99757.4,99409.5,99610.2,198203.9,1982.039,197314083.857,1,2024-12-07 10:00:00
99610.1,99707.9,99300.0,99350.0,185679.8,1856.798,184671965.9586,1,2024-12-07 12:00:00
99350.0,99825.2,99014.1,99739.5,733879.2,7338.792,729871320.9068,1,2024-12-07 14:00:00
99739.6,99799.2,99439.5,99642.5,207365.8,2073.658,206522206.7446,1,2024-12-07 16:00:00
99642.4,100280.2,99577.3,100083.3,364947.8,3649.478,365076215.0464,1,2024-12-07 18:00:00
100083.4,100465.3,99678.9,99882.6,242143.1,2421.431,242419843.7855,1,2024-12-07 20:00:00
99882.6,100273.9,99582.3,99853.4,237714.7,2377.147,237503486.5993,1,2024-12-07 22:00:00
99853.3,100150.0,99653.2,99857.9,205351.4,2053.514,205132315.4299,1,2024-12-08 00:00:00
99857.8,100340.2,99758.0,99940.0,220040.9,2200.409,220259028.0086,1,2024-12-08 02:00:00
99939.9,100045.5,99360.0,99545.3,348823.8,3488.238,347690739.9967,1,2024-12-08 04:00:00
99545.4,99868.7,99336.5,99669.4,214774.9,2147.749,214032083.1909,1,2024-12-08 06:00:00
99669.4,99699.2,98650.0,98900.0,596343.5,5963.435,591257273.9879,1,2024-12-08 08:00:00
98900.0,99867.9,98888.8,99698.7,453438.5,4534.385,450779967.6999,1,2024-12-08 10:00:00
99698.8,100568.8,99456.0,100411.8,749852.5,7498.525,750003840.1536,1,2024-12-08 12:00:00
100411.9,100430.0,99353.1,99915.2,642649.3,6426.493,641530945.1268,1,2024-12-08 14:00:00
99915.3,100124.0,99634.6,99959.9,361602.4,3616.024,361152600.0338,1,2024-12-08 16:00:00
99960.0,100274.7,99480.0,100134.9,292205.4,2922.054,291767256.0192,1,2024-12-08 18:00:00
100134.9,100188.0,99753.7,100050.6,202471.7,2024.717,202395985.5988,1,2024-12-08 20:00:00
100050.1,101432.4,99889.0,101144.9,636142.1,6361.421,640627927.7597,1,2024-12-08 22:00:00
101145.0,101241.0,99333.3,99533.1,1280572.6,12805.726,1279885142.8615,1,2024-12-09 00:00:00
99532.1,99728.0,98377.0,99110.0,967479.0,9674.79,958778884.1539,1,2024-12-09 02:00:00
99110.0,99567.0,98812.7,99443.1,574573.7,5745.737,570534950.6529,1,2024-12-09 04:00:00
99443.1,99750.0,98254.5,99595.0,1037843.6,10378.436,1027512486.709,1,2024-12-09 06:00:00
99595.0,99706.9,98400.1,98416.9,898633.3,8986.333,889812667.7287,1,2024-12-09 08:00:00
98416.8,98801.9,98050.0,98104.4,775525.6,7755.256,762867065.5633,1,2024-12-09 10:00:00
98104.3,99238.6,97890.3,99003.2,879615.6,8796.156,867238807.7633,1,2024-12-09 12:00:00
99003.2,100434.3,97500.0,97813.8,2554902.7,25549.027,2526406770.6969,1,2024-12-09 14:00:00
97814.8,98383.0,97333.0,97348.6,1187742.9,11877.429,1162841925.6405,1,2024-12-09 16:00:00
97348.6,98300.0,96980.0,97071.9,887791.8,8877.918,866548072.6722,1,2024-12-09 18:00:00
97071.8,97564.0,93925.5,96907.8,2895637.9,28956.379,2785126738.2292,1,2024-12-09 20:00:00
96907.8,97542.0,94811.0,97279.5,1543772.7,15437.727,1492716412.8124,1,2024-12-09 22:00:00
97279.6,98155.3,96993.5,97936.0,754157.8,7541.578,736695917.2835,1,2024-12-10 00:00:00
97936.1,97949.0,95555.8,96920.6,1378917.9,13789.179,1332568875.0745,1,2024-12-10 02:00:00
96920.5,97139.2,95886.0,96931.9,855031.9,8550.319,826522513.2397,1,2024-12-10 04:00:00
96931.9,97497.8,96796.2,97190.1,519317.3,5193.173,504632160.4891,1,2024-12-10 06:00:00
97190.1,97722.9,96928.8,97499.8,483430.7,4834.307,470772980.8637,1,2024-12-10 08:00:00
97499.8,97936.9,97433.3,97724.2,445569.8,4455.698,435363203.1776,1,2024-12-10 10:00:00
97724.2,97922.2,96852.5,97728.1,810147.3,8101.473,789300946.1289,1,2024-12-10 12:00:00
97728.0,98280.9,95646.0,95672.0,2153022.9,21530.229,2092357712.4523,1,2024-12-10 14:00:00
95672.0,96500.0,94371.0,94492.4,2935979.0,29359.79,2798116320.0529,1,2024-12-10 16:00:00
94492.4,96185.0,94240.6,95843.9,995323.2,9953.232,947431123.2956,1,2024-12-10 18:00:00
95843.9,97230.5,95592.3,96847.9,737652.9,7376.529,711659116.3025,1,2024-12-10 20:00:00
96848.0,97127.6,96426.1,96601.5,416508.7,4165.087,403251265.5839,1,2024-12-10 22:00:00
96601.5,96852.7,95668.0,95767.3,756480.3,7564.803,728176227.6266,1,2024-12-11 00:00:00
95767.3,97642.2,95668.8,97389.1,859099.6,8590.996,833110480.2897,1,2024-12-11 02:00:00
97389.2,97700.0,97162.0,97493.7,370074.5,3700.745,360539004.0515,1,2024-12-11 04:00:00
97493.7,97794.6,97230.5,97339.8,402031.7,4020.317,392173175.6347,1,2024-12-11 06:00:00
97339.8,98480.0,97315.8,98009.9,802375.1,8023.751,786218095.413,1,2024-12-11 08:00:00
98009.9,98480.0,97857.6,98302.4,387340.9,3873.409,380445363.0163,1,2024-12-11 10:00:00
98302.4,98865.8,98049.5,98731.9,922417.5,9224.175,908625910.5624,1,2024-12-11 12:00:00
98731.8,100822.8,98368.1,100367.9,2099317.8,20993.178,2093897042.0365,1,2024-12-11 14:00:00
100368.0,101072.0,99656.0,99778.9,1198160.2,11981.602,1204888276.1157,1,2024-12-11 16:00:00
99778.9,101164.8,99620.3,101136.5,906828.9,9068.289,911255788.7601,1,2024-12-11 18:00:00
101136.5,101697.2,100857.1,101510.4,768475.7,7684.757,778393393.9049,1,2024-12-11 20:00:00
101510.4,101899.8,101060.6,101131.4,448313.3,4483.133,454828086.0659,1,2024-12-11 22:00:00
101132.4,101214.6,100300.2,100508.9,416792.6,4167.926,419851321.6211,1,2024-12-12 00:00:00
100508.8,101857.4,100508.8,101027.5,878784.3,8787.843,889332586.1135,1,2024-12-12 02:00:00
101027.5,101196.0,100555.0,100620.5,474042.7,4740.427,478009021.822,1,2024-12-12 04:00:00
100620.6,100836.5,100400.1,100507.1,329440.1,3294.401,331398369.7777,1,2024-12-12 06:00:00
100507.1,101145.0,100460.9,100811.5,366163.8,3661.638,369448573.6102,1,2024-12-12 08:00:00
100811.5,100814.8,100200.0,100372.2,477338.9,4773.389,479611458.0879,1,2024-12-12 10:00:00
100372.2,101557.9,100372.1,100910.1,986005.9,9860.059,995627044.5669,1,2024-12-12 12:00:00
100910.2,101887.9,100620.3,101798.0,1506904.0,15069.04,1526205777.7941,1,2024-12-12 14:00:00
101798.1,102576.2,101234.5,101619.4,1416687.3,14166.873,1443694363.7008,1,2024-12-12 16:00:00
101619.2,101673.6,99312.0,99472.5,1273041.7,12730.417,1276177317.7822,1,2024-12-12 18:00:00
99472.6,100426.0,99454.8,99750.0,754519.5,7545.195,753713237.3216,1,2024-12-12 20:00:00
99750.1,100493.0,99502.5,100010.6,409208.4,4092.084,409545831.3603,1,2024-12-12 22:00:00
100010.5,100354.0,99191.7,99328.6,602289.0,6022.89,600689729.5319,1,2024-12-13 00:00:00
99328.6,99817.9,99182.0,99729.9,465057.9,4650.579,462917275.8452,1,2024-12-13 02:00:00
99730.0,100173.9,99651.2,99895.2,366873.3,3668.733,366684540.0714,1,2024-12-13 04:00:00
99895.2,100236.0,99484.4,100127.0,464640.5,4646.405,464057055.8801,1,2024-12-13 06:00:00
100127.0,100360.0,99881.8,100112.7,401692.7,4016.927,402311730.5759,1,2024-12-13 08:00:00
100112.7,100808.9,99916.9,100350.8,461922.6,4619.226,463811313.9093,1,2024-12-13 10:00:00
100350.9,100533.3,99950.0,100294.1,369759.7,3697.597,370630618.1473,1,2024-12-13 12:00:00
100294.1,101379.9,99642.1,99867.6,1297216.9,12972.169,1306096068.9993,1,2024-12-13 14:00:00
99865.1,101816.5,99787.8,101748.1,1328208.1,13282.081,1340656864.6763,1,2024-12-13 16:00:00
101745.2,101956.2,101207.6,101477.4,733883.8,7338.838,745475290.2448,1,2024-12-13 18:00:00
101477.5,101867.9,101221.1,101302.0,405008.9,4050.089,411091249.4934,1,2024-12-13 20:00:00
101301.9,101559.1,101090.8,101422.7,196093.8,1960.938,198575472.5267,1,2024-12-13 22:00:00
101422.7,102673.7,101155.0,102156.9,981745.8,9817.458,1001738732.9207,1,2024-12-14 00:00:00
102156.9,102363.1,101670.0,102073.2,390500.8,3905.008,398338472.6917,1,2024-12-14 02:00:00
102073.3,102150.0,101568.4,101722.2,474795.4,4747.954,483117614.8923,1,2024-12-14 04:00:00
101722.3,101995.0,101620.0,101824.8,233580.0,2335.8,237865243.9016,1,2024-12-14 06:00:00
101824.8,101877.7,101446.7,101556.8,178715.7,1787.157,181702281.7355,1,2024-12-14 08:00:00
101556.7,101725.0,101325.7,101590.3,235514.4,2355.144,239075177.498,1,2024-12-14 10:00:00
101589.5,101663.4,100801.0,101180.7,671080.5,6710.805,679199351.4359,1,2024-12-14 12:00:00
101182.0,101748.1,101163.4,101620.1,335392.9,3353.929,340415124.1746,1,2024-12-14 14:00:00
101620.1,101739.0,100880.0,100980.1,402433.8,4024.338,407867278.6879,1,2024-12-14 16:00:00
100980.1,101364.4,100833.4,101336.4,337556.2,3375.562,341161859.7422,1,2024-12-14 18:00:00
101336.4,101430.1,100600.0,101078.6,293806.2,2938.062,296629711.3998,1,2024-12-14 20:00:00
101078.6,101532.1,100900.0,101416.2,233259.2,2332.592,236271888.3296,1,2024-12-14 22:00:00
101416.2,102210.0,101236.3,102123.1,409148.9,4091.489,416369335.8313,1,2024-12-15 00:00:00
102123.1,102154.8,101728.1,101737.7,242484.3,2424.843,247066693.7043,1,2024-12-15 02:00:00
101737.8,102863.0,101737.7,102152.9,905038.7,9050.387,927039033.7182,1,2024-12-15 04:00:00
102152.9,102163.0,101528.8,101734.8,383337.4,3833.374,390361948.9189,1,2024-12-15 06:00:00
101734.8,102285.0,101581.7,102265.0,298476.3,2984.763,304431549.1018,1,2024-12-15 08:00:00
102265.0,102688.0,102135.9,102657.8,355599.1,3555.991,364158177.3835,1,2024-12-15 10:00:00
102657.9,103398.9,102470.0,102783.8,1141014.8,11410.148,1173724827.4149,1,2024-12-15 12:00:00
102783.8,103068.0,102639.5,102683.1,382122.3,3821.223,393064542.3831,1,2024-12-15 14:00:00
102683.1,103555.0,102561.0,103148.0,684905.0,6849.05,706222055.0225,1,2024-12-15 16:00:00
103148.0,103470.3,102975.6,103267.0,217048.9,2170.489,224105666.9089,1,2024-12-15 18:00:00
103266.8,103420.0,102650.0,102861.7,287829.5,2878.295,296465718.299,1,2024-12-15 20:00:00
102861.7,105404.0,102629.1,104507.9,1625906.5,16259.065,1695816800.7157,1,2024-12-15 22:00:00
104508.0,106684.2,104373.1,105561.4,1748622.5,17486.225,1846943803.974,1,2024-12-16 00:00:00
105561.4,105677.7,104281.7,104598.4,848175.7,8481.757,889149425.0519,1,2024-12-16 02:00:00
104598.4,105075.2,104482.6,105029.8,381782.6,3817.826,400013509.0557,1,2024-12-16 04:00:00
105029.9,105428.8,104900.0,104992.3,435912.7,4359.127,458447052.2846,1,2024-12-16 06:00:00
104992.2,105036.3,104520.0,104699.8,444498.8,4444.988,465618634.4018,1,2024-12-16 08:00:00
104699.8,104866.0,103648.0,103779.7,818495.1,8184.951,853310139.543,1,2024-12-16 10:00:00
103779.8,104196.8,103324.0,103901.4,929382.9,9293.829,964961909.6924,1,2024-12-16 12:00:00
103900.1,106500.0,103870.0,106319.4,2146488.0,21464.88,2266917917.7695,1,2024-12-16 14:00:00
106319.3,107237.9,106111.6,107074.8,1452646.7,14526.467,1551348917.5497,1,2024-12-16 16:00:00
107074.8,107833.1,105819.2,106600.1,1357776.8,13577.768,1451957171.237,1,2024-12-16 18:00:00
106600.1,106662.1,105691.5,106055.3,629697.2,6296.972,668053979.0729,1,2024-12-16 20:00:00
106055.3,106310.7,105463.1,106078.2,499750.0,4997.5,529176461.9774,1,2024-12-16 22:00:00
106078.1,106476.6,105675.1,106377.6,636983.0,6369.83,675717652.5566,1,2024-12-17 00:00:00
106377.5,107100.0,106195.6,106863.1,468265.5,4682.655,499212520.3432,1,2024-12-17 02:00:00
106863.1,106863.1,106412.0,106824.2,304640.5,3046.405,324825113.5762,1,2024-12-17 04:00:00
106824.2,107148.2,106356.1,106831.1,455446.1,4554.461,486392616.888,1,2024-12-17 06:00:00
106831.0,107539.0,106774.4,107310.0,562239.9,5622.399,603129544.9459,1,2024-12-17 08:00:00
107310.0,107358.0,106713.2,106820.6,359668.3,3596.683,385074507.1683,1,2024-12-17 10:00:00
106820.5,107640.0,106550.0,107302.4,630895.0,6308.95,675624295.071,1,2024-12-17 12:00:00
107302.3,108416.9,105720.7,106475.9,2734100.9,27341.009,2926357941.1025,1,2024-12-17 14:00:00
106476.0,107635.8,106145.0,107500.0,1019535.4,10195.354,1090753847.6914,1,2024-12-17 16:00:00
107500.0,107647.6,106233.4,106501.7,682313.3,6823.133,728733524.075,1,2024-12-17 18:00:00
106501.6,106923.1,106164.2,106414.5,374535.5,3745.355,399091353.2632,1,2024-12-17 20:00:00
106414.4,106435.5,105329.5,106120.9,704698.2,7046.982,746128924.4535,1,2024-12-17 22:00:00
106120.8,106519.7,104942.2,105360.0,814220.9,8142.209,861371613.3175,1,2024-12-18 00:00:00
105360.8,105667.3,104566.0,104752.3,843245.7,8432.457,886288016.3684,1,2024-12-18 02:00:00
104752.4,104752.4,103255.8,103572.0,1495861.3,14958.613,1554388318.4514,1,2024-12-18 04:00:00
103572.0,104312.0,103100.1,104232.1,858637.3,8586.373,891676738.6521,1,2024-12-18 06:00:00
104232.1,104408.0,103710.0,104030.1,566544.9,5665.449,589574923.5792,1,2024-12-18 08:00:00
104030.0,105027.9,103966.6,105006.4,581508.4,5815.084,608154438.853,1,2024-12-18 10:00:00
105006.4,105344.9,104524.5,104577.5,716016.9,7160.169,751629895.5005,1,2024-12-18 12:00:00
104577.5,104874.6,103630.0,104413.7,1211485.1,12114.851,1262577286.2419,1,2024-12-18 14:00:00
104417.4,104833.6,103383.8,104648.6,734538.4,7345.384,764217644.9743,1,2024-12-18 16:00:00
104648.7,104988.0,102800.0,102801.0,1343040.7,13430.407,1394780429.5164,1,2024-12-18 18:00:00
102801.1,102989.5,100333.4,101014.8,3770305.3,37703.053,3825493518.7809,1,2024-12-18 20:00:00
101014.6,101624.5,99999.0,100203.9,1064249.2,10642.492,1071830375.0298,1,2024-12-18 22:00:00
100203.9,101010.5,99614.3,99782.0,975427.8,9754.278,979728902.8383,1,2024-12-19 00:00:00
99782.1,101288.0,98776.5,101172.7,1978549.6,19785.496,1978009184.0962,1,2024-12-19 02:00:00
101172.6,101413.6,100640.0,101285.8,525228.9,5252.289,530938937.0938,1,2024-12-19 04:00:00
101285.8,101700.0,101001.5,101641.8,492308.7,4923.087,499089781.7407,1,2024-12-19 06:00:00
101641.8,101873.5,101367.0,101801.4,428469.4,4284.694,435567118.9737,1,2024-12-19 08:00:00
101801.3,102611.8,101741.9,102449.8,746152.1,7461.521,763101815.6722,1,2024-12-19 10:00:00
102449.9,102570.4,101663.0,101960.0,650386.3,6503.863,663785391.1758,1,2024-12-19 12:00:00
101961.2,102800.0,99500.0,100671.0,2653687.3,26536.873,2675970814.4597,1,2024-12-19 14:00:00
100671.0,101199.6,97396.7,98817.5,2451500.7,24515.007,2436104935.8742,1,2024-12-19 16:00:00
98817.5,99066.6,96233.0,97204.0,2937782.2,29377.822,2869297861.5194,1,2024-12-19 18:00:00
97204.0,98119.9,95700.3,97398.3,2233859.9,22338.599,2160928377.3516,1,2024-12-19 20:00:00
97398.2,98399.0,97200.0,97451.1,637506.0,6375.06,623135781.3917,1,2024-12-19 22:00:00
97451.1,97818.2,96162.9,96333.3,1138838.6,11388.386,1104595153.6964,1,2024-12-20 00:00:00
96333.2,97797.9,96000.0,97103.3,892071.1,8920.711,866042160.061,1,2024-12-20 02:00:00
97103.4,97857.6,96667.1,96750.9,709310.6,7093.106,690295901.1014,1,2024-12-20 04:00:00
96750.9,98241.2,96364.1,97825.0,1098853.1,10988.531,1070853202.2523,1,2024-12-20 06:00:00
97824.9,97861.7,94700.0,94822.1,2386836.5,23868.365,2283827551.0242,1,2024-12-20 08:00:00
94822.1,95150.0,92605.1,92733.4,3380247.0,33802.47,3174625954.5522,1,2024-12-20 10:00:00
92733.5,95799.4,92280.0,95197.0,3011620.1,30116.201,2831656049.4155,1,2024-12-20 12:00:00
95196.9,97549.6,94716.0,96977.5,2180514.7,21805.147,2097337731.7027,1,2024-12-20 14:00:00
96977.5,97707.1,96281.5,97207.1,1384730.6,13847.306,1344012162.9543,1,2024-12-20 16:00:00
97202.9,97738.4,96583.3,97108.0,624680.1,6246.801,606921868.665,1,2024-12-20 18:00:00
97108.1,97243.0,95429.8,96634.2,795818.1,7958.181,767031731.754,1,2024-12-20 20:00:00
96634.2,97825.3,96460.4,97794.8,415187.7,4151.877,404098292.9214,1,2024-12-20 22:00:00
97794.9,97799.0,97200.0,97355.1,454884.9,4548.849,443289130.0638,1,2024-12-21 00:00:00
97355.1,97610.8,97186.0,97500.0,276341.3,2763.413,269097172.2441,1,2024-12-21 02:00:00
97499.9,98681.8,97378.1,98675.8,634692.7,6346.927,621904905.4306,1,2024-12-21 04:00:00
98675.7,99574.8,98309.1,99025.8,1207648.6,12076.486,1193999990.2054,1,2024-12-21 06:00:00
99025.8,99184.5,98301.0,98560.1,569233.0,5692.33,561573413.9765,1,2024-12-21 08:00:00
98560.0,98642.5,97799.0,98262.6,525484.0,5254.84,516075001.774,1,2024-12-21 10:00:00
98262.7,98286.3,96408.6,97342.3,1243856.4,12438.564,1210510081.7873,1,2024-12-21 12:00:00
97342.3,97750.0,97060.1,97517.4,551174.5,5511.745,537166829.1578,1,2024-12-21 14:00:00
97517.4,97720.0,96919.7,97600.6,551796.7,5517.967,537281085.8724,1,2024-12-21 16:00:00
97600.7,97735.3,96820.1,97283.9,286827.1,2868.271,278820772.9082,1,2024-12-21 18:00:00
97283.9,98062.4,96508.5,96877.3,530899.4,5308.994,516705607.7838,1,2024-12-21 20:00:00
96877.3,97398.3,96612.9,97286.2,199239.2,1992.392,193355912.8521,1,2024-12-21 22:00:00
97286.2,97461.0,96710.0,97057.3,339828.3,3398.283,330145707.1538,1,2024-12-22 00:00:00
97057.2,97328.7,96556.6,96996.0,340448.2,3404.482,330039179.8496,1,2024-12-22 02:00:00
96996.0,97088.2,95873.1,96168.8,596205.7,5962.057,574075098.8847,1,2024-12-22 04:00:00
96168.8,96849.3,96084.7,96219.9,385406.1,3854.061,371755641.7865,1,2024-12-22 06:00:00
96220.0,97286.9,96200.0,96933.4,559174.7,5591.747,541093377.5242,1,2024-12-22 08:00:00
96933.3,97355.0,96843.6,97086.5,297670.1,2976.701,289153543.2591,1,2024-12-22 10:00:00
97086.6,97313.7,96833.0,96986.5,296776.5,2967.765,288066426.0792,1,2024-12-22 12:00:00
96986.5,97067.9,95122.4,95373.5,1253543.8,12535.438,1200554902.3903,1,2024-12-22 14:00:00
95373.5,95868.6,95197.2,95608.5,521993.5,5219.935,499163794.9046,1,2024-12-22 16:00:00
95608.7,96439.1,94670.3,94825.3,705557.7,7055.577,674894781.2742,1,2024-12-22 18:00:00
94828.2,95750.0,94406.6,95207.1,573922.1,5739.221,545336145.3762,1,2024-12-22 20:00:00
95207.1,95828.1,94255.0,95189.4,616352.0,6163.52,585891063.9186,1,2024-12-22 22:00:00
95189.5,95420.0,93766.6,94467.2,1045120.3,10451.203,988148934.2676,1,2024-12-23 00:00:00
94467.3,96029.5,93688.1,96011.0,1081276.4,10812.764,1026289462.9314,1,2024-12-23 02:00:00
96011.0,96519.5,95334.3,95612.5,781902.1,7819.021,750312511.5323,1,2024-12-23 04:00:00
95612.5,95655.9,94680.4,95399.8,670637.3,6706.373,638127492.9198,1,2024-12-23 06:00:00
95399.8,96170.6,95029.6,96003.8,519545.0,5195.45,497245192.4904,1,2024-12-23 08:00:00
96003.8,96544.7,95818.0,95928.0,443650.9,4436.509,426494804.9222,1,2024-12-23 10:00:00
95928.0,96423.9,94821.7,94923.4,806707.6,8067.076,771954136.4865,1,2024-12-23 12:00:00
94923.5,95635.2,93101.5,93260.0,2258512.6,22585.126,2126126576.3198,1,2024-12-23 14:00:00
93259.9,94260.0,92906.1,93376.3,1415005.8,14150.058,1323099290.1171,1,2024-12-23 16:00:00
93376.4,93750.0,92678.0,93032.3,867470.5,8674.705,808312893.0883,1,2024-12-23 18:00:00
93032.0,94311.2,92500.1,93953.9,1001376.6,10013.766,934530862.9337,1,2024-12-23 20:00:00
93953.9,95500.0,93896.7,94886.4,699797.2,6997.972,663777443.7758,1,2024-12-23 22:00:00
94886.3,94886.4,94015.6,94129.0,510576.8,5105.768,481978801.0081,1,2024-12-24 00:00:00
94128.9,94408.4,93552.0,94351.6,541040.0,5410.4,508540278.9201,1,2024-12-24 02:00:00
94351.7,94683.7,94058.6,94596.8,349308.7,3493.087,329784753.6194,1,2024-12-24 04:00:00
94596.9,94600.0,93815.8,94243.5,455179.6,4551.796,428645524.8124,1,2024-12-24 06:00:00
94243.4,94647.6,93950.0,94068.0,499591.3,4995.913,471298923.1759,1,2024-12-24 08:00:00
94068.0,94423.0,93831.3,94387.4,353028.3,3530.283,332210458.0876,1,2024-12-24 10:00:00
94387.4,96080.4,94066.0,96069.1,982579.4,9825.794,934107117.3394,1,2024-12-24 12:00:00
96069.0,98324.6,95848.0,98303.8,2635423.7,26354.237,2562097452.0942,1,2024-12-24 14:00:00
98303.8,99049.9,97970.0,98795.4,1494009.7,14940.097,1471339066.0552,1,2024-12-24 16:00:00
98795.4,99500.0,97556.0,97584.0,1024592.4,10245.924,1010452590.6638,1,2024-12-24 18:00:00
97584.0,98471.7,97196.2,98400.8,817577.5,8175.775,799730247.8959,1,2024-12-24 20:00:00
98400.8,99102.5,98348.3,98655.9,476280.3,4762.803,470369065.4715,1,2024-12-24 22:00:00
98655.4,98899.3,97909.3,98000.7,496221.4,4962.214,488316388.7416,1,2024-12-25 00:00:00
98000.7,98381.5,97732.0,98042.5,400049.4,4000.494,392372529.4526,1,2024-12-25 02:00:00
98042.5,98367.5,97890.5,98276.5,194844.8,1948.448,191339066.4982,1,2024-12-25 04:00:00
98276.4,98617.4,97851.3,98101.5,410958.8,4109.588,403446870.3023,1,2024-12-25 06:00:00
98101.6,98293.0,97950.0,98205.8,232125.8,2321.258,227756981.9017,1,2024-12-25 08:00:00
98205.9,99366.8,97770.0,97919.9,1103722.0,11037.22,1089452556.0626,1,2024-12-25 10:00:00
97919.9,98647.7,97639.0,98469.8,801433.6,8014.336,787023266.2362,1,2024-12-25 12:00:00
98469.9,98844.0,98200.0,98526.4,484322.4,4843.224,477337621.3724,1,2024-12-25 14:00:00
98526.5,98723.6,98155.0,98584.1,406739.8,4067.398,400276982.3222,1,2024-12-25 16:00:00
98584.2,99300.0,98566.4,99032.2,373125.4,3731.254,369289659.5978,1,2024-12-25 18:00:00
99032.2,99599.0,98375.3,98522.7,542570.7,5425.707,537305109.14,1,2024-12-25 20:00:00
98522.8,99588.0,98440.0,99430.1,400955.6,4009.556,397316582.3549,1,2024-12-25 22:00:00
99430.0,99995.8,98564.9,99066.1,845585.2,8455.852,839611341.2715,1,2024-12-26 00:00:00
99066.0,99211.9,98469.7,98995.3,432681.8,4326.818,427679347.0061,1,2024-12-26 02:00:00
98995.4,98995.4,98050.4,98372.1,588350.8,5883.508,579001468.1346,1,2024-12-26 04:00:00
98372.1,98478.0,97700.1,97725.5,456358.0,4563.58,447411887.7869,1,2024-12-26 06:00:00
97725.4,97783.2,95314.5,95444.0,2207763.4,22077.634,2125743697.6617,1,2024-12-26 08:00:00
95443.9,96039.8,95178.6,95688.0,721830.8,7218.308,689928043.3295,1,2024-12-26 10:00:00
95688.0,95887.2,95271.9,95697.4,579071.1,5790.711,553359910.493,1,2024-12-26 12:00:00
95697.2,96284.1,95231.6,96033.3,1136595.5,11365.955,1088841871.987,1,2024-12-26 14:00:00
96030.0,96619.9,95666.1,95808.1,880280.3,8802.803,846509437.6413,1,2024-12-26 16:00:00
95808.1,96199.8,95436.0,96103.0,373759.6,3737.596,357772172.2404,1,2024-12-26 18:00:00
96103.0,96111.0,95280.0,95815.9,442874.2,4428.742,423559483.227,1,2024-12-26 20:00:00
95815.9,95976.6,95370.0,95783.7,252815.3,2528.153,241942620.7276,1,2024-12-26 22:00:00
95784.1,96250.0,95408.8,95922.8,487425.2,4874.252,467113663.6816,1,2024-12-27 00:00:00
95922.8,96461.8,95709.9,96420.2,505361.3,5053.613,486246680.4343,1,2024-12-27 02:00:00
96420.2,96587.5,95987.0,96257.2,361709.0,3617.09,348321346.758,1,2024-12-27 04:00:00
96257.2,96616.4,94633.3,95115.7,1218851.8,12188.518,1163436446.4058,1,2024-12-27 06:00:00
95115.6,97592.0,95115.6,96792.2,1757635.2,17576.352,1695518514.6847,1,2024-12-27 08:00:00
96792.1,97026.1,96181.8,96951.3,640576.3,6405.763,618667174.0835,1,2024-12-27 10:00:00
96951.3,97088.0,96268.0,96430.3,523937.9,5239.379,506432182.7176,1,2024-12-27 12:00:00
96430.2,96500.0,94018.0,94571.9,1955394.6,19553.946,1858386906.6294,1,2024-12-27 14:00:00
94571.9,95018.2,93468.4,94286.5,1388341.6,13883.416,1307446099.6205,1,2024-12-27 16:00:00
94286.4,94790.4,94215.0,94743.0,526872.0,5268.72,497950634.1753,1,2024-12-27 18:00:00
94742.9,94828.8,94311.0,94531.1,328906.8,3289.068,311041880.3883,1,2024-12-27 20:00:00
94531.0,94678.6,94150.0,94306.4,310005.4,3100.054,292565800.6214,1,2024-12-27 22:00:00
94306.4,94622.0,94137.5,94540.8,325179.9,3251.799,306949907.0226,1,2024-12-28 00:00:00
94540.8,94716.9,94280.0,94577.9,201934.5,2019.345,190909485.8141,1,2024-12-28 02:00:00
94577.9,94789.9,94492.1,94620.0,199326.5,1993.265,188657894.1382,1,2024-12-28 04:00:00
94620.0,94715.0,94300.1,94380.9,240406.7,2404.067,227164123.2004,1,2024-12-28 06:00:00
94380.9,94686.0,94305.0,94568.0,201538.4,2015.384,190561906.8554,1,2024-12-28 08:00:00
94568.0,94920.9,94482.7,94747.3,308835.4,3088.354,292444413.303,1,2024-12-28 10:00:00
94747.1,94887.1,94491.6,94668.1,291641.6,2916.416,276131980.5566,1,2024-12-28 12:00:00
94668.0,95360.2,94366.0,94442.5,717472.5,7174.725,680182377.2792,1,2024-12-28 14:00:00
94442.6,95248.4,94390.0,95016.5,485058.5,4850.585,460489494.42,1,2024-12-28 16:00:00
95016.4,95148.5,94710.3,95027.9,202934.8,2029.348,192695259.3637,1,2024-12-28 18:00:00
95028.0,95218.0,94867.1,95155.7,116427.3,1164.273,110648948.8405,1,2024-12-28 20:00:00
95155.8,95806.2,95026.6,95306.3,365688.9,3656.889,348825401.1798,1,2024-12-28 22:00:00
95306.3,95349.2,94808.0,94865.1,204352.5,2043.525,194222051.791,1,2024-12-29 00:00:00
94865.1,95232.0,94850.1,95174.8,205222.0,2052.22,195153713.003,1,2024-12-29 02:00:00
95174.8,95276.3,95052.4,95115.9,102443.7,1024.437,97460634.5586,1,2024-12-29 04:00:00
95115.9,95276.1,94956.0,95271.2,190917.1,1909.171,181667193.9081,1,2024-12-29 06:00:00
95271.3,95315.0,95056.0,95187.7,155429.5,1554.295,147889477.5916,1,2024-12-29 08:00:00
95187.8,95280.0,95000.5,95020.1,122651.6,1226.516,116690575.3978,1,2024-12-29 10:00:00
95020.1,95138.0,94700.1,94939.0,270184.6,2701.846,256527254.9414,1,2024-12-29 12:00:00
94939.0,95250.2,94005.1,94514.8,957423.3,9574.233,905193106.2997,1,2024-12-29 14:00:00
94514.9,94583.0,93600.0,93940.1,688212.5,6882.125,646705240.1086,1,2024-12-29 16:00:00
93940.1,93946.5,93400.0,93605.5,390978.0,3909.78,366150843.5149,1,2024-12-29 18:00:00
93605.5,93946.0,93068.4,93342.7,559305.9,5593.059,522681102.6156,1,2024-12-29 20:00:00
93342.8,93870.0,93011.1,93740.0,703702.7,7037.027,656792457.6009,1,2024-12-29 22:00:00
93740.0,94287.2,93360.3,93939.9,780841.0,7808.41,732084047.0299,1,2024-12-30 00:00:00
93939.9,94089.9,93421.0,93708.0,469451.7,4694.517,440283517.4323,1,2024-12-30 02:00:00
93708.0,93972.1,93235.0,93594.0,430126.7,4301.267,402090177.1473,1,2024-12-30 04:00:00
93593.9,94050.0,93330.5,93734.6,524701.2,5247.012,491810315.9503,1,2024-12-30 06:00:00
93734.6,94035.7,93681.2,93888.5,359572.5,3595.725,337506644.6189,1,2024-12-30 08:00:00
93888.5,94050.0,93485.4,93933.0,403975.2,4039.752,378810951.4013,1,2024-12-30 10:00:00
93932.9,94279.0,92551.2,92687.0,1430018.1,14300.181,1334202304.6045,1,2024-12-30 12:00:00
92687.1,93132.0,91535.5,92118.6,2400688.9,24006.889,2213278548.9577,1,2024-12-30 14:00:00
92118.6,94220.0,91810.0,93836.5,1542575.0,15425.75,1434549453.847,1,2024-12-30 16:00:00
93836.5,94727.5,93562.8,94423.9,1219899.0,12198.99,1151043015.8228,1,2024-12-30 18:00:00
94424.0,95060.0,91900.1,92073.9,1428445.3,14284.453,1336069906.445,1,2024-12-30 20:00:00
92073.9,93042.1,91930.1,92797.0,603406.6,6034.066,558639110.057,1,2024-12-30 22:00:00
92796.9,92907.8,92024.1,92445.2,517864.7,5178.647,478760147.2294,1,2024-12-31 00:00:00
92445.3,92719.8,92240.2,92515.9,360266.2,3602.662,333222950.102,1,2024-12-31 02:00:00
92515.9,92833.0,92356.6,92602.5,312418.8,3124.188,289371384.4251,1,2024-12-31 04:00:00
92602.5,93030.0,92569.7,92854.1,329274.2,3292.742,305660492.1812,1,2024-12-31 06:00:00
92854.1,94767.4,92832.8,94036.7,1518535.6,15185.356,1427008558.5691,1,2024-12-31 08:00:00
94036.7,94296.0,93674.4,94242.3,411189.6,4111.896,386673310.6369,1,2024-12-31 10:00:00
94242.3,96103.7,94242.3,95586.7,1670358.2,16703.582,1591214056.6044,1,2024-12-31 12:00:00
95586.6,96289.0,94921.9,95428.1,1482031.4,14820.314,1417020691.2434,1,2024-12-31 14:00:00
95428.2,95614.5,93188.0,94113.0,1458636.6,14586.366,1376402038.6097,1,2024-12-31 16:00:00
94113.1,94423.0,93683.6,94181.1,649345.5,6493.455,610766006.1435,1,2024-12-31 18:00:00
94181.0,94229.7,93461.0,93906.2,365745.6,3657.456,343076629.0432,1,2024-12-31 20:00:00
93906.1,93906.1,93376.0,93579.1,261112.8,2611.128,244403602.2882,1,2024-12-31 22:00:00
93579.1,94500.0,93492.1,93607.1,512331.4,5123.314,481382520.9265,1,2025-01-01 00:00:00
93607.1,94101.6,93578.7,93833.1,232655.3,2326.553,218396566.4541,1,2025-01-01 02:00:00
93833.1,93945.2,93525.0,93780.1,247669.9,2476.699,232125624.6569,1,2025-01-01 04:00:00
93780.1,93816.1,93560.0,93689.6,178772.3,1787.723,167487386.1816,1,2025-01-01 06:00:00
93689.6,93758.0,92899.1,93406.8,579579.2,5795.792,540647483.8234,1,2025-01-01 08:00:00
93406.7,93750.0,93191.5,93443.6,386024.1,3860.241,360874878.0908,1,2025-01-01 10:00:00
93443.6,94073.0,93404.0,94048.3,493857.1,4938.571,463156604.6829,1,2025-01-01 12:00:00
94048.3,94554.0,93685.7,94459.2,821237.0,8212.37,773393720.2667,1,2025-01-01 14:00:00
94459.1,94519.9,93777.0,94155.0,363976.9,3639.769,342445879.0262,1,2025-01-01 16:00:00
94155.0,94834.0,93953.0,94629.9,320129.8,3201.298,302277515.632,1,2025-01-01 18:00:00
94629.9,95203.7,94589.0,94980.0,313384.1,3133.841,297286106.5881,1,2025-01-01 20:00:00
94979.9,95000.0,94534.2,94600.0,370462.1,3704.621,351013952.1467,1,2025-01-01 22:00:00
94600.0,95549.8,94405.2,94879.7,751050.0,7510.5,713940867.6644,1,2025-01-02 00:00:00
94879.8,95312.1,94815.3,95016.6,314289.1,3142.891,298755397.9844,1,2025-01-02 02:00:00
95016.6,96035.1,95000.0,95612.0,791003.5,7910.035,756332580.797,1,2025-01-02 04:00:00
95612.0,95894.9,95368.6,95838.0,357639.9,3576.399,342075854.8289,1,2025-01-02 06:00:00
95838.0,96836.0,95630.9,96736.3,834351.6,8343.516,802618113.4593,1,2025-01-02 08:00:00
96741.8,96888.0,96464.5,96735.9,476012.3,4760.123,460193637.0024,1,2025-01-02 10:00:00
96736.0,96999.0,96432.0,96459.4,614246.9,6142.469,594089375.3508,1,2025-01-02 12:00:00
96459.4,97440.0,95921.6,96463.2,1960503.4,19605.034,1896023677.5886,1,2025-01-02 14:00:00
96463.3,97666.6,96016.1,96767.6,1276704.9,12767.049,1238639202.5363,1,2025-01-02 16:00:00
96767.5,97799.9,96405.0,97327.9,715796.8,7157.968,695889732.666,1,2025-01-02 18:00:00
97327.9,97850.0,97051.0,97219.2,451566.7,4515.667,440213214.8572,1,2025-01-02 20:00:00
97219.2,97219.3,96681.1,97010.0,331118.7,3311.187,320942861.879,1,2025-01-02 22:00:00
97010.0,97089.9,96666.8,97000.1,285309.7,2853.097,276435552.7203,1,2025-01-03 00:00:00
97000.0,97368.4,96827.6,97070.2,296788.6,2967.886,288154678.2101,1,2025-01-03 02:00:00
97070.3,97082.1,96588.8,96771.7,318795.6,3187.956,308577392.0578,1,2025-01-03 04:00:00
96771.8,96938.6,96298.1,96334.0,448680.7,4486.807,433138849.6812,1,2025-01-03 06:00:00
96334.0,96730.0,96121.0,96566.0,534928.9,5349.289,515659724.9678,1,2025-01-03 08:00:00
96566.0,96849.0,96416.4,96765.5,279940.1,2799.401,270542852.544,1,2025-01-03 10:00:00
96765.6,96936.0,96480.0,96518.2,433127.8,4331.278,418849771.5753,1,2025-01-03 12:00:00
96518.2,97677.1,96503.3,97513.6,1254804.5,12548.045,1218849612.989,1,2025-01-03 14:00:00
97513.6,98447.9,97400.0,98022.8,965412.9,9654.129,946313009.0798,1,2025-01-03 16:00:00
98022.8,98986.0,97990.0,98597.3,638364.6,6383.646,629327103.4725,1,2025-01-03 18:00:00
98597.3,98766.1,98188.0,98263.1,363937.1,3639.371,358203141.4139,1,2025-01-03 20:00:00
98263.1,98539.9,98076.5,98195.2,196810.5,1968.105,193420119.4304,1,2025-01-03 22:00:00
98195.3,98308.8,97800.6,98034.9,334183.5,3341.835,327604993.5074,1,2025-01-04 00:00:00
98035.0,98317.7,97850.0,98193.9,223702.3,2237.023,219498420.2777,1,2025-01-04 02:00:00
98193.8,98200.0,97877.0,98122.7,204185.8,2041.858,200199352.1604,1,2025-01-04 04:00:00
98122.7,98369.4,98050.0,98275.0,180609.1,1806.091,177348244.0193,1,2025-01-04 06:00:00
98275.1,98303.9,97556.0,97706.1,385894.0,3858.94,377765562.8006,1,2025-01-04 08:00:00
97706.0,97952.6,97612.2,97899.9,277760.2,2777.602,271583680.2169,1,2025-01-04 10:00:00
97899.9,98078.9,97750.1,97978.4,337323.5,3373.235,330244157.0463,1,2025-01-04 12:00:00
97978.4,98173.1,97522.0,97660.2,430688.3,4306.883,421330390.9897,1,2025-01-04 14:00:00
97660.2,98063.0,97581.5,98035.5,222673.5,2226.735,217732140.3623,1,2025-01-04 16:00:00
98035.6,98384.9,97909.3,98173.9,234546.3,2345.463,230155708.0596,1,2025-01-04 18:00:00
98173.9,98799.9,98173.9,98379.0,318301.3,3183.013,313529427.2209,1,2025-01-04 20:00:00
98379.0,98499.8,98143.5,98220.8,126463.3,1264.633,124318703.6465,1,2025-01-04 22:00:00
98222.0,98408.1,98043.5,98140.0,150808.9,1508.089,148114149.1313,1,2025-01-05 00:00:00
98139.9,98247.0,98068.9,98197.7,108512.3,1085.123,106520959.3609,1,2025-01-05 02:00:00
98197.7,98559.9,98197.7,98350.5,228517.4,2285.174,224839170.9828,1,2025-01-05 04:00:00
98350.5,98503.8,98258.8,98258.8,117312.6,1173.126,115408592.7962,1,2025-01-05 06:00:00
98258.9,98258.9,97625.2,97650.0,510982.3,5109.823,500257858.443,1,2025-01-05 08:00:00
97649.9,97832.0,97583.0,97636.1,249641.4,2496.414,243892773.2158,1,2025-01-05 10:00:00
97636.1,98035.1,97555.9,97689.0,293764.3,2937.643,287328217.0001,1,2025-01-05 12:00:00
97689.1,98291.3,97262.2,98029.9,721775.5,7217.755,705488559.2714,1,2025-01-05 14:00:00
98029.9,98342.0,97666.0,97744.9,340019.8,3400.198,333231254.021,1,2025-01-05 16:00:00
97744.9,98142.2,97570.3,98087.9,221316.3,2213.163,216543468.579,1,2025-01-05 18:00:00
98087.9,98700.0,98024.9,98508.0,332099.6,3320.996,326727472.9039,1,2025-01-05 20:00:00
98508.0,98850.0,98311.9,98369.5,360207.5,3602.075,355107771.2478,1,2025-01-05 22:00:00
98369.6,98838.8,97930.0,98764.1,579784.5,5797.845,570438690.0332,1,2025-01-06 00:00:00
98764.1,99400.0,98649.2,99037.9,918360.6,9183.606,909339274.1006,1,2025-01-06 02:00:00
99038.0,99924.5,99038.0,99615.9,785063.8,7850.638,781497363.246,1,2025-01-06 04:00:00
99615.9,99770.0,99159.4,99317.8,514491.4,5144.914,511705506.5843,1,2025-01-06 06:00:00
99317.8,99644.8,98950.4,99021.9,447737.9,4477.379,444269982.1096,1,2025-01-06 08:00:00
99021.9,99415.6,98700.0,99259.6,538781.0,5387.81,533329744.1816,1,2025-01-06 10:00:00
99259.6,99736.4,98900.0,99495.9,595137.2,5951.372,591060652.0627,1,2025-01-06 12:00:00
99495.8,102490.8,98712.0,102149.8,3456661.3,34566.613,3486098666.7852,1,2025-01-06 14:00:00
102149.9,102489.0,101236.6,101831.9,1500060.6,15000.606,1530177728.9979,1,2025-01-06 16:00:00
101832.0,102062.2,101563.6,101806.2,369318.7,3693.187,376226421.3184,1,2025-01-06 18:00:00
101806.2,102339.1,101574.0,101608.0,514729.9,5147.299,525210016.873,1,2025-01-06 20:00:00
101608.0,102240.3,101600.6,102223.3,203722.2,2037.222,207724296.2197,1,2025-01-06 22:00:00
102223.2,102817.8,101688.0,101916.6,695848.8,6958.488,711489566.2448,1,2025-01-07 00:00:00
101916.5,102027.5,101507.0,101700.0,399670.0,3996.7,406705828.6489,1,2025-01-07 02:00:00
101700.1,101916.4,101572.2,101730.1,241064.0,2410.64,245255369.5851,1,2025-01-07 04:00:00
101730.1,102018.7,101636.9,101687.8,271210.7,2712.107,276084469.8375,1,2025-01-07 06:00:00
101687.9,102013.8,101625.6,101729.4,268368.4,2683.684,273166727.322,1,2025-01-07 08:00:00
101729.4,101729.4,100501.0,100854.4,1154041.6,11540.416,1166485587.2109,1,2025-01-07 10:00:00
100854.5,100992.0,100610.0,100640.3,609919.8,6099.198,614793929.912,1,2025-01-07 12:00:00
100640.2,100885.0,97156.6,97932.1,4881764.0,48817.64,4824535500.6449,1,2025-01-07 14:00:00
97932.1,98350.0,96500.1,97266.7,2159174.2,21591.742,2105530243.4188,1,2025-01-07 16:00:00
97266.7,97540.0,96300.0,96464.7,1042272.6,10422.726,1009670235.794,1,2025-01-07 18:00:00
96464.7,97080.0,96167.1,96487.0,936703.6,9367.036,904489777.447,1,2025-01-07 20:00:00
96487.0,97217.3,96386.5,96944.0,400848.2,4008.482,388599880.6517,1,2025-01-07 22:00:00
96944.0,97260.0,96612.6,96908.4,477975.7,4779.757,463379618.45,1,2025-01-08 00:00:00
96908.5,97176.0,96228.0,96540.5,671189.2,6711.892,648776860.5918,1,2025-01-08 02:00:00
96540.5,96661.9,96005.2,96493.0,627517.5,6275.175,604734176.701,1,2025-01-08 04:00:00
96493.0,96648.0,95251.4,95657.1,1245754.9,12457.549,1191723997.6001,1,2025-01-08 06:00:00
95657.0,96143.1,95400.0,95425.5,567302.3,5673.023,543676288.774,1,2025-01-08 08:00:00
95425.6,96100.0,94532.0,95139.6,1172867.7,11728.677,1117279770.5168,1,2025-01-08 10:00:00
95139.7,95678.0,94856.0,95378.2,815327.9,8153.279,776817351.0597,1,2025-01-08 12:00:00
95378.2,96079.9,94618.3,95492.3,1636838.3,16368.383,1559537104.0453,1,2025-01-08 14:00:00
95492.3,95492.9,92500.0,94009.0,2357712.2,23577.122,2212797210.4314,1,2025-01-08 16:00:00
94008.9,95110.0,93750.0,94246.7,1149244.0,11492.44,1085149597.8276,1,2025-01-08 18:00:00
94244.6,94577.0,93592.1,94450.3,499433.8,4994.338,469916994.5747,1,2025-01-08 20:00:00
94450.4,95285.7,94440.5,95050.1,347406.2,3474.062,329861550.9925,1,2025-01-08 22:00:00
95050.0,95396.7,94800.0,94992.0,321794.2,3217.942,305958270.0851,1,2025-01-09 00:00:00
94992.0,95040.0,93442.6,94030.4,1471665.5,14716.655,1386969671.3836,1,2025-01-09 02:00:00
94030.4,94570.0,93804.9,94473.1,343755.8,3437.558,323840203.7691,1,2025-01-09 04:00:00
94473.2,94623.9,93165.0,93238.5,657505.2,6575.052,616726866.5872,1,2025-01-09 06:00:00
93238.4,93728.6,92734.5,93511.7,1010807.1,10108.071,941736662.27,1,2025-01-09 08:00:00
93511.7,93883.3,93004.1,93455.9,511454.7,5114.547,477978077.4773,1,2025-01-09 10:00:00
93456.0,93690.0,91888.0,91991.9,1188898.8,11888.988,1101248719.4103,1,2025-01-09 12:00:00
91992.0,94586.0,91777.8,94244.1,1565695.7,15656.957,1457527132.5088,1,2025-01-09 14:00:00
94242.8,94698.9,92327.0,92698.0,1238248.6,12382.486,1159990404.0324,1,2025-01-09 16:00:00
92698.0,93318.5,91900.2,91907.8,1018464.4,10184.644,943926393.736,1,2025-01-09 18:00:00
91907.5,92498.6,91201.0,92113.2,1227193.0,12271.93,1126539361.6515,1,2025-01-09 20:00:00
92113.2,92718.0,91619.6,92554.9,526904.6,5269.046,486350403.9761,1,2025-01-09 22:00:00
92554.8,93171.8,92463.4,93109.9,492835.5,4928.355,457170731.1275,1,2025-01-10 00:00:00
93110.0,93743.4,93032.1,93708.4,452654.9,4526.549,422921970.6762,1,2025-01-10 02:00:00
93708.5,94266.0,93494.9,93976.1,499408.6,4994.086,468752401.1528,1,2025-01-10 04:00:00
93976.2,94988.0,93732.2,94498.2,833144.9,8331.449,786522434.4439,1,2025-01-10 06:00:00
94498.1,94967.2,94380.4,94786.4,490998.8,4909.988,465028024.6935,1,2025-01-10 08:00:00
94786.4,95279.7,94607.0,95072.9,594577.7,5945.777,564487207.6842,1,2025-01-10 10:00:00
95072.9,95121.0,92748.5,93571.9,2059551.0,20595.51,1932478507.5266,1,2025-01-10 12:00:00
93568.1,94717.6,92222.0,93746.2,2721677.5,27216.775,2549387929.8504,1,2025-01-10 14:00:00
93746.2,95854.9,93194.7,95800.4,1661427.9,16614.279,1566435261.4805,1,2025-01-10 16:00:00
95800.4,95800.5,94403.0,95320.0,916893.4,9168.934,872050518.0713,1,2025-01-10 18:00:00
95319.9,95454.5,94580.0,94632.8,507982.2,5079.822,481823808.4073,1,2025-01-10 20:00:00
94632.7,95021.3,94591.5,94728.6,246199.7,2461.997,233253617.1376,1,2025-01-10 22:00:00
94728.5,94755.4,94221.3,94441.4,284178.5,2841.785,268533393.7412,1,2025-01-11 00:00:00
94441.4,94500.0,94083.9,94214.2,269919.7,2699.197,254467874.0514,1,2025-01-11 02:00:00
94214.2,94383.6,93840.8,94358.5,293085.2,2930.852,275855690.5514,1,2025-01-11 04:00:00
94358.6,94442.0,94139.3,94257.9,151906.8,1519.068,143252028.9101,1,2025-01-11 06:00:00
94257.9,94418.9,94023.1,94350.4,221681.1,2216.811,208888178.3226,1,2025-01-11 08:00:00
94350.4,94822.3,94310.4,94632.0,283644.3,2836.443,268243965.4652,1,2025-01-11 10:00:00
94631.9,94668.3,94336.5,94400.0,224907.4,2249.074,212530839.6968,1,2025-01-11 12:00:00
94400.0,94659.0,94304.0,94414.1,219346.1,2193.461,207256103.2866,1,2025-01-11 14:00:00
94414.1,94739.9,93977.1,94172.2,354336.4,3543.364,334244879.1398,1,2025-01-11 16:00:00
94174.7,94349.1,94080.0,94246.4,113304.7,1133.047,106757858.7097,1,2025-01-11 18:00:00
94246.4,95045.0,94196.0,94939.6,295561.1,2955.611,279836489.1792,1,2025-01-11 20:00:00
94939.7,94999.3,94541.1,94615.1,186486.3,1864.863,176595629.2701,1,2025-01-11 22:00:00
94615.1,94670.5,94315.7,94596.2,174444.4,1744.444,164842209.9066,1,2025-01-12 00:00:00
94596.2,94717.3,94425.8,94646.3,155642.2,1556.422,147200190.8182,1,2025-01-12 02:00:00
94646.2,94668.8,94500.0,94575.4,113180.1,1131.801,107054170.8705,1,2025-01-12 04:00:00
94575.3,94628.4,94262.1,94337.5,162235.4,1622.354,153156427.8763,1,2025-01-12 06:00:00
94337.5,94408.8,93701.0,93908.1,364945.5,3649.455,343164066.2171,1,2025-01-12 08:00:00
93908.1,94369.6,93825.7,94259.2,294760.6,2947.606,277365010.3925,1,2025-01-12 10:00:00
94259.2,94751.9,94176.0,94681.4,426078.5,4260.785,402830713.9436,1,2025-01-12 12:00:00
94681.5,95482.3,94681.4,95080.7,634860.6,6348.606,603521959.0208,1,2025-01-12 14:00:00
95082.0,95290.1,94809.5,95136.2,295913.1,2959.131,281258938.6939,1,2025-01-12 16:00:00
95136.1,95317.8,94568.5,94663.3,202948.0,2029.48,192620241.668,1,2025-01-12 18:00:00
94663.2,94809.3,94290.9,94338.3,206752.3,2067.523,195463701.8593,1,2025-01-12 20:00:00
94338.2,94580.0,93790.6,94550.0,502921.2,5029.212,473503177.2704,1,2025-01-12 22:00:00
94550.0,95970.0,94076.0,94220.0,1349872.0,13498.72,1283379103.8104,1,2025-01-13 00:00:00
94220.1,94515.0,93900.0,94261.4,696701.1,6967.011,656210763.6588,1,2025-01-13 02:00:00
94261.3,94930.0,94037.6,94180.0,701545.5,7015.455,662802136.8267,1,2025-01-13 04:00:00
94180.1,94359.8,93253.5,93592.7,933338.3,9333.383,874548225.1842,1,2025-01-13 06:00:00
93592.6,93662.5,92641.7,92842.3,963477.5,9634.775,896689908.9027,1,2025-01-13 08:00:00
92842.3,92901.4,90846.6,90870.1,2245818.8,22458.188,2058704841.7404,1,2025-01-13 10:00:00
90870.1,91779.9,90300.1,91118.1,2077807.6,20778.076,1891470588.9631,1,2025-01-13 12:00:00
91118.2,93088.0,89037.0,92126.0,4006654.3,40066.543,3656154366.499,1,2025-01-13 14:00:00
92126.1,92328.3,91186.0,91976.4,1386495.4,13864.954,1272479487.7336,1,2025-01-13 16:00:00
91976.5,92540.9,91585.9,92311.9,950569.9,9505.699,875003595.9449,1,2025-01-13 18:00:00
92311.9,94481.8,91905.3,94211.9,1151878.2,11518.782,1076381877.8266,1,2025-01-13 20:00:00
94211.9,94733.0,94145.8,94539.9,577978.9,5779.789,545785373.3482,1,2025-01-13 22:00:00
94539.9,95074.4,94350.8,94838.4,593685.8,5936.858,562296990.1205,1,2025-01-14 00:00:00
94838.3,95302.0,94755.0,94879.9,591049.2,5910.492,561673520.5031,1,2025-01-14 02:00:00
94880.0,95498.0,94849.7,94930.0,479183.4,4791.834,455946194.9272,1,2025-01-14 04:00:00
94930.0,95184.1,94755.0,94875.8,348545.1,3485.451,330911800.8607,1,2025-01-14 06:00:00
94875.8,97376.0,94875.8,97179.3,1959224.2,19592.242,1885638009.8493,1,2025-01-14 08:00:00
97179.4,97200.0,96360.5,96568.3,964088.7,9640.887,932407187.8597,1,2025-01-14 10:00:00
96568.3,97299.3,95747.9,96345.5,1469637.0,14696.37,1417859352.3721,1,2025-01-14 12:00:00
96340.3,97266.1,96026.7,96466.0,1410947.5,14109.475,1363640780.8522,1,2025-01-14 14:00:00
96466.1,96603.6,95345.4,96538.1,1270140.2,12701.402,1218474414.5406,1,2025-01-14 16:00:00
96538.1,97109.5,96282.9,96548.1,515379.9,5153.799,498634621.6202,1,2025-01-14 18:00:00
96548.0,96930.6,96140.1,96482.2,389319.6,3893.196,375773228.8339,1,2025-01-14 20:00:00
96482.2,96785.7,96448.1,96562.0,158475.5,1584.755,153111200.1754,1,2025-01-14 22:00:00
96561.9,97566.0,96488.3,97347.5,699557.9,6995.579,679401856.2692,1,2025-01-15 00:00:00
97347.5,97450.0,96740.0,97332.2,426223.5,4262.235,413585937.1629,1,2025-01-15 02:00:00
97332.3,97731.0,96751.1,97045.0,629016.5,6290.165,611705271.9218,1,2025-01-15 04:00:00
97045.0,97618.9,96868.6,97311.7,366733.1,3667.331,356653601.995,1,2025-01-15 06:00:00
97311.8,97538.0,96766.9,96830.1,415414.8,4154.148,403524002.7862,1,2025-01-15 08:00:00
96830.0,97155.0,96540.3,96787.3,437512.8,4375.128,423520650.8699,1,2025-01-15 10:00:00
96787.2,99039.0,96545.6,98954.9,1953676.0,19536.76,1916993609.8144,1,2025-01-15 12:00:00
98955.0,99786.5,98608.2,98989.6,1961967.9,19619.679,1946410987.4265,1,2025-01-15 14:00:00
98989.7,99485.0,98605.3,98650.1,680308.0,6803.08,674140008.7716,1,2025-01-15 16:00:00
98650.1,99998.0,98650.1,99850.6,664871.3,6648.713,660849864.9026,1,2025-01-15 18:00:00
99850.7,100710.2,99455.0,99667.9,1045183.6,10451.836,1045420013.8549,1,2025-01-15 20:00:00
99667.9,100563.4,99555.0,100510.8,430163.2,4301.632,430071264.4886,1,2025-01-15 22:00:00
100510.9,100888.0,99666.0,100085.9,906618.7,9066.187,907862819.2472,1,2025-01-16 00:00:00
100085.9,100137.9,99168.0,99485.0,592264.0,5922.64,589862029.7099,1,2025-01-16 02:00:00
99485.0,99720.0,99378.8,99400.1,267635.3,2676.353,266455527.0566,1,2025-01-16 04:00:00
99400.0,99956.2,99335.5,99812.6,326250.0,3262.5,325369899.9031,1,2025-01-16 06:00:00
99812.6,99844.1,98618.4,99177.1,979646.3,9796.463,970231883.3109,1,2025-01-16 08:00:00
99177.2,99434.6,98732.7,99171.4,481963.9,4819.639,477706261.6216,1,2025-01-16 10:00:00
99171.4,99528.0,98769.3,99079.6,764843.0,7648.43,758546068.0821,1,2025-01-16 12:00:00
99079.6,99400.0,97285.5,99298.1,2352113.6,23521.136,2310106023.2685,1,2025-01-16 14:00:00
99298.0,100378.1,99070.0,99828.1,1429510.2,14295.102,1424366580.0414,1,2025-01-16 16:00:00
99828.2,100455.0,99260.0,100420.0,530095.7,5300.957,528909734.6908,1,2025-01-16 18:00:00
100420.0,100659.9,99716.2,100155.6,601593.2,6015.932,603388059.1935,1,2025-01-16 20:00:00
100155.6,100155.6,99373.9,99999.6,388279.3,3882.793,387628057.1232,1,2025-01-16 22:00:00
99999.7,101870.1,99963.6,101679.9,1174611.1,11746.111,1186231678.6736,1,2025-01-17 00:00:00
101679.9,102200.0,100800.0,101068.4,979306.9,9793.069,994161666.3128,1,2025-01-17 02:00:00
101068.4,101777.0,100966.3,101348.9,473514.9,4735.149,480190739.8687,1,2025-01-17 04:00:00
101348.9,101953.8,101310.3,101450.1,324155.3,3241.553,329232835.258,1,2025-01-17 06:00:00
101450.2,102297.6,101450.1,101865.6,772209.2,7722.092,787400070.1434,1,2025-01-17 08:00:00
101865.7,102644.5,101800.0,102230.9,560405.2,5604.052,573217676.8914,1,2025-01-17 10:00:00
102231.0,102989.8,102187.4,102472.2,842228.0,8422.28,864881935.7008,1,2025-01-17 12:00:00
102472.2,104228.0,102260.0,104000.0,2250072.6,22500.726,2328324090.8635,1,2025-01-17 14:00:00
104000.0,105339.9,103833.3,104151.2,1549934.7,15499.347,1621976208.916,1,2025-01-17 16:00:00
104151.9,105840.6,104050.0,105824.9,992239.4,9922.394,1043278321.0781,1,2025-01-17 18:00:00
105825.0,105837.5,104388.5,104616.9,906890.8,9068.908,952114364.2582,1,2025-01-17 20:00:00
104616.8,104699.0,104100.0,104100.1,351823.9,3518.239,367305416.7161,1,2025-01-17 22:00:00
104100.1,104678.0,104089.0,104269.9,351147.1,3511.471,366503453.7956,1,2025-01-18 00:00:00
104269.9,104520.0,103044.8,103573.6,847037.4,8470.374,878987622.0093,1,2025-01-18 02:00:00
103573.7,103779.0,102680.3,102834.1,1127120.7,11271.207,1164339783.0175,1,2025-01-18 04:00:00
102834.2,103665.6,102615.6,102840.0,775258.4,7752.584,799684408.2524,1,2025-01-18 06:00:00
102840.0,103473.8,102285.7,103170.6,738943.1,7389.431,760257763.5397,1,2025-01-18 08:00:00
103170.6,103899.0,102832.0,103590.2,614970.5,6149.705,635184722.1724,1,2025-01-18 10:00:00
103590.2,104420.7,103134.5,104366.6,619011.3,6190.113,642151794.4015,1,2025-01-18 12:00:00
104366.0,104995.9,103707.7,104556.0,801689.5,8016.895,836310827.998,1,2025-01-18 14:00:00
104556.0,104722.8,103138.3,103820.0,893131.3,8931.313,927564595.8395,1,2025-01-18 16:00:00
103819.9,104500.0,103784.5,104411.9,400368.8,4003.688,417128948.2534,1,2025-01-18 18:00:00
104411.9,104515.0,103786.5,103910.9,295587.6,2955.876,307667546.1938,1,2025-01-18 20:00:00
103910.9,104772.6,103874.3,104560.6,268085.9,2680.859,279966995.6881,1,2025-01-18 22:00:00
104560.6,104697.9,104020.9,104510.5,310144.2,3101.442,323790663.2181,1,2025-01-19 00:00:00
104510.5,105482.4,104497.0,104991.0,653733.5,6537.335,686245762.8606,1,2025-01-19 02:00:00
104991.0,105286.8,104245.2,105129.0,554484.6,5544.846,581215903.3034,1,2025-01-19 04:00:00
105129.0,105641.0,104969.5,105180.6,528403.6,5284.036,556333110.578,1,2025-01-19 06:00:00
105180.6,105499.8,103400.2,105324.0,1323089.3,13230.893,1382239450.3808,1,2025-01-19 08:00:00
105323.9,105372.8,104198.7,104374.7,774156.5,7741.565,811456401.6551,1,2025-01-19 10:00:00
104374.8,105333.0,104315.5,104979.0,713106.5,7131.065,747867916.4841,1,2025-01-19 12:00:00
104979.1,105750.0,104500.0,104941.2,836362.7,8363.627,878663313.5984,1,2025-01-19 14:00:00
104941.2,105248.0,104536.7,105149.7,400389.6,4003.896,419895452.3067,1,2025-01-19 16:00:00
105149.6,106288.0,104920.0,106262.5,414216.8,4142.168,436956479.2414,1,2025-01-19 18:00:00
106262.5,106488.0,103700.0,103704.0,1213833.7,12138.337,1275719518.9724,1,2025-01-19 20:00:00
103704.0,104525.7,99666.0,101326.8,4138227.3,41382.273,4209406155.2974,1,2025-01-19 22:00:00
101331.8,101685.0,99500.1,100705.8,2373023.5,23730.235,2383174185.3216,1,2025-01-20 00:00:00
100705.8,102358.0,100603.9,101921.8,1223236.6,12232.366,1242991094.4321,1,2025-01-20 02:00:00
101921.7,102883.8,101555.0,102376.1,617419.8,6174.198,631736786.2437,1,2025-01-20 04:00:00
102376.2,109998.9,102231.8,107215.1,5255016.8,52550.168,5655855891.3146,1,2025-01-20 06:00:00
107205.8,109299.1,107198.0,108199.9,1252280.9,12522.809,1356193909.8838,1,2025-01-20 08:00:00
108200.0,108804.6,107810.0,108279.3,728546.5,7285.465,788975105.7709,1,2025-01-20 10:00:00
108279.4,108750.0,105539.0,108000.0,2221265.7,22212.657,2377259815.2445,1,2025-01-20 12:00:00
108000.0,108184.1,104365.3,104956.9,2181464.1,21814.641,2323420177.3232,1,2025-01-20 14:00:00
104957.0,107067.2,100544.2,102978.2,6627871.6,66278.716,6885409283.1578,1,2025-01-20 16:00:00
102970.0,104485.9,102722.5,103683.0,1210020.8,12100.208,1253509011.7035,1,2025-01-20 18:00:00
103688.5,104346.7,102546.9,102618.8,478701.2,4787.012,496162615.3194,1,2025-01-20 20:00:00
102618.8,103833.3,101736.4,102269.9,952974.1,9529.741,979083058.4099,1,2025-01-20 22:00:00
102269.9,102691.7,100113.0,101495.2,1544941.0,15449.41,1567192326.3265,1,2025-01-21 00:00:00
101493.9,103281.2,101052.9,102925.1,840684.7,8406.847,861752569.8216,1,2025-01-21 02:00:00
102925.1,102978.2,101330.1,101375.6,759415.8,7594.158,775607730.1289,1,2025-01-21 04:00:00
101378.6,102480.4,101120.0,101990.6,571065.3,5710.653,582103449.9256,1,2025-01-21 06:00:00
101988.1,102892.8,101732.5,102699.9,534595.3,5345.953,547419643.7853,1,2025-01-21 08:00:00
102700.0,103986.5,102560.0,103760.1,870676.2,8706.762,900053824.5115,1,2025-01-21 10:00:00
103760.1,104966.0,103606.5,104458.9,994817.5,9948.175,1039211513.7912,1,2025-01-21 12:00:00
104458.9,105364.5,102798.5,103953.8,1901996.4,19019.964,1974661001.6289,1,2025-01-21 14:00:00
103953.8,106590.6,103803.9,106181.0,2115392.3,21153.923,2233654397.3326,1,2025-01-21 16:00:00
106181.0,107333.3,105874.6,107050.4,1200529.2,12005.292,1280949632.4918,1,2025-01-21 18:00:00
107050.4,107222.0,105724.9,106779.8,666099.2,6660.992,708802103.905,1,2025-01-21 20:00:00
106778.1,106785.2,105423.0,106161.9,483378.8,4833.788,512620887.0286,1,2025-01-21 22:00:00
106161.8,106438.8,105466.0,105811.7,427611.3,4276.113,452981308.2474,1,2025-01-22 00:00:00
105811.7,106222.0,105495.5,105604.0,352222.3,3522.223,372712022.4278,1,2025-01-22 02:00:00
105603.9,105881.2,105285.4,105705.2,307693.9,3076.939,325020280.3747,1,2025-01-22 04:00:00
105705.1,105987.9,105000.0,105087.1,510964.29,5109.6429,538796116.45319,1,2025-01-22 06:00:00
105087.2,105360.0,104709.4,104991.2,536858.22,5368.5822,563845845.8305,1,2025-01-22 08:00:00
104991.1,105549.6,104621.7,105120.4,491728.44,4917.2844,516514026.39603,1,2025-01-22 10:00:00
105120.6,105623.7,103797.8,104074.3,871912.21,8719.1221,912888672.64889,1,2025-01-22 12:00:00
104074.2,105165.8,103618.1,104184.9,1445297.46,14452.9746,1508005934.78773,1,2025-01-22 14:00:00
104184.9,104610.3,103261.7,104336.9,1163354.45,11633.5445,1208826689.50646,1,2025-01-22 16:00:00
104336.9,104760.0,103724.5,104625.2,517716.29,5177.1629,540358687.1073,1,2025-01-22 18:00:00
104625.2,104828.0,103610.0,104086.5,452054.96,4520.5496,471209890.79449,1,2025-01-22 20:00:00
104085.9,104515.0,103659.4,103718.0,231990.83,2319.9083,241238918.11021,1,2025-01-22 22:00:00
103717.9,103820.0,102589.6,102958.3,703781.55,7037.8155,726431544.89313,1,2025-01-23 00:00:00
102958.3,103015.0,102120.0,102454.2,805647.0,8056.47,826119490.78147,1,2025-01-23 02:00:00
102454.2,102632.0,101575.0,102525.4,733678.59,7336.7859,749138291.40844,1,2025-01-23 04:00:00
102525.3,102970.0,102071.8,102699.9,509774.14,5097.7414,522698662.62801,1,2025-01-23 06:00:00
102700.0,102700.0,101640.0,101673.9,452937.33,4529.3733,462787039.1326,1,2025-01-23 08:00:00
101673.9,102200.0,101222.0,101946.3,651130.19,6511.3019,662720742.58093,1,2025-01-23 10:00:00
101946.3,102720.0,101291.8,102510.0,701212.89,7012.1289,714627285.37135,1,2025-01-23 12:00:00
102510.0,106080.3,101978.5,105276.7,5339514.62,53395.1462,5567776947.68545,1,2025-01-23 14:00:00
105276.7,106869.9,104200.4,105944.7,2660558.93,26605.5893,2809549518.9484,1,2025-01-23 16:00:00
105944.8,106156.8,103360.1,103754.3,1363712.14,13637.1214,1429355349.05382,1,2025-01-23 18:00:00
103754.3,106450.0,102202.6,103065.3,4341197.19,43411.9719,4533896941.9113,1,2025-01-23 20:00:00
103067.2,104838.5,102966.1,103925.7,1116382.83,11163.8283,1161461358.1787,1,2025-01-23 22:00:00
103925.7,104177.8,103071.1,103250.0,446860.9,4468.609,463029183.48934,1,2025-01-24 00:00:00
103250.0,104311.1,102755.7,103895.0,656421.05,6564.2105,679617703.85986,1,2025-01-24 02:00:00
103895.0,105265.1,103805.6,105215.8,642157.15,6421.5715,671714781.93126,1,2025-01-24 04:00:00
105215.8,105357.2,104616.7,105042.0,442692.14,4426.9214,464481237.62254,1,2025-01-24 06:00:00
105042.0,105766.0,104913.7,105162.4,564858.74,5648.5874,595276313.15696,1,2025-01-24 08:00:00
105162.3,105569.7,105050.1,105412.4,346697.18,3466.9718,365090770.77468,1,2025-01-24 10:00:00
105412.4,105828.0,104964.0,105113.4,586135.82,5861.3582,617198891.28957,1,2025-01-24 12:00:00
105113.5,106350.1,104650.0,105867.6,1311203.86,13112.0386,1385086581.98689,1,2025-01-24 14:00:00
105867.5,106716.1,105575.4,106459.1,945388.77,9453.8877,1003274028.51416,1,2025-01-24 16:00:00
106459.1,107164.1,105700.0,105772.8,841725.62,8417.2562,896538277.15642,1,2025-01-24 18:00:00
105772.7,105789.3,104725.1,105132.0,666306.13,6663.0613,701028307.63403,1,2025-01-24 20:00:00
105131.9,105549.8,104450.0,104868.6,483805.4,4838.054,507350881.37752,1,2025-01-24 22:00:00
104868.7,104886.7,104368.0,104736.7,371168.28,3711.6828,388466487.58964,1,2025-01-25 00:00:00
104736.7,105293.9,104468.0,105220.0,393448.67,3934.4867,412385062.04232,1,2025-01-25 02:00:00
105219.9,105220.1,104220.2,104366.0,361985.76,3619.8576,378710109.23388,1,2025-01-25 04:00:00
104365.9,104534.1,104208.9,104388.8,208940.55,2089.4055,218060487.75336,1,2025-01-25 06:00:00
104388.8,104509.2,104101.9,104366.6,184413.75,1844.1375,192392996.39558,1,2025-01-25 08:00:00
104366.6,104744.8,104110.4,104675.3,337353.77,3373.5377,352413693.66304,1,2025-01-25 10:00:00
104675.4,104869.9,104463.6,104718.3,218175.8,2181.758,228462399.11557,1,2025-01-25 12:00:00
104718.2,105130.0,104462.5,104889.8,325380.57,3253.8057,341030459.16812,1,2025-01-25 14:00:00
104889.8,104988.0,104409.1,104887.5,458246.81,4582.4681,479771439.58105,1,2025-01-25 16:00:00
104887.4,105322.9,104829.2,105048.6,308304.03,3083.0403,323907401.36696,1,2025-01-25 18:00:00
105048.7,105200.0,104850.0,105107.5,137845.1,1378.451,144763859.25111,1,2025-01-25 20:00:00
105107.6,105272.5,104670.5,104759.2,149743.0,1497.43,157227315.6068,1,2025-01-25 22:00:00
104759.1,104862.0,104523.0,104624.5,181661.32,1816.6132,190151295.47607,1,2025-01-26 00:00:00
104624.5,105250.0,104508.5,105069.5,210554.01,2105.5401,220835715.43004,1,2025-01-26 02:00:00
105069.5,105546.6,104976.6,105094.5,222206.85,2222.0685,233777638.11088,1,2025-01-26 04:00:00
105094.5,105134.5,104937.5,104996.2,111086.41,1110.8641,116676396.63432,1,2025-01-26 06:00:00
104996.3,105237.0,104423.5,104618.7,344093.57,3440.9357,360427036.47378,1,2025-01-26 08:00:00
104618.7,104865.4,104475.2,104821.3,212823.58,2128.2358,222765156.47995,1,2025-01-26 10:00:00
104821.3,105068.4,104700.0,104972.3,157825.43,1578.2543,165550765.62536,1,2025-01-26 12:00:00
104972.3,105120.7,104792.0,104990.1,182015.53,1820.1553,191096939.66877,1,2025-01-26 14:00:00
104990.0,105069.0,104906.0,104952.9,123350.03,1233.5003,129496164.3431,1,2025-01-26 16:00:00
104953.0,105280.7,104910.6,105093.0,138958.07,1389.5807,146114664.48842,1,2025-01-26 18:00:00
105093.0,105221.1,104506.6,104550.1,223456.02,2234.5602,234221872.27033,1,2025-01-26 20:00:00
104550.1,104722.1,102500.1,102611.6,1180250.04,11802.5004,1220168235.19771,1,2025-01-26 22:00:00
102611.6,103288.5,101147.0,101300.0,1432750.31,14327.5031,1462869112.77803,1,2025-01-27 00:00:00
101300.0,101850.0,100629.1,101377.3,1227163.89,12271.6389,1242074772.52977,1,2025-01-27 02:00:00
101377.3,101393.3,99712.5,100362.4,1218598.87,12185.9887,1223902587.19889,1,2025-01-27 04:00:00
100362.4,100486.2,97737.7,99026.0,2358930.52,23589.3052,2334348220.52541,1,2025-01-27 06:00:00
99026.0,99521.1,98676.2,99422.1,906676.32,9066.7632,898537782.53252,1,2025-01-27 08:00:00
99422.0,99450.0,98256.7,98750.0,838300.32,8383.0032,828579595.35674,1,2025-01-27 10:00:00
98750.1,101666.0,98715.9,100497.9,1830581.57,18305.8157,1838810048.59031,1,2025-01-27 12:00:00
100497.9,102322.5,100109.8,101108.9,2052444.06,20524.4406,2080763797.11038,1,2025-01-27 14:00:00
101108.9,101269.0,99029.4,99162.1,1536544.91,15365.4491,1535872302.3212,1,2025-01-27 16:00:00
99162.0,99963.3,98838.0,99697.3,599785.18,5997.8518,596325933.01145,1,2025-01-27 18:00:00
99697.2,102447.4,99588.6,101352.4,1059492.57,10594.9257,1073540187.39631,1,2025-01-27 20:00:00
101352.4,102180.0,101262.2,102075.7,358888.04,3588.8804,365293371.39307,1,2025-01-27 22:00:00
102075.7,102894.6,101380.0,101380.1,682864.94,6828.6494,697060436.24285,1,2025-01-28 00:00:00
101380.1,102913.3,101329.1,102640.0,715495.33,7154.9533,731369562.1794,1,2025-01-28 02:00:00
102640.0,103387.9,102593.3,103013.9,549850.04,5498.5004,566603324.58005,1,2025-01-28 04:00:00
103013.9,103343.0,102518.2,102807.0,514427.86,5144.2786,529505741.93869,1,2025-01-28 06:00:00
102807.8,103053.3,102400.0,102980.1,422462.93,4224.6293,434138616.6855,1,2025-01-28 08:00:00
102980.0,103222.0,102577.0,102774.9,324643.43,3246.4343,333966762.5526,1,2025-01-28 10:00:00
102775.0,103000.0,102471.5,102602.4,347670.81,3476.7081,357111253.37514,1,2025-01-28 12:00:00
102602.4,103888.5,101805.0,102765.8,1688673.29,16886.7329,1735349436.63818,1,2025-01-28 14:00:00
102765.9,103117.4,101925.0,102574.5,1009649.42,10096.4942,1034798858.29785,1,2025-01-28 16:00:00
102574.5,103112.3,101800.2,102420.6,681798.66,6817.9866,698403194.96983,1,2025-01-28 18:00:00
102420.6,102544.0,100270.9,100334.1,681387.69,6813.8769,690428425.64638,1,2025-01-28 20:00:00
100334.1,101458.4,100271.7,101343.0,500198.95,5001.9895,504941497.28293,1,2025-01-28 22:00:00
101343.0,102000.0,101330.2,101842.1,378554.35,3785.5435,384803310.78468,1,2025-01-29 00:00:00
101844.8,102332.7,101688.5,102049.2,316857.19,3168.5719,323116305.74657,1,2025-01-29 02:00:00
102048.5,102425.5,101970.3,102272.0,205011.51,2050.1151,209473909.3679,1,2025-01-29 04:00:00
102272.1,102875.5,102244.4,102758.9,343323.55,3433.2355,352260746.74875,1,2025-01-29 06:00:00
102758.9,103057.8,102320.0,102350.0,400221.53,4002.2153,410968888.43799,1,2025-01-29 08:00:00
102350.1,102831.3,102200.2,102635.2,260536.6,2605.366,267155269.95933,1,2025-01-29 10:00:00
102635.1,102821.2,101691.7,101834.0,557418.52,5574.1852,569410985.92198,1,2025-01-29 12:00:00
101834.0,102541.9,101580.0,101986.6,707866.04,7078.6604,722432325.214,1,2025-01-29 14:00:00
101986.6,102828.3,101684.7,102419.9,472154.51,4721.5451,482627219.94213,1,2025-01-29 16:00:00
102419.8,104110.0,101402.2,103615.6,2202788.94,22027.8894,2264537826.02367,1,2025-01-29 18:00:00
103615.5,104826.1,102876.7,103743.1,1236491.3,12364.913,1286121796.37743,1,2025-01-29 20:00:00
103743.1,104378.0,103411.0,103747.5,369501.54,3695.0154,383573131.08696,1,2025-01-29 22:00:00
103747.5,104565.0,103282.0,104277.8,463441.16,4634.4116,481780604.40331,1,2025-01-30 00:00:00
104277.8,105345.3,103988.0,105207.2,563498.83,5634.9883,590129154.60809,1,2025-01-30 02:00:00
105207.2,105653.8,104875.9,105394.5,554867.1,5548.671,583980743.51869,1,2025-01-30 04:00:00
105394.6,105588.0,104830.7,105158.1,365188.43,3651.8843,384035529.20086,1,2025-01-30 06:00:00
105158.1,105587.9,104952.3,105429.3,327695.67,3276.9567,345005255.29941,1,2025-01-30 08:00:00
105429.3,105429.4,105079.0,105320.0,271478.8,2714.788,285739931.58173,1,2025-01-30 10:00:00
105319.9,105366.0,104857.1,104892.3,387880.16,3878.8016,407648175.55583,1,2025-01-30 12:00:00
104889.9,106460.0,104649.0,105563.6,1571967.33,15719.6733,1661473389.57739,1,2025-01-30 14:00:00
105563.6,106000.0,104901.7,105286.1,598029.48,5980.2948,630527379.37081,1,2025-01-30 16:00:00
105286.0,105793.0,104748.6,105712.3,437143.86,4371.4386,460315263.07099,1,2025-01-30 18:00:00
105712.2,105817.8,104788.0,105057.8,546281.12,5462.8112,574722172.80627,1,2025-01-30 20:00:00
105057.7,105368.4,104700.0,104742.3,163541.68,1635.4168,171820108.79915,1,2025-01-30 22:00:00
104742.4,105055.0,104410.0,104752.1,402363.77,4023.6377,421255706.75204,1,2025-01-31 00:00:00
104752.1,104875.5,103909.3,104338.4,515358.24,5153.5824,537458068.82576,1,2025-01-31 02:00:00
104338.4,104563.0,103968.4,104312.0,333837.02,3338.3702,348198221.33145,1,2025-01-31 04:00:00
104312.0,104800.0,104000.1,104185.8,520504.83,5205.0483,543511040.81062,1,2025-01-31 06:00:00
104185.9,104327.2,103922.0,104260.1,413035.48,4130.3548,430114054.69056,1,2025-01-31 08:00:00
104260.0,104857.8,104067.4,104724.1,379868.83,3798.6883,397068562.8815,1,2025-01-31 10:00:00
104724.1,105031.4,104550.0,104660.8,450409.88,4504.0988,471886410.17261,1,2025-01-31 12:00:00
104660.7,106047.0,104104.0,105460.2,1248070.74,12480.7074,1311436072.26622,1,2025-01-31 14:00:00
105460.2,105597.4,104500.1,104590.1,679248.49,6792.4849,713183361.42849,1,2025-01-31 16:00:00
104590.2,104828.5,102122.7,102300.2,1722245.62,17222.4562,1775500014.39292,1,2025-01-31 18:00:00
102300.2,102327.3,101500.0,102126.0,957566.29,9575.6629,975590139.62222,1,2025-01-31 20:00:00
102126.0,102470.0,101908.0,102433.5,324460.52,3244.6052,331586171.34008,1,2025-01-31 22:00:00
102433.5,102777.4,102200.0,102567.8,267136.93,2671.3693,273900565.11999,1,2025-02-01 00:00:00
102567.9,102791.8,102165.1,102243.3,240470.28,2404.7028,246372397.48944,1,2025-02-01 02:00:00
102243.3,102600.0,102112.0,102488.8,238327.7,2383.277,243907442.86022,1,2025-02-01 04:00:00
102488.7,102571.9,102157.7,102175.4,163225.18,1632.2518,167011439.75637,1,2025-02-01 06:00:00
102175.4,102295.0,101368.0,101680.0,492750.33,4927.5033,501690291.41479,1,2025-02-01 08:00:00
101680.0,102064.0,101627.0,102029.1,305286.22,3052.8622,310980816.37621,1,2025-02-01 10:00:00
102029.1,102328.3,101815.4,101875.6,336270.04,3362.7004,343485793.11363,1,2025-02-01 12:00:00
101875.7,102200.0,101724.4,102080.1,307134.3,3071.343,313212072.83032,1,2025-02-01 14:00:00
102080.1,102282.2,101861.3,102254.9,252303.9,2523.039,257589299.4861,1,2025-02-01 16:00:00
102255.0,102276.2,101435.0,101673.4,250400.76,2504.0076,254969918.8906,1,2025-02-01 18:00:00
101673.5,101673.5,100911.1,101190.0,566236.01,5662.3601,573509374.61068,1,2025-02-01 20:00:00
101189.9,101425.0,100254.1,100633.9,612811.82,6128.1182,617059417.41124,1,2025-02-01 22:00:00
100633.9,101477.0,100464.1,101249.9,326072.3,3260.723,329619895.38139,1,2025-02-02 00:00:00
101250.0,101275.8,99143.1,99208.1,985766.52,9857.6652,985928048.99363,1,2025-02-02 02:00:00
99208.1,100341.7,99031.8,100245.0,620192.63,6201.9263,618181619.16652,1,2025-02-02 04:00:00
100245.0,100500.0,99600.0,99625.2,432508.51,4325.0851,432918711.22037,1,2025-02-02 06:00:00
99625.3,100118.3,99321.3,99682.9,500606.03,5006.0603,498995314.76537,1,2025-02-02 08:00:00
99683.0,99688.0,98612.9,98872.1,708881.68,7088.8168,702614170.85439,1,2025-02-02 10:00:00
98872.1,99166.0,98155.2,98813.9,863740.1,8637.401,851955886.25939,1,2025-02-02 12:00:00
98814.0,99433.0,98700.1,99343.1,614443.39,6144.4339,609193364.01843,1,2025-02-02 14:00:00
99343.0,99364.0,97023.5,97250.5,1511227.9,15112.279,1481682742.20497,1,2025-02-02 16:00:00
97251.6,98726.5,96827.7,98269.9,1458067.78,14580.6778,1422171228.13408,1,2025-02-02 18:00:00
98269.9,98656.2,96554.1,97029.9,757477.38,7574.7738,738481262.47245,1,2025-02-02 20:00:00
97030.0,98054.4,96130.5,97701.9,1331345.16,13313.4516,1294265554.19016,1,2025-02-02 22:00:00
97702.0,97786.8,91922.0,93454.5,4705437.3,47054.373,4459129728.51645,1,2025-02-03 00:00:00
93454.7,94978.4,91255.0,94048.0,3041137.57,30411.3757,2846195749.97444,1,2025-02-03 02:00:00
94048.1,94499.8,92640.1,94206.0,1201274.88,12012.7488,1122842429.64663,1,2025-02-03 04:00:00
94206.0,95400.0,93617.6,95305.0,930578.46,9305.7846,878338412.54271,1,2025-02-03 06:00:00
95305.1,95943.9,94827.1,95272.1,977257.42,9772.5742,932656242.38256,1,2025-02-03 08:00:00
95272.2,95731.2,94764.5,95109.9,600387.61,6003.8761,571609198.6464,1,2025-02-03 10:00:00
95110.0,95621.6,94368.0,94664.8,734221.06,7342.2106,697381156.68094,1,2025-02-03 12:00:00
94664.7,99499.8,94151.3,98838.8,3261562.7,32615.627,3164858534.1256,1,2025-02-03 14:00:00
98838.9,99331.8,98030.7,99182.3,1339249.03,13392.4903,1320577571.42805,1,2025-02-03 16:00:00
99184.9,101915.5,98937.5,101915.0,1966585.88,19665.8588,1974174598.19059,1,2025-02-03 18:00:00
101915.0,101985.4,100939.4,101810.4,1106154.46,11061.5446,1122595245.97367,1,2025-02-03 20:00:00
101812.5,102551.0,101266.7,101358.2,549714.69,5497.1469,559711434.4617,1,2025-02-03 22:00:00
101358.3,101754.4,100759.3,101395.1,483774.15,4837.7415,490075092.27358,1,2025-02-04 00:00:00
101395.1,101449.3,100567.0,100640.4,306720.98,3067.2098,309576240.6401,1,2025-02-04 02:00:00
100640.4,100786.2,98250.0,98872.5,1455828.95,14558.2895,1445076572.38409,1,2025-02-04 04:00:00
98872.5,99648.3,98321.1,98451.6,720958.21,7209.5821,714436924.82282,1,2025-02-04 06:00:00
98451.5,98829.5,97850.0,98339.3,686356.38,6863.5638,675048820.53294,1,2025-02-04 08:00:00
98339.2,99417.0,98332.3,98961.4,537128.79,5371.2879,531797327.71193,1,2025-02-04 10:00:00
98961.4,99813.5,98961.4,99013.5,651516.65,6515.1665,647394553.16842,1,2025-02-04 12:00:00
99013.5,100446.9,98255.0,99351.8,1926885.81,19268.8581,1915606220.87949,1,2025-02-04 14:00:00
99351.8,99970.0,98828.4,99181.6,586394.64,5863.9464,582611964.80776,1,2025-02-04 16:00:00
99181.5,100799.0,98768.0,98863.5,890734.77,8907.3477,888911781.01216,1,2025-02-04 18:00:00
98862.7,99450.0,96424.6,96510.0,1681922.6,16819.226,1648281980.59222,1,2025-02-04 20:00:00
96509.9,98210.7,96129.0,97759.9,797423.56,7974.2356,775006584.97638,1,2025-02-04 22:00:00
97760.0,98954.1,97680.0,97842.9,629165.89,6291.6589,618022794.21559,1,2025-02-05 00:00:00
97842.9,98327.0,97148.4,98045.4,615703.77,6157.0377,601896976.48214,1,2025-02-05 02:00:00
98045.4,98344.6,97703.2,98150.5,295857.6,2958.576,290119403.55634,1,2025-02-05 04:00:00
98150.5,98240.0,97368.5,97863.3,425213.13,4252.1313,415542125.33863,1,2025-02-05 06:00:00
97863.3,98047.9,97260.5,97416.2,357722.42,3577.2242,349374932.01504,1,2025-02-05 08:00:00
97416.1,98224.4,97380.0,98205.7,393474.68,3934.7468,385302536.17664,1,2025-02-05 10:00:00
98205.7,98728.5,97960.0,98569.0,564881.15,5648.8115,555739598.69251,1,2025-02-05 12:00:00
98568.9,99183.5,97760.0,98122.0,885033.53,8850.3353,870825409.59079,1,2025-02-05 14:00:00
98122.0,98300.0,97325.0,97556.1,671787.97,6717.8797,656552973.5942,1,2025-02-05 16:00:00
97556.0,97717.6,96485.4,97387.8,635897.26,6358.9726,617008452.80055,1,2025-02-05 18:00:00
97387.8,97716.9,96745.3,96924.6,405928.0,4059.28,394978589.68193,1,2025-02-05 20:00:00
96925.1,97066.6,96138.5,96618.3,440716.2,4407.162,425504546.25106,1,2025-02-05 22:00:00
96618.3,97253.1,96422.1,97161.4,412519.56,4125.1956,399663917.93492,1,2025-02-06 00:00:00
97161.3,97500.0,97068.5,97356.2,261613.0,2616.13,254512625.67519,1,2025-02-06 02:00:00
97356.2,97899.6,97281.5,97833.2,294513.07,2945.1307,287613340.93723,1,2025-02-06 04:00:00
97833.2,98464.0,97711.3,98219.9,447123.95,4471.2395,438888702.34677,1,2025-02-06 06:00:00
98219.9,98730.0,97925.2,98609.6,441200.3,4412.003,434187570.05091,1,2025-02-06 08:00:00
98609.5,99146.0,98389.0,98863.9,639134.75,6391.3475,631519386.57084,1,2025-02-06 10:00:00
98863.9,99043.8,98175.0,98618.2,610859.88,6108.5988,601824677.30128,1,2025-02-06 12:00:00
98618.1,98920.5,96926.0,97334.0,1380148.02,13801.4802,1350843147.49591,1,2025-02-06 14:00:00
97334.0,97545.5,96369.9,96710.9,1005228.07,10052.2807,973836237.15874,1,2025-02-06 16:00:00
96710.9,96939.0,95669.8,95991.4,988700.25,9887.0025,951913731.19755,1,2025-02-06 18:00:00
95991.4,97099.5,95781.1,96818.8,559851.27,5598.5127,540523907.61326,1,2025-02-06 20:00:00
96818.8,96967.6,96159.3,96555.9,356895.45,3568.9545,344543305.55171,1,2025-02-06 22:00:00
96555.9,97827.4,96408.9,97386.7,480058.49,4800.5849,465529763.89089,1,2025-02-07 00:00:00
97386.7,97768.8,97067.8,97460.8,390828.54,3908.2854,380789747.79807,1,2025-02-07 02:00:00
97460.9,97883.9,97134.0,97348.8,317709.72,3177.0972,309732383.74506,1,2025-02-07 04:00:00
97348.8,97360.0,96577.9,96748.9,520245.76,5202.4576,504094674.15779,1,2025-02-07 06:00:00
96748.8,97397.2,96600.6,97290.0,325570.87,3255.7087,316116728.39673,1,2025-02-07 08:00:00
97290.0,97766.0,97253.4,97750.2,271814.54,2718.1454,265074501.41377,1,2025-02-07 10:00:00
97750.2,98854.7,97158.0,98829.2,1272285.8,12722.858,1247024740.86058,1,2025-02-07 12:00:00
98829.2,100144.0,97600.0,98307.0,2838120.7,28381.207,2810665186.29457,1,2025-02-07 14:00:00
98310.2,98599.0,97130.0,97435.9,1170232.37,11702.3237,1145101604.06958,1,2025-02-07 16:00:00
97436.0,98381.4,96880.8,96894.7,636520.14,6365.2014,621380522.0943,1,2025-02-07 18:00:00
96894.8,96940.0,95550.8,96000.1,858091.29,8580.9129,824374885.04177,1,2025-02-07 20:00:00
96000.0,96519.1,95615.7,96490.8,371636.24,3716.3624,356812609.03404,1,2025-02-07 22:00:00
96490.7,96873.0,96323.2,96524.3,321528.2,3215.282,310588259.12888,1,2025-02-08 00:00:00
96524.3,96909.8,96406.8,96710.3,274401.09,2744.0109,265252563.80968,1,2025-02-08 02:00:00
96710.3,96710.3,96067.7,96230.3,343156.98,3431.5698,330579234.99423,1,2025-02-08 04:00:00
96230.2,96323.5,95777.0,96210.5,309203.32,3092.0332,297046465.93812,1,2025-02-08 06:00:00
96210.5,96309.1,95889.0,96177.8,188623.25,1886.2325,181241155.62853,1,2025-02-08 08:00:00
96177.7,96300.0,95850.3,96132.2,212206.03,2122.0603,203892469.34251,1,2025-02-08 10:00:00
96132.2,96517.5,95907.0,96236.2,317589.19,3175.8919,305495481.01595,1,2025-02-08 12:00:00
96236.3,96373.5,95668.2,95856.0,345102.83,3451.0283,331160424.48051,1,2025-02-08 14:00:00
95855.9,96399.9,95755.0,96373.1,354248.06,3542.4806,340493957.03629,1,2025-02-08 16:00:00
96373.2,96764.6,96230.3,96587.7,243345.78,2433.4578,234881754.66741,1,2025-02-08 18:00:00
96587.8,96638.3,96353.5,96539.9,112679.2,1126.792,108700778.32056,1,2025-02-08 20:00:00
96539.9,96713.7,96384.6,96449.5,105275.16,1052.7516,101655209.9515,1,2025-02-08 22:00:00
96449.5,96999.0,96351.9,96976.1,249217.01,2492.1701,240982990.58417,1,2025-02-09 00:00:00
96975.5,97318.0,96680.0,97317.9,360378.51,3603.7851,349516421.96748,1,2025-02-09 02:00:00
97317.9,97333.0,96934.0,97036.5,178275.29,1782.7529,173161005.56446,1,2025-02-09 04:00:00
97036.4,97122.0,96775.0,97063.5,162661.51,1626.6151,157713112.93355,1,2025-02-09 06:00:00
97063.5,97324.0,96905.0,96938.1,253675.18,2536.7518,246352456.03414,1,2025-02-09 08:00:00
96938.0,97071.5,96551.4,96569.0,377655.39,3776.5539,365514339.38578,1,2025-02-09 10:00:00
96570.0,96727.7,95817.6,95889.7,500070.2,5000.702,481478767.14721,1,2025-02-09 12:00:00
95889.7,96666.0,95664.6,96489.6,521574.12,5215.7412,501853534.07428,1,2025-02-09 14:00:00
96489.6,96589.9,95934.3,96167.9,277600.08,2776.0008,267274598.49704,1,2025-02-09 16:00:00
96167.9,96288.0,95900.0,96060.9,150819.77,1508.1977,144907230.18787,1,2025-02-09 18:00:00
96060.9,96781.7,94707.4,95167.2,827339.17,8273.3917,790691177.9904,1,2025-02-09 20:00:00
95167.2,96580.0,94769.0,96465.0,638290.63,6382.9063,611868172.45483,1,2025-02-09 22:00:00
96464.9,97142.4,95250.0,95595.4,834553.55,8345.5355,803653431.78637,1,2025-02-10 00:00:00
95595.4,97099.9,95420.7,96819.9,757647.36,7576.4736,729892649.76855,1,2025-02-10 02:00:00
96820.0,97698.5,96637.9,97032.3,699859.15,6998.5915,679678815.8431,1,2025-02-10 04:00:00
97032.4,97488.0,96792.1,97443.0,421115.63,4211.1563,409018630.20567,1,2025-02-10 06:00:00
97442.9,97927.8,97360.0,97669.5,548441.01,5484.4101,535759857.13109,1,2025-02-10 08:00:00
97669.5,97974.4,97600.0,97666.9,373000.49,3730.0049,364822321.94158,1,2025-02-10 10:00:00
97666.8,98378.4,97180.0,98223.3,647904.46,6479.0446,633175985.79524,1,2025-02-10 12:00:00
98223.3,98333.2,96870.0,97235.2,1029224.51,10292.2451,1002810635.76178,1,2025-02-10 14:00:00
97235.1,97530.0,96880.0,97499.0,573914.82,5739.1482,557767550.53842,1,2025-02-10 16:00:00
97498.9,97643.7,97178.4,97375.8,322863.58,3228.6358,314527849.49103,1,2025-02-10 18:00:00
97375.8,97488.0,97130.0,97381.6,242106.98,2421.0698,235594908.81199,1,2025-02-10 20:00:00
97381.7,97500.0,97216.6,97417.7,178106.73,1781.0673,173390940.13077,1,2025-02-10 22:00:00
97417.7,98160.7,97401.8,98000.0,574789.76,5747.8976,562490880.45951,1,2025-02-11 00:00:00
98000.0,98108.0,97463.4,97610.8,369254.49,3692.5449,360658368.10848,1,2025-02-11 02:00:00
97610.9,98500.0,97560.5,98425.9,512219.32,5122.1932,502607259.52789,1,2025-02-11 04:00:00
98425.8,98488.0,98139.9,98276.1,327163.72,3271.6372,321764590.95607,1,2025-02-11 06:00:00
98276.1,98348.0,97891.3,97990.7,310844.07,3108.4407,305074522.29436,1,2025-02-11 08:00:00
97990.7,98246.0,97880.4,98136.1,207732.04,2077.3204,203658595.53471,1,2025-02-11 10:00:00
98136.0,98152.0,96671.1,96780.0,835099.03,8350.9903,813465783.91366,1,2025-02-11 12:00:00
96780.0,97321.0,96572.0,97022.2,894219.73,8942.1973,866799209.37066,1,2025-02-11 14:00:00
97022.2,97040.8,95888.0,96168.1,887368.12,8873.6812,855272003.92828,1,2025-02-11 16:00:00
96168.1,96168.2,94866.9,95023.9,966080.94,9660.8094,922111479.11369,1,2025-02-11 18:00:00
95023.8,96485.2,94914.5,96391.8,728145.75,7281.4575,696351917.64875,1,2025-02-11 20:00:00
96391.8,96524.8,95323.0,95783.7,650291.11,6502.9111,623536724.76327,1,2025-02-11 22:00:00
95783.8,96277.0,95672.9,96214.0,272351.82,2723.5182,261352202.38072,1,2025-02-12 00:00:00
96214.0,96220.6,95088.0,95307.6,522591.79,5225.9179,499520185.54027,1,2025-02-12 02:00:00
95307.7,95957.4,95270.8,95899.8,348706.27,3487.0627,333553839.60915,1,2025-02-12 04:00:00
95899.8,96180.0,95688.4,96076.2,229913.27,2299.1327,220605931.70416,1,2025-02-12 06:00:00
96076.3,96477.2,96048.4,96150.9,360660.54,3606.6054,347068593.77994,1,2025-02-12 08:00:00
96150.9,96400.0,95920.0,96115.2,265973.7,2659.737,255733243.64603,1,2025-02-12 10:00:00
96115.2,96678.8,94072.1,94963.9,2234481.0,22344.81,2127361293.98608,1,2025-02-12 12:00:00
94963.9,95986.0,94464.6,95806.7,1583488.09,15834.8809,1508502108.7359,1,2025-02-12 14:00:00
95806.7,97700.0,95126.6,97370.0,1637866.61,16378.6661,1584250325.09917,1,2025-02-12 16:00:00
97370.0,97466.9,96356.0,97207.6,538834.2,5388.342,521959287.7542,1,2025-02-12 18:00:00
97207.7,97932.5,96855.0,97650.1,526664.09,5266.6409,512756449.96682,1,2025-02-12 20:00:00
97650.0,98168.0,97424.5,97885.8,669194.93,6691.9493,655022474.46296,1,2025-02-12 22:00:00
97885.9,98100.0,97550.0,97999.9,319684.71,3196.8471,312743153.85737,1,2025-02-13 00:00:00
97999.9,98000.0,97380.0,97508.6,264632.2,2646.322,258317372.90446,1,2025-02-13 02:00:00
97508.6,97569.4,96524.9,96679.0,530637.0,5306.37,514366154.3414,1,2025-02-13 04:00:00
96679.0,96776.0,95794.4,96074.8,726142.95,7261.4295,698275247.53379,1,2025-02-13 06:00:00
96074.9,96314.0,95715.0,96266.6,449524.15,4495.2415,431806325.48576,1,2025-02-13 08:00:00
96266.6,96360.6,95540.2,95935.2,451519.85,4515.1985,433405830.90247,1,2025-02-13 10:00:00
95935.1,96332.2,95667.7,96076.0,767328.59,7673.2859,736272024.47718,1,2025-02-13 12:00:00
96076.0,96500.0,95321.0,95998.2,1099533.35,10995.3335,1054744395.87334,1,2025-02-13 14:00:00
95998.2,96030.3,95215.3,95700.0,633739.15,6337.3915,605974051.0329,1,2025-02-13 16:00:00
95699.9,96375.6,95346.8,95642.5,552651.07,5526.5107,529700807.1559,1,2025-02-13 18:00:00
95642.4,96781.5,95604.0,96483.0,414787.23,4147.8723,399534654.81727,1,2025-02-13 20:00:00
96482.9,96638.5,96270.1,96611.0,202639.66,2026.3966,195469195.56082,1,2025-02-13 22:00:00
96611.0,96999.0,96353.3,96544.1,444464.28,4444.6428,429701674.62979,1,2025-02-14 00:00:00
96544.0,97208.6,96460.0,97154.9,331700.66,3317.0066,321224849.72741,1,2025-02-14 02:00:00
97154.9,97246.0,96572.2,96690.9,304323.41,3043.2341,294868485.81554,1,2025-02-14 04:00:00
96690.9,97072.2,96622.5,96942.1,261813.69,2618.1369,253654619.4973,1,2025-02-14 06:00:00
96942.0,97177.7,96799.8,97125.4,270400.91,2704.0091,262254191.4295,1,2025-02-14 08:00:00
97125.4,97218.0,96808.0,96897.4,259031.05,2590.3105,251315256.26372,1,2025-02-14 10:00:00
96897.4,97032.4,96456.4,96801.4,449491.12,4494.9112,434787392.07963,1,2025-02-14 12:00:00
96801.4,97597.6,96280.0,96940.0,1198277.83,11982.7783,1161525463.36724,1,2025-02-14 14:00:00
96939.9,98847.4,96485.5,98545.1,1357183.96,13571.8396,1325798700.75284,1,2025-02-14 16:00:00
98545.2,98755.0,97657.2,97949.9,759212.73,7592.1273,746126330.47385,1,2025-02-14 18:00:00
97950.0,98272.8,96681.5,97458.2,604969.24,6049.6924,588889376.81211,1,2025-02-14 20:00:00
97460.0,97552.0,96930.5,97500.0,214996.45,2149.9645,209156032.34466,1,2025-02-14 22:00:00
97500.0,97850.0,97222.0,97805.7,212599.66,2125.9966,207403075.17523,1,2025-02-15 00:00:00
97805.7,97995.0,97630.0,97661.3,200172.04,2001.7204,195752576.07151,1,2025-02-15 02:00:00
97661.2,97807.2,97466.0,97610.0,127944.16,1279.4416,124884582.65363,1,2025-02-15 04:00:00
97610.1,97673.3,97364.7,97364.7,158258.82,1582.5882,154265792.81329,1,2025-02-15 06:00:00
97364.8,97619.9,97303.0,97578.3,145564.22,1455.6422,141912158.9346,1,2025-02-15 08:00:00
97578.2,97775.5,97464.4,97632.2,156140.6,1561.406,152413527.12441,1,2025-02-15 10:00:00
97632.2,97950.0,97550.0,97719.1,241140.36,2411.4036,235683508.35859,1,2025-02-15 12:00:00
97719.2,97796.2,97420.5,97639.9,261673.2,2616.732,255406459.73373,1,2025-02-15 14:00:00
97640.0,97725.0,97321.1,97417.9,196085.32,1960.8532,191172199.05139,1,2025-02-15 16:00:00
97417.8,97676.9,97379.5,97555.4,121803.72,1218.0372,118826413.82238,1,2025-02-15 18:00:00
97555.4,97706.9,97426.6,97704.0,126041.43,1260.4143,123007981.58037,1,2025-02-15 20:00:00
97704.0,97766.0,97437.5,97590.6,158859.09,1588.5909,154979816.51349,1,2025-02-15 22:00:00
97590.5,97731.8,97553.1,97652.0,103501.87,1035.0187,101068654.10004,1,2025-02-16 00:00:00
97652.1,97678.0,97408.0,97555.0,215100.23,2151.0023,209780637.38477,1,2025-02-16 02:00:00
97555.0,97687.6,97476.9,97604.5,152117.07,1521.1707,148405632.46911,1,2025-02-16 04:00:00
97604.5,97625.0,97212.2,97259.1,213023.17,2130.2317,207528642.68203,1,2025-02-16 06:00:00
97259.2,97380.0,97064.5,97371.3,290336.8,2903.368,282255820.99524,1,2025-02-16 08:00:00
97371.4,97420.0,97163.7,97356.0,151253.77,1512.5377,147150370.8756,1,2025-02-16 10:00:00
97356.0,97356.1,96712.0,96851.3,380910.04,3809.1004,369650437.1497,1,2025-02-16 12:00:00
96851.3,97107.8,96687.0,96900.0,337629.19,3376.2919,327129683.21007,1,2025-02-16 14:00:00
96900.0,97174.5,96877.7,96978.3,148702.39,1487.0239,144302232.76909,1,2025-02-16 16:00:00
96978.3,97120.0,96575.2,97072.5,248149.86,2481.4986,240344048.37677,1,2025-02-16 18:00:00
97072.4,97344.0,96858.9,97192.1,133772.18,1337.7218,129902684.58206,1,2025-02-16 20:00:00
97192.2,97209.3,96050.0,96113.5,519004.51,5190.0451,500451727.15836,1,2025-02-16 22:00:00
96113.5,96544.4,96032.3,96503.5,410217.22,4102.1722,395020609.89781,1,2025-02-17 00:00:00
96503.5,96639.0,96060.0,96211.1,282769.91,2827.6991,272258309.70041,1,2025-02-17 02:00:00
96211.1,96320.0,95773.5,96238.0,444824.43,4448.2443,427347393.30942,1,2025-02-17 04:00:00
96238.0,96469.0,95901.0,96075.0,346019.41,3460.1941,332948962.18821,1,2025-02-17 06:00:00
96075.0,96324.9,95950.0,96168.1,314937.51,3149.3751,302830601.73493,1,2025-02-17 08:00:00
96168.1,96400.0,95981.8,96074.7,379810.76,3798.1076,365331266.44555,1,2025-02-17 10:00:00
96075.7,96535.6,96064.1,96400.4,330057.49,3300.5749,317950807.4159,1,2025-02-17 12:00:00
96400.4,97051.9,95550.7,95666.2,966799.96,9667.9996,931655047.32855,1,2025-02-17 14:00:00
95666.2,95945.9,95272.4,95474.1,731742.81,7317.4281,699144967.81574,1,2025-02-17 16:00:00
95474.1,95766.4,95154.7,95530.4,393832.76,3938.3276,375775397.93687,1,2025-02-17 18:00:00
95530.4,96418.8,95486.4,96410.1,344392.19,3443.9219,330760090.56339,1,2025-02-17 20:00:00
96410.2,96418.9,95706.3,95784.0,199981.63,1999.8163,191937995.86911,1,2025-02-17 22:00:00
95784.1,96300.0,95559.3,96265.8,379139.65,3791.3965,363625244.61233,1,2025-02-18 00:00:00
96265.9,96326.0,95991.0,96184.2,230259.52,2302.5952,221450314.35424,1,2025-02-18 02:00:00
96184.2,96301.0,95550.5,95611.7,362661.74,3626.6174,347828248.93491,1,2025-02-18 04:00:00
95611.7,95732.1,95253.0,95463.9,546516.54,5465.1654,521623846.19986,1,2025-02-18 06:00:00
95463.9,95799.0,95021.9,95792.5,504395.87,5043.9587,481206463.09193,1,2025-02-18 08:00:00
95792.5,95888.0,95562.2,95638.6,298838.21,2988.3821,286074506.88974,1,2025-02-18 10:00:00
95638.6,96500.0,95593.7,96228.9,565401.91,5654.0191,543687686.94947,1,2025-02-18 12:00:00
96228.9,96767.4,95200.0,95549.9,1105496.8,11054.968,1059609610.19239,1,2025-02-18 14:00:00
95549.9,95648.0,94111.2,94121.0,1253832.18,12538.3218,1187992096.19134,1,2025-02-18 16:00:00
94121.1,94399.0,93365.4,94104.1,1234121.77,12341.2177,1158472489.67464,1,2025-02-18 18:00:00
94104.2,95344.7,93732.3,95072.1,807222.18,8072.2218,764002179.73433,1,2025-02-18 20:00:00
95072.2,95674.4,94873.2,95662.3,380690.63,3806.9063,363091840.93361,1,2025-02-18 22:00:00
95662.3,95830.0,95058.0,95479.9,447401.75,4474.0175,426979078.24623,1,2025-02-19 00:00:00
95479.9,95979.7,95451.8,95716.6,342286.38,3422.8638,327564433.72521,1,2025-02-19 02:00:00
95716.7,95780.6,95050.0,95300.1,366645.74,3666.4574,349551499.24519,1,2025-02-19 04:00:00
95300.1,95850.0,95255.1,95690.0,365955.06,3659.5506,349878641.29603,1,2025-02-19 06:00:00
95690.0,96044.1,95630.1,95948.3,321730.34,3217.3034,308263533.06064,1,2025-02-19 08:00:00
95948.3,96477.3,95948.3,96439.2,637448.68,6374.4868,613964133.77717,1,2025-02-19 10:00:00
96439.2,96520.0,96169.7,96306.1,409715.16,4097.1516,394725581.47049,1,2025-02-19 12:00:00
96306.1,96724.0,95533.3,95937.3,1290143.17,12901.4317,1240163505.78152,1,2025-02-19 14:00:00
95937.2,96511.0,95937.2,96391.4,524002.98,5240.0298,504551836.02518,1,2025-02-19 16:00:00
96391.5,96424.5,95408.9,96197.5,687076.32,6870.7632,658909563.65832,1,2025-02-19 18:00:00
96193.9,96481.9,96050.0,96308.9,372786.1,3727.861,359037836.0258,1,2025-02-19 20:00:00
96308.9,96896.2,96308.8,96641.3,321127.37,3211.2737,310339571.35858,1,2025-02-19 22:00:00
96641.4,97000.0,96413.8,96776.0,269821.61,2698.2161,261007936.26169,1,2025-02-20 00:00:00
96775.9,97432.0,96741.1,97064.6,569947.17,5699.4717,553483610.88403,1,2025-02-20 02:00:00
97064.6,97380.8,96888.0,96920.6,410807.56,4108.0756,399046806.50644,1,2025-02-20 04:00:00
96920.6,97111.9,96759.0,96870.5,282284.11,2822.8411,273584980.73766,1,2025-02-20 06:00:00
96870.6,97284.9,96803.0,97183.8,295247.43,2952.4743,286687895.44703,1,2025-02-20 08:00:00
97183.9,97371.0,97092.8,97199.9,238465.12,2384.6512,231890891.13578,1,2025-02-20 10:00:00
97199.9,97564.8,97199.9,97546.9,459031.38,4590.3138,447218463.64837,1,2025-02-20 12:00:00
97547.0,98040.2,96768.1,96912.5,1635513.37,16355.1337,1592939323.45505,1,2025-02-20 14:00:00
96912.5,98013.4,96874.0,97958.7,978910.07,9789.1007,956497070.17747,1,2025-02-20 16:00:00
97958.7,98530.0,97940.0,98412.4,651369.17,6513.6917,640260567.83636,1,2025-02-20 18:00:00
98412.4,98724.9,98011.0,98089.8,361394.42,3613.9442,355718102.52457,1,2025-02-20 20:00:00
98089.7,98519.9,98058.4,98299.5,238448.31,2384.4831,234384059.02957,1,2025-02-20 22:00:00
98299.5,98500.0,98062.0,98303.8,225413.08,2254.1308,221487529.83917,1,2025-02-21 00:00:00
98303.8,98387.8,98093.8,98159.5,239755.31,2397.5531,235494157.75539,1,2025-02-21 02:00:00
98159.5,98399.5,98130.0,98347.2,216862.1,2168.621,213089048.62419,1,2025-02-21 04:00:00
98347.2,98618.4,98161.7,98180.0,252998.23,2529.9823,248918343.28303,1,2025-02-21 06:00:00
98180.0,98980.3,98101.9,98344.6,734438.98,7344.3898,723121519.12148,1,2025-02-21 08:00:00
98344.5,98818.6,98245.0,98615.9,414127.23,4141.2723,408084048.82927,1,2025-02-21 10:00:00
98616.0,99488.0,98509.7,99331.0,978694.53,9786.9453,970041946.72553,1,2025-02-21 12:00:00
99331.1,99380.0,97180.9,98129.5,2898166.3,28981.663,2848148575.01201,1,2025-02-21 14:00:00
98129.6,98776.0,96833.1,96972.7,1662912.76,16629.1276,1627531143.24586,1,2025-02-21 16:00:00
96972.7,97230.0,95187.5,95242.1,1979548.12,19795.4812,1905454353.37531,1,2025-02-21 18:00:00
95242.1,95625.7,94840.6,95354.1,1123873.72,11238.7372,1070195144.64134,1,2025-02-21 20:00:00
95354.0,96158.5,95200.3,96138.4,534432.77,5344.3277,511395749.84993,1,2025-02-21 22:00:00
96138.4,96425.0,95743.3,96210.5,348645.26,3486.4526,335123019.05726,1,2025-02-22 00:00:00
96210.5,96429.2,96073.6,96271.9,258535.34,2585.3534,248829209.40603,1,2025-02-22 02:00:00
96271.8,96519.0,96244.5,96498.9,194128.85,1941.2885,187160088.82869,1,2025-02-22 04:00:00
96499.0,96568.0,96269.9,96269.9,235764.49,2357.6449,227345705.55923,1,2025-02-22 06:00:00
96270.0,96514.0,96115.8,96479.2,312398.7,3123.987,300805041.92214,1,2025-02-22 08:00:00
96479.3,96599.9,96410.0,96568.8,225105.39,2251.0539,217267786.85267,1,2025-02-22 10:00:00
96568.9,97000.0,96506.0,96543.8,460541.66,4605.4166,445518446.51878,1,2025-02-22 12:00:00
96543.9,96729.9,96488.8,96595.2,267136.22,2671.3622,258066381.28778,1,2025-02-22 14:00:00
96595.3,96813.7,96427.5,96641.4,337137.78,3371.3778,325847922.65284,1,2025-02-22 16:00:00
96641.4,96839.4,96358.5,96645.1,214444.24,2144.4424,207119163.12719,1,2025-02-22 18:00:00
96645.1,96679.8,96507.3,96652.4,121556.05,1215.5605,117395358.5223,1,2025-02-22 20:00:00
96652.5,96714.8,96464.4,96540.1,92476.86,924.7686,89335758.83344,1,2025-02-22 22:00:00
96540.1,96643.0,96368.0,96452.4,120941.19,1209.4119,116709666.80651,1,2025-02-23 00:00:00
96452.4,96580.1,96380.1,96409.7,122577.15,1225.7715,118238599.98052,1,2025-02-23 02:00:00
96409.7,96528.6,96211.3,96215.9,199741.99,1997.4199,192441010.49629,1,2025-02-23 04:00:00
96215.9,96560.0,96140.0,96505.1,259021.9,2590.219,249634763.9801,1,2025-02-23 06:00:00
96505.0,96505.1,96250.0,96272.5,162480.41,1624.8041,156555133.88843,1,2025-02-23 08:00:00
96272.5,96291.1,96081.6,96118.1,194950.62,1949.5062,187496634.83927,1,2025-02-23 10:00:00
96118.0,96170.6,95651.8,95979.0,531013.03,5310.1303,509045321.99072,1,2025-02-23 12:00:00
95979.0,96053.6,95401.9,95446.5,438070.92,4380.7092,419196270.20937,1,2025-02-23 14:00:00
95446.4,95764.6,95260.0,95659.3,350121.72,3501.2172,334334607.81055,1,2025-02-23 16:00:00
95659.2,95907.2,95619.6,95756.5,179794.1,1797.941,172205555.32864,1,2025-02-23 18:00:00
95756.6,95816.5,95619.5,95758.5,103941.47,1039.4147,99480303.91986,1,2025-02-23 20:00:00
95758.5,96340.2,95539.0,96268.1,375306.23,3753.0623,360302451.2178,1,2025-02-23 22:00:00
96268.2,96532.0,95757.8,95985.9,507433.92,5074.3392,488224182.26246,1,2025-02-24 00:00:00
95985.9,96211.8,95305.6,95439.3,473043.57,4730.4357,452777878.85345,1,2025-02-24 02:00:00
95439.3,95771.4,95028.0,95728.1,585561.97,5855.6197,558494522.28988,1,2025-02-24 04:00:00
95728.0,95963.4,95611.2,95877.0,268843.12,2688.4312,257565936.45611,1,2025-02-24 06:00:00
95877.1,96180.0,95384.0,95763.4,549191.08,5491.9108,525748162.1901,1,2025-02-24 08:00:00
95763.4,95929.6,95343.7,95830.0,446492.79,4464.9279,426893879.81982,1,2025-02-24 10:00:00
95830.1,96100.0,95317.7,95598.1,720511.34,7205.1134,689721318.32467,1,2025-02-24 12:00:00
95598.0,95800.0,93813.8,94329.1,1939989.42,19399.8942,1837193935.86189,1,2025-02-24 14:00:00
94329.0,95192.8,94115.0,94637.8,1103548.92,11035.4892,1045299630.2168,1,2025-02-24 16:00:00
94637.7,94853.3,93654.8,93946.3,721998.58,7219.9858,680387746.03495,1,2025-02-24 18:00:00
93949.3,94592.5,93618.0,93979.1,637956.3,6379.563,600613156.58411,1,2025-02-24 20:00:00
93979.1,94000.0,91324.4,91550.1,2025426.42,20254.2642,1875954255.00922,1,2025-02-24 22:00:00
91550.1,92399.0,90866.1,92021.4,1622419.25,16224.1925,1488064766.10761,1,2025-02-25 00:00:00
92021.4,92543.0,91601.0,92159.7,603151.08,6031.5108,555849658.82409,1,2025-02-25 02:00:00
92159.7,92318.2,91699.2,92077.2,460845.94,4608.4594,423974658.52743,1,2025-02-25 04:00:00
92077.2,92133.8,88181.2,89310.1,3389933.83,33899.3383,3043734290.70934,1,2025-02-25 06:00:00
89310.1,89999.0,88303.6,88335.7,1582872.36,15828.7236,1413148132.96106,1,2025-02-25 08:00:00
88335.8,89376.3,86866.9,89250.0,3010362.65,30103.6265,2651179415.85342,1,2025-02-25 10:00:00
89250.0,89567.8,88747.5,88849.1,971966.35,9719.6635,866664818.35168,1,2025-02-25 12:00:00
88849.1,89411.9,86042.0,87238.9,3934021.3,39340.213,3435371715.00713,1,2025-02-25 14:00:00
87239.0,87819.8,86157.3,87278.0,2011815.24,20118.1524,1752281396.48832,1,2025-02-25 16:00:00
87278.0,88076.0,86500.0,87950.0,1261958.54,12619.5854,1100907433.04443,1,2025-02-25 18:00:00
87949.9,89036.0,87626.0,88808.6,1315975.95,13159.7595,1162360066.43534,1,2025-02-25 20:00:00
88808.6,89462.8,88500.1,88676.4,648732.67,6487.3267,577160384.31024,1,2025-02-25 22:00:00
88676.4,88840.0,88143.0,88700.1,498787.78,4987.8778,441077091.01154,1,2025-02-26 00:00:00
88700.1,89400.0,88420.6,88886.1,517450.61,5174.5061,460482847.70203,1,2025-02-26 02:00:00
88886.0,89250.0,88388.0,88421.7,367701.4,3677.014,326608156.74617,1,2025-02-26 04:00:00
88421.8,89190.5,88412.6,88718.5,444059.93,4440.5993,394276965.78456,1,2025-02-26 06:00:00
88718.6,89299.4,88127.0,89109.9,610066.55,6100.6655,541227759.73563,1,2025-02-26 08:00:00
89109.9,89308.9,88525.0,88608.3,501625.41,5016.2541,446231033.75079,1,2025-02-26 10:00:00
88608.4,88677.6,87018.7,87197.7,1147785.69,11477.8569,1008884512.37437,1,2025-02-26 12:00:00
87197.7,88532.8,85400.1,87561.9,3779247.87,37792.4787,3284834657.29626,1,2025-02-26 14:00:00
87561.9,87809.6,85666.0,86050.0,2087139.25,20871.3925,1811288306.98042,1,2025-02-26 16:00:00
86050.1,86488.0,83355.9,83860.0,3960965.32,39609.6532,3351288266.51409,1,2025-02-26 18:00:00
83860.1,85158.0,82228.0,84626.0,3021404.93,30214.0493,2530480401.60897,1,2025-02-26 20:00:00
84626.0,85408.7,83917.0,84245.5,934874.9,9348.749,791041009.78623,1,2025-02-26 22:00:00
84245.5,85465.9,84026.2,84756.3,915180.89,9151.8089,775099145.69078,1,2025-02-27 00:00:00
84756.3,85333.0,84201.0,85210.9,776766.32,7767.6632,658670058.07426,1,2025-02-27 02:00:00
85210.8,85972.0,84686.0,85885.9,738821.4,7388.214,630447304.19562,1,2025-02-27 04:00:00
85885.9,86729.9,85701.7,86261.9,811271.94,8112.7194,699784539.15834,1,2025-02-27 06:00:00
86261.9,86430.0,85854.9,86166.2,566610.7,5666.107,487970385.17689,1,2025-02-27 08:00:00
86166.2,87097.0,86033.0,86685.7,821324.01,8213.2401,711602165.29248,1,2025-02-27 10:00:00
86685.8,86780.0,85780.0,86129.0,889649.55,8896.4955,767917114.5731,1,2025-02-27 12:00:00
86129.0,86440.0,84652.6,85514.1,2224461.08,22244.6108,1903539345.74149,1,2025-02-27 14:00:00
85514.1,85710.0,84349.0,84618.4,1128060.63,11280.6063,957057288.10054,1,2025-02-27 16:00:00
84618.3,84995.7,83618.9,84126.1,1108662.7,11086.627,934058587.258,1,2025-02-27 18:00:00
84126.0,84428.5,82706.8,84419.8,1489607.47,14896.0747,1243371121.07549,1,2025-02-27 20:00:00
84419.8,84921.0,83877.8,84701.5,472109.31,4721.0931,398751276.21724,1,2025-02-27 22:00:00
84701.6,84893.0,81016.6,81666.2,2471311.98,24713.1198,2039009376.13611,1,2025-02-28 00:00:00
81666.1,82882.4,79500.0,80451.8,4235851.03,42358.5103,3424433312.57362,1,2025-02-28 02:00:00
80451.8,80985.3,79121.6,79965.9,2766217.4,27662.174,2212422617.48906,1,2025-02-28 04:00:00
79965.9,80437.3,78831.1,79204.0,2110172.01,21101.7201,1677949326.10468,1,2025-02-28 06:00:00
79204.1,80742.5,78234.0,80341.0,2563382.87,25633.8287,2034069496.61542,1,2025-02-28 08:00:00
80340.9,80842.1,79538.5,80515.9,1116231.43,11162.3143,894944178.85145,1,2025-02-28 10:00:00
80515.9,81756.7,80049.4,81503.4,1528514.45,15285.1445,1238184713.45083,1,2025-02-28 12:00:00
81503.4,84427.4,81085.0,83989.0,3194243.69,31942.4369,2647178693.16196,1,2025-02-28 14:00:00
83988.8,84937.3,83502.0,83607.0,1716711.55,17167.1155,1443508000.39461,1,2025-02-28 16:00:00
83606.9,85130.0,83175.0,84432.8,1315697.72,13156.9772,1108702900.113,1,2025-02-28 18:00:00
84432.8,84788.0,83580.0,84249.9,670478.85,6704.7885,563747575.94036,1,2025-02-28 20:00:00
84250.0,84569.2,83880.1,84352.5,310036.51,3100.3651,261106360.68054,1,2025-02-28 22:00:00
84352.5,84887.9,83806.4,84655.4,533708.12,5337.0812,449854717.86737,1,2025-03-01 00:00:00
84655.5,85686.3,84339.4,85316.3,1020221.63,10202.2163,868399626.85972,1,2025-03-01 02:00:00
85316.3,86555.0,85296.1,85597.9,1080564.88,10805.6488,929432454.30485,1,2025-03-01 04:00:00
85597.8,85673.0,84729.0,84744.1,707227.8,7072.278,601866475.95748,1,2025-03-01 06:00:00
84744.0,85499.0,84744.0,85369.4,505808.27,5058.0827,431037307.32808,1,2025-03-01 08:00:00
85369.3,85442.2,84360.2,84626.9,669666.78,6696.6678,567770408.11542,1,2025-03-01 10:00:00
84626.9,84945.4,84311.0,84529.6,499523.09,4995.2309,422532770.88788,1,2025-03-01 12:00:00
84529.6,84922.9,84418.0,84787.1,382340.01,3823.4001,323789912.10329,1,2025-03-01 14:00:00
84787.0,85360.0,84682.3,85195.2,452079.2,4520.792,384482496.98076,1,2025-03-01 16:00:00
85195.2,85615.6,85059.0,85480.9,282653.5,2826.535,241172802.54463,1,2025-03-01 18:00:00
85480.8,86152.9,85273.0,86073.2,302941.34,3029.4134,259451103.17904,1,2025-03-01 20:00:00
86073.2,86299.7,85660.0,86056.9,323794.98,3237.9498,278262071.48122,1,2025-03-01 22:00:00
86056.9,86364.4,85800.5,86350.4,378974.36,3789.7436,326555485.43786,1,2025-03-02 00:00:00
86350.4,86495.6,85605.7,85858.1,499357.03,4993.5703,429331656.59049,1,2025-03-02 02:00:00
85858.0,86075.2,85534.7,85950.0,341082.33,3410.8233,292613841.2597,1,2025-03-02 04:00:00
85949.9,86643.2,85912.4,86224.2,441405.36,4414.0536,380855534.50646,1,2025-03-02 06:00:00
86224.2,86256.0,85660.0,85899.5,426215.38,4262.1538,366134273.65521,1,2025-03-02 08:00:00
85899.5,86230.0,85780.0,86089.2,216340.13,2163.4013,186042749.79239,1,2025-03-02 10:00:00
86089.2,86104.6,85452.9,85712.4,391248.71,3912.4871,335518421.47237,1,2025-03-02 12:00:00
85712.3,88688.0,85042.8,87432.5,3085312.97,30853.1297,2682997424.65264,1,2025-03-02 14:00:00
87432.6,95050.0,87300.0,94110.0,6969205.48,69692.0548,6380992336.17309,1,2025-03-02 16:00:00
94109.9,94432.9,92388.0,93519.3,1887150.67,18871.5067,1760064697.18627,1,2025-03-02 18:00:00
93519.3,94467.3,93515.0,94306.9,863641.46,8636.4146,811610585.52194,1,2025-03-02 20:00:00
94306.8,94874.3,93863.0,94283.1,815844.34,8158.4434,770316605.88029,1,2025-03-02 22:00:00
94282.9,94439.9,92668.2,93095.2,958150.28,9581.5028,894483157.29516,1,2025-03-03 00:00:00
93095.3,93460.0,92438.0,92717.8,733058.93,7330.5893,680921465.67935,1,2025-03-03 02:00:00
92717.9,93350.0,92582.9,93348.0,399017.3,3990.173,370949157.67464,1,2025-03-03 04:00:00
93347.9,93347.9,91179.0,92380.0,1501876.75,15018.7675,1381829095.65306,1,2025-03-03 06:00:00
92382.9,92404.9,91147.3,91844.0,939121.74,9391.2174,861679221.60999,1,2025-03-03 08:00:00
91844.0,92932.0,91533.3,92736.6,719443.49,7194.4349,664618295.90711,1,2025-03-03 10:00:00
92736.6,93690.0,92638.0,93565.9,925617.94,9256.1794,862177913.97373,1,2025-03-03 12:00:00
93566.0,93719.1,89118.0,90036.8,4559292.25,45592.9225,4144077086.88225,1,2025-03-03 14:00:00
90036.8,91038.5,89687.5,90292.4,1161484.6,11614.846,1048692777.32652,1,2025-03-03 16:00:00
90292.5,90450.0,85509.5,85591.7,3754829.45,37548.2945,3285710419.76138,1,2025-03-03 18:00:00
85586.8,86600.1,85112.0,85364.9,1821308.75,18213.0875,1563711668.03595,1,2025-03-03 20:00:00
85364.9,87030.1,85300.3,86227.8,713885.16,7138.8516,616414721.29453,1,2025-03-03 22:00:00
86227.8,86799.2,82620.0,83387.9,2216585.35,22165.8535,1871872474.80759,1,2025-03-04 00:00:00
83388.5,84457.8,82467.7,83983.8,1585427.06,15854.2706,1324637605.76304,1,2025-03-04 02:00:00
83983.8,84601.0,83301.1,84277.8,837296.09,8372.9609,702630853.89223,1,2025-03-04 04:00:00
84277.8,84405.0,83138.4,83196.4,625546.31,6255.4631,523668448.66288,1,2025-03-04 06:00:00
83196.4,84188.0,83027.8,83734.1,735773.67,7357.7367,615639225.55768,1,2025-03-04 08:00:00
83734.1,84364.8,83480.0,83926.2,576435.77,5764.3577,483608264.79531,1,2025-03-04 10:00:00
83926.3,83968.0,82265.3,82822.1,1479379.32,14793.7932,1230343019.65309,1,2025-03-04 12:00:00
82822.1,84994.8,81488.0,82977.9,4176358.09,41763.5809,3474562379.60026,1,2025-03-04 14:00:00
82977.9,85534.7,82002.9,85429.1,2241726.14,22417.2614,1876479303.52146,1,2025-03-04 16:00:00
85429.0,88500.0,85125.7,88200.1,2257404.65,22574.0465,1964843084.85879,1,2025-03-04 18:00:00
88200.1,88955.0,86563.3,87524.1,1824153.52,18241.5352,1601761904.34511,1,2025-03-04 20:00:00
87524.2,87986.7,87102.9,87280.8,419979.68,4199.7968,367647422.43909,1,2025-03-04 22:00:00
87280.7,87796.7,86355.7,87622.1,737236.05,7372.3605,641808485.46469,1,2025-03-05 00:00:00
87622.1,87903.2,86738.4,86855.9,605798.18,6057.9818,529865991.10256,1,2025-03-05 02:00:00
86855.9,87399.0,86735.0,87138.0,399116.96,3991.1696,347407228.3177,1,2025-03-05 04:00:00
87137.9,87732.8,87002.0,87618.0,380787.58,3807.8758,332942781.0541,1,2025-03-05 06:00:00
87618.0,88817.0,87588.6,88468.5,747360.83,7473.6083,659381667.71646,1,2025-03-05 08:00:00
88468.6,90655.1,88362.4,89807.5,1724361.09,17243.6109,1547140592.52265,1,2025-03-05 10:00:00
89807.5,90944.9,89126.3,89466.5,1957659.34,19576.5934,1762989753.35052,1,2025-03-05 12:00:00
89466.5,89843.0,87920.1,88342.1,2407105.65,24071.0565,2138899026.10347,1,2025-03-05 14:00:00
88342.0,90482.4,87588.0,89690.0,1891450.02,18914.5002,1682631158.72202,1,2025-03-05 16:00:00
89689.9,90166.5,88869.6,89744.0,1028221.74,10282.2174,920253130.28834,1,2025-03-05 18:00:00
89743.9,90694.7,89680.0,90360.0,538501.4,5385.014,485707638.42068,1,2025-03-05 20:00:00
90359.0,91068.6,90008.8,90610.9,423892.69,4238.9269,383887732.9524,1,2025-03-05 22:00:00
90611.0,91919.0,89980.0,91044.1,939399.11,9393.9911,853787407.64835,1,2025-03-06 00:00:00
91044.1,92069.7,90980.3,91622.9,936247.33,9362.4733,857575522.30914,1,2025-03-06 02:00:00
91622.9,92845.3,91525.8,92746.5,853047.82,8530.4782,787038981.37909,1,2025-03-06 04:00:00
92746.6,92781.4,91275.4,91360.1,775997.22,7759.9722,713420915.69887,1,2025-03-06 06:00:00
91360.0,91611.6,90623.0,90756.0,851865.64,8518.6564,776009512.35683,1,2025-03-06 08:00:00
90756.0,91686.0,90612.3,91347.9,711947.95,7119.4795,649811914.88702,1,2025-03-06 10:00:00
91348.0,91411.5,89480.6,89572.0,1399425.89,13994.2589,1263364929.69172,1,2025-03-06 12:00:00
89572.1,91467.9,89107.2,90825.9,2377764.57,23777.6457,2145994388.40586,1,2025-03-06 14:00:00
90826.0,91074.5,88004.0,88630.5,2018194.15,20181.9415,1802540763.01476,1,2025-03-06 16:00:00
88630.4,89393.6,87833.0,88529.1,1212135.31,12121.3531,1073474646.50034,1,2025-03-06 18:00:00
88529.1,89990.1,88455.7,89928.9,799561.55,7995.6155,713136808.71389,1,2025-03-06 20:00:00
89925.4,90784.8,89492.6,89933.7,901359.8,9013.598,813688401.85724,1,2025-03-06 22:00:00
89933.7,91304.7,84628.0,88256.1,4992937.1,49929.371,4357589205.50003,1,2025-03-07 00:00:00
88256.2,88465.8,86780.1,86989.4,1009619.54,10096.1954,884188649.88533,1,2025-03-07 02:00:00
86989.4,88444.2,86834.0,88213.2,681784.3,6817.843,598458051.51803,1,2025-03-07 04:00:00
88213.3,88626.0,87801.7,88362.3,499714.56,4997.1456,440938289.1081,1,2025-03-07 06:00:00
88362.4,89730.0,87977.9,88932.6,835097.9,8350.979,741676914.54776,1,2025-03-07 08:00:00
88933.7,89461.9,88720.4,88979.9,438411.59,4384.1159,390539261.85152,1,2025-03-07 10:00:00
88979.8,90351.4,88274.5,89138.8,1843832.33,18438.3233,1649324073.48059,1,2025-03-07 12:00:00
89138.9,91129.7,88020.0,88470.7,3357456.95,33574.5695,3004328877.85441,1,2025-03-07 14:00:00
88470.6,88983.3,86513.2,87699.2,2918762.91,29187.6291,2556643894.38784,1,2025-03-07 16:00:00
87699.3,89087.3,87319.3,87832.0,1663102.41,16631.0241,1468216855.19287,1,2025-03-07 18:00:00
87832.0,88533.0,85558.0,86292.4,2272010.88,22720.1088,1974122970.22461,1,2025-03-07 20:00:00
86287.1,86844.0,85602.9,86784.9,769138.95,7691.3895,663437129.04236,1,2025-03-07 22:00:00
86784.9,86907.4,85210.0,86107.9,696259.72,6962.5972,599055816.59741,1,2025-03-08 00:00:00
86108.0,86345.5,85436.2,85908.0,424428.28,4244.2828,364896395.26456,1,2025-03-08 02:00:00
85908.1,86516.0,85650.8,86291.8,412942.89,4129.4289,355963694.71965,1,2025-03-08 04:00:00
86291.8,86673.7,86070.0,86188.8,397523.79,3975.2379,343395849.84763,1,2025-03-08 06:00:00
86188.7,86472.6,85830.4,85948.1,429743.6,4297.436,370373429.12983,1,2025-03-08 08:00:00
85948.0,86259.3,85746.1,85962.1,319815.25,3198.1525,274975946.23522,1,2025-03-08 10:00:00
85962.1,86566.9,85801.1,86322.0,435657.74,4356.5774,375733304.44796,1,2025-03-08 12:00:00
86322.0,86636.0,86200.1,86401.8,335379.09,3353.7909,289785793.5523,1,2025-03-08 14:00:00
86401.9,86455.5,85660.3,85944.8,535891.13,5358.9113,460816410.06994,1,2025-03-08 16:00:00
85945.7,86521.0,85786.8,86242.0,253621.52,2536.2152,218556894.25935,1,2025-03-08 18:00:00
86241.9,86511.4,86178.5,86239.1,139191.19,1391.9119,120167529.70727,1,2025-03-08 20:00:00
86239.0,86422.0,85836.2,86239.3,304325.13,3043.2513,262218057.68618,1,2025-03-08 22:00:00
86239.4,86520.0,86101.6,86198.2,233766.83,2337.6683,201846972.35461,1,2025-03-09 00:00:00
86198.2,86287.8,85952.4,86117.5,179445.52,1794.4552,154521079.68187,1,2025-03-09 02:00:00
86117.5,86162.5,85916.7,86024.2,187932.3,1879.323,161695269.15233,1,2025-03-09 04:00:00
86024.1,86175.2,85792.5,86016.9,248707.03,2487.0703,213809611.014,1,2025-03-09 06:00:00
86016.9,86120.0,85376.4,85569.6,379846.07,3798.4607,325713606.15765,1,2025-03-09 08:00:00
85569.5,85634.4,84609.8,85018.0,971766.47,9717.6647,826449360.58445,1,2025-03-09 10:00:00
85018.0,85063.9,83456.0,83464.6,1215310.54,12153.1054,1024284291.53962,1,2025-03-09 12:00:00
83464.5,83827.5,82733.0,83062.2,1485505.86,14855.0586,1238025357.58969,1,2025-03-09 14:00:00
83062.2,83771.0,82210.9,82362.6,1554568.28,15545.6828,1286458559.15236,1,2025-03-09 16:00:00
82362.7,83332.0,82264.0,82631.8,977355.59,9773.5559,808787932.62261,1,2025-03-09 18:00:00
82631.8,83575.5,81542.0,81850.8,897912.7,8979.127,740833572.61731,1,2025-03-09 20:00:00
81850.7,82068.7,79940.0,80734.3,1683929.48,16839.2948,1361360395.45415,1,2025-03-09 22:00:00
80734.3,81881.0,80023.2,81756.0,1362532.55,13625.3255,1104857679.22879,1,2025-03-10 00:00:00
81756.0,82742.2,81519.0,82042.1,866962.74,8669.6274,712391179.23349,1,2025-03-10 02:00:00
82042.1,82799.0,82000.0,82323.5,445353.24,4453.5324,367189278.65037,1,2025-03-10 04:00:00
82323.5,82699.0,81976.0,82316.1,394197.08,3941.9708,324301430.52934,1,2025-03-10 06:00:00
82316.1,84084.5,81143.8,82517.0,2133898.11,21338.9811,1762121728.81147,1,2025-03-10 08:00:00
82517.0,83800.0,81612.3,83580.0,1167636.23,11676.3623,964026488.69636,1,2025-03-10 10:00:00
83579.9,83776.0,81408.0,81534.6,1802859.96,18028.5996,1490086655.14482,1,2025-03-10 12:00:00
81534.0,81534.0,79142.6,80038.0,3573756.15,35737.5615,2864746345.02144,1,2025-03-10 14:00:00
80038.1,80250.0,78166.1,78456.4,2266517.88,22665.1788,1790830353.32104,1,2025-03-10 16:00:00
78456.3,79533.6,77450.0,79071.9,2469946.83,24699.4683,1936106265.52212,1,2025-03-10 18:00:00
79075.1,79886.5,78410.6,79568.8,928824.16,9288.2416,735997582.69396,1,2025-03-10 20:00:00
79568.7,79843.6,78480.0,78596.8,601628.79,6016.2879,476409364.39063,1,2025-03-10 22:00:00
78596.8,79248.8,76600.0,79110.4,2645189.62,26451.8962,2055948991.40467,1,2025-03-11 00:00:00
79110.5,79945.9,78920.5,79518.4,992132.66,9921.3266,787806674.98446,1,2025-03-11 02:00:00
79518.4,80479.2,79438.0,80263.3,910612.11,9106.1211,728896499.69385,1,2025-03-11 04:00:00
80263.3,80626.1,80090.1,80428.2,557835.2,5578.352,448323775.52981,1,2025-03-11 06:00:00
80428.2,81890.0,80325.9,81448.4,1186394.21,11863.9421,963696478.17191,1,2025-03-11 08:00:00
81448.5,82107.3,81260.2,81720.2,725772.94,7257.7294,593093385.28179,1,2025-03-11 10:00:00
81720.1,82284.5,80532.1,80913.2,2531812.72,25318.1272,2059024394.29985,1,2025-03-11 12:00:00
80913.2,81675.0,79058.0,81218.1,3825247.08,38252.4708,3077652504.27605,1,2025-03-11 14:00:00
81218.2,81900.4,80635.5,81299.9,1502565.38,15025.6538,1221420173.59439,1,2025-03-11 16:00:00
81300.0,83632.2,81279.8,83103.3,1744647.99,17446.4799,1444055221.46407,1,2025-03-11 18:00:00
83107.6,83258.2,82605.9,83109.6,437825.18,4378.2518,363149899.21369,1,2025-03-11 20:00:00
83108.9,83327.5,82556.8,82944.2,373655.21,3736.5521,309907627.63729,1,2025-03-11 22:00:00
82944.1,83786.0,82600.0,83312.0,669713.0,6697.13,556867350.64952,1,2025-03-12 00:00:00
83312.0,83324.5,82104.0,82130.1,838889.6,8388.896,692661358.43846,1,2025-03-12 02:00:00
82130.2,82195.8,81602.1,81983.4,661422.73,6614.2273,541506701.75533,1,2025-03-12 04:00:00
81983.3,82546.8,81286.2,82434.9,947862.86,9478.6286,775322088.05615,1,2025-03-12 06:00:00
82435.0,82933.5,82012.8,82671.1,1078332.43,10783.3243,889613917.11725,1,2025-03-12 08:00:00
82671.0,83082.2,82100.0,83007.0,605542.82,6055.4282,499978950.97813,1,2025-03-12 10:00:00
83007.0,84547.4,82353.4,82695.9,2838698.86,28386.9886,2373096410.85164,1,2025-03-12 12:00:00
82696.0,82923.1,80600.0,81729.6,2443654.43,24436.5443,1995357340.30513,1,2025-03-12 14:00:00
81729.6,82883.9,81616.0,81844.7,1251861.36,12518.6136,1028713727.70309,1,2025-03-12 16:00:00
81844.7,83158.0,81720.0,82918.5,814595.41,8145.9541,672997337.81223,1,2025-03-12 18:00:00
82919.1,83330.0,82706.0,83090.1,301539.75,3015.3975,250428884.48587,1,2025-03-12 20:00:00
83090.1,83895.6,83082.0,83692.1,416094.89,4160.9489,347642647.50216,1,2025-03-12 22:00:00
83692.0,84236.5,83310.0,83921.9,626763.57,6267.6357,525058802.32015,1,2025-03-13 00:00:00
83921.9,84345.0,83540.0,83578.8,525299.48,5252.9948,440762603.71833,1,2025-03-13 02:00:00
83578.8,83708.2,83083.4,83170.4,681046.72,6810.4672,567759379.68144,1,2025-03-13 04:00:00
83170.4,83580.0,82857.0,83166.8,591608.05,5916.0805,492293715.8899,1,2025-03-13 06:00:00
83166.9,83535.2,82376.4,83432.7,921803.81,9218.0381,765219996.69958,1,2025-03-13 08:00:00
83432.7,83497.9,82700.2,82971.9,681337.5,6813.375,565988993.42102,1,2025-03-13 10:00:00
82970.3,83888.0,81578.0,81782.0,2004395.56,20043.9556,1657134234.2487,1,2025-03-13 12:00:00
81782.0,82508.2,80959.4,81045.2,1699105.89,16991.0589,1388211280.41654,1,2025-03-13 14:00:00
81045.2,81268.5,79934.5,80078.5,1444935.76,14449.3576,1164807095.50414,1,2025-03-13 16:00:00
80078.4,81059.0,80006.1,80214.0,1082627.39,10826.2739,872676614.92692,1,2025-03-13 18:00:00
80212.6,80879.5,80196.1,80807.5,364501.52,3645.0152,293628895.66844,1,2025-03-13 20:00:00
80807.6,81486.7,80714.0,81121.9,432596.49,4325.9649,351049966.05065,1,2025-03-13 22:00:00
81121.9,81884.2,80816.0,81609.8,625937.6,6259.376,509313084.46467,1,2025-03-14 00:00:00
81609.8,82274.4,81600.0,81899.8,550761.98,5507.6198,451308718.18327,1,2025-03-14 02:00:00
81899.9,82226.4,81820.0,82157.0,312835.46,3128.3546,256498463.90832,1,2025-03-14 04:00:00
82157.0,82472.7,81778.9,82161.6,598275.12,5982.7512,491282215.18644,1,2025-03-14 06:00:00
82161.7,82946.4,82159.9,82777.8,754258.97,7542.5897,623182303.19203,1,2025-03-14 08:00:00
82777.8,83365.0,82662.3,83255.0,693317.07,6933.1707,575950155.17132,1,2025-03-14 10:00:00
83255.0,83900.0,83055.0,83604.1,1252756.89,12527.5689,1045588794.19557,1,2025-03-14 12:00:00
83604.1,85317.1,82636.8,84744.1,3038842.84,30388.4284,2551703145.50063,1,2025-03-14 14:00:00
84744.0,84976.1,83957.4,84371.9,1330300.89,13303.0089,1124099552.99596,1,2025-03-14 16:00:00
84372.0,84941.8,84204.8,84559.8,543793.18,5437.9318,459962216.60497,1,2025-03-14 18:00:00
84557.9,84559.8,83720.0,84202.6,514068.93,5140.6893,432337145.27697,1,2025-03-14 20:00:00
84202.6,84516.9,83952.9,83988.0,259234.37,2592.3437,218443435.11813,1,2025-03-14 22:00:00
83988.0,84597.9,83974.0,84354.0,314272.74,3142.7274,264824089.30021,1,2025-03-15 00:00:00
84353.9,84677.4,84155.3,84485.6,393506.42,3935.0642,332297921.29218,1,2025-03-15 02:00:00
84485.5,84550.0,84253.3,84253.4,225670.88,2256.7088,190450320.44262,1,2025-03-15 04:00:00
84253.4,84304.2,83810.0,83833.3,433130.99,4331.3099,364080635.05704,1,2025-03-15 06:00:00
83833.4,84044.8,83610.7,83978.1,458940.08,4589.4008,384761625.36945,1,2025-03-15 08:00:00
83978.0,84200.0,83666.8,84105.2,410931.44,4109.3144,344963409.75164,1,2025-03-15 10:00:00
84105.1,84476.6,84002.5,84448.9,411482.6,4114.826,346730671.56394,1,2025-03-15 12:00:00
84448.9,84448.9,84094.3,84327.5,370286.0,3702.86,311986730.12393,1,2025-03-15 14:00:00
84327.5,84500.0,84177.0,84410.0,284570.09,2845.7009,240054674.28728,1,2025-03-15 16:00:00
84410.0,84467.4,84108.7,84305.5,236952.29,2369.5229,199655408.43955,1,2025-03-15 18:00:00
84305.4,84465.7,84241.6,84382.6,176740.95,1767.4095,149159427.9445,1,2025-03-15 20:00:00
84382.7,84443.9,84247.2,84344.0,150760.44,1507.6044,127151044.15316,1,2025-03-15 22:00:00
84344.1,84386.1,83813.5,83869.4,310529.14,3105.2914,261159392.73511,1,2025-03-16 00:00:00
83869.4,84399.0,83750.0,84336.2,359206.8,3592.068,301857749.39773,1,2025-03-16 02:00:00
84336.2,84421.0,84235.5,84391.8,241792.07,2417.9207,203951189.7091,1,2025-03-16 04:00:00
84391.8,84401.7,83960.0,84273.3,332476.94,3324.7694,279986847.18087,1,2025-03-16 06:00:00
84273.4,84335.0,83800.0,83900.0,350617.46,3506.1746,294682749.18371,1,2025-03-16 08:00:00
83899.9,84075.2,82360.6,82409.8,1416454.69,14164.5469,1176927028.10352,1,2025-03-16 10:00:00
82410.7,83145.0,82398.7,82600.2,985735.35,9857.3535,815670794.54759,1,2025-03-16 12:00:00
82600.1,83492.0,82574.0,83312.1,771190.83,7711.9083,640886803.47398,1,2025-03-16 14:00:00
83312.1,85167.9,83282.7,83914.6,1915096.41,19150.9641,1611460894.83466,1,2025-03-16 16:00:00
83914.6,84100.0,82540.1,83106.2,672951.75,6729.5175,560565691.22974,1,2025-03-16 18:00:00
83106.2,83465.3,82677.1,82771.6,370618.37,3706.1837,307704278.18349,1,2025-03-16 20:00:00
82771.6,82845.5,81980.8,82576.0,743480.85,7434.8085,612431671.74835,1,2025-03-16 22:00:00
82576.1,83413.1,82521.1,83236.4,556016.96,5560.1696,461474967.42457,1,2025-03-17 00:00:00
83236.4,83731.4,82968.0,83672.0,458472.36,4584.7236,382249323.68866,1,2025-03-17 02:00:00
83672.1,83876.8,83118.0,83118.1,499805.1,4998.051,417172886.04519,1,2025-03-17 04:00:00
83118.1,83641.9,82666.1,83560.1,652619.01,6526.1901,543124257.52163,1,2025-03-17 06:00:00
83560.0,83781.7,83208.0,83652.0,454503.12,4545.0312,379678575.41586,1,2025-03-17 08:00:00
83652.0,83688.0,83207.7,83504.6,387059.09,3870.5909,322992032.1407,1,2025-03-17 10:00:00
83504.5,84034.4,82773.0,83020.1,1736018.49,17360.1849,1446377315.60992,1,2025-03-17 12:00:00
83020.1,83698.5,82444.0,83531.1,1384519.1,13845.191,1149481365.9554,1,2025-03-17 14:00:00
83531.0,84349.4,83055.6,84199.9,1047961.3,10479.613,878025184.99859,1,2025-03-17 16:00:00
84199.9,84768.6,83962.0,84475.8,770055.36,7700.5536,649860528.26529,1,2025-03-17 18:00:00
84475.9,84499.3,83855.3,84074.8,491301.72,4913.0172,413151023.71186,1,2025-03-17 20:00:00
84074.8,84237.0,83741.9,83994.1,233633.03,2336.3303,196305226.5458,1,2025-03-17 22:00:00
83994.0,84017.7,83016.0,83166.0,650318.01,6503.1801,542911741.47268,1,2025-03-18 00:00:00
83166.1,83540.3,82942.5,83146.8,537719.46,5377.1946,447612682.11818,1,2025-03-18 02:00:00
83146.7,83218.7,82835.1,83028.4,396145.12,3961.4512,328908251.33107,1,2025-03-18 04:00:00
83028.4,83288.5,82234.9,83155.2,1297058.87,12970.5887,1073472805.40339,1,2025-03-18 06:00:00
83155.1,83454.0,82770.0,82837.9,526109.13,5261.0913,437565011.77609,1,2025-03-18 08:00:00
82838.0,82940.1,82506.0,82590.0,475177.16,4751.7716,393085653.00752,1,2025-03-18 10:00:00
82590.1,82830.0,81171.9,81365.0,1472429.98,14724.2998,1206068588.13067,1,2025-03-18 12:00:00
81365.0,82216.4,81124.9,81600.1,1425786.9,14257.869,1164162373.41647,1,2025-03-18 14:00:00
81600.1,82160.0,81321.0,81456.3,803008.18,8030.0818,656076840.95171,1,2025-03-18 16:00:00
81456.4,82473.9,81230.5,82308.1,710453.86,7104.5386,581608514.11786,1,2025-03-18 18:00:00
82308.1,82355.0,81862.3,82055.3,256636.95,2566.3695,210655419.19132,1,2025-03-18 20:00:00
82055.3,82811.7,81986.6,82707.3,407199.15,4071.9915,335976976.52533,1,2025-03-18 22:00:00
82707.4,83240.0,82565.3,82599.2,647541.04,6475.4104,537071922.38366,1,2025-03-19 00:00:00
82599.2,83083.5,82530.0,83032.0,387208.41,3872.0841,320734563.49188,1,2025-03-19 02:00:00
83032.0,83327.8,82790.0,83234.8,350179.08,3501.7908,290881324.11002,1,2025-03-19 04:00:00
83234.9,83355.0,83026.0,83198.4,391316.74,3913.1674,325597143.69073,1,2025-03-19 06:00:00
83198.5,83610.1,83178.5,83532.5,457577.3,4575.773,381794327.00267,1,2025-03-19 08:00:00
83532.5,84134.3,83379.0,83877.9,934334.14,9343.3414,782435934.33034,1,2025-03-19 10:00:00
83877.9,84350.0,83499.9,84095.6,1142104.47,11421.0447,958639786.43007,1,2025-03-19 12:00:00
84095.6,84899.0,83888.0,84737.9,1115022.91,11150.2291,940704935.63932,1,2025-03-19 14:00:00
84738.0,84833.3,83768.0,84230.1,1121790.9,11217.909,946457696.78947,1,2025-03-19 16:00:00
84230.2,85959.0,83552.0,85437.4,3053173.94,30531.7394,2593459451.99193,1,2025-03-19 18:00:00
85430.2,85930.3,85210.0,85639.0,482686.39,4826.8639,413265782.76108,1,2025-03-19 20:00:00
85639.0,87058.8,85633.9,86847.4,1082806.04,10828.0604,935994781.58984,1,2025-03-19 22:00:00
86847.5,87467.2,85735.0,85889.4,1356261.98,13562.6198,1173747038.66575,1,2025-03-20 00:00:00
85889.4,86138.6,85620.0,85894.3,468714.42,4687.1442,402605796.34536,1,2025-03-20 02:00:00
85894.4,85941.0,85377.3,85839.8,530253.65,5302.5365,454121272.37924,1,2025-03-20 04:00:00
85839.8,86030.9,85597.6,85812.4,364402.82,3644.0282,312784455.60544,1,2025-03-20 06:00:00
85812.4,86341.4,85710.9,85879.1,557950.65,5579.5065,480159474.348,1,2025-03-20 08:00:00
85879.1,85954.7,84735.0,85493.6,1109649.67,11096.4967,946233113.91322,1,2025-03-20 10:00:00
85493.6,85864.5,85063.4,85515.6,700080.42,7000.8042,598241809.46933,1,2025-03-20 12:00:00
85515.5,86547.0,84561.0,84677.5,2018253.95,20182.5395,1728584991.59568,1,2025-03-20 14:00:00
84677.5,84915.8,83638.1,84087.8,1842712.48,18427.1248,1550308181.06969,1,2025-03-20 16:00:00
84087.8,84420.0,83910.4,84164.2,582301.51,5823.0151,490023051.56927,1,2025-03-20 18:00:00
84164.1,84600.0,84126.6,84365.1,389787.19,3897.8719,329094494.25328,1,2025-03-20 20:00:00
84365.1,84502.5,83925.2,84223.5,342053.38,3420.5338,287853882.17842,1,2025-03-20 22:00:00
84223.4,84789.5,84168.0,84778.9,347130.0,3471.3,293278440.06277,1,2025-03-21 00:00:00
84779.0,84850.0,84260.2,84447.7,388567.51,3885.6751,328513406.19338,1,2025-03-21 02:00:00
84447.6,84800.0,84329.6,84469.9,364156.15,3641.5615,307978552.32797,1,2025-03-21 04:00:00
84469.9,84479.3,83722.7,83944.8,605851.71,6058.5171,509387549.28445,1,2025-03-21 06:00:00
83944.1,84350.0,83725.9,84134.3,545596.87,5455.9687,458402381.67621,1,2025-03-21 08:00:00
84134.4,84292.4,83893.3,84051.5,358879.85,3588.7985,301766268.46463,1,2025-03-21 10:00:00
84051.4,84399.1,83171.0,83940.0,1601643.65,16016.4365,1341116585.95624,1,2025-03-21 12:00:00
83940.0,84292.2,83500.1,83571.9,884887.45,8848.8745,742295849.25695,1,2025-03-21 14:00:00
83571.9,84164.3,83370.0,84013.9,710398.55,7103.9855,595602058.75686,1,2025-03-21 16:00:00
84013.8,84432.0,83790.0,83956.2,456697.61,4566.9761,384060289.8604,1,2025-03-21 18:00:00
83956.2,84579.9,83802.2,84389.4,292605.18,2926.0518,246402082.99901,1,2025-03-21 20:00:00
84389.4,84409.1,84044.0,84087.4,165220.65,1652.2065,139080536.62857,1,2025-03-21 22:00:00
84087.3,84321.8,83962.4,84057.7,224275.42,2242.7542,188690783.04973,1,2025-03-22 00:00:00
84057.7,84300.0,84000.5,84257.9,170177.62,1701.7762,143264531.57371,1,2025-03-22 02:00:00
84257.9,84430.0,84200.0,84326.2,192485.93,1924.8593,162303567.01842,1,2025-03-22 04:00:00
84326.1,84400.0,84158.4,84277.9,162692.25,1626.9225,137154102.55119,1,2025-03-22 06:00:00
84278.0,84548.0,84115.1,84355.6,322455.62,3224.5562,271923264.72567,1,2025-03-22 08:00:00
84355.6,84455.5,84189.6,84230.5,209908.66,2099.0866,176998993.22567,1,2025-03-22 10:00:00
84230.5,84299.8,84050.0,84173.0,199260.19,1992.6019,167732664.29241,1,2025-03-22 12:00:00
84173.0,84200.0,83968.1,84109.9,175597.55,1755.9755,147602499.21691,1,2025-03-22 14:00:00
84109.9,84266.0,84062.3,84236.0,156796.09,1567.9609,131959318.56094,1,2025-03-22 16:00:00
84236.0,84330.6,84157.8,84176.3,130219.22,1302.1922,109705098.07702,1,2025-03-22 18:00:00
84176.3,84212.5,83835.0,84014.1,177358.55,1773.5855,149017531.07411,1,2025-03-22 20:00:00
84014.1,84078.2,83650.1,83850.5,209403.51,2094.0351,175576152.29358,1,2025-03-22 22:00:00
83850.4,84139.0,83802.2,84068.3,175568.24,1755.6824,147500331.0206,1,2025-03-23 00:00:00
84068.2,84302.5,83980.0,84233.9,196255.66,1962.5566,165229530.26229,1,2025-03-23 02:00:00
84233.9,84253.5,84060.9,84234.8,155122.3,1551.223,130506453.4544,1,2025-03-23 04:00:00
84234.8,84327.5,84193.5,84268.2,201668.44,2016.6844,169933653.96185,1,2025-03-23 06:00:00
84268.2,84370.0,84228.8,84320.1,174040.77,1740.4077,146746798.21169,1,2025-03-23 08:00:00
84320.1,85085.4,84292.5,84691.9,750365.2,7503.652,635576502.44464,1,2025-03-23 10:00:00
84692.0,85146.4,84569.2,85085.8,560325.64,5603.2564,475424593.70105,1,2025-03-23 12:00:00
85085.9,85271.2,84860.0,85195.9,590287.81,5902.8781,501999887.3196,1,2025-03-23 14:00:00
85196.0,85428.0,84875.2,85028.9,599141.43,5991.4143,510276375.03736,1,2025-03-23 16:00:00
85029.0,85099.9,84801.1,85019.6,229919.55,2299.1955,195329495.03892,1,2025-03-23 18:00:00
85019.5,85270.0,84910.0,85190.9,198312.82,1983.1282,168760317.79474,1,2025-03-23 20:00:00
85190.8,86147.7,85162.0,86081.2,628911.88,6289.1188,538454869.41433,1,2025-03-23 22:00:00
86081.2,86645.1,85536.1,85574.2,881276.29,8812.7629,758431247.49847,1,2025-03-24 00:00:00
85574.2,86577.0,85529.4,86533.6,647903.57,6479.0357,558108547.96481,1,2025-03-24 02:00:00
86533.6,87052.2,86533.5,86902.0,823251.35,8232.5135,714744604.05513,1,2025-03-24 04:00:00
86902.1,87297.6,86756.0,86879.3,734846.68,7348.4668,639303758.60154,1,2025-03-24 06:00:00
86879.2,87531.6,86862.9,87153.1,853121.35,8531.2135,744681977.32891,1,2025-03-24 08:00:00
87153.1,87900.0,87118.6,87677.6,688306.54,6883.0654,603028134.95869,1,2025-03-24 10:00:00
87677.6,87708.3,87132.8,87684.6,834958.76,8349.5876,729931817.55483,1,2025-03-24 12:00:00
87684.6,88794.6,87628.5,88322.2,1698795.51,16987.9551,1498189653.17484,1,2025-03-24 14:00:00
88322.1,88493.4,87677.0,88449.9,809612.09,8096.1209,713767388.24528,1,2025-03-24 16:00:00
88450.0,88557.0,87947.6,88215.0,582379.48,5823.7948,514256661.71417,1,2025-03-24 18:00:00
88214.9,88480.4,87776.1,88119.9,561429.13,5614.2913,494575973.68412,1,2025-03-24 20:00:00
88119.9,88194.5,87044.6,87506.9,735229.31,7352.2931,643377483.86375,1,2025-03-24 22:00:00
87506.8,87688.0,86803.6,87092.1,673001.64,6730.0164,587173977.3411,1,2025-03-25 00:00:00
87092.2,87093.8,86323.6,86526.0,609705.47,6097.0547,528672261.56374,1,2025-03-25 02:00:00
86526.0,86808.9,86306.5,86652.0,546444.83,5464.4483,473072410.39762,1,2025-03-25 04:00:00
86651.9,86895.8,86334.6,86461.4,542279.86,5422.7986,469818282.35912,1,2025-03-25 06:00:00
86461.3,87369.1,86420.0,87227.0,636946.05,6369.4605,553830615.26491,1,2025-03-25 08:00:00
87227.0,87489.0,86946.6,87368.0,510280.11,5102.8011,445162459.51398,1,2025-03-25 10:00:00
87368.0,88018.1,86919.0,87601.7,1252968.75,12529.6875,1095598352.61647,1,2025-03-25 12:00:00
87601.7,88269.2,87333.3,87770.2,1104304.99,11043.0499,970355268.87819,1,2025-03-25 14:00:00
87770.2,88343.0,87638.5,87930.0,637428.77,6374.2877,560590212.95454,1,2025-03-25 16:00:00
87930.0,88268.0,87578.4,88116.0,608749.74,6087.4974,535268702.5053,1,2025-03-25 18:00:00
88116.1,88555.0,87702.8,87761.1,757404.2,7574.042,667569256.03382,1,2025-03-25 20:00:00
87761.1,87819.5,87138.2,87420.8,575655.62,5756.5562,503409246.06931,1,2025-03-25 22:00:00
87420.8,87939.9,87234.4,87832.8,501060.11,5010.6011,439245138.98798,1,2025-03-26 00:00:00
87832.7,87832.8,87022.0,87154.0,495843.63,4958.4363,433089459.41907,1,2025-03-26 02:00:00
87154.0,87698.1,87043.8,87524.8,574911.29,5749.1129,502392305.57568,1,2025-03-26 04:00:00
87524.8,88296.0,87436.9,88134.5,698278.74,6982.7874,613945352.82887,1,2025-03-26 06:00:00
88134.5,88200.0,87826.0,87935.6,410662.49,4106.6249,361308100.07303,1,2025-03-26 08:00:00
87935.6,88276.8,87922.3,87954.2,448043.78,4480.4378,394830344.61804,1,2025-03-26 10:00:00
87954.2,88022.6,86708.4,86840.1,1414759.33,14147.5933,1237898189.16296,1,2025-03-26 12:00:00
86840.1,87309.2,86435.0,86738.5,1669164.41,16691.6441,1449013685.37482,1,2025-03-26 14:00:00
86738.1,87057.7,86362.2,86570.0,701136.22,7011.3622,607659714.79574,1,2025-03-26 16:00:00
86571.8,86794.3,85837.3,86550.6,1033938.82,10339.3882,892310163.54023,1,2025-03-26 18:00:00
86550.6,87398.0,86503.2,87104.9,849606.98,8496.0698,739556121.05713,1,2025-03-26 20:00:00
87105.0,87150.7,86550.6,86919.0,341133.53,3411.3353,296174415.95408,1,2025-03-26 22:00:00
86918.9,87518.0,86800.0,87380.1,471193.61,4711.9361,410965798.44126,1,2025-03-27 00:00:00
87380.1,87749.5,87333.0,87665.5,412783.27,4127.8327,361492341.66382,1,2025-03-27 02:00:00
87665.5,87682.0,87255.0,87313.6,326444.27,3264.4427,285440588.32537,1,2025-03-27 04:00:00
87313.6,87550.0,87250.0,87404.6,274420.4,2744.204,239793824.16081,1,2025-03-27 06:00:00
87404.5,87593.9,87250.1,87414.0,308111.48,3081.1148,269417832.84032,1,2025-03-27 08:00:00
87414.0,87600.0,86781.9,86949.9,597759.76,5977.5976,520967579.64586,1,2025-03-27 10:00:00
86949.9,87100.0,85800.0,86385.1,1863814.43,18638.1443,1609871613.27854,1,2025-03-27 12:00:00
86385.1,87579.0,86192.0,86961.7,2041529.04,20415.2904,1774583572.40783,1,2025-03-27 14:00:00
86961.6,87276.2,86773.8,86894.1,635447.39,6354.4739,552812622.72231,1,2025-03-27 16:00:00
86894.2,87421.3,86862.5,87059.1,439897.88,4398.9788,383677517.05194,1,2025-03-27 18:00:00
87059.1,87747.4,86920.9,87560.7,361109.18,3611.0918,315547934.24474,1,2025-03-27 20:00:00
87560.8,87600.0,87111.0,87218.3,245710.86,2457.1086,214527526.28597,1,2025-03-27 22:00:00
87218.4,87508.7,86900.0,87233.8,419642.38,4196.4238,366027582.4719,1,2025-03-28 00:00:00
87233.8,87330.1,86743.9,86789.0,484692.68,4846.9268,421464685.70153,1,2025-03-28 02:00:00
86789.0,86834.3,85820.0,86050.5,1428454.2,14284.542,1231204238.17366,1,2025-03-28 04:00:00
86050.4,86250.3,85167.0,85216.4,1442941.97,14429.4197,1234898875.80627,1,2025-03-28 06:00:00
85216.4,85443.8,85019.4,85169.1,879795.29,8797.9529,749811795.88483,1,2025-03-28 08:00:00
85169.1,85270.9,84800.1,85250.1,779336.35,7793.3635,662795931.78913,1,2025-03-28 10:00:00
85250.0,85642.8,84889.0,85006.6,1192329.69,11923.2969,1016208161.65377,1,2025-03-28 12:00:00
85006.6,85124.6,83950.1,84044.2,2084316.88,20843.1688,1758614597.66855,1,2025-03-28 14:00:00
84044.2,84217.5,83562.9,84012.0,1071134.69,10711.3469,898177377.39235,1,2025-03-28 16:00:00
84012.1,84191.6,83646.7,83798.4,534497.32,5344.9732,448527530.40915,1,2025-03-28 18:00:00
83798.4,84162.0,83688.0,84060.0,421383.97,4213.8397,353692145.79095,1,2025-03-28 20:00:00
84059.9,84533.3,84059.9,84429.1,381241.79,3812.4179,321436970.97482,1,2025-03-28 22:00:00
84429.1,84623.2,84213.0,84283.6,298526.41,2985.2641,252036452.55887,1,2025-03-29 00:00:00
84283.6,84428.5,83700.0,84160.0,542140.93,5421.4093,455631355.60803,1,2025-03-29 02:00:00
84160.0,84278.7,83856.0,84012.7,251582.72,2515.8272,211431789.83067,1,2025-03-29 04:00:00
84012.7,84015.3,83659.3,83738.1,399640.98,3996.4098,334841730.34352,1,2025-03-29 06:00:00
83738.1,83957.9,83223.0,83552.2,677976.46,6779.7646,566911927.34642,1,2025-03-29 08:00:00
83552.1,83570.0,82010.0,82294.0,1681611.71,16816.1171,1391172198.69345,1,2025-03-29 10:00:00
82294.0,82849.8,82138.1,82830.0,748246.19,7482.4619,617429254.795,1,2025-03-29 12:00:00
82830.0,82874.3,82373.8,82415.1,363325.56,3633.2556,300025972.30106,1,2025-03-29 14:00:00
82415.1,82690.6,81626.1,82329.9,1115700.35,11157.0035,916835720.49664,1,2025-03-29 16:00:00
82329.9,82780.5,82212.6,82777.5,574656.1,5746.561,473907619.94763,1,2025-03-29 18:00:00
82777.5,82800.0,82366.0,82525.0,288423.36,2884.2336,238252934.37193,1,2025-03-29 20:00:00
82524.9,82694.6,82266.2,82650.6,168000.62,1680.0062,138540579.34224,1,2025-03-29 22:00:00
82650.6,83088.0,82500.0,82947.7,503151.11,5031.5111,416990976.14542,1,2025-03-30 00:00:00
82947.7,83513.4,82931.0,83077.1,659580.41,6595.8041,549109021.21006,1,2025-03-30 02:00:00
83077.2,83319.0,82915.0,82960.9,304936.37,3049.3637,253463414.68247,1,2025-03-30 04:00:00
82960.9,83332.5,82853.1,83083.6,417668.66,4176.6866,347168469.63651,1,2025-03-30 06:00:00
83083.6,83545.3,83083.5,83494.7,292626.9,2926.269,243911751.46507,1,2025-03-30 08:00:00
83494.6,83538.7,82957.0,83126.0,650108.72,6501.0872,540795836.49175,1,2025-03-30 10:00:00
83126.0,83281.5,82503.8,82689.7,696100.88,6961.0088,577069503.41846,1,2025-03-30 12:00:00
82689.6,83072.8,82605.0,82736.0,473591.29,4735.9129,392339986.33138,1,2025-03-30 14:00:00
82736.0,82821.9,82044.0,82421.0,576196.9,5761.969,474821394.5102,1,2025-03-30 16:00:00
82421.0,82908.4,82421.0,82546.2,350873.85,3508.7385,290099984.84405,1,2025-03-30 18:00:00
82546.2,82717.5,82060.3,82238.9,248607.85,2486.0785,204878860.24108,1,2025-03-30 20:00:00
82238.7,82762.4,81558.3,82403.4,801142.3,8011.423,658052975.45825,1,2025-03-30 22:00:00
82403.5,82465.4,81260.9,81970.8,880237.07,8802.3707,720225343.34677,1,2025-03-31 00:00:00
81970.7,82185.8,81469.8,81540.3,537726.52,5377.2652,439792696.31889,1,2025-03-31 02:00:00
81540.3,82306.0,81405.3,82171.9,478305.55,4783.0555,391760839.06523,1,2025-03-31 04:00:00
82171.9,82298.6,81736.2,81949.9,396467.9,3964.679,325142895.91794,1,2025-03-31 06:00:00
81949.8,82271.2,81340.0,81472.0,693734.11,6937.3411,567197489.0263,1,2025-03-31 08:00:00
81472.0,82287.3,81288.8,82215.2,703205.89,7032.0589,576110019.17335,1,2025-03-31 10:00:00
82215.1,83174.0,81656.0,82506.0,1906546.43,19065.4643,1570867150.58334,1,2025-03-31 12:00:00
82505.9,83943.6,82500.5,83427.3,1936939.67,19369.3967,1614778788.65165,1,2025-03-31 14:00:00
83427.3,83700.0,82580.0,82685.9,744502.37,7445.0237,619326715.48291,1,2025-03-31 16:00:00
82686.0,83589.6,82385.0,82460.0,625079.86,6250.7986,518958845.8437,1,2025-03-31 18:00:00
82460.0,82853.3,82355.1,82568.0,386551.39,3865.5139,319269028.1736,1,2025-03-31 20:00:00
82568.0,82887.6,82268.0,82556.6,428533.35,4285.3335,353416080.52027,1,2025-03-31 22:00:00
82556.6,82849.2,82433.0,82711.2,371208.4,3712.084,306759729.00347,1,2025-04-01 00:00:00
82713.9,83250.0,82650.0,82956.5,459306.52,4593.0652,381247842.12332,1,2025-04-01 02:00:00
82956.5,83328.0,82880.0,83006.9,339032.96,3390.3296,281814596.81253,1,2025-04-01 04:00:00
83007.0,83610.4,82888.6,83457.4,509778.62,5097.7862,424951128.93074,1,2025-04-01 06:00:00
83457.4,84396.6,83436.0,84352.0,1084560.58,10845.6058,911252009.89357,1,2025-04-01 08:00:00
84352.1,84517.5,83843.0,83932.9,862630.78,8626.3078,726279416.70292,1,2025-04-01 10:00:00
83932.9,84166.0,83418.2,83630.6,909610.31,9096.1031,761804557.50366,1,2025-04-01 12:00:00
83630.9,85515.4,82550.0,85295.6,3278620.68,32786.2068,2756273805.34586,1,2025-04-01 14:00:00
85295.7,85504.4,84815.0,85131.7,1016814.56,10168.1456,865704681.51039,1,2025-04-01 16:00:00
85131.7,85200.0,84719.1,84966.1,545289.76,5452.8976,463307020.95539,1,2025-04-01 18:00:00
84966.0,85488.0,84777.6,85234.5,301780.89,3017.8089,256965658.57987,1,2025-04-01 20:00:00
85234.8,85587.7,84972.4,85162.6,366157.92,3661.5792,312277209.93121,1,2025-04-01 22:00:00
85162.6,85266.0,84861.0,85150.2,434069.45,4340.6945,369175025.32319,1,2025-04-02 00:00:00
85150.2,85179.1,84504.0,84555.0,557725.65,5577.2565,472635861.7805,1,2025-04-02 02:00:00
84555.1,84732.4,84111.0,84111.2,505236.24,5052.3624,426383571.60044,1,2025-04-02 04:00:00
84111.1,84467.8,83888.0,84433.9,819748.98,8197.4898,689980456.33728,1,2025-04-02 06:00:00
84433.9,85466.0,84266.5,85020.0,911245.19,9112.4519,773634646.84013,1,2025-04-02 08:00:00
85020.0,85300.0,84543.1,84573.7,529184.3,5291.843,449348206.89499,1,2025-04-02 10:00:00
84573.7,86200.2,84449.2,85227.4,2185301.17,21853.0117,1864971572.37107,1,2025-04-02 12:00:00
85227.4,87357.0,85166.0,86772.1,2992382.46,29923.8246,2586769175.72118,1,2025-04-02 14:00:00
86772.0,87375.2,86335.3,86631.9,1376358.93,13763.5893,1195331094.43744,1,2025-04-02 16:00:00
86631.9,87064.0,86182.0,86910.1,900869.56,9008.6956,779462418.4288,1,2025-04-02 18:00:00
86910.0,88547.4,84224.2,84852.0,4954273.64,49542.7364,4271759386.03789,1,2025-04-02 20:00:00
84850.1,84850.1,82325.4,82513.5,2094300.38,20943.0038,1741748449.61077,1,2025-04-02 22:00:00
82513.5,83933.5,82164.1,83744.5,1463229.8,14632.298,1216321331.14638,1,2025-04-03 00:00:00
83744.5,83880.0,83273.2,83477.1,641951.01,6419.5101,536463446.30676,1,2025-04-03 02:00:00
83477.1,83740.3,83273.1,83339.5,499038.57,4990.3857,416695005.03339,1,2025-04-03 04:00:00
83339.6,83500.0,83006.8,83459.8,541843.78,5418.4378,451019404.17863,1,2025-04-03 06:00:00
83459.8,83800.0,83452.0,83488.0,487085.88,4870.8588,407365537.87522,1,2025-04-03 08:00:00
83487.8,83747.1,83050.0,83101.1,550399.81,5503.9981,458511204.89364,1,2025-04-03 10:00:00
83101.0,83158.4,81780.2,82372.7,2208019.57,22080.1957,1818081206.53327,1,2025-04-03 12:00:00
82371.5,82409.7,81168.2,82047.9,2066466.8,20664.668,1690476022.72442,1,2025-04-03 14:00:00
82048.0,82468.8,81625.0,81833.4,1064556.47,10645.5647,873409707.02159,1,2025-04-03 16:00:00
81833.4,82375.6,81540.0,82022.9,618735.87,6187.3587,507449371.62862,1,2025-04-03 18:00:00
82026.2,82868.0,81802.1,82723.0,389878.14,3898.7814,321108209.23201,1,2025-04-03 20:00:00
82723.1,83333.0,82500.0,83223.5,586605.19,5866.0519,486235256.18222,1,2025-04-03 22:00:00
83224.5,83412.9,82580.5,82696.9,601904.01,6019.0401,500037954.82712,1,2025-04-04 00:00:00
82697.0,83184.7,82690.9,82832.2,388311.1,3883.111,321953716.32776,1,2025-04-04 02:00:00
82832.3,83218.0,82612.1,83188.6,421159.52,4211.5952,349268135.617,1,2025-04-04 04:00:00
83188.6,84050.0,83031.0,84001.3,851388.23,8513.8823,711490549.82712,1,2025-04-04 06:00:00
84001.4,84750.0,84001.3,84579.9,1227453.02,12274.5302,1035970736.72598,1,2025-04-04 08:00:00
84580.0,84700.0,81668.8,82676.3,2864514.92,28645.1492,2373664817.69758,1,2025-04-04 10:00:00
82676.3,83537.0,82132.2,83350.1,2377646.93,23776.4693,1967323509.54962,1,2025-04-04 12:00:00
83350.1,83720.2,81850.0,82867.3,3159987.69,31599.8769,2621029292.68944,1,2025-04-04 14:00:00
82867.3,84627.9,82725.9,84471.2,1985063.58,19850.6358,1659546638.40818,1,2025-04-04 16:00:00
84471.3,84592.0,83734.7,84007.9,1087190.21,10871.9021,914208132.17634,1,2025-04-04 18:00:00
84007.8,84474.9,83476.5,84193.7,491413.27,4914.1327,412953695.52696,1,2025-04-04 20:00:00
84193.8,84282.4,83652.8,83900.0,257768.12,2577.6812,216420764.37432,1,2025-04-04 22:00:00
83900.0,84280.8,83400.0,83976.4,424794.98,4247.9498,356345605.83701,1,2025-04-05 00:00:00
83976.4,84100.0,83639.0,83640.1,264298.26,2642.9826,221678995.05928,1,2025-04-05 02:00:00
83640.0,83876.8,83616.0,83688.0,204210.82,2042.1082,171029602.92177,1,2025-04-05 04:00:00
83688.0,83739.9,83348.9,83532.7,350303.17,3503.0317,292481514.81821,1,2025-04-05 06:00:00
83532.7,83876.5,83369.0,83854.5,345541.01,3455.4101,288966819.71438,1,2025-04-05 08:00:00
83854.4,83916.0,83470.0,83478.0,282242.53,2822.4253,236111589.50761,1,2025-04-05 10:00:00
83478.0,83572.0,82529.4,82760.7,894444.37,8944.4437,742312156.33627,1,2025-04-05 12:00:00
82760.7,83041.8,82376.1,82620.0,665812.48,6658.1248,550776350.10467,1,2025-04-05 14:00:00
82620.0,82964.7,82604.1,82875.7,298560.11,2985.6011,247101061.23109,1,2025-04-05 16:00:00
82875.8,83154.8,82777.5,82867.4,273894.75,2738.9475,227328822.62498,1,2025-04-05 18:00:00
82867.5,83280.6,82829.4,82928.5,270833.72,2708.3372,224960407.29606,1,2025-04-05 20:00:00
82928.5,83685.7,82928.5,83536.7,326197.11,3261.9711,271748065.58018,1,2025-04-05 22:00:00
83536.7,83800.0,83423.1,83442.3,376905.19,3769.0519,314901506.93096,1,2025-04-06 00:00:00
83442.4,83500.0,83156.0,83346.8,296779.0,2967.79,247349867.08796,1,2025-04-06 02:00:00
83346.8,83542.4,83230.0,83445.9,298456.15,2984.5615,248947916.94241,1,2025-04-06 04:00:00
83445.9,83470.2,83029.1,83030.0,354985.68,3549.8568,295286015.40215,1,2025-04-06 06:00:00
83030.1,83178.2,82725.8,83079.8,424110.25,4241.1025,351839305.9784,1,2025-04-06 08:00:00
83079.9,83085.6,82673.9,82857.7,381098.71,3810.9871,315601941.71543,1,2025-04-06 10:00:00
82857.7,82990.1,82221.0,82300.0,716668.91,7166.6891,592056522.9219,1,2025-04-06 12:00:00
82300.0,82818.0,82214.6,82545.0,701485.33,7014.8533,579070189.23135,1,2025-04-06 14:00:00
82545.1,82561.1,80555.0,80806.1,1822304.36,18223.0436,1485303829.25054,1,2025-04-06 16:00:00
80806.1,80806.1,78669.9,79611.3,3190566.36,31905.6636,2541429688.6074,1,2025-04-06 18:00:00
79611.3,79886.0,78516.5,78940.0,1414482.03,14144.8203,1120437916.07196,1,2025-04-06 20:00:00
78940.1,79147.4,77141.8,78419.9,3212152.04,32121.5204,2511513754.0674,1,2025-04-06 22:00:00
78420.0,79333.0,77412.1,79128.2,2007274.36,20072.7436,1573730885.52214,1,2025-04-07 00:00:00
79128.2,79217.3,77355.0,77693.0,1287654.23,12876.5423,1006891082.53604,1,2025-04-07 02:00:00
77693.0,77982.1,76653.0,76957.0,1989577.28,19895.7728,1534839454.25872,1,2025-04-07 04:00:00
76957.0,77301.9,74505.2,75119.5,3870055.78,38700.5578,2919476783.49291,1,2025-04-07 06:00:00
75119.6,76839.6,75090.0,76283.0,2339556.34,23395.5634,1782399020.21457,1,2025-04-07 08:00:00
76283.1,77575.4,76150.0,76690.0,1751090.54,17510.9054,1348289534.92705,1,2025-04-07 10:00:00
76690.1,78486.0,75783.9,78350.0,3620435.86,36204.3586,2790620062.57193,1,2025-04-07 12:00:00
78349.9,81233.5,77515.0,78480.1,9104221.44,91042.2144,7189266055.20642,1,2025-04-07 14:00:00
78480.0,79215.5,77298.9,79066.8,2620565.87,26205.6587,2050775285.9639,1,2025-04-07 16:00:00
79066.9,79380.9,78000.0,78123.0,1721029.61,17210.2961,1353977422.66846,1,2025-04-07 18:00:00
78123.5,79590.7,78092.4,79229.8,544734.87,5447.3487,429285939.1009,1,2025-04-07 20:00:00
79229.7,80210.0,79075.9,79180.1,856107.89,8561.0789,682282917.87608,1,2025-04-07 22:00:00
79180.2,80804.0,78787.2,80595.8,1205458.63,12054.5863,961646350.47854,1,2025-04-08 00:00:00
80595.9,80866.7,79752.1,79900.0,932168.0,9321.68,747747248.1288,1,2025-04-08 02:00:00
79900.0,80413.8,79526.0,79857.5,733516.88,7335.1688,586189989.7692,1,2025-04-08 04:00:00
79857.4,79857.5,79212.0,79494.2,686877.57,6868.7757,545926489.88996,1,2025-04-08 06:00:00
79494.1,79524.0,78870.0,78918.8,791795.51,7917.9551,626293075.22595,1,2025-04-08 08:00:00
78918.8,80078.7,78805.5,79988.0,829255.04,8292.5504,658316586.45419,1,2025-04-08 10:00:00
79987.9,80393.4,79376.9,79892.1,2035995.93,20359.9593,1626569146.17639,1,2025-04-08 12:00:00
79892.2,80262.9,78162.0,78500.0,2292795.68,22927.9568,1812098906.08982,1,2025-04-08 14:00:00
78500.0,78529.7,76565.1,77342.0,2854461.24,28544.6124,2208910665.35492,1,2025-04-08 16:00:00
77342.5,77999.9,76370.0,76868.0,1793288.78,17932.8878,1382156702.7692,1,2025-04-08 18:00:00
76868.1,77293.6,76602.6,77108.2,664922.53,6649.2253,511604642.22359,1,2025-04-08 20:00:00
77108.2,77140.0,76245.9,76332.0,807857.34,8078.5734,618641204.68077,1,2025-04-08 22:00:00
76331.9,76889.5,74612.2,76079.9,2444004.15,24440.0415,1851016256.18843,1,2025-04-09 00:00:00
76079.9,76463.0,75000.6,75073.3,1282225.15,12822.2515,972023093.68322,1,2025-04-09 02:00:00
75073.0,76918.7,75000.0,76738.6,1698240.38,16982.4038,1293274786.91855,1,2025-04-09 04:00:00
76738.5,77935.0,76702.2,77678.4,1740904.22,17409.0422,1346817760.70373,1,2025-04-09 06:00:00
77678.4,77860.0,77068.8,77460.8,889403.87,8894.0387,688042474.38051,1,2025-04-09 08:00:00
77460.8,77578.9,75753.9,76244.0,2299575.98,22995.7598,1759951162.9804,1,2025-04-09 10:00:00
76244.1,77850.0,76019.0,77704.0,2305084.17,23050.8417,1775663313.99985,1,2025-04-09 12:00:00
77704.0,78332.6,76818.0,77272.0,2212744.85,22127.4485,1715112635.6507,1,2025-04-09 14:00:00
77272.0,82286.0,77146.8,82192.8,5912610.48,59126.1048,4735709624.82946,1,2025-04-09 16:00:00
82192.8,82999.9,81715.3,82330.1,3165354.93,31653.5493,2604926132.29185,1,2025-04-09 18:00:00
82332.4,83600.7,82004.3,83282.4,1294010.96,12940.1096,1073340823.70162,1,2025-04-09 20:00:00
83282.4,83482.7,82535.9,82634.8,770060.28,7700.6028,639633007.40999,1,2025-04-09 22:00:00
82634.8,82758.8,82068.0,82265.3,740584.64,7405.8464,610261256.14736,1,2025-04-10 00:00:00
82265.2,82577.6,81470.1,81780.0,865022.63,8650.2263,708803573.29385,1,2025-04-10 02:00:00
81779.9,82249.6,81637.6,82160.5,634678.34,6346.7834,520373272.87312,1,2025-04-10 04:00:00
82160.5,82349.7,81300.0,81599.8,835315.9,8353.159,683485026.98785,1,2025-04-10 06:00:00
81599.9,82089.7,81350.0,82036.1,784968.97,7849.6897,641411898.89989,1,2025-04-10 08:00:00
82036.0,82128.0,81507.1,81878.1,579553.14,5795.5314,473983194.34603,1,2025-04-10 10:00:00
81878.0,82600.0,80781.7,80879.9,2582844.68,25828.4468,2106878197.37383,1,2025-04-10 12:00:00
80879.8,81852.2,78602.7,78768.1,3893923.33,38939.2333,3125745100.10204,1,2025-04-10 14:00:00
78768.0,79697.5,78460.8,79313.4,2408674.49,24086.7449,1904612951.54184,1,2025-04-10 16:00:00
79313.4,80063.9,79207.9,79639.9,1187959.69,11879.5969,945468802.20222,1,2025-04-10 18:00:00
79635.4,80031.6,79557.3,79714.8,418129.44,4181.2944,333593185.91498,1,2025-04-10 20:00:00
79714.9,79928.9,79385.8,79606.0,489971.92,4899.7192,390216112.4893,1,2025-04-10 22:00:00
79606.0,80468.2,78960.0,80448.7,1102399.93,11023.9993,878328859.80108,1,2025-04-11 00:00:00
80448.6,80922.9,80153.3,80847.5,857276.38,8572.7638,690565438.32763,1,2025-04-11 02:00:00
80847.5,81088.0,80510.0,80819.9,768776.33,7687.7633,621110649.01224,1,2025-04-11 04:00:00
80819.9,81460.0,80819.8,81258.0,983657.71,9836.5771,798229359.09408,1,2025-04-11 06:00:00
81258.0,82438.0,80780.0,82430.3,1960458.72,19604.5872,1601780969.64417,1,2025-04-11 08:00:00
82430.2,82978.0,82040.0,82153.2,1448773.39,14487.7339,1195749478.21354,1,2025-04-11 10:00:00
82153.1,83350.0,81767.2,82926.9,2009729.06,20097.2906,1657474703.19885,1,2025-04-11 12:00:00
82926.8,82926.8,81343.2,82532.5,2284620.83,22846.2083,1876673756.4364,1,2025-04-11 14:00:00
82532.5,84123.5,82014.6,83933.8,1723166.3,17231.663,1433365435.09873,1,2025-04-11 16:00:00
83933.8,84248.9,83511.0,83856.2,880986.35,8809.8635,738865227.21641,1,2025-04-11 18:00:00
83856.1,84361.4,83640.0,83680.9,457263.13,4572.6313,383730156.41934,1,2025-04-11 20:00:00
83680.9,83733.6,83080.2,83422.0,454133.66,4541.3366,378752139.8422,1,2025-04-11 22:00:00
83422.0,83582.9,83150.0,83218.4,351468.42,3514.6842,292899446.70799,1,2025-04-12 00:00:00
83218.4,83315.4,82770.3,82971.9,536792.65,5367.9265,445617343.14958,1,2025-04-12 02:00:00
82972.0,83518.3,82850.0,83332.9,563368.63,5633.6863,468889275.22556,1,2025-04-12 04:00:00
83332.9,83831.4,83332.9,83714.7,561102.19,5611.0219,469254337.25563,1,2025-04-12 06:00:00
83714.7,84042.7,83405.0,83535.7,568779.61,5687.7961,475881310.87301,1,2025-04-12 08:00:00
83535.6,83690.9,83304.0,83528.1,432041.96,4320.4196,360717100.72937,1,2025-04-12 10:00:00
83528.1,84692.8,83479.5,84453.9,1314463.06,13144.6306,1104396058.02852,1,2025-04-12 12:00:00
84453.9,85419.9,84292.8,85005.4,1609800.72,16098.0072,1366707423.48326,1,2025-04-12 14:00:00
85005.4,85207.7,84428.3,84769.3,671887.17,6718.8717,569676302.0168,1,2025-04-12 16:00:00
84769.2,85271.2,84747.1,84948.4,364471.43,3644.7143,309842347.1683,1,2025-04-12 18:00:00
84948.5,85917.7,84880.7,85371.0,651066.6,6510.666,556725985.60329,1,2025-04-12 20:00:00
85371.0,85704.8,85164.5,85272.7,253091.39,2530.9139,216121716.64396,1,2025-04-12 22:00:00
85272.8,86147.9,85006.6,85253.7,823293.64,8232.9364,704200654.04109,1,2025-04-13 00:00:00
85253.8,85726.7,84668.3,85416.1,755724.14,7557.2414,643687311.32565,1,2025-04-13 02:00:00
85416.1,85428.8,84384.3,84528.1,859337.9,8593.379,728232804.80883,1,2025-04-13 04:00:00
84528.2,84861.8,84409.8,84409.9,379980.95,3799.8095,321579821.0524,1,2025-04-13 06:00:00
84409.9,84950.0,84279.8,84907.1,717159.85,7171.5985,606640237.16909,1,2025-04-13 08:00:00
84907.1,84957.2,84163.5,84522.5,564043.62,5640.4362,476719756.19738,1,2025-04-13 10:00:00
84522.4,84705.5,83474.0,83595.9,1195309.79,11953.0979,1005256330.10347,1,2025-04-13 12:00:00
83595.9,84176.1,83460.0,83861.8,934939.08,9349.3908,784015342.92551,1,2025-04-13 14:00:00
83861.8,85062.6,83845.3,84764.7,1613664.02,16136.6402,1362731850.06045,1,2025-04-13 16:00:00
84764.7,84969.4,83019.0,83993.1,1428103.8,14281.038,1201115199.9069,1,2025-04-13 18:00:00
83993.1,84447.2,83040.5,83602.6,1003165.8,10031.658,839122369.03559,1,2025-04-13 20:00:00
83602.6,83878.3,83162.1,83765.0,596815.78,5968.1578,498190404.45863,1,2025-04-13 22:00:00
83765.0,85190.4,83684.4,84238.2,1154271.86,11542.7186,975565353.2633,1,2025-04-14 00:00:00
84238.1,85554.9,84032.0,84574.6,1229796.31,12297.9631,1044629451.28487,1,2025-04-14 02:00:00
84574.5,85118.0,84349.2,84582.1,650560.04,6505.6004,550982141.17075,1,2025-04-14 04:00:00
84582.1,84797.6,84220.0,84590.0,439108.1,4391.081,371026620.9945,1,2025-04-14 06:00:00
84590.1,84955.0,84260.0,84454.5,586964.32,5869.6432,496590140.55012,1,2025-04-14 08:00:00
84454.5,84974.9,84315.0,84929.9,575966.4,5759.664,487845584.88719,1,2025-04-14 10:00:00
84929.9,85287.4,84064.0,84381.1,1343423.35,13434.2335,1138110074.68396,1,2025-04-14 12:00:00
84381.1,85819.7,83695.8,84100.7,2724003.67,27240.0367,2309839411.61257,1,2025-04-14 14:00:00
84100.7,84888.1,83850.4,84867.9,1079700.15,10797.0015,911143032.88874,1,2025-04-14 16:00:00
84868.0,85210.0,84675.1,84908.4,495431.06,4954.3106,420893539.64304,1,2025-04-14 18:00:00
84908.5,84974.9,84450.0,84708.7,291981.61,2919.8161,247393910.3078,1,2025-04-14 20:00:00
84708.6,84780.6,84411.4,84579.9,262097.16,2620.9716,221698058.87746,1,2025-04-14 22:00:00
84580.0,85137.7,84333.4,84984.2,534160.27,5341.6027,452962588.88036,1,2025-04-15 00:00:00
84984.1,85430.0,84692.7,85392.3,651667.52,6516.6752,554826438.63523,1,2025-04-15 02:00:00
85392.3,85897.9,85163.0,85537.9,851117.55,8511.1755,728064868.99405,1,2025-04-15 04:00:00
85537.8,85786.0,85363.0,85743.1,501118.38,5011.1838,428816885.78597,1,2025-04-15 06:00:00
85743.0,86000.0,85590.4,85999.0,843554.03,8435.5403,724139192.2705,1,2025-04-15 08:00:00
85999.0,86061.6,85332.1,85590.1,735034.83,7350.3483,629383649.98199,1,2025-04-15 10:00:00
85590.1,86478.0,85445.7,85582.0,1591807.63,15918.0763,1367759933.31143,1,2025-04-15 12:00:00
85585.7,85977.0,84625.0,84922.7,1863887.68,18638.8768,1587780614.42659,1,2025-04-15 14:00:00
84922.6,85146.4,84402.1,84477.7,650183.65,6501.8365,551508410.52711,1,2025-04-15 16:00:00
84477.8,84603.0,83888.0,83974.7,782141.6,7821.416,658547274.90425,1,2025-04-15 18:00:00
83974.7,84236.2,83795.0,84159.1,444556.84,4445.5684,373545379.9308,1,2025-04-15 20:00:00
84159.1,84159.1,83588.1,83649.6,468819.33,4688.1933,392865076.3366,1,2025-04-15 22:00:00
83649.6,83712.8,83101.4,83626.1,861119.27,8611.1927,718280759.39319,1,2025-04-16 00:00:00
83626.1,83949.8,83583.4,83690.1,504712.32,5047.1232,422919834.90351,1,2025-04-16 02:00:00
83690.0,83820.0,83217.5,83365.6,602723.54,6027.2354,503204257.14259,1,2025-04-16 04:00:00
83365.6,83750.0,83267.8,83363.1,434539.16,4345.3916,362790128.94128,1,2025-04-16 06:00:00
83363.2,84134.9,83124.9,83587.2,1034115.84,10341.1584,865273673.0195,1,2025-04-16 08:00:00
83587.2,84121.1,83562.0,84044.4,482289.97,4822.8997,404719677.42672,1,2025-04-16 10:00:00
84044.8,84262.3,83481.5,83732.2,893747.86,8937.4786,749739507.34126,1,2025-04-16 12:00:00
83732.1,85286.1,83707.4,84854.6,1567489.2,15674.892,1327107090.90447,1,2025-04-16 14:00:00
84854.6,85588.0,83266.2,83287.4,1728227.46,17282.2746,1461428283.98962,1,2025-04-16 16:00:00
83287.4,84490.5,83279.2,84335.5,1375740.85,13757.4085,1155750604.25258,1,2025-04-16 18:00:00
84335.5,84683.9,84235.2,84554.9,347930.59,3479.3059,293947143.73009,1,2025-04-16 20:00:00
84554.9,84598.0,84031.3,84034.1,300182.14,3001.8214,253037323.62792,1,2025-04-16 22:00:00
84034.1,84496.0,83941.6,84334.2,424121.91,4241.2191,357088864.55467,1,2025-04-17 00:00:00
84334.2,84334.2,83790.0,83992.7,477191.74,4771.9174,400990138.21554,1,2025-04-17 02:00:00
83992.8,84500.0,83891.4,84385.0,404968.83,4049.6883,340996445.19016,1,2025-04-17 04:00:00
84385.0,85063.5,84280.0,84681.7,807243.92,8072.4392,683835162.76964,1,2025-04-17 06:00:00
84681.7,84766.0,84361.0,84485.8,372498.66,3724.9866,314793109.08682,1,2025-04-17 08:00:00
84485.8,84771.6,84183.2,84580.0,433335.96,4333.3596,365954985.54316,1,2025-04-17 10:00:00
84580.0,84874.0,84304.0,84473.4,763600.66,7636.0066,646095215.27266,1,2025-04-17 12:00:00
84473.3,84727.6,83703.0,84541.9,1420766.37,14207.6637,1197145896.93574,1,2025-04-17 14:00:00
84542.0,85235.0,84404.9,85116.1,1049338.08,10493.3808,890868433.41941,1,2025-04-17 16:00:00
85116.1,85488.0,84433.2,84840.9,1073734.33,10737.3433,912775405.18602,1,2025-04-17 18:00:00
84840.7,85141.0,84840.6,85054.4,276274.04,2762.7404,234835306.51643,1,2025-04-17 20:00:00
85054.3,85100.0,84727.5,84949.9,194698.82,1946.9882,165337696.91446,1,2025-04-17 22:00:00
84949.9,85149.1,84728.0,84930.7,302228.94,3022.2894,256700599.88727,1,2025-04-18 00:00:00
84930.6,84990.0,84746.0,84834.2,196272.78,1962.7278,166538248.74284,1,2025-04-18 02:00:00
84834.1,84853.2,84525.0,84746.9,314848.76,3148.4876,266548442.07419,1,2025-04-18 04:00:00
84746.9,84786.0,84416.0,84670.2,362017.04,3620.1704,306315089.31967,1,2025-04-18 06:00:00
84670.1,84778.5,84524.8,84562.0,240486.47,2404.8647,203609247.17356,1,2025-04-18 08:00:00
84562.0,84688.0,84481.3,84679.0,205320.33,2053.2033,173643567.17801,1,2025-04-18 10:00:00
84679.0,84770.0,84471.6,84567.9,355290.31,3552.9031,300631414.84366,1,2025-04-18 12:00:00
84567.8,84629.2,84314.5,84372.8,395617.29,3956.1729,334110111.158,1,2025-04-18 14:00:00
84372.8,84620.0,84270.2,84573.5,336056.39,3360.5639,283941553.93835,1,2025-04-18 16:00:00
84573.5,84657.9,84510.0,84579.0,163739.31,1637.3931,138515361.99309,1,2025-04-18 18:00:00
84578.9,84710.7,84473.7,84641.8,147745.98,1477.4598,124947304.95458,1,2025-04-18 20:00:00
84641.8,84660.9,84340.0,84467.8,164310.94,1643.1094,138791174.83646,1,2025-04-18 22:00:00
84467.8,84609.9,84370.0,84549.9,130864.22,1308.6422,110566039.81067,1,2025-04-19 00:00:00
84549.9,84988.7,84500.0,84884.5,466051.85,4660.5185,395205057.83474,1,2025-04-19 02:00:00
84884.4,85274.6,84879.7,85079.7,517536.26,5175.3626,440395612.64216,1,2025-04-19 04:00:00
85079.7,85268.0,84888.0,85223.6,439001.65,4390.0165,373531121.18498,1,2025-04-19 06:00:00
85223.5,85456.4,85114.7,85340.0,534190.22,5341.9022,455844190.9725,1,2025-04-19 08:00:00
85339.9,85354.9,85100.0,85230.9,316455.67,3164.5567,269697790.08275,1,2025-04-19 10:00:00
85230.8,85514.4,85192.5,85486.0,292824.67,2928.2467,249984107.22982,1,2025-04-19 12:00:00
85486.0,85700.0,85066.0,85186.6,538091.72,5380.9172,459475429.67301,1,2025-04-19 14:00:00
85186.7,85350.2,84710.0,85239.0,717120.83,7171.2083,609885224.26301,1,2025-04-19 16:00:00
85239.0,85332.0,85050.0,85106.9,206906.86,2069.0686,176255452.99477,1,2025-04-19 18:00:00
85106.9,85390.0,85020.0,85339.7,131302.85,1313.0285,111955368.24878,1,2025-04-19 20:00:00
85339.7,85366.0,85072.0,85091.6,111626.67,1116.2667,95134497.6574,1,2025-04-19 22:00:00
85091.6,85338.1,85049.5,85318.1,193216.78,1932.1678,164631626.51436,1,2025-04-20 00:00:00
85318.1,85337.2,85115.0,85163.0,119595.85,1195.9585,101913726.11845,1,2025-04-20 02:00:00
85163.0,85250.0,85092.7,85092.8,122829.61,1228.2961,104600021.06852,1,2025-04-20 04:00:00
85092.7,85168.6,84668.7,84780.7,678662.56,6786.6256,575801079.97571,1,2025-04-20 06:00:00
84780.7,84799.4,84447.2,84541.6,420331.21,4203.3121,355635066.21152,1,2025-04-20 08:00:00
84541.7,84541.7,83935.4,84133.1,788990.87,7889.9087,664199063.25127,1,2025-04-20 10:00:00
84133.2,84477.0,84100.0,84307.9,512467.87,5124.6787,432089894.22384,1,2025-04-20 12:00:00
84307.9,84677.0,84250.2,84352.2,448343.76,4483.4376,378832770.96293,1,2025-04-20 14:00:00
84352.1,84645.8,84280.0,84583.8,271599.72,2715.9972,229542657.08377,1,2025-04-20 16:00:00
84583.8,84670.0,84462.5,84650.0,136294.54,1362.9454,115262262.96846,1,2025-04-20 18:00:00
84650.1,85280.1,84618.0,85014.9,650735.51,6507.3551,553423380.76513,1,2025-04-20 20:00:00
85014.9,85309.3,84680.6,85193.1,509416.34,5094.1634,433000928.19935,1,2025-04-20 22:00:00
85193.1,87444.0,85151.5,87288.8,2695430.66,26954.3066,2333695790.77616,1,2025-04-21 00:00:00
87288.8,87679.7,87143.0,87216.8,981582.86,9815.8286,857546422.59548,1,2025-04-21 02:00:00
87216.7,87756.0,87060.0,87550.0,582599.72,5825.9972,509210815.55903,1,2025-04-21 04:00:00
87550.1,87715.1,87350.0,87452.3,418057.39,4180.5739,365836768.0592,1,2025-04-21 06:00:00
87452.3,87799.9,87310.7,87509.9,531527.72,5315.2772,465270441.7456,1,2025-04-21 08:00:00
87510.0,87582.0,86650.0,86970.1,854587.17,8545.8717,743978961.84285,1,2025-04-21 10:00:00
86970.1,87579.0,86790.1,87036.7,1419037.15,14190.3715,1237713527.53802,1,2025-04-21 12:00:00
87035.1,88474.3,86939.0,88039.2,2273759.71,22737.5971,2001007752.38168,1,2025-04-21 14:00:00
88039.2,88253.0,86377.0,86869.3,2072763.5,20727.635,1806290265.12473,1,2025-04-21 16:00:00
86869.3,87487.2,86650.8,87400.1,729428.02,7294.2802,635094759.23951,1,2025-04-21 18:00:00
87400.1,87438.4,86813.3,87267.9,343678.89,3436.7889,299725514.71578,1,2025-04-21 20:00:00
87268.0,87628.0,86922.2,87505.0,429594.48,4295.9448,374696296.38513,1,2025-04-21 22:00:00
87505.1,88888.0,87050.0,88384.1,1680380.31,16803.8031,1479766296.93815,1,2025-04-22 00:00:00
88384.1,88699.9,87845.0,88162.6,890711.93,8907.1193,785411451.84021,1,2025-04-22 02:00:00
88162.7,88428.6,87964.0,88390.0,498045.78,4980.4578,439395517.57175,1,2025-04-22 04:00:00
88390.0,88512.3,87998.9,88487.9,648410.74,6484.1074,572375223.52406,1,2025-04-22 06:00:00
88487.8,88699.9,88300.0,88579.2,510754.37,5107.5437,451934518.15084,1,2025-04-22 08:00:00
88579.1,88696.4,88234.6,88621.1,416504.8,4165.048,368703954.23941,1,2025-04-22 10:00:00
88621.1,90550.0,88478.8,90242.2,3019242.91,30192.4291,2704428474.66841,1,2025-04-22 12:00:00
90242.2,91458.7,90025.1,90931.8,2992073.74,29920.7374,2716585249.71332,1,2025-04-22 14:00:00
90931.8,91486.0,90626.8,91382.2,1129524.01,11295.2401,1027299451.46793,1,2025-04-22 16:00:00
91382.2,91720.9,90888.0,91405.6,1004580.53,10045.8053,918084423.25275,1,2025-04-22 18:00:00
91405.7,94180.0,91042.2,93058.1,1969825.95,19698.2595,1820813055.11666,1,2025-04-22 20:00:00
93058.1,93888.8,92562.0,93461.2,1653984.39,16539.8439,1541565112.8275,1,2025-04-22 22:00:00
93462.0,93929.7,92608.6,92660.1,1087994.76,10879.9476,1014536276.73537,1,2025-04-23 00:00:00
92660.2,93292.7,92638.0,93183.8,652315.74,6523.1574,606211224.33077,1,2025-04-23 02:00:00
93183.8,93695.7,93022.4,93500.0,758083.4,7580.834,707977480.56104,1,2025-04-23 04:00:00
93500.0,94350.0,93439.0,94144.9,975213.34,9752.1334,914603080.46296,1,2025-04-23 06:00:00
94144.9,94555.0,93899.4,93899.7,920663.82,9206.6382,867292909.60244,1,2025-04-23 08:00:00
93899.7,93900.0,93340.0,93484.0,849721.01,8497.2101,795315235.99896,1,2025-04-23 10:00:00
93484.0,94800.0,92880.0,93036.7,2233547.76,22335.4776,2095177697.74402,1,2025-04-23 12:00:00
93037.3,93661.5,91945.4,93188.5,2278808.75,22788.0875,2113522474.49186,1,2025-04-23 14:00:00
93188.4,93967.4,92913.0,93889.7,995144.28,9951.4428,930645247.42255,1,2025-04-23 16:00:00
93889.8,94235.9,92955.0,93477.7,677443.05,6774.4305,634172720.53833,1,2025-04-23 18:00:00
93477.6,93928.7,93269.2,93479.0,362803.55,3628.0355,339825967.96656,1,2025-04-23 20:00:00
93479.0,93860.6,93230.7,93683.6,285686.77,2856.8677,267365790.67782,1,2025-04-23 22:00:00
93683.6,93778.0,93076.0,93500.0,484257.42,4842.5742,452358127.2016,1,2025-04-24 00:00:00
93500.0,93645.4,92600.0,92659.3,655448.86,6554.4886,610128708.22591,1,2025-04-24 02:00:00
92659.3,92888.0,92369.0,92571.5,738539.92,7385.3992,684219133.81747,1,2025-04-24 04:00:00
92571.5,92665.8,92048.8,92185.4,731437.12,7314.3712,675557629.73636,1,2025-04-24 06:00:00
92185.4,92580.7,91640.1,92467.3,1375307.28,13753.0728,1266552110.47242,1,2025-04-24 08:00:00
92467.4,92647.9,92266.7,92599.9,508312.77,5083.1277,470049556.77457,1,2025-04-24 10:00:00
92600.0,92944.9,92414.7,92790.4,681865.13,6818.6513,632062163.60541,1,2025-04-24 12:00:00
92790.4,93433.0,92600.0,93171.0,1175201.67,11752.0167,1093610349.77447,1,2025-04-24 14:00:00
93171.1,93614.2,92649.1,92987.1,811411.98,8114.1198,756081534.43624,1,2025-04-24 16:00:00
92987.2,93676.5,92967.6,93538.8,475679.33,4756.7933,444161555.56004,1,2025-04-24 18:00:00
93538.2,93634.1,93000.1,93340.0,323377.64,3233.7764,301950008.17976,1,2025-04-24 20:00:00
93339.9,93982.6,93262.1,93960.1,675587.15,6755.8715,632576215.91411,1,2025-04-24 22:00:00
93960.1,94410.0,93504.7,93626.7,886995.76,8869.9576,832869441.15769,1,2025-04-25 00:00:00
93626.7,93858.7,92801.0,93275.0,956115.87,9561.1587,891116130.22868,1,2025-04-25 02:00:00
93274.9,93481.0,92970.0,93164.1,531111.95,5311.1195,495293306.67372,1,2025-04-25 04:00:00
93164.1,93868.1,93154.8,93758.6,724693.99,7246.9399,678129671.50383,1,2025-04-25 06:00:00
93758.6,93871.9,93510.0,93789.1,451095.61,4510.9561,422576381.76628,1,2025-04-25 08:00:00
93789.1,94625.4,93507.8,94591.3,827874.81,8278.7481,778069053.22045,1,2025-04-25 10:00:00
94591.2,94970.5,93881.5,94350.1,1601566.57,16015.6657,1513745968.98741,1,2025-04-25 12:00:00
94350.1,95737.2,94338.2,95020.6,2373034.36,23730.3436,2256089952.95262,1,2025-04-25 14:00:00
95020.7,95528.1,94333.5,94493.5,972741.52,9727.4152,924077371.81347,1,2025-04-25 16:00:00
94493.5,95274.9,94493.5,95239.5,547666.45,5476.6645,519974174.48668,1,2025-04-25 18:00:00
95239.5,95295.3,94410.0,94559.1,373057.21,3730.5721,353841912.60904,1,2025-04-25 20:00:00
94559.2,94933.1,94540.3,94601.9,224041.04,2240.4104,212232501.33393,1,2025-04-25 22:00:00
94601.9,95171.4,94514.1,94971.6,394403.8,3944.038,374207604.24395,1,2025-04-26 00:00:00
94971.6,95125.4,94666.0,94701.4,284042.13,2840.4213,269384283.8189,1,2025-04-26 02:00:00
94701.5,94806.1,94323.8,94591.9,397057.98,3970.5798,375457396.57824,1,2025-04-26 04:00:00
94591.9,94769.9,94511.4,94516.4,240417.62,2404.1762,227547653.82017,1,2025-04-26 06:00:00
94516.3,94700.0,94070.3,94242.0,572709.12,5727.0912,540250209.12628,1,2025-04-26 08:00:00
94244.0,94365.9,93942.7,94114.2,445659.37,4456.5937,419520375.043,1,2025-04-26 10:00:00
94114.1,94294.4,93825.0,94108.9,478380.5,4783.805,450120907.38994,1,2025-04-26 12:00:00
94109.0,94371.9,93878.4,94330.1,388264.6,3882.646,365668129.90051,1,2025-04-26 14:00:00
94330.1,94344.0,93990.1,94288.0,236103.38,2361.0338,222448125.40738,1,2025-04-26 16:00:00
94288.0,94349.2,94051.0,94258.4,179570.64,1795.7064,169128712.84433,1,2025-04-26 18:00:00
94258.3,94348.0,94035.5,94299.9,256878.19,2568.7819,241949466.75179,1,2025-04-26 20:00:00
94300.0,94855.5,94299.9,94582.0,388476.34,3884.7634,367533595.51892,1,2025-04-26 22:00:00
94582.0,95276.3,94004.3,94090.7,841462.34,8414.6234,796655668.74886,1,2025-04-27 00:00:00
94090.7,94437.1,94020.0,94119.4,329138.28,3291.3828,310181717.74598,1,2025-04-27 02:00:00
94119.3,94258.6,93611.0,93888.6,520507.89,5205.0789,488913658.71685,1,2025-04-27 04:00:00
93889.2,94111.0,93834.0,94035.6,268433.48,2684.3348,252314073.64294,1,2025-04-27 06:00:00
94035.7,94299.9,93980.0,94130.0,257443.23,2574.4323,242371913.36021,1,2025-04-27 08:00:00
94130.0,94151.2,93835.1,93881.4,270931.1,2709.311,254629789.52953,1,2025-04-27 10:00:00
93881.4,94060.2,93538.4,94022.0,614519.28,6145.1928,576407856.64857,1,2025-04-27 12:00:00
94022.0,94137.2,93740.0,93847.5,335628.36,3356.2836,315257864.34551,1,2025-04-27 14:00:00
93847.5,94123.7,93685.3,94001.3,337673.43,3376.7343,317036834.22324,1,2025-04-27 16:00:00
94001.3,94397.9,93950.3,94390.0,258359.84,2583.5984,243480383.34623,1,2025-04-27 18:00:00
94390.0,94500.0,94108.7,94280.4,267198.89,2671.9889,252053877.71851,1,2025-04-27 20:00:00
94280.5,94295.6,93588.9,93708.0,470480.05,4704.8005,441574639.29962,1,2025-04-27 22:00:00
93708.0,93760.0,92732.5,92899.2,1209728.86,12097.2886,1127402626.90975,1,2025-04-28 00:00:00
92899.1,93941.5,92829.4,93804.9,882072.15,8820.7215,824128814.35883,1,2025-04-28 02:00:00
93804.9,94297.0,93804.9,94189.9,550010.02,5500.1002,517310989.26828,1,2025-04-28 04:00:00
94190.0,94751.5,94189.9,94642.2,640379.15,6403.7915,605116306.45537,1,2025-04-28 06:00:00
94642.2,94837.9,94537.9,94689.8,711141.02,7111.4102,673514848.82359,1,2025-04-28 08:00:00
94689.8,95488.0,94284.1,95273.8,2627650.9,26276.509,2493488765.55163,1,2025-04-28 10:00:00
95273.8,95577.6,93888.0,93937.6,1622198.55,16221.9855,1538258711.24516,1,2025-04-28 12:00:00
93937.6,94872.0,93529.4,93800.0,1593636.57,15936.3657,1500769691.88306,1,2025-04-28 14:00:00
93799.9,94077.4,93406.0,94052.0,758794.71,7587.9471,711036924.4153,1,2025-04-28 16:00:00
94051.9,94879.6,93736.7,94743.8,639194.22,6391.9422,603402940.76491,1,2025-04-28 18:00:00
94743.8,94762.8,94253.3,94497.7,362372.64,3623.7264,342441522.15603,1,2025-04-28 20:00:00
94497.7,95146.0,94426.0,94960.0,495061.34,4950.6134,469542241.22693,1,2025-04-28 22:00:00
94959.9,95420.5,94665.3,94809.9,837366.2,8373.662,795911684.85123,1,2025-04-29 00:00:00
94809.9,94910.0,94386.9,94617.0,584912.47,5849.1247,553641772.00371,1,2025-04-29 02:00:00
94617.0,94841.8,94161.7,94243.1,554460.81,5544.6081,523451919.05364,1,2025-04-29 04:00:00
94243.1,94926.2,94222.0,94873.5,488652.48,4886.5248,462647777.2639,1,2025-04-29 06:00:00
94873.4,95045.5,94737.3,94936.2,448172.25,4481.7225,425264528.36718,1,2025-04-29 08:00:00
94936.3,95247.7,94688.1,95092.0,485630.95,4856.3095,461359102.33721,1,2025-04-29 10:00:00
95092.0,95128.0,94526.6,94750.1,682722.5,6827.225,647188622.37122,1,2025-04-29 12:00:00
94750.1,95262.3,94439.8,94791.2,845667.19,8456.6719,802169214.07116,1,2025-04-29 14:00:00
94791.3,95442.2,94595.5,95195.2,1039553.85,10395.5385,988251963.18433,1,2025-04-29 16:00:00
95195.3,95400.0,94973.6,95259.3,612252.06,6122.5206,583309813.51964,1,2025-04-29 18:00:00
95259.4,95380.5,94300.0,94692.0,709964.45,7099.6445,672198518.30124,1,2025-04-29 20:00:00
94692.1,94692.1,93668.5,94196.0,1292861.26,12928.6126,1216488293.86525,1,2025-04-29 22:00:00
94196.0,94585.7,94061.5,94484.9,538265.36,5382.6536,507965503.60841,1,2025-04-30 00:00:00
94484.8,95080.0,94395.8,95000.0,637045.16,6370.4516,603489399.56099,1,2025-04-30 02:00:00
95000.0,95146.9,94810.9,94854.6,505886.49,5058.8649,480275116.165,1,2025-04-30 04:00:00
94854.6,94927.6,94456.4,94587.3,355715.71,3557.1571,336861835.98694,1,2025-04-30 06:00:00
94587.2,95036.0,94480.0,94934.3,446251.71,4462.5171,422703199.82447,1,2025-04-30 08:00:00
94934.2,95200.0,94803.2,95145.9,656940.48,6569.4048,624287280.8887,1,2025-04-30 10:00:00
95145.8,95186.8,92988.0,93000.3,2235807.51,22358.0751,2104489938.95916,1,2025-04-30 12:00:00
93000.3,94328.6,92864.0,93955.0,1877478.44,18774.7844,1758538424.40468,1,2025-04-30 14:00:00
93955.0,94244.0,93464.0,94067.9,692093.53,6920.9353,649682490.07108,1,2025-04-30 16:00:00
94067.9,94525.2,93710.0,94122.6,574481.99,5744.8199,540737565.57075,1,2025-04-30 18:00:00
94122.6,94738.0,94077.0,94380.0,542211.32,5422.1132,512461057.16551,1,2025-04-30 20:00:00
94380.0,94675.0,93873.7,94112.2,784158.37,7841.5837,738529986.99548,1,2025-04-30 22:00:00
94112.3,94682.7,94068.6,94597.4,509129.78,5091.2978,480779722.99624,1,2025-05-01 00:00:00
94597.4,94966.0,94567.1,94728.0,709420.17,7094.2017,672343904.80917,1,2025-05-01 02:00:00
94728.0,95162.8,94658.8,95104.1,593357.68,5933.5768,563379478.83383,1,2025-05-01 04:00:00
95104.1,95149.0,94750.0,94960.9,356740.36,3567.4036,338715581.20828,1,2025-05-01 06:00:00
94960.9,95778.9,94851.9,95475.5,930062.72,9300.6272,886915302.91216,1,2025-05-01 08:00:00
95475.6,96364.8,95475.5,96132.1,1691086.99,16910.8699,1623918186.30384,1,2025-05-01 10:00:00
96132.1,96720.0,95762.5,95764.5,1560093.53,15600.9353,1501150350.90857,1,2025-05-01 12:00:00
95764.6,97398.0,95764.6,96806.1,2202500.2,22025.002,2130517172.74708,1,2025-05-01 14:00:00
96806.0,97319.3,96465.2,96758.5,882318.45,8823.1845,855343179.89691,1,2025-05-01 16:00:00
96758.5,96967.4,96364.1,96490.0,555408.81,5554.0881,536506496.09638,1,2025-05-01 18:00:00
96489.9,96858.4,96262.0,96429.9,512064.9,5120.649,494385842.65318,1,2025-05-01 20:00:00
96429.9,96610.0,96137.6,96443.3,361456.98,3614.5698,348223560.24092,1,2025-05-01 22:00:00
96443.2,97157.9,96426.2,96926.0,689664.25,6896.6425,668002083.63431,1,2025-05-02 00:00:00
96925.9,97188.0,96684.6,97055.9,368792.63,3687.9263,357693586.80311,1,2025-05-02 02:00:00
97055.9,97250.0,96585.0,96665.9,439238.31,4392.3831,425729212.99056,1,2025-05-02 04:00:00
96665.9,96864.2,96307.6,96323.0,744201.41,7442.0141,718491692.16265,1,2025-05-02 06:00:00
96323.1,96748.0,96320.1,96567.9,472373.32,4723.7332,456166111.72641,1,2025-05-02 08:00:00
96568.0,97050.8,96556.8,96873.0,498694.25,4986.9425,483109979.98152,1,2025-05-02 10:00:00
96873.0,97222.0,96600.0,96714.0,884709.22,8847.0922,857108357.5666,1,2025-05-02 12:00:00
96714.0,97861.2,96650.0,97269.9,1681071.28,16810.7128,1636406023.8707,1,2025-05-02 14:00:00
97269.8,97742.2,96983.0,97341.8,762997.1,7629.971,743028224.65741,1,2025-05-02 16:00:00
97341.8,97563.4,96700.1,96859.5,529077.51,5290.7751,513671379.47446,1,2025-05-02 18:00:00
96859.5,97085.0,96509.8,96675.8,231511.44,2315.1144,224183113.02259,1,2025-05-02 20:00:00
96675.8,96858.8,96523.8,96837.0,269975.35,2699.7535,260961135.19831,1,2025-05-02 22:00:00
96836.9,96880.0,96381.5,96463.0,401957.15,4019.5715,388181644.9394,1,2025-05-03 00:00:00
96463.0,96662.7,96256.0,96280.2,429481.86,4294.8186,414109583.4249,1,2025-05-03 02:00:00
96280.2,96550.1,96246.2,96365.0,268555.66,2685.5566,258982091.11817,1,2025-05-03 04:00:00
96365.0,96365.0,96070.0,96294.7,486392.06,4863.9206,468018983.29216,1,2025-05-03 06:00:00
96294.8,96400.0,96100.0,96214.4,323307.79,3233.0779,311179416.93624,1,2025-05-03 08:00:00
96214.4,96214.4,95811.0,95900.0,568299.47,5682.9947,545387756.68471,1,2025-05-03 10:00:00
95900.1,96293.4,95850.0,96291.9,420775.01,4207.7501,404330047.91436,1,2025-05-03 12:00:00
96291.9,96472.1,96232.8,96359.7,354014.9,3540.149,341097961.23882,1,2025-05-03 14:00:00
96359.8,96374.9,95815.0,96153.8,479175.37,4791.7537,460373417.13737,1,2025-05-03 16:00:00
96153.9,96323.5,96060.8,96323.4,178120.24,1781.2024,171340625.48071,1,2025-05-03 18:00:00
96323.5,96400.0,96196.6,96236.4,186523.68,1865.2368,179614064.07362,1,2025-05-03 20:00:00
96236.3,96345.4,95666.4,95800.0,480128.42,4801.2842,460496218.75045,1,2025-05-03 22:00:00
95800.0,96146.7,95526.4,96056.4,555459.68,5554.5968,532193643.66972,1,2025-05-04 00:00:00
96056.4,96265.0,95609.7,95688.4,434001.13,4340.0113,416119485.26493,1,2025-05-04 02:00:00
95688.4,96093.0,95650.0,96000.0,277255.7,2772.557,265783487.54419,1,2025-05-04 04:00:00
96000.0,96105.9,95766.0,95848.6,202604.85,2026.0485,194317189.66088,1,2025-05-04 06:00:00
95848.7,95898.6,95350.0,95440.1,496139.34,4961.3934,474088316.58928,1,2025-05-04 08:00:00
95440.1,95511.5,95233.5,95380.3,409675.54,4096.7554,390773582.42301,1,2025-05-04 10:00:00
95380.3,95555.0,95181.5,95337.5,363522.68,3635.2268,346697372.65673,1,2025-05-04 12:00:00
95337.6,95631.0,95280.1,95415.3,315516.1,3155.161,301329509.14637,1,2025-05-04 14:00:00
95415.2,95523.0,95200.0,95360.2,304300.82,3043.0082,290142207.07423,1,2025-05-04 16:00:00
95360.1,95598.5,95300.0,95542.1,137092.65,1370.9265,130843506.28182,1,2025-05-04 18:00:00
95542.0,95720.0,95518.0,95632.8,144302.39,1443.0239,138009813.10078,1,2025-05-04 20:00:00
95632.8,95640.4,94102.3,94232.0,1268864.21,12688.6421,1201688374.31849,1,2025-05-04 22:00:00
94232.1,94750.0,93637.3,93887.3,1091307.5,10913.075,1028055342.01607,1,2025-05-05 00:00:00
93887.2,94349.3,93430.4,94009.9,833522.54,8335.2254,783320880.54159,1,2025-05-05 02:00:00
94009.9,94732.4,93971.1,94690.1,503619.01,5036.1901,475194688.27491,1,2025-05-05 04:00:00
94690.1,94786.5,94490.3,94705.9,400882.05,4008.8205,379335756.57572,1,2025-05-05 06:00:00
94705.8,94740.0,94440.3,94520.0,302016.15,3020.1615,285616360.78984,1,2025-05-05 08:00:00
94519.9,94529.2,93850.1,93998.1,638544.29,6385.4429,600979555.16055,1,2025-05-05 10:00:00
93998.1,94370.3,93573.6,94188.0,867165.26,8671.6526,815181732.33463,1,2025-05-05 12:00:00
94188.0,94500.0,93560.0,93734.0,1002294.41,10022.9441,941692942.47661,1,2025-05-05 14:00:00
93733.9,94600.0,93717.0,94459.5,673135.79,6731.3579,634221622.48643,1,2025-05-05 16:00:00
94459.6,94865.4,94239.0,94300.0,545442.0,5454.42,516030575.99741,1,2025-05-05 18:00:00
94299.9,94796.8,93810.2,94669.1,465019.48,4650.1948,438576611.20081,1,2025-05-05 20:00:00
94669.1,95150.0,94660.0,94694.1,540399.92,5403.9992,512994773.99396,1,2025-05-05 22:00:00
94694.1,94886.0,94250.3,94259.9,535018.16,5350.1816,505897284.01828,1,2025-05-06 00:00:00
94260.0,94460.0,93981.0,94410.4,435751.84,4357.5184,410568954.67415,1,2025-05-06 02:00:00
94410.3,94560.0,94251.3,94290.0,325696.19,3256.9619,307480393.23931,1,2025-05-06 04:00:00
94290.0,94599.0,94281.8,94344.1,178480.14,1784.8014,168524613.63759,1,2025-05-06 06:00:00
94344.1,94353.3,93952.1,94177.3,389817.53,3898.1753,367010231.46697,1,2025-05-06 08:00:00
94177.3,94292.9,93674.0,93773.0,570522.01,5705.2201,535823306.67559,1,2025-05-06 10:00:00
93772.9,94010.5,93338.0,93565.0,903007.61,9030.0761,846160621.35138,1,2025-05-06 12:00:00
93564.9,94683.5,93561.3,94505.1,1300869.07,13008.6907,1226100208.00642,1,2025-05-06 14:00:00
94505.7,94800.0,94171.5,94477.2,578406.3,5784.063,546716004.0285,1,2025-05-06 16:00:00
94477.2,95106.9,94470.0,94909.2,471540.01,4715.4001,447500922.42498,1,2025-05-06 18:00:00
94909.3,94977.0,94379.4,94650.7,315497.75,3154.9775,298669309.89122,1,2025-05-06 20:00:00
94650.7,96866.0,94635.7,96782.0,1876615.64,18766.1564,1800770469.22867,1,2025-05-06 22:00:00
96782.0,97720.0,96700.3,97198.6,1492095.69,14920.9569,1450760253.78667,1,2025-05-07 00:00:00
97198.7,97230.0,96171.9,96464.4,1095478.34,10954.7834,1058650252.48673,1,2025-05-07 02:00:00
96464.4,96675.8,96274.6,96350.0,384475.53,3844.7553,370950168.59996,1,2025-05-07 04:00:00
96350.1,96958.0,96322.1,96932.0,445101.24,4451.0124,430207591.71318,1,2025-05-07 06:00:00
96931.9,97032.8,96801.4,96930.7,379240.68,3792.4068,367536997.33858,1,2025-05-07 08:00:00
96930.8,97066.0,96777.0,96996.7,307027.23,3070.2723,297621017.32024,1,2025-05-07 10:00:00
96996.7,97265.0,96669.0,96960.2,756170.44,7561.7044,733022804.13869,1,2025-05-07 12:00:00
96960.1,97444.3,96718.8,96896.0,822009.73,8220.0973,797883670.15055,1,2025-05-07 14:00:00
96896.1,96917.6,96140.0,96279.9,859140.58,8591.4058,829669343.10769,1,2025-05-07 16:00:00
96279.9,96848.4,95737.8,96133.1,1486618.3,14866.183,1431213835.48511,1,2025-05-07 18:00:00
96133.1,97286.0,96026.7,97081.7,674692.67,6746.9267,652917209.36379,1,2025-05-07 20:00:00
97081.7,97349.5,96922.0,96984.0,445242.34,4452.4234,432523544.94451,1,2025-05-07 22:00:00
96983.9,98350.0,96805.0,97775.8,1367768.1,13677.681,1336915185.52044,1,2025-05-08 00:00:00
97775.9,99200.0,97775.8,99102.6,1689557.39,16895.5739,1666768358.59824,1,2025-05-08 02:00:00
99104.0,99389.0,98703.6,98706.9,1145475.52,11454.7552,1135060116.78417,1,2025-05-08 04:00:00
98706.9,99344.2,98698.8,99211.9,619161.66,6191.6166,613338950.96387,1,2025-05-08 06:00:00
99211.8,99790.0,99162.1,99746.3,963366.27,9633.6627,959025027.7477,1,2025-05-08 08:00:00
99746.4,99875.4,99366.7,99369.1,676309.53,6763.0953,673766832.32029,1,2025-05-08 10:00:00
99369.2,99607.4,99053.7,99254.1,810037.47,8100.3747,804543285.91863,1,2025-05-08 12:00:00
99254.2,101499.0,99101.2,100730.0,3138593.77,31385.9377,3150633734.30622,1,2025-05-08 14:00:00
100730.0,101666.0,100528.8,100982.1,1281988.56,12819.8856,1295545298.20529,1,2025-05-08 16:00:00
100982.1,101435.9,100918.0,101261.2,578202.21,5782.0221,585046401.48414,1,2025-05-08 18:00:00
101261.2,104318.9,101230.6,102796.0,2283152.67,22831.5267,2343790966.53295,1,2025-05-08 20:00:00
102796.0,103322.0,102376.0,103234.1,768718.59,7687.1859,790922885.3173,1,2025-05-08 22:00:00
103234.0,103234.1,102486.0,103063.2,668640.45,6686.4045,687268970.90887,1,2025-05-09 00:00:00
103063.1,103063.2,102279.4,102418.1,537507.29,5375.0729,551429923.70825,1,2025-05-09 02:00:00
102418.2,102930.0,102346.4,102930.0,437326.0,4373.26,449000755.03637,1,2025-05-09 04:00:00
102929.9,104359.8,102881.0,103610.2,1256937.22,12569.3722,1302256910.13593,1,2025-05-09 06:00:00
103610.2,103919.0,102388.0,102896.7,1594806.37,15948.0637,1643008049.64715,1,2025-05-09 08:00:00
102896.7,103478.0,102623.0,102909.0,756302.34,7563.0234,779583375.32752,1,2025-05-09 10:00:00
102909.0,103732.0,102755.9,103565.6,732906.35,7329.0635,756220744.27115,1,2025-05-09 12:00:00
103565.6,103695.3,102359.0,102848.5,1227608.83,12276.0883,1263734834.513,1,2025-05-09 14:00:00
102848.6,103190.2,102241.7,103160.9,766152.56,7661.5256,786995375.88642,1,2025-05-09 16:00:00
103160.9,103329.9,102835.8,103138.0,335928.28,3359.2828,346369253.04427,1,2025-05-09 18:00:00
103137.9,103363.1,102721.0,102942.6,255018.45,2550.1845,262756659.49389,1,2025-05-09 20:00:00
102942.6,103038.0,102701.0,102946.2,178777.88,1787.7788,183937777.10737,1,2025-05-09 22:00:00
102946.2,103087.8,102777.6,102925.2,324070.33,3240.7033,333548848.15028,1,2025-05-10 00:00:00
102925.2,103228.3,102896.2,103176.6,251640.34,2516.4034,259392604.07798,1,2025-05-10 02:00:00
103176.6,103320.0,102977.5,103315.0,228020.58,2280.2058,235173846.11808,1,2025-05-10 04:00:00
103314.9,104096.4,103313.3,103730.1,866176.09,8661.7609,898099550.67766,1,2025-05-10 06:00:00
103730.1,104080.5,103332.8,103738.5,711433.8,7114.338,737608773.50708,1,2025-05-10 08:00:00
103738.6,103863.7,103354.0,103400.0,348698.7,3486.987,361202802.3007,1,2025-05-10 10:00:00
103399.9,103801.7,103389.6,103603.8,309910.04,3099.1004,321178662.42062,1,2025-05-10 12:00:00
103603.7,103647.4,103051.0,103084.2,382032.73,3820.3273,394803629.87432,1,2025-05-10 14:00:00
103084.2,103594.2,103084.1,103136.4,458017.45,4580.1745,473241264.45184,1,2025-05-10 16:00:00
103136.3,103278.2,102967.1,103160.3,312765.24,3127.6524,322647090.8059,1,2025-05-10 18:00:00
103160.3,103770.0,103024.3,103709.7,191291.32,1912.9132,197696234.80365,1,2025-05-10 20:00:00
103709.7,104962.6,103515.0,104787.8,1054440.84,10544.4084,1100605391.9926,1,2025-05-10 22:00:00
104787.3,104937.5,103826.8,104098.7,788604.45,7886.0445,822835200.65207,1,2025-05-11 00:00:00
104098.8,104240.0,103383.4,103948.0,581925.0,5819.25,604300188.81798,1,2025-05-11 02:00:00
103948.0,104349.8,103767.7,103801.2,306801.88,3068.0188,319301104.77071,1,2025-05-11 04:00:00
103801.3,103940.0,103294.2,103347.2,589023.52,5890.2352,610337466.19018,1,2025-05-11 06:00:00
103347.1,104435.0,103340.0,104296.0,572562.61,5725.6261,595462147.94942,1,2025-05-11 08:00:00
104295.2,104736.9,104129.4,104604.1,473382.85,4733.8285,494422052.17125,1,2025-05-11 10:00:00
104604.1,104855.0,103911.0,103938.6,621039.79,6210.3979,648690898.32579,1,2025-05-11 12:00:00
103938.6,104650.0,103738.6,104088.1,806105.97,8061.0597,839288397.11942,1,2025-05-11 14:00:00
104088.1,104137.0,103691.9,103988.3,506133.17,5061.3317,525920120.40059,1,2025-05-11 16:00:00
103988.2,104780.0,103800.0,104375.1,446717.54,4467.1754,466324241.67084,1,2025-05-11 18:00:00
104375.2,104410.5,103900.0,104302.4,244655.48,2446.5548,254872578.80197,1,2025-05-11 20:00:00
104302.5,104543.7,103500.0,104066.0,436571.09,4365.7109,453488334.0282,1,2025-05-11 22:00:00
104065.9,105137.1,103700.0,103949.4,984256.22,9842.5622,1027894719.98888,1,2025-05-12 00:00:00
103949.4,104165.7,103677.1,104059.9,506758.17,5067.5817,526652593.40007,1,2025-05-12 02:00:00
104059.9,104130.0,103712.1,103913.9,279244.28,2792.4428,290183791.03718,1,2025-05-12 04:00:00
103913.9,105834.5,103754.6,104431.5,2139750.57,21397.5057,2245851863.28583,1,2025-05-12 06:00:00
104431.5,104694.5,104025.0,104405.0,599177.94,5991.7794,625340582.13032,1,2025-05-12 08:00:00
104405.1,104580.2,103566.0,103714.9,723540.83,7235.4083,753511767.51509,1,2025-05-12 10:00:00
103714.8,104628.1,103622.1,104285.7,1157139.97,11571.3997,1203915454.39568,1,2025-05-12 12:00:00
104285.7,104350.0,102309.9,102480.1,2078301.12,20783.0112,2141507952.81327,1,2025-05-12 14:00:00
102480.1,103043.5,102381.0,102512.7,673164.46,6731.6446,691939725.96538,1,2025-05-12 16:00:00
102512.8,102620.0,100700.0,101817.1,2055221.61,20552.2161,2088279066.88842,1,2025-05-12 18:00:00
101816.3,102844.0,101728.2,102453.2,520887.49,5208.8749,533324973.39063,1,2025-05-12 20:00:00
102453.3,103095.3,102310.0,102740.0,369364.81,3693.6481,379731405.6205,1,2025-05-12 22:00:00
102740.1,102749.6,102023.1,102365.3,524260.92,5242.6092,536883528.80501,1,2025-05-13 00:00:00
102365.3,102680.0,101368.5,101678.7,840239.19,8402.3919,855964825.94301,1,2025-05-13 02:00:00
101678.6,102717.0,101575.0,102420.0,623787.59,6237.8759,638264584.66291,1,2025-05-13 04:00:00
102419.9,102908.0,102289.0,102624.0,344317.49,3443.1749,353303280.22313,1,2025-05-13 06:00:00
102624.0,103474.8,102474.1,103404.5,701987.4,7019.874,722793055.12567,1,2025-05-13 08:00:00
103404.5,103792.8,103214.5,103683.4,565816.64,5658.1664,585766455.0445,1,2025-05-13 10:00:00
103683.3,103934.5,103265.9,103677.9,1350367.58,13503.6758,1399809369.70952,1,2025-05-13 12:00:00
103680.0,103858.0,102762.1,103654.2,1004645.43,10046.4543,1038127434.52901,1,2025-05-13 14:00:00
103654.2,104399.0,103503.2,104220.0,943310.04,9433.1004,980848604.41851,1,2025-05-13 16:00:00
104219.9,104975.2,104036.1,104751.6,689554.51,6895.5451,720517551.86413,1,2025-05-13 18:00:00
104751.5,104905.6,104125.0,104296.8,331664.71,3316.6471,346516816.34143,1,2025-05-13 20:00:00
104296.8,104395.3,103832.7,104088.1,304888.97,3048.8897,317427255.27662,1,2025-05-13 22:00:00
104088.1,104090.1,103638.8,103681.8,467226.95,4672.2695,485347452.55493,1,2025-05-14 00:00:00
103681.9,103746.0,103411.0,103549.9,364251.91,3642.5191,377281458.32028,1,2025-05-14 02:00:00
103549.8,103948.0,103420.0,103855.4,354750.65,3547.5065,367988533.79359,1,2025-05-14 04:00:00
103855.3,103920.0,103329.6,103657.7,414833.74,4148.3374,429737780.5117,1,2025-05-14 06:00:00
103657.8,103848.0,102789.0,103428.1,985657.48,9856.5748,1017683945.0399,1,2025-05-14 08:00:00
103428.1,104135.4,103400.0,103909.7,585262.85,5852.6285,607298672.0509,1,2025-05-14 10:00:00
103909.6,104329.2,103440.0,103924.1,706216.93,7062.1693,733789092.96548,1,2025-05-14 12:00:00
103924.1,103924.1,102805.5,103476.1,1028968.3,10289.683,1062421234.65835,1,2025-05-14 14:00:00
103476.1,103570.1,102555.0,103224.0,770496.99,7704.9699,794485805.75032,1,2025-05-14 16:00:00
103224.0,103691.9,102982.9,103279.1,421721.68,4217.2168,435896059.00264,1,2025-05-14 18:00:00
103279.1,103627.6,103249.6,103601.1,202627.46,2026.2746,209623532.1134,1,2025-05-14 20:00:00
103601.0,103610.0,103296.3,103450.2,159218.38,1592.1838,164726673.96214,1,2025-05-14 22:00:00
103450.3,103818.0,102918.0,102988.1,492949.84,4929.4984,509722567.94967,1,2025-05-15 00:00:00
102988.0,103175.8,102678.0,102712.1,431423.67,4314.2367,444084924.88541,1,2025-05-15 02:00:00
102712.0,102939.6,102280.1,102330.1,431149.04,4311.4904,442282307.99394,1,2025-05-15 04:00:00
102330.1,102650.0,101682.6,101746.2,750199.39,7501.9939,765943370.844,1,2025-05-15 06:00:00
101746.2,102286.0,101464.4,101786.9,695609.89,6956.0989,708861873.38887,1,2025-05-15 08:00:00
101786.9,102405.5,101556.0,102324.4,509973.82,5099.7382,520095715.26037,1,2025-05-15 10:00:00
102324.3,102800.0,101500.0,102096.0,1148715.23,11487.1523,1175598594.97075,1,2025-05-15 12:00:00
102096.0,103255.0,101324.0,103209.3,1395766.04,13957.6604,1427752881.10083,1,2025-05-15 14:00:00
103209.3,104172.9,102978.1,103930.0,1023817.69,10238.1769,1060550868.62251,1,2025-05-15 16:00:00
103930.0,103970.0,102503.9,103110.0,962278.62,9622.7862,992660803.91691,1,2025-05-15 18:00:00
103110.1,103444.8,102660.2,103240.3,428278.9,4282.789,441746931.1906,1,2025-05-15 20:00:00
103240.2,103975.4,103185.7,103723.9,670444.81,6704.4481,694650806.65257,1,2025-05-15 22:00:00
103723.8,104088.0,103438.7,104025.3,584099.66,5840.9966,606392355.47553,1,2025-05-16 00:00:00
104025.3,104438.5,103898.0,103997.2,604322.13,6043.2213,629502307.53736,1,2025-05-16 02:00:00
103997.2,104164.0,103772.0,103877.5,336163.02,3361.6302,349422107.00104,1,2025-05-16 04:00:00
103877.5,104161.6,103650.3,103672.7,400935.67,4009.3567,416552111.59338,1,2025-05-16 06:00:00
103672.6,103772.0,103066.0,103759.7,748755.14,7487.5514,774466708.69591,1,2025-05-16 08:00:00
103759.6,103867.6,103505.1,103621.4,312140.86,3121.4086,323696138.20956,1,2025-05-16 10:00:00
103621.5,104050.0,103380.0,103955.6,457715.14,4577.1514,474554979.30824,1,2025-05-16 12:00:00
103955.5,104247.0,103288.0,104131.6,895483.37,8954.8337,929234590.50314,1,2025-05-16 14:00:00
104131.7,104541.6,103710.8,103814.2,1042095.73,10420.9573,1084679123.50449,1,2025-05-16 16:00:00
103814.3,104049.2,103530.0,103960.0,313898.21,3138.9821,325766646.70717,1,2025-05-16 18:00:00
103960.0,103977.1,103432.2,103554.5,272741.61,2727.4161,282683264.60572,1,2025-05-16 20:00:00
103554.4,103637.7,103352.7,103411.5,219258.63,2192.5863,226860936.21957,1,2025-05-16 22:00:00
103411.5,103500.0,102559.8,102779.0,654350.54,6543.5054,674128350.15151,1,2025-05-17 00:00:00
102779.0,103544.4,102686.0,103466.3,446540.1,4465.401,460572348.47179,1,2025-05-17 02:00:00
103466.3,103665.8,103280.0,103304.0,332327.24,3323.2724,343960418.41656,1,2025-05-17 04:00:00
103303.9,103598.4,103239.8,103394.5,213650.32,2136.5032,220986138.6369,1,2025-05-17 06:00:00
103394.5,103515.2,102777.0,102861.2,581372.82,5813.7282,599558751.40084,1,2025-05-17 08:00:00
102861.2,103056.0,102707.2,102946.2,323953.64,3239.5364,333258829.16786,1,2025-05-17 10:00:00
102946.3,103067.8,102590.9,102674.0,327270.98,3272.7098,336554261.30923,1,2025-05-17 12:00:00
102674.0,103154.2,102664.8,102888.1,397943.47,3979.4347,409854942.45799,1,2025-05-17 14:00:00
102888.1,103254.3,102712.6,103078.0,354921.33,3549.2133,365523905.40877,1,2025-05-17 16:00:00
103078.1,103322.2,102877.8,103109.0,270884.74,2708.8474,279257687.79097,1,2025-05-17 18:00:00
103109.0,103446.9,103031.6,103210.6,186080.64,1860.8064,192094738.86173,1,2025-05-17 20:00:00
103210.6,103216.1,102852.0,103093.0,180531.35,1805.3135,185971688.24441,1,2025-05-17 22:00:00
103093.0,103374.5,103060.0,103217.2,183638.21,1836.3821,189575176.13416,1,2025-05-18 00:00:00
103217.3,103359.5,103102.0,103245.4,154583.98,1545.8398,159576165.89331,1,2025-05-18 02:00:00
103245.4,103648.0,103245.4,103605.0,272771.61,2727.7161,282100620.08421,1,2025-05-18 04:00:00
103604.9,103949.9,103328.4,103890.0,373144.83,3731.4483,386592589.81207,1,2025-05-18 06:00:00
103890.0,104063.2,103780.0,103840.2,406190.92,4061.9092,422075974.77115,1,2025-05-18 08:00:00
103840.1,103970.9,103757.4,103760.0,168904.75,1689.0475,175384126.03552,1,2025-05-18 10:00:00
103760.1,104774.5,103660.0,104704.0,612638.05,6126.3805,638496359.64178,1,2025-05-18 12:00:00
104704.1,105666.0,104517.5,105480.5,1339073.63,13390.7363,1407639303.20758,1,2025-05-18 14:00:00
105480.6,105970.0,104788.0,104795.6,1203656.47,12036.5647,1269466892.05598,1,2025-05-18 16:00:00
104795.1,104875.0,103804.0,103835.7,1274975.85,12749.7585,1330200513.50672,1,2025-05-18 18:00:00
103835.7,104597.5,103214.4,104136.5,960331.66,9603.3166,997498987.19741,1,2025-05-18 20:00:00
104136.5,106654.0,103915.4,106435.0,1590070.91,15900.7091,1677526312.46595,1,2025-05-18 22:00:00
106435.0,107149.2,104690.5,105020.4,1694495.69,16944.9569,1792461989.67332,1,2025-05-19 00:00:00
105020.4,105148.3,103505.5,103565.9,1092959.7,10929.597,1139609508.89044,1,2025-05-19 02:00:00
103565.9,103720.0,102460.0,102990.0,1761182.22,17611.8222,1814929970.20758,1,2025-05-19 04:00:00
102989.9,103287.3,102025.0,103166.7,1115743.52,11157.4352,1145116645.19137,1,2025-05-19 06:00:00
103166.7,103387.7,102867.5,103022.8,606390.11,6063.9011,625388864.61617,1,2025-05-19 08:00:00
103022.9,103039.7,102730.7,102907.3,424031.25,4240.3125,436362967.52928,1,2025-05-19 10:00:00
102907.3,103485.8,102100.0,103240.4,1037961.26,10379.6126,1066166358.51292,1,2025-05-19 12:00:00
103240.4,104931.5,103141.0,104750.5,1514200.1,15142.001,1576837129.28203,1,2025-05-19 14:00:00
104750.5,105523.7,104456.0,105346.5,1542695.22,15426.9522,1621062550.16369,1,2025-05-19 16:00:00
105346.4,105548.0,104601.1,105468.6,930553.71,9305.5371,977778736.06947,1,2025-05-19 18:00:00
105468.3,105766.2,104969.8,105413.0,454178.49,4541.7849,478771750.56646,1,2025-05-19 20:00:00
105413.0,105800.0,105150.0,105534.5,314411.39,3144.1139,331664942.69445,1,2025-05-19 22:00:00
105534.5,106790.8,105522.0,106424.5,1385869.12,13858.6912,1470148730.69435,1,2025-05-20 00:00:00
106424.5,106853.0,105484.0,105729.3,912552.76,9125.5276,968668421.52134,1,2025-05-20 02:00:00
105729.3,106384.3,105500.9,106075.9,606730.98,6067.3098,643191992.82624,1,2025-05-20 04:00:00
106075.9,106180.0,104880.7,104990.2,806709.39,8067.0939,850528130.23212,1,2025-05-20 06:00:00
104990.2,105359.0,104809.3,105242.8,532482.05,5324.8205,559768147.47685,1,2025-05-20 08:00:00
105242.8,105375.1,104859.6,105160.6,474368.73,4743.6873,498595842.68011,1,2025-05-20 10:00:00
105160.6,105171.2,104137.9,104403.6,962630.26,9626.3026,1006703967.45653,1,2025-05-20 12:00:00
104403.6,105348.1,104252.9,105291.6,814024.49,8140.2449,853275199.61816,1,2025-05-20 14:00:00
105291.6,106280.0,105033.4,106144.1,889850.61,8898.5061,940832607.5832,1,2025-05-20 16:00:00
106144.1,107233.5,105132.0,106983.8,1611769.69,16117.6969,1710834935.71076,1,2025-05-20 18:00:00
106983.8,107286.3,106100.1,106577.1,1022411.05,10224.1105,1091253014.47455,1,2025-05-20 20:00:00
106577.1,107170.0,105888.0,106788.5,729315.72,7293.1572,777345969.50256,1,2025-05-20 22:00:00
106788.4,107173.7,106350.0,106434.0,569414.88,5694.1488,607792708.41538,1,2025-05-21 00:00:00
106434.1,107055.7,106127.3,106790.3,684593.04,6845.9304,730100091.68776,1,2025-05-21 02:00:00
106790.4,107700.0,106672.0,107500.2,1108045.99,11080.4599,1189941125.02075,1,2025-05-21 04:00:00
107500.2,107998.3,106413.3,106466.1,1408040.34,14080.4034,1510113957.2638,1,2025-05-21 06:00:00
106466.1,106750.0,106038.5,106154.9,687949.01,6879.4901,731598857.48993,1,2025-05-21 08:00:00
106154.8,106680.0,106100.0,106493.3,580881.74,5808.8174,617988620.05634,1,2025-05-21 10:00:00
106493.4,107609.8,106271.7,107199.9,947580.82,9475.8082,1012788645.40232,1,2025-05-21 12:00:00
107200.0,109444.0,106939.6,108930.0,3215639.78,32156.3978,3488084650.65896,1,2025-05-21 14:00:00
108929.9,109839.1,106062.2,106553.9,4207091.02,42070.9102,4535398895.59901,1,2025-05-21 16:00:00
106553.9,108796.8,106280.0,108560.0,2071546.23,20715.4623,2224646712.17501,1,2025-05-21 18:00:00
108560.0,108694.0,107686.6,108363.0,598006.64,5980.0664,647146709.75832,1,2025-05-21 20:00:00
108362.9,110817.8,108232.8,109609.1,2000224.11,20002.2411,2192184483.89959,1,2025-05-21 22:00:00
109609.2,110533.0,109143.5,109885.6,1165306.83,11653.0683,1280294328.48652,1,2025-05-22 00:00:00
109885.5,111873.3,109800.0,111741.5,1773842.37,17738.4237,1968516034.53211,1,2025-05-22 02:00:00
111741.5,111760.0,110796.5,110859.0,858225.27,8582.2527,955545574.02335,1,2025-05-22 04:00:00
110859.0,111151.1,110450.0,111019.7,908754.36,9087.5436,1007000933.00535,1,2025-05-22 06:00:00
111019.7,111149.9,110246.0,110779.0,769137.52,7691.3752,850733214.19785,1,2025-05-22 08:00:00
110778.9,111343.0,110474.1,110961.5,646725.24,6467.2524,716773449.60907,1,2025-05-22 10:00:00
110961.6,111582.0,110758.2,110870.9,1187456.27,11874.5627,1320727235.47004,1,2025-05-22 12:00:00
110871.0,111487.3,110500.9,111254.5,1277476.67,12774.7667,1417575612.64507,1,2025-05-22 14:00:00
111254.9,111987.0,111040.1,111462.2,1031209.18,10312.0918,1150062458.28669,1,2025-05-22 16:00:00
111462.2,111916.8,110857.6,111137.8,606982.26,6069.8226,676523015.99375,1,2025-05-22 18:00:00
111138.0,111408.8,110689.9,110791.9,387524.58,3875.2458,430053670.6406,1,2025-05-22 20:00:00
110792.0,111677.0,110792.0,111645.9,351802.9,3518.029,391312343.50845,1,2025-05-22 22:00:00
111646.0,111746.1,111160.6,111298.4,509198.57,5091.9857,567452744.21026,1,2025-05-23 00:00:00
111298.3,111588.2,110960.0,111054.0,513271.05,5132.7105,571079274.61636,1,2025-05-23 02:00:00
111054.1,111140.3,110479.2,110820.0,622526.39,6225.2639,689462310.99199,1,2025-05-23 04:00:00
110820.0,110841.3,110369.1,110702.9,582113.79,5821.1379,643773985.70228,1,2025-05-23 06:00:00
110702.9,111332.1,110700.0,111272.3,507438.57,5074.3857,563337753.94915,1,2025-05-23 08:00:00
111272.2,111284.8,108823.7,109053.3,1647102.41,16471.0241,1812841101.84115,1,2025-05-23 10:00:00
109053.3,109693.2,107265.7,109600.0,3495250.21,34952.5021,3794154935.80726,1,2025-05-23 12:00:00
109599.9,109950.0,108870.0,108899.9,1422574.23,14225.7423,1558061219.84101,1,2025-05-23 14:00:00
108899.8,109762.6,107958.5,109356.6,1470592.82,14705.9282,1601595298.29585,1,2025-05-23 16:00:00
109356.6,109450.0,108545.5,108658.0,692890.27,6928.9027,754706327.82302,1,2025-05-23 18:00:00
108657.3,108681.8,108002.0,108241.8,485609.56,4856.0956,526226836.83176,1,2025-05-23 20:00:00
108241.8,108541.5,106729.0,107272.3,1053039.18,10530.3918,1131885704.22567,1,2025-05-23 22:00:00
107272.3,107862.0,106844.7,107444.3,746335.63,7463.3563,801835752.46223,1,2025-05-24 00:00:00
107444.3,108330.2,107209.2,108330.1,471132.73,4711.3273,508451898.80873,1,2025-05-24 02:00:00
108330.1,108535.2,108067.1,108189.0,397838.74,3978.3874,430988624.05399,1,2025-05-24 04:00:00
108189.0,108291.9,107522.0,107551.7,538963.41,5389.6341,581608336.79508,1,2025-05-24 06:00:00
107551.7,108400.0,107540.9,108127.4,456911.34,4569.1134,493717550.51681,1,2025-05-24 08:00:00
108127.5,109450.0,108119.5,109148.9,911337.23,9113.3723,993460015.90298,1,2025-05-24 10:00:00
109149.0,109222.0,108505.0,108565.5,547251.71,5472.5171,595330551.85212,1,2025-05-24 12:00:00
108565.5,109192.2,108556.0,108889.0,371859.92,3718.5992,404893226.94202,1,2025-05-24 14:00:00
108888.9,109184.7,108640.0,108871.9,270887.95,2708.8795,294966876.99867,1,2025-05-24 16:00:00
108871.9,109047.8,108734.4,108910.7,144516.23,1445.1623,157327849.90692,1,2025-05-24 18:00:00
108910.7,109094.2,108500.1,108784.4,189678.89,1896.7889,206364897.85098,1,2025-05-24 20:00:00
108784.4,108784.5,107429.9,107724.0,951869.01,9518.6901,1028213092.12367,1,2025-05-24 22:00:00
107724.0,108098.0,107149.0,107604.3,943595.14,9435.9514,1014992175.94456,1,2025-05-25 00:00:00
107604.3,108209.9,107417.0,108039.3,409533.29,4095.3329,441946169.25143,1,2025-05-25 02:00:00
108039.3,108248.5,107891.8,108057.3,238631.06,2386.3106,257839248.17617,1,2025-05-25 04:00:00
108057.3,108088.0,107403.2,107634.3,372714.27,3727.1427,401451687.17352,1,2025-05-25 06:00:00
107634.3,107650.0,106666.0,107099.9,1055796.85,10557.9685,1130512587.84843,1,2025-05-25 08:00:00
107099.9,107353.0,106783.8,107223.0,588018.44,5880.1844,629651260.21347,1,2025-05-25 10:00:00
107223.0,107699.9,107142.8,107465.9,651010.08,6510.1008,699433170.7933,1,2025-05-25 12:00:00
107466.0,107591.8,106533.3,106935.5,1180534.41,11805.3441,1263970481.90865,1,2025-05-25 14:00:00
106935.4,107332.1,106601.9,107320.0,494733.61,4947.3361,529337217.32204,1,2025-05-25 16:00:00
107319.9,107921.7,107223.7,107674.0,279539.34,2795.3934,300682408.41148,1,2025-05-25 18:00:00
107674.0,107894.2,107123.2,107430.4,297744.47,2977.4447,320185819.7719,1,2025-05-25 20:00:00
107430.4,109285.9,107305.5,108962.2,1309690.75,13096.9075,1422211836.50556,1,2025-05-25 22:00:00
108962.1,109819.5,108639.4,109501.2,939562.23,9395.6223,1027229089.75983,1,2025-05-26 00:00:00
109501.2,109743.7,109145.7,109586.0,492939.39,4929.3939,539549259.0767,1,2025-05-26 02:00:00
109586.0,109690.0,109309.1,109594.2,390566.4,3905.664,427822748.59833,1,2025-05-26 04:00:00
109594.2,110189.7,109465.2,110045.0,733384.32,7333.8432,805717544.45416,1,2025-05-26 06:00:00
110044.9,110139.3,109561.0,109677.8,525626.38,5256.2638,577049493.81037,1,2025-05-26 08:00:00
109677.8,109830.0,109523.5,109749.4,277295.61,2772.9561,304093038.23913,1,2025-05-26 10:00:00
109749.4,110035.0,109430.5,109554.4,595211.12,5952.1112,653128506.54722,1,2025-05-26 12:00:00
109554.5,110380.0,109455.1,109950.5,1156995.86,11569.9586,1271699690.26005,1,2025-05-26 14:00:00
109950.5,110392.7,108826.9,109142.3,1430270.63,14302.7063,1565962449.62741,1,2025-05-26 16:00:00
109142.3,109428.6,108803.5,109085.7,430313.02,4303.1302,469393850.67268,1,2025-05-26 18:00:00
109085.7,109612.8,108902.7,109288.0,375496.92,3754.9692,410392453.70936,1,2025-05-26 20:00:00
109288.1,109874.3,109005.0,109391.9,386417.6,3864.176,422649625.35067,1,2025-05-26 22:00:00
109391.9,109637.9,107469.3,108358.3,1675816.83,16758.1683,1816906275.73846,1,2025-05-27 00:00:00
108358.4,109352.2,107840.1,108851.5,1206483.45,12064.8345,1310838427.44443,1,2025-05-27 02:00:00
108851.5,109300.0,108452.1,108859.2,785279.75,7852.7975,854474545.7306,1,2025-05-27 04:00:00
108859.2,109587.4,108770.0,109485.0,810911.11,8109.1111,884841875.83307,1,2025-05-27 06:00:00
109485.0,109836.3,109365.0,109774.4,577681.04,5776.8104,633186155.50738,1,2025-05-27 08:00:00
109774.3,109800.0,109389.0,109546.3,303727.85,3037.2785,332842522.58555,1,2025-05-27 10:00:00
109546.2,110722.0,109388.0,109795.3,1864905.72,18649.0572,2053544143.18505,1,2025-05-27 12:00:00
109795.4,110241.5,108610.5,110104.0,2051736.7,20517.367,2247127349.21046,1,2025-05-27 14:00:00
110103.9,110475.5,109907.5,110209.0,690473.48,6904.7348,760904705.61901,1,2025-05-27 16:00:00
110209.0,110399.8,109512.8,109838.1,518099.86,5180.9986,569278074.20833,1,2025-05-27 18:00:00
109838.2,109856.0,108788.0,108884.2,477781.88,4777.8188,522276387.96242,1,2025-05-27 20:00:00
108884.2,109135.0,108555.6,108895.5,479886.03,4798.8603,522696944.71612,1,2025-05-27 22:00:00
108895.6,109250.0,108587.6,108650.9,553847.53,5538.4753,603063643.30465,1,2025-05-28 00:00:00
108650.8,108924.4,108362.0,108815.6,505507.64,5055.0764,549276607.60405,1,2025-05-28 02:00:00
108815.5,109036.0,108580.0,108926.2,299364.61,2993.6461,325903405.1729,1,2025-05-28 04:00:00
108926.2,108968.4,108588.0,108763.1,265343.98,2653.4398,288645220.59674,1,2025-05-28 06:00:00
108763.1,109086.2,108456.0,108757.5,570657.08,5706.5708,620617347.87191,1,2025-05-28 08:00:00
108757.5,108908.7,108185.9,108810.0,535103.66,5351.0366,581259362.80329,1,2025-05-28 10:00:00
108810.1,109003.6,107929.8,108029.3,914790.68,9147.9068,993135362.10685,1,2025-05-28 12:00:00
108029.3,108225.0,106966.0,107067.0,2007203.54,20072.0354,2158810671.31397,1,2025-05-28 14:00:00
107067.0,107781.8,107067.0,107622.8,759406.06,7594.0606,815979385.24311,1,2025-05-28 16:00:00
107622.8,107793.4,106858.1,106888.1,690276.0,6902.76,741398455.06763,1,2025-05-28 18:00:00
106888.1,107536.3,106728.4,107446.8,466542.72,4665.4272,499693038.73243,1,2025-05-28 20:00:00
107446.8,107988.8,107100.0,107720.7,524521.06,5245.2106,564726533.48122,1,2025-05-28 22:00:00
107720.7,108270.0,107378.3,108097.3,764630.51,7646.3051,825002792.92456,1,2025-05-29 00:00:00
108097.2,108454.8,107866.7,107990.0,590580.93,5905.8093,638779320.28433,1,2025-05-29 02:00:00
107990.0,108056.9,106888.6,107632.6,724985.78,7249.8578,779030161.27497,1,2025-05-29 04:00:00
107632.5,107973.3,107596.0,107838.8,319562.52,3195.6252,344548868.25953,1,2025-05-29 06:00:00
107838.8,108668.3,107617.8,108484.2,1140422.47,11404.2247,1235113804.91191,1,2025-05-29 08:00:00
108484.2,108869.7,108359.9,108745.9,624028.47,6240.2847,678163652.41278,1,2025-05-29 10:00:00
108746.0,108773.6,107390.0,107563.5,1547069.74,15470.6974,1671848786.27412,1,2025-05-29 12:00:00
107563.5,107796.9,106410.4,106992.3,2412056.71,24120.5671,2585602146.84476,1,2025-05-29 14:00:00
106992.3,107146.8,106050.0,106266.0,1641677.1,16416.771,1750693035.74385,1,2025-05-29 16:00:00
106266.0,106585.0,105600.0,105693.0,1307029.6,13070.296,1385614558.99704,1,2025-05-29 18:00:00
105692.9,106430.0,105692.0,106404.1,430303.06,4303.0306,456624411.45714,1,2025-05-29 20:00:00
106404.2,106420.8,105258.0,105548.4,626891.2,6268.912,663082175.97322,1,2025-05-29 22:00:00
105548.3,106190.8,104542.5,105627.6,1626983.69,16269.8369,1714157616.78667,1,2025-05-30 00:00:00
105627.6,106142.9,105599.2,105975.0,446945.07,4469.4507,473587007.29548,1,2025-05-30 02:00:00
105975.1,106277.2,105850.0,106040.1,319924.93,3199.2493,339298254.9205,1,2025-05-30 04:00:00
106040.1,106092.2,104692.2,105005.0,1287290.29,12872.9029,1356391622.1927,1,2025-05-30 06:00:00
105005.0,105628.7,104567.0,105586.2,1040698.26,10406.9826,1093473884.98845,1,2025-05-30 08:00:00
105585.2,105931.0,105235.0,105832.1,645567.4,6455.674,682119906.90103,1,2025-05-30 10:00:00
105832.1,105950.0,105068.8,105448.7,1073548.12,10735.4812,1133359783.5654,1,2025-05-30 12:00:00
105448.8,105793.4,104985.0,105499.9,809609.94,8096.0994,853674633.28555,1,2025-05-30 14:00:00
105499.9,105536.6,103666.7,104147.8,1830535.78,18305.3578,1908887698.91381,1,2025-05-30 16:00:00
104147.8,104950.0,104013.0,104602.2,708483.26,7084.8326,741174388.05579,1,2025-05-30 18:00:00
104602.2,104842.5,104341.9,104582.7,296452.87,2964.5287,309991862.90281,1,2025-05-30 20:00:00
104582.7,104766.4,103557.0,103959.0,727819.25,7278.1925,757455217.6878,1,2025-05-30 22:00:00
103959.0,104273.3,103241.9,103433.4,931431.94,9314.3194,966407452.18495,1,2025-05-31 00:00:00
103433.4,103819.2,103022.1,103632.6,695355.8,6953.558,718962562.17688,1,2025-05-31 02:00:00
103632.7,103873.7,103445.0,103487.0,278188.14,2781.8814,288351973.98078,1,2025-05-31 04:00:00
103487.0,103877.0,103481.9,103703.3,215977.75,2159.7775,223997404.05167,1,2025-05-31 06:00:00
103703.4,103771.3,103437.9,103500.4,233660.68,2336.6068,242029641.80376,1,2025-05-31 08:00:00
103500.4,103551.8,103231.6,103461.0,243983.47,2439.8347,252274248.09203,1,2025-05-31 10:00:00
103461.1,104167.3,103446.1,104084.4,510885.11,5108.8511,530989558.47726,1,2025-05-31 12:00:00
104084.5,104799.7,104078.9,104503.1,784147.25,7841.4725,819037245.74678,1,2025-05-31 14:00:00
104503.0,104750.0,104226.7,104319.1,356480.62,3564.8062,372462457.31157,1,2025-05-31 16:00:00
104319.1,104713.5,104319.1,104659.9,123539.56,1235.3956,129172173.82539,1,2025-05-31 18:00:00
104660.0,104861.4,104482.0,104822.9,181512.09,1815.1209,190091801.31194,1,2025-05-31 20:00:00
104822.9,104860.0,104405.4,104550.0,267303.48,2673.0348,279692177.54893,1,2025-05-31 22:00:00
104550.0,104608.1,103943.9,104090.0,390672.06,3906.7206,407328616.51469,1,2025-06-01 00:00:00
104090.0,104416.6,103877.0,104324.1,350033.26,3500.3326,364526554.33927,1,2025-06-01 02:00:00
104324.1,104686.6,104300.1,104482.9,260417.06,2604.1706,272204512.50832,1,2025-06-01 04:00:00
104482.9,104482.9,104136.2,104244.6,216511.36,2165.1136,225748965.01604,1,2025-06-01 06:00:00
104244.7,104431.7,103710.0,103899.6,460801.91,4608.0191,479274398.04614,1,2025-06-01 08:00:00
103899.6,104100.0,103739.1,104028.4,285758.23,2857.5823,296976683.96621,1,2025-06-01 10:00:00
104028.4,104388.4,103712.0,104207.3,364716.2,3647.162,379665733.36577,1,2025-06-01 12:00:00
104207.2,104750.0,104207.2,104654.9,451893.99,4518.9399,472581946.21082,1,2025-06-01 14:00:00
104654.9,105260.0,104592.0,105011.1,612695.8,6126.958,643543127.96608,1,2025-06-01 16:00:00
105011.1,105122.6,104288.0,105078.1,489680.7,4896.807,512919592.84385,1,2025-06-01 18:00:00
105078.1,105459.2,104833.6,105437.5,324361.24,3243.6124,340899281.89474,1,2025-06-01 20:00:00
105437.5,105823.1,105362.8,105586.0,424205.32,4242.0532,447962042.94326,1,2025-06-01 22:00:00
105586.1,105695.9,105288.0,105338.0,290908.3,2909.083,306785298.2482,1,2025-06-02 00:00:00
105338.0,105371.8,104522.7,104780.1,550292.0,5502.92,577454719.36249,1,2025-06-02 02:00:00
104780.1,104955.7,104557.0,104796.0,248213.15,2482.1315,260046733.08289,1,2025-06-02 04:00:00
104796.0,105400.0,104687.5,105347.0,485092.83,4850.9283,509998632.72694,1,2025-06-02 06:00:00
105346.9,105880.9,104423.8,104540.8,952047.3,9520.473,1000841958.21972,1,2025-06-02 08:00:00
104540.7,104630.0,103892.0,104008.5,737567.82,7375.6782,769169470.12192,1,2025-06-02 10:00:00
104007.5,104521.6,103635.4,103751.7,1134627.39,11346.2739,1180454166.67429,1,2025-06-02 12:00:00
103751.6,104637.4,103615.0,104384.9,1067442.5,10674.425,1112294181.32209,1,2025-06-02 14:00:00
104384.9,104452.7,103977.8,104355.1,348083.76,3480.8376,362754972.91193,1,2025-06-02 16:00:00
104355.1,104694.0,104000.0,104378.7,329426.88,3294.2688,343722697.23647,1,2025-06-02 18:00:00
104375.9,105054.1,104375.9,104888.4,344506.28,3445.0628,360903183.46342,1,2025-06-02 20:00:00
104888.5,105900.0,104880.2,105814.4,808126.62,8081.2662,853103081.27278,1,2025-06-02 22:00:00
105814.5,106480.0,105705.7,106438.8,695458.29,6954.5829,738338850.68528,1,2025-06-03 00:00:00
106438.8,106474.9,105295.0,105452.0,672638.1,6726.381,711291780.81534,1,2025-06-03 02:00:00
105451.9,105490.4,105070.2,105426.9,393664.21,3936.6421,414449102.83768,1,2025-06-03 04:00:00
105427.0,105430.0,105129.6,105145.9,258945.86,2589.4586,272626551.8807,1,2025-06-03 06:00:00
105146.0,105249.8,104823.0,105157.0,422212.33,4222.1233,443507119.79745,1,2025-06-03 08:00:00
105156.9,105317.6,105104.7,105241.8,237704.92,2377.0492,250135072.08208,1,2025-06-03 10:00:00
105241.7,105636.7,104963.3,105363.9,595265.19,5952.6519,627042669.51621,1,2025-06-03 12:00:00
105363.8,106755.3,105088.0,106562.3,1605007.72,16050.0772,1704468983.79169,1,2025-06-03 14:00:00
106562.2,106629.0,105698.6,105899.9,762224.64,7622.2464,808435410.84277,1,2025-06-03 16:00:00
105900.0,106392.5,105521.8,106173.5,643107.98,6431.0798,681535370.22997,1,2025-06-03 18:00:00
106173.5,106198.7,105206.0,105304.5,503254.75,5032.5475,531483065.81327,1,2025-06-03 20:00:00
105304.4,105842.3,105210.0,105339.5,334881.12,3348.8112,353324413.24633,1,2025-06-03 22:00:00
105339.5,105689.0,105075.2,105541.3,425444.72,4254.4472,448451653.53616,1,2025-06-04 00:00:00
105541.2,105800.0,105374.6,105484.0,293065.88,2930.6588,309459902.89787,1,2025-06-04 02:00:00
105483.9,105579.2,105301.9,105317.7,257974.29,2579.7429,271926760.93726,1,2025-06-04 04:00:00
105317.7,105434.0,105211.0,105264.8,242920.87,2429.2087,255759679.34742,1,2025-06-04 06:00:00
105264.8,105857.9,105264.8,105773.3,381135.77,3811.3577,402209086.16691,1,2025-06-04 08:00:00
105773.3,105950.0,105039.5,105054.2,614737.1,6147.371,648325126.13008,1,2025-06-04 10:00:00
105054.2,105229.8,104660.0,104719.0,927886.15,9278.8615,973821298.23476,1,2025-06-04 12:00:00
104718.9,105487.2,104113.6,105243.6,1436610.61,14366.1061,1505862251.91805,1,2025-06-04 14:00:00
105243.6,105426.5,104902.0,105000.1,431725.66,4317.2566,454176815.78876,1,2025-06-04 16:00:00
105000.1,105260.0,104825.8,104867.6,240628.71,2406.2871,252679222.15861,1,2025-06-04 18:00:00
104866.5,105025.9,104358.0,104867.8,380535.46,3805.3546,398261041.24639,1,2025-06-04 20:00:00
104867.9,104988.4,104567.0,104643.5,179264.29,1792.6429,187742749.41421,1,2025-06-04 22:00:00
104643.5,105114.9,104598.0,104730.0,283488.75,2834.8875,297237232.18808,1,2025-06-05 00:00:00
104730.0,105207.8,104723.9,105000.1,315913.26,3159.1326,331682167.73986,1,2025-06-05 02:00:00
105000.0,105183.0,104534.0,104611.6,371180.66,3711.8066,389233082.62912,1,2025-06-05 04:00:00
104611.7,104661.9,104337.5,104478.7,433216.25,4332.1625,452685367.44043,1,2025-06-05 06:00:00
104478.6,104870.0,104381.5,104850.0,284306.24,2843.0624,297601117.28259,1,2025-06-05 08:00:00
104850.1,104854.9,104468.9,104770.1,304810.64,3048.1064,319004851.06311,1,2025-06-05 10:00:00
104770.1,105864.8,104250.8,104478.3,1959011.9,19590.119,2060311930.42124,1,2025-06-05 12:00:00
104478.4,104886.1,103845.4,104480.0,1714087.83,17140.8783,1788755812.04561,1,2025-06-05 14:00:00
104480.0,104547.6,103080.0,103192.4,1609956.99,16099.5699,1667869312.22877,1,2025-06-05 16:00:00
103192.4,103305.9,101500.2,101876.3,2104318.28,21043.1828,2155240056.46203,1,2025-06-05 18:00:00
101872.2,102138.1,100333.0,101500.1,2297720.09,22977.2009,2323468151.87718,1,2025-06-05 20:00:00
101500.0,101776.8,100969.1,101457.8,647138.25,6471.3825,656377098.99734,1,2025-06-05 22:00:00
101457.8,101890.0,101048.8,101790.0,539569.99,5395.6999,548073821.52383,1,2025-06-06 00:00:00
101790.0,102465.4,101474.3,102440.1,539002.48,5390.0248,550091674.49634,1,2025-06-06 02:00:00
102440.1,102899.9,102318.5,102892.9,624760.02,6247.6002,641153706.8298,1,2025-06-06 04:00:00
102893.0,103427.9,102825.7,103102.1,771625.06,7716.2506,795384592.29423,1,2025-06-06 06:00:00
103102.2,103700.0,103102.1,103589.9,643107.13,6431.0713,665517087.64799,1,2025-06-06 08:00:00
103590.0,103948.3,103473.8,103870.3,550750.89,5507.5089,571210060.68313,1,2025-06-06 10:00:00
103870.2,104490.0,103442.2,104042.4,1318425.58,13184.2558,1371321497.36432,1,2025-06-06 12:00:00
104042.5,105288.0,103948.4,105037.8,1515904.92,15159.0492,1587469604.21033,1,2025-06-06 14:00:00
105037.8,105237.4,104380.3,104886.3,817088.92,8170.8892,856097420.13685,1,2025-06-06 16:00:00
104886.2,104946.8,104011.0,104183.3,506406.72,5064.0672,528793083.66849,1,2025-06-06 18:00:00
104183.3,104583.1,104120.0,104336.7,256542.54,2565.4254,267696193.49072,1,2025-06-06 20:00:00
104336.7,104441.1,104151.0,104234.8,197167.38,1971.6738,205589664.52962,1,2025-06-06 22:00:00
104234.9,104526.6,103825.2,104387.8,433452.8,4334.528,451812913.48831,1,2025-06-07 00:00:00
104387.8,104876.5,104259.7,104818.0,361870.32,3618.7032,378578421.14212,1,2025-06-07 02:00:00
104818.0,104967.2,104578.0,104821.4,275272.68,2752.7268,288383983.71193,1,2025-06-07 04:00:00
104821.4,105276.9,104724.2,104820.5,479946.7,4799.467,503890201.78746,1,2025-06-07 06:00:00
104820.5,104924.3,104630.9,104782.7,236955.63,2369.5563,248298146.82096,1,2025-06-07 08:00:00
104782.7,105215.6,104782.0,105086.5,333351.88,3333.5188,350215451.95278,1,2025-06-07 10:00:00
105086.4,105749.6,105079.2,105545.6,677276.36,6772.7636,714232449.11903,1,2025-06-07 12:00:00
105545.5,105620.0,105257.8,105502.1,303688.34,3036.8834,320196408.70062,1,2025-06-07 14:00:00
105502.1,105618.0,105214.7,105349.1,279074.24,2790.7424,294179273.37245,1,2025-06-07 16:00:00
105349.1,105875.2,105349.0,105680.0,367232.35,3672.3235,388057615.70383,1,2025-06-07 18:00:00
105680.0,105875.2,105642.8,105703.8,151294.18,1512.9418,160052849.60508,1,2025-06-07 20:00:00
105703.9,105860.5,105469.9,105502.9,180044.8,1800.448,190268614.14071,1,2025-06-07 22:00:00
105502.9,105741.9,105350.0,105637.0,228354.68,2283.5468,240890516.94098,1,2025-06-08 00:00:00
105637.1,105637.1,105348.0,105431.5,155205.16,1552.0516,163637040.18968,1,2025-06-08 02:00:00
105431.5,105600.6,105358.6,105387.1,153007.24,1530.0724,161393928.85666,1,2025-06-08 04:00:00
105387.0,105560.2,105365.3,105388.0,147635.68,1476.3568,155665621.92809,1,2025-06-08 06:00:00
105388.0,105466.0,105018.0,105080.1,360371.75,3603.7175,379249490.30936,1,2025-06-08 08:00:00
105080.1,105677.9,104919.3,105624.8,536655.33,5366.5533,565332931.43397,1,2025-06-08 10:00:00
105624.9,106111.0,105450.0,105570.1,648064.9,6480.649,685266521.44044,1,2025-06-08 12:00:00
105570.1,106040.0,105510.3,105929.9,395844.62,3958.4462,418871081.42831,1,2025-06-08 14:00:00
105930.0,106321.0,105891.3,106035.1,455616.84,4556.1684,483595443.5571,1,2025-06-08 16:00:00
106035.2,106278.8,105977.0,106247.2,174928.85,1749.2885,185746211.04263,1,2025-06-08 18:00:00
106247.2,106450.0,106070.0,106282.6,191438.18,1914.3818,203442559.48197,1,2025-06-08 20:00:00
106282.6,106326.0,105518.0,105680.0,466833.49,4668.3349,493815045.83857,1,2025-06-08 22:00:00
105680.0,105932.7,105370.4,105476.0,377751.84,3777.5184,399004755.50354,1,2025-06-09 00:00:00
105475.9,105675.8,105238.0,105608.8,385927.27,3859.2727,407062476.4311,1,2025-06-09 02:00:00
105608.8,105666.7,105280.0,105326.1,221412.33,2214.1233,233468599.46658,1,2025-06-09 04:00:00
105326.2,105650.0,105271.6,105513.1,229755.44,2297.5544,242392275.34372,1,2025-06-09 06:00:00
105513.1,106880.1,105425.9,106559.0,1051181.3,10511.813,1117458003.52154,1,2025-06-09 08:00:00
106559.1,107770.1,106507.0,107700.0,1606580.04,16065.8004,1722906191.43854,1,2025-06-09 10:00:00
107700.0,107894.7,106784.7,106959.7,1169093.21,11690.9321,1255778235.02791,1,2025-06-09 12:00:00
106959.8,107999.0,106959.8,107580.1,1126189.98,11261.8998,1212044176.8169,1,2025-06-09 14:00:00
107580.0,108385.8,107580.0,108292.9,847415.35,8474.1535,915470106.91762,1,2025-06-09 16:00:00
108292.9,108765.2,108222.2,108517.3,639699.03,6396.9903,693802982.27226,1,2025-06-09 18:00:00
108517.3,110649.5,108391.6,109936.0,1486201.62,14862.0162,1628571273.3769,1,2025-06-09 20:00:00
109936.0,110400.0,109687.7,110220.0,714637.75,7146.3775,786642778.59158,1,2025-06-09 22:00:00
110220.0,110265.0,109606.2,109750.1,534196.4,5341.964,587275858.73759,1,2025-06-10 00:00:00
109750.1,109750.1,109325.0,109526.0,519101.79,5191.0179,568346784.32659,1,2025-06-10 02:00:00
109526.0,109688.0,109134.9,109261.4,391588.64,3915.8864,428337788.47187,1,2025-06-10 04:00:00
109261.4,109614.7,109052.1,109173.9,439258.87,4392.5887,480133688.48496,1,2025-06-10 06:00:00
109173.9,109475.3,109002.4,109457.7,374694.81,3746.9481,409225689.50352,1,2025-06-10 08:00:00
109457.7,109816.0,109150.0,109500.0,645911.43,6459.1143,707557081.15187,1,2025-06-10 10:00:00
109499.9,109879.4,108782.1,109270.0,886351.84,8863.5184,968779369.70191,1,2025-06-10 12:00:00
109269.9,109294.4,108274.1,108974.8,1107087.66,11070.8766,1203987550.68082,1,2025-06-10 14:00:00
108974.8,109215.6,108561.7,108663.6,352674.8,3526.748,384015595.11182,1,2025-06-10 16:00:00
108663.6,110364.1,108468.3,109470.0,836740.98,8367.4098,917021846.18295,1,2025-06-10 18:00:00
109470.0,109969.1,109180.2,109816.8,362403.56,3624.0356,397255622.62425,1,2025-06-10 20:00:00
109816.9,110265.2,109529.4,110237.4,447514.7,4475.147,491888486.25691,1,2025-06-10 22:00:00
110237.4,110250.0,109519.9,109565.8,376651.01,3766.5101,413677433.54002,1,2025-06-11 00:00:00
109565.8,109830.0,109503.2,109670.2,205505.59,2055.0559,225360933.4131,1,2025-06-11 02:00:00
109670.2,109696.6,109388.0,109430.9,198882.68,1988.8268,217825600.32603,1,2025-06-11 04:00:00
109430.9,109698.9,109313.7,109397.6,252054.76,2520.5476,276001651.74599,1,2025-06-11 06:00:00
109397.5,109620.0,109168.0,109207.7,305707.48,3057.0748,334444182.61282,1,2025-06-11 08:00:00
109207.7,109444.0,109138.0,109196.7,221792.27,2217.9227,242317330.85518,1,2025-06-11 10:00:00
109196.7,109883.0,108955.4,109623.0,1242491.78,12424.9178,1360871352.13727,1,2025-06-11 12:00:00
109623.0,110360.0,109582.0,109692.0,955368.91,9553.6891,1050206312.21709,1,2025-06-11 14:00:00
109691.9,109776.9,108888.8,108921.2,658493.48,6584.9348,720098582.49235,1,2025-06-11 16:00:00
108921.3,109018.1,108350.1,108694.4,768283.99,7682.8399,834956356.61241,1,2025-06-11 18:00:00
108694.4,109193.8,108300.1,108451.4,473756.9,4737.569,515127193.53484,1,2025-06-11 20:00:00
108451.5,108649.0,107964.8,108596.4,614944.74,6149.4474,666111733.51772,1,2025-06-11 22:00:00
108596.4,108777.0,108213.0,108484.2,337037.61,3370.3761,365640052.01488,1,2025-06-12 00:00:00
108484.3,108714.5,107659.0,107826.7,687329.61,6873.2961,742684082.99772,1,2025-06-12 02:00:00
107826.7,107890.2,107297.6,107705.3,550119.72,5501.1972,592075080.44835,1,2025-06-12 04:00:00
107705.3,107943.2,107372.4,107577.6,328424.65,3284.2465,353671544.26068,1,2025-06-12 06:00:00
107577.6,107796.4,107390.7,107460.0,286950.98,2869.5098,308789917.54689,1,2025-06-12 08:00:00
107459.9,107488.0,106823.0,106868.2,736405.63,7364.0563,788998347.357,1,2025-06-12 10:00:00
106868.2,107394.0,106533.0,107020.4,1110296.5,11102.965,1187598380.53252,1,2025-06-12 12:00:00
107020.4,107755.4,106800.0,106960.0,1009010.7,10090.107,1082950041.49194,1,2025-06-12 14:00:00
106960.0,108395.0,106921.4,108245.2,1062009.49,10620.0949,1144778855.42515,1,2025-06-12 16:00:00
108245.2,108384.2,106628.0,106753.5,875087.2,8750.872,940452015.72399,1,2025-06-12 18:00:00
106753.5,106920.0,105712.2,105828.5,1235580.42,12355.8042,1312314657.15278,1,2025-06-12 20:00:00
105828.4,106186.9,105600.1,105611.0,540696.59,5406.9659,572505910.34494,1,2025-06-12 22:00:00
105611.1,105650.0,102652.4,103722.5,3684052.34,36840.5234,3828679775.23988,1,2025-06-13 00:00:00
103722.4,104578.8,103020.0,104234.3,1035729.54,10357.2954,1075554788.55951,1,2025-06-13 02:00:00
104234.3,104461.5,103734.0,103950.3,575757.81,5757.5781,599616941.70501,1,2025-06-13 04:00:00
103950.3,104900.0,103766.0,104825.1,887641.97,8876.4197,926920797.1342,1,2025-06-13 06:00:00
104825.2,105441.1,104444.0,104780.2,934932.43,9349.3243,980863715.21299,1,2025-06-13 08:00:00
104780.1,105021.4,104364.0,104983.6,442554.7,4425.547,463539313.72534,1,2025-06-13 10:00:00
104983.7,105251.1,104622.0,104684.0,645359.36,6453.5936,677264428.49508,1,2025-06-13 12:00:00
104684.0,105725.6,104067.5,105390.5,1463993.31,14639.9331,1535858540.1794,1,2025-06-13 14:00:00
105390.5,105920.0,104781.8,105327.6,923796.01,9237.9601,973950522.94292,1,2025-06-13 16:00:00
105327.5,105439.3,104615.0,105060.0,527671.49,5276.7149,554066784.38599,1,2025-06-13 18:00:00
105060.1,105750.0,104964.2,105579.7,290148.4,2901.484,305848152.72301,1,2025-06-13 20:00:00
105579.6,106138.1,105492.0,106009.0,302220.24,3022.2024,319755098.19378,1,2025-06-13 22:00:00
106009.1,106168.0,105383.0,105416.2,456156.75,4561.5675,482273070.26879,1,2025-06-14 00:00:00
105416.2,105571.4,105154.6,105189.1,243425.93,2434.2593,256362680.00158,1,2025-06-14 02:00:00
105189.2,105369.0,105157.8,105245.1,154882.29,1548.8229,163063689.31775,1,2025-06-14 04:00:00
105245.1,105289.1,104734.3,105029.0,390964.82,3909.6482,410570536.00712,1,2025-06-14 06:00:00
105028.9,105098.0,104800.0,104825.0,220359.46,2203.5946,231239340.03405,1,2025-06-14 08:00:00
104825.0,105076.9,104788.3,105028.3,200340.19,2003.4019,210295605.06445,1,2025-06-14 10:00:00
105027.5,105077.0,104670.1,104957.1,285895.94,2858.9594,299911325.1372,1,2025-06-14 12:00:00
104957.0,105010.2,104540.7,104798.8,253004.84,2530.0484,265110109.64296,1,2025-06-14 14:00:00
104798.8,104877.0,104322.0,104566.1,416850.83,4168.5083,435813477.62353,1,2025-06-14 16:00:00
104566.1,105009.0,104311.0,104609.4,402117.36,4021.1736,421136146.92128,1,2025-06-14 18:00:00
104609.6,105430.0,104255.0,105278.4,501431.58,5014.3158,525776101.13942,1,2025-06-14 20:00:00
105278.4,105452.7,105236.0,105363.4,193828.83,1938.2883,204228620.39882,1,2025-06-14 22:00:00
105363.4,105630.0,105214.2,105375.0,260694.63,2606.9463,274905386.38481,1,2025-06-15 00:00:00
105375.0,105578.6,105374.9,105427.5,172186.75,1721.8675,181617557.59871,1,2025-06-15 02:00:00
105427.6,106058.4,105427.1,106016.2,285643.24,2856.4324,302052930.77717,1,2025-06-15 04:00:00
106016.3,106082.0,105134.2,105388.3,476972.6,4769.726,503301724.58838,1,2025-06-15 06:00:00
105388.3,105456.1,104823.0,104885.1,339577.99,3395.7799,356735833.09228,1,2025-06-15 08:00:00
104885.2,105152.4,104866.5,104933.5,204285.82,2042.8582,214523059.01591,1,2025-06-15 10:00:00
104933.6,105615.0,104905.7,105469.9,412423.19,4124.2319,434318694.0584,1,2025-06-15 12:00:00
105469.9,105788.0,105253.4,105520.0,363855.89,3638.5589,384008331.43081,1,2025-06-15 14:00:00
105519.9,105730.0,105281.0,105632.0,252975.94,2529.7594,266832512.90813,1,2025-06-15 16:00:00
105631.9,105637.1,105000.7,105239.8,195647.44,1956.4744,205991188.1629,1,2025-06-15 18:00:00
105239.8,105254.7,104425.6,104755.2,363170.88,3631.7088,380357165.07839,1,2025-06-15 20:00:00
104755.1,105570.3,104681.6,105540.0,312043.01,3120.4301,328349581.02687,1,2025-06-15 22:00:00
105540.1,105860.0,104927.2,105762.8,579732.99,5797.3299,611040209.1262,1,2025-06-16 00:00:00
105762.8,105926.0,105623.2,105862.4,336709.8,3367.098,356233516.66004,1,2025-06-16 02:00:00
105862.3,106755.7,105814.3,106525.0,729007.26,7290.0726,775238916.46365,1,2025-06-16 04:00:00
106524.9,107234.0,106456.0,107020.3,636609.66,6366.0966,680203758.29658,1,2025-06-16 06:00:00
107020.3,107192.0,106838.0,106909.0,354323.53,3543.2353,379150530.4559,1,2025-06-16 08:00:00
106909.0,107177.0,106544.9,106846.7,445776.65,4457.7665,476135792.02699,1,2025-06-16 10:00:00
106846.7,107142.0,106456.7,107116.9,509174.2,5091.742,543459205.58287,1,2025-06-16 12:00:00
107116.9,107736.0,106724.5,107382.5,1064187.54,10641.8754,1142708536.57656,1,2025-06-16 14:00:00
107382.4,107980.0,107263.0,107695.9,617207.35,6172.0735,664751139.93987,1,2025-06-16 16:00:00
107695.9,108847.7,107620.8,108596.6,879872.66,8798.7266,953717926.57759,1,2025-06-16 18:00:00
108596.6,108807.8,108247.0,108476.9,410021.65,4100.2165,445017314.0338,1,2025-06-16 20:00:00
108476.9,108973.3,106666.0,106764.6,1162316.44,11623.1644,1250994713.14306,1,2025-06-16 22:00:00
106764.6,107365.4,106087.8,107136.4,1141455.85,11414.5585,1217973779.72499,1,2025-06-17 00:00:00
107136.4,107721.0,106518.0,107552.1,715550.32,7155.5032,767188909.74522,1,2025-06-17 02:00:00
107552.0,107658.0,107000.1,107079.4,358381.6,3583.816,384498379.90564,1,2025-06-17 04:00:00
107079.3,107199.8,106400.0,106725.4,543451.65,5434.5165,580181023.06527,1,2025-06-17 06:00:00
106725.4,106796.8,106025.7,106127.1,615312.61,6153.1261,654584122.01982,1,2025-06-17 08:00:00
106127.0,106227.6,105468.9,105606.1,787791.34,7877.9134,833438233.30415,1,2025-06-17 10:00:00
105606.1,105876.4,105138.3,105310.1,921864.48,9218.6448,972775953.60423,1,2025-06-17 12:00:00
105310.0,105654.8,104069.3,104194.1,1774095.83,17740.9583,1858189967.68127,1,2025-06-17 14:00:00
104194.1,104443.6,103300.0,103755.0,1662928.79,16629.2879,1727077776.53236,1,2025-06-17 16:00:00
103755.0,105286.2,103562.3,104621.1,983908.65,9839.0865,1029272328.82749,1,2025-06-17 18:00:00
104621.0,104849.6,104201.0,104490.8,543780.73,5437.8073,568191710.75841,1,2025-06-17 20:00:00
104490.9,104699.6,104128.0,104516.5,326970.05,3269.7005,341624544.6281,1,2025-06-17 22:00:00
104516.5,105138.4,104319.9,104721.8,423578.58,4235.7858,443743847.16323,1,2025-06-18 00:00:00
104721.8,105187.0,104630.9,105122.5,299628.74,2996.2874,314438024.07128,1,2025-06-18 02:00:00
105122.5,105498.9,105017.4,105351.0,372117.38,3721.1738,391942968.04701,1,2025-06-18 04:00:00
105351.1,105475.0,104650.0,104933.0,511072.23,5110.7223,536700011.59531,1,2025-06-18 06:00:00
104932.9,105279.9,104510.6,104660.1,502804.77,5028.0477,527425217.95838,1,2025-06-18 08:00:00
104660.0,104830.0,104130.7,104799.2,692034.42,6920.3442,722905890.85124,1,2025-06-18 10:00:00
104799.3,104880.0,103750.1,104396.0,1011917.34,10119.1734,1054547023.17277,1,2025-06-18 12:00:00
104395.9,105279.1,104061.1,104737.1,1565691.8,15656.918,1639817827.71402,1,2025-06-18 14:00:00
104737.1,104789.2,103542.8,104297.6,913202.99,9132.0299,951292140.14792,1,2025-06-18 16:00:00
104297.6,104693.4,103418.6,103779.3,1170558.16,11705.5816,1218448621.11309,1,2025-06-18 18:00:00
103779.4,105086.0,103600.0,105027.5,638274.23,6382.7423,666782058.4606,1,2025-06-18 20:00:00
105027.5,105080.0,104564.4,104834.2,267886.27,2678.8627,280792486.01348,1,2025-06-18 22:00:00
104834.2,105180.2,104410.6,104565.3,450003.63,4500.0363,471474311.09845,1,2025-06-19 00:00:00
104565.3,105054.3,104402.3,105031.7,254386.34,2543.8634,266592471.34037,1,2025-06-19 02:00:00
105031.8,105170.0,104746.0,104835.3,335690.16,3356.9016,352270954.56232,1,2025-06-19 04:00:00
104835.2,104940.0,104576.0,104594.3,301214.77,3012.1477,315382142.3852,1,2025-06-19 06:00:00
104594.4,104993.3,104589.1,104953.8,249236.07,2492.3607,261310808.56804,1,2025-06-19 08:00:00
104953.6,105028.0,104671.4,104732.5,208535.56,2085.3556,218635075.38531,1,2025-06-19 10:00:00
104732.4,104870.0,104188.0,104249.0,413477.96,4134.7796,432242827.09958,1,2025-06-19 12:00:00
104249.0,104648.1,104032.9,104064.2,536134.04,5361.3404,559039801.47766,1,2025-06-19 14:00:00
