open,high,low,close,vol,volCcy,volCcyQuote,confirm,datetime
67799.2,68058.0,67655.9,68057.9,310852.4,3108.524,210936122.7626,1,2024-05-28 05:00:00
68057.9,68098.7,67784.0,67973.9,207402.6,2074.026,140934649.1524,1,2024-05-28 06:00:00
67973.9,68029.6,67677.0,67691.9,239936.2,2399.362,162712290.8912,1,2024-05-28 07:00:00
67692.0,68255.6,67602.0,68161.0,395962.2,3959.622,269156932.7761,1,2024-05-28 08:00:00
68161.0,68533.0,68027.3,68326.2,385032.3,3850.323,262958661.64,1,2024-05-28 09:00:00
68326.2,68900.0,68246.2,68590.0,573088.1,5730.881,393307290.8713,1,2024-05-28 10:00:00
68590.0,68673.5,68276.0,68402.4,343617.4,3436.174,235287802.9945,1,2024-05-28 11:00:00
68402.4,68582.7,68157.9,68213.1,268391.2,2683.912,183486281.5187,1,2024-05-28 12:00:00
68211.1,68500.0,67654.0,67802.7,804156.6,8041.566,547308713.7223,1,2024-05-28 13:00:00
67802.8,68283.2,67511.0,67988.6,780634.1,7806.341,530383481.407,1,2024-05-28 14:00:00
67988.6,68494.5,67743.2,68396.3,454741.6,4547.416,310046913.4318,1,2024-05-28 15:00:00
68396.4,68473.0,67707.9,67720.1,477514.6,4775.146,324820127.4284,1,2024-05-28 16:00:00
67720.2,68176.8,67666.8,67785.9,299101.2,2991.012,203175921.1463,1,2024-05-28 17:00:00
67785.8,68000.0,67250.0,67907.6,539188.0,5391.88,364467267.9024,1,2024-05-28 18:00:00
67907.6,68634.0,67893.3,68451.0,473595.8,4735.958,323546336.486,1,2024-05-28 19:00:00
68451.0,68558.0,68130.6,68344.8,176604.4,1766.044,120714010.8606,1,2024-05-28 20:00:00
68344.8,68595.9,68268.2,68416.3,112289.8,1122.898,76859134.9305,1,2024-05-28 21:00:00
68416.2,68685.7,68394.2,68618.3,172780.7,1727.807,118508355.7457,1,2024-05-28 22:00:00
68618.3,68631.7,68344.9,68404.6,113485.8,1134.858,77702277.681,1,2024-05-28 23:00:00
68404.6,68627.0,68262.0,68505.0,175192.1,1751.921,119977018.6597,1,2024-05-29 00:00:00
68505.0,68725.0,68315.0,68582.1,186484.6,1864.846,127845999.9745,1,2024-05-29 01:00:00
68582.1,68953.6,68458.3,68694.5,365885.0,3658.85,251433849.2945,1,2024-05-29 02:00:00
68694.5,68915.5,68690.2,68844.3,237614.7,2376.147,163533142.5034,1,2024-05-29 03:00:00
68844.4,68947.5,68771.6,68864.7,215636.2,2156.362,148508264.2976,1,2024-05-29 04:00:00
68864.7,68864.8,68587.8,68610.1,195776.1,1957.761,134512030.0691,1,2024-05-29 05:00:00
68610.2,68692.8,68488.8,68529.1,143096.0,1430.96,98159878.1657,1,2024-05-29 06:00:00
68529.2,68550.5,67955.8,67967.7,513415.1,5134.151,350381117.7206,1,2024-05-29 07:00:00
67967.7,68022.8,67600.0,67883.1,643904.0,6439.04,436622581.9736,1,2024-05-29 08:00:00
67883.1,68058.8,67700.1,67924.3,322494.7,3224.947,218869773.7831,1,2024-05-29 09:00:00
67924.4,68041.7,67806.2,68015.0,209245.1,2092.451,142187262.3527,1,2024-05-29 10:00:00
68015.0,68028.3,67740.0,67782.6,250189.2,2501.892,169799566.9299,1,2024-05-29 11:00:00
67782.6,68049.0,67604.9,67913.4,460339.0,4603.39,312329203.1898,1,2024-05-29 12:00:00
67913.4,68290.8,67600.2,67904.3,949382.8,9493.828,644827181.053,1,2024-05-29 13:00:00
67904.3,67988.0,67500.7,67648.6,522763.4,5227.634,354294037.554,1,2024-05-29 14:00:00
67648.5,67872.9,67299.0,67383.4,775419.5,7754.195,523750881.7795,1,2024-05-29 15:00:00
67383.4,67731.1,67126.7,67563.3,510854.7,5108.547,344205512.1909,1,2024-05-29 16:00:00
67558.4,67702.5,67323.6,67606.7,260519.3,2605.193,175915261.4843,1,2024-05-29 17:00:00
67606.6,67626.0,67229.9,67410.2,182181.6,1821.816,122824327.9671,1,2024-05-29 18:00:00
67410.2,67757.1,67222.3,67274.3,195402.7,1954.027,131834699.8605,1,2024-05-29 19:00:00
67274.7,67499.5,67130.0,67480.0,199470.8,1994.708,134238654.6568,1,2024-05-29 20:00:00
67480.0,67872.5,67300.0,67699.8,167939.6,1679.396,113529108.0693,1,2024-05-29 21:00:00
67699.8,67853.8,67602.4,67684.5,135968.4,1359.684,92063271.2115,1,2024-05-29 22:00:00
67684.6,67761.7,67560.0,67647.8,146272.2,1462.722,98963724.4302,1,2024-05-29 23:00:00
67647.8,67849.7,67543.5,67589.9,159355.0,1593.55,107878768.0063,1,2024-05-30 00:00:00
67590.0,67867.5,67474.1,67800.0,248403.8,2484.038,168108920.4555,1,2024-05-30 01:00:00
67800.0,68216.1,67779.0,67952.2,397396.5,3973.965,270341372.7559,1,2024-05-30 02:00:00
67952.2,68232.5,67918.3,68137.6,191488.1,1914.881,130364710.8386,1,2024-05-30 03:00:00
68137.6,68445.3,67988.0,68188.3,367281.2,3672.812,250633563.0803,1,2024-05-30 04:00:00
68188.4,68214.3,67970.0,68156.3,194975.3,1949.753,132770101.7049,1,2024-05-30 05:00:00
68156.3,68192.0,67744.8,67846.3,424697.2,4246.972,288406627.3108,1,2024-05-30 06:00:00
67848.5,68066.6,67500.0,67602.9,447991.5,4479.915,303578712.2957,1,2024-05-30 07:00:00
67603.0,67798.8,67134.0,67704.0,777393.5,7773.935,524010477.641,1,2024-05-30 08:00:00
67704.1,67777.0,67479.4,67761.0,221513.2,2215.132,149861359.9084,1,2024-05-30 09:00:00
67761.1,68012.0,67550.9,67947.5,268247.0,2682.47,181932548.788,1,2024-05-30 10:00:00
67947.5,68140.4,67822.0,67822.0,224492.2,2244.922,152594512.9912,1,2024-05-30 11:00:00
67822.0,68336.0,67755.4,68145.3,523974.7,5239.747,356882943.2763,1,2024-05-30 12:00:00
68145.4,68716.6,68050.0,68617.9,669668.9,6696.689,458031958.2709,1,2024-05-30 13:00:00
68617.8,68835.6,68253.8,68365.2,671292.2,6712.922,460434494.5603,1,2024-05-30 14:00:00
68365.2,68628.0,68150.0,68527.9,401743.6,4017.436,274827003.5105,1,2024-05-30 15:00:00
68527.9,68723.1,68376.4,68689.9,245696.2,2456.962,168333318.5092,1,2024-05-30 16:00:00
68690.0,69523.9,68666.4,69319.8,797033.3,7970.333,551322423.2375,1,2024-05-30 17:00:00
69319.8,69431.0,69100.0,69374.3,358794.4,3587.944,248519350.7131,1,2024-05-30 18:00:00
69374.4,69389.4,68433.1,68675.6,473059.3,4730.593,325558928.7336,1,2024-05-30 19:00:00
68670.5,68680.0,68040.0,68481.8,451566.1,4515.661,308557793.1975,1,2024-05-30 20:00:00
68481.7,68552.5,68332.0,68426.3,108086.4,1080.864,73976595.9338,1,2024-05-30 21:00:00
68426.3,68456.1,68242.0,68325.7,109263.5,1092.635,74662738.874,1,2024-05-30 22:00:00
68325.7,68531.9,68256.4,68366.0,129746.4,1297.464,88740830.1996,1,2024-05-30 23:00:00
68366.0,68480.0,68281.0,68469.3,107802.4,1078.024,73695360.8016,1,2024-05-31 00:00:00
68469.3,68643.0,68312.9,68444.0,198269.0,1982.69,135812155.551,1,2024-05-31 01:00:00
68444.0,68761.4,68431.1,68549.1,235183.0,2351.83,161305506.8448,1,2024-05-31 02:00:00
68549.1,68640.7,68490.1,68536.2,132163.8,1321.638,90589196.7726,1,2024-05-31 03:00:00
68536.2,68653.5,68469.8,68519.8,109305.9,1093.059,74927722.5896,1,2024-05-31 04:00:00
68519.8,68519.9,68280.3,68440.8,157456.8,1574.568,107686114.6766,1,2024-05-31 05:00:00
68440.8,68467.9,68228.8,68284.2,136231.1,1362.311,93097676.2971,1,2024-05-31 06:00:00
68284.2,68433.8,68086.3,68183.4,202800.6,2028.006,138394814.4011,1,2024-05-31 07:00:00
68183.4,68330.3,68131.8,68137.6,150166.8,1501.668,102463625.8309,1,2024-05-31 08:00:00
68137.5,68197.9,67873.5,67947.9,319845.9,3198.459,217440111.4767,1,2024-05-31 09:00:00
67948.0,68352.4,67927.1,68343.8,316503.6,3165.036,215802845.9239,1,2024-05-31 10:00:00
68343.8,68475.5,68281.7,68362.2,240570.8,2405.708,164509163.5293,1,2024-05-31 11:00:00
68362.3,69062.8,68327.4,68629.9,873235.8,8732.358,600336713.4615,1,2024-05-31 12:00:00
68629.9,68820.0,68015.6,68064.1,768630.3,7686.303,525748482.3157,1,2024-05-31 13:00:00
68064.1,68069.0,67288.0,67506.2,1112244.4,11122.444,752691146.3919,1,2024-05-31 14:00:00
67506.2,67560.0,67200.4,67219.7,503112.3,5031.123,338924217.3564,1,2024-05-31 15:00:00
67219.6,67372.3,66639.0,67202.8,1102330.8,11023.308,738290815.8463,1,2024-05-31 16:00:00
67202.9,67474.0,67158.0,67349.9,321160.6,3211.606,216259049.9431,1,2024-05-31 17:00:00
67350.0,67450.0,67181.2,67423.9,158693.6,1586.936,106869888.8996,1,2024-05-31 18:00:00
67424.0,68026.2,67354.5,67691.9,514182.4,5141.824,348213926.2831,1,2024-05-31 19:00:00
67691.6,67808.5,67611.7,67730.9,147298.3,1472.983,99736815.741,1,2024-05-31 20:00:00
67731.6,67741.4,67526.0,67573.9,91810.1,918.101,62102455.6937,1,2024-05-31 21:00:00
67573.9,67675.8,67522.5,67522.5,82705.5,827.055,55921035.0131,1,2024-05-31 22:00:00
67522.6,67619.2,67246.0,67558.8,299297.1,2992.971,201811646.9602,1,2024-05-31 23:00:00
67558.8,67700.0,67501.6,67657.7,116533.7,1165.337,78788252.6159,1,2024-06-01 00:00:00
67657.8,67720.0,67428.1,67569.9,158595.9,1585.959,107127136.0795,1,2024-06-01 01:00:00
67569.9,67753.5,67549.2,67740.0,133466.7,1334.667,90325573.1549,1,2024-06-01 02:00:00
67740.0,67776.8,67614.5,67735.7,128658.5,1286.585,87113417.4485,1,2024-06-01 03:00:00
67735.8,67779.0,67666.1,67690.0,98949.3,989.493,67016231.7924,1,2024-06-01 04:00:00
67690.1,67820.1,67591.3,67695.9,96110.6,961.106,65056275.4826,1,2024-06-01 05:00:00
67696.0,67740.5,67612.3,67699.7,59115.5,591.155,40006694.829,1,2024-06-01 06:00:00
67699.7,67731.0,67567.7,67630.9,130074.3,1300.743,87990185.534,1,2024-06-01 07:00:00
67631.0,67758.6,67617.1,67718.1,89583.5,895.835,60636588.2909,1,2024-06-01 08:00:00
67718.0,67770.0,67633.1,67720.1,69665.0,696.65,47170121.1539,1,2024-06-01 09:00:00
67720.2,67771.0,67635.6,67635.7,66204.3,662.043,44829820.4086,1,2024-06-01 10:00:00
67635.7,67716.2,67635.7,67670.0,31985.7,319.857,21648734.0452,1,2024-06-01 11:00:00
67670.0,67887.1,67651.3,67722.4,108282.2,1082.822,73381361.4519,1,2024-06-01 12:00:00
67722.1,67845.5,67709.6,67709.7,102533.9,1025.339,69514317.0959,1,2024-06-01 13:00:00
67709.6,67877.0,67677.0,67804.6,117502.3,1175.023,79665751.8332,1,2024-06-01 14:00:00
67804.6,67828.0,67662.3,67688.6,64773.8,647.738,43893399.1987,1,2024-06-01 15:00:00
67688.5,67731.2,67607.8,67693.2,100821.6,1008.216,68234077.0112,1,2024-06-01 16:00:00
67693.2,67838.0,67526.2,67783.3,161527.0,1615.27,109276467.5788,1,2024-06-01 17:00:00
67783.3,67827.2,67730.6,67756.0,46493.6,464.936,31507151.4267,1,2024-06-01 18:00:00
67756.0,67796.8,67693.7,67759.9,43237.6,432.376,29286652.8924,1,2024-06-01 19:00:00
67759.8,67814.4,67720.2,67814.4,41596.2,415.962,28185214.321,1,2024-06-01 20:00:00
67814.3,67834.0,67714.4,67770.5,50398.7,503.987,34156926.4618,1,2024-06-01 21:00:00
67770.4,67899.0,67717.8,67777.3,50933.3,509.333,34540974.4739,1,2024-06-01 22:00:00
67777.3,67843.8,67722.2,67769.1,54939.4,549.394,37234924.788,1,2024-06-01 23:00:00
67769.1,67927.0,67747.6,67892.8,74992.7,749.927,50872442.7109,1,2024-06-02 00:00:00
67892.7,67908.5,67707.7,67768.1,99722.4,997.224,67620196.4946,1,2024-06-02 01:00:00
67768.2,67824.8,67632.1,67739.3,104518.6,1045.186,70796868.9437,1,2024-06-02 02:00:00
67739.4,67820.0,67728.3,67789.3,44744.8,447.448,30332430.9731,1,2024-06-02 03:00:00
67789.4,67846.0,67734.7,67846.0,51649.8,516.498,35017727.4414,1,2024-06-02 04:00:00
67846.0,67867.8,67720.0,67720.0,53946.4,539.464,36569672.0036,1,2024-06-02 05:00:00
67720.1,67844.5,67718.0,67837.0,39323.8,393.238,26659845.3234,1,2024-06-02 06:00:00
67836.9,67841.4,67718.0,67718.1,67988.8,679.888,46064992.2941,1,2024-06-02 07:00:00
67718.0,67817.7,67668.1,67756.4,98743.3,987.433,66901109.7598,1,2024-06-02 08:00:00
67756.5,67777.9,67416.0,67549.9,301043.4,3010.434,203421915.7096,1,2024-06-02 09:00:00
67550.0,67596.4,67380.0,67548.0,136428.7,1364.287,92089473.7322,1,2024-06-02 10:00:00
67548.0,68345.0,67504.2,68266.0,549291.4,5492.914,373603616.8902,1,2024-06-02 11:00:00
68266.1,68332.0,67846.3,67951.0,437690.0,4376.9,297977706.6245,1,2024-06-02 12:00:00
67951.0,68246.5,67809.8,68180.4,232815.3,2328.153,158362054.5064,1,2024-06-02 13:00:00
68180.4,68497.0,68083.9,68276.4,403473.1,4034.731,275495173.2755,1,2024-06-02 14:00:00
68276.4,68317.7,68013.3,68164.7,162395.7,1623.957,110655679.618,1,2024-06-02 15:00:00
68164.8,68221.6,67992.0,68124.5,122261.0,1222.61,83259703.576,1,2024-06-02 16:00:00
68124.5,68129.3,67846.8,67891.7,177368.9,1773.689,120542939.0836,1,2024-06-02 17:00:00
67891.8,67891.8,67470.0,67723.0,448000.4,4480.004,303096050.0647,1,2024-06-02 18:00:00
67723.0,67809.4,67300.3,67741.0,282547.3,2825.473,190884463.7633,1,2024-06-02 19:00:00
67741.1,67838.5,67577.6,67838.4,78657.6,786.576,53262434.2015,1,2024-06-02 20:00:00
67838.5,67928.2,67756.6,67812.3,85148.4,851.484,57773821.0998,1,2024-06-02 21:00:00
67812.2,68000.0,67810.1,67942.9,97110.0,971.1,65948884.2682,1,2024-06-02 22:00:00
67943.7,67998.9,67766.8,67766.9,83580.4,835.804,56720317.5914,1,2024-06-02 23:00:00
67766.9,67895.5,67618.4,67836.4,218436.9,2184.369,147972195.4099,1,2024-06-03 00:00:00
67836.5,68610.6,67825.4,68499.9,637319.4,6373.194,435168194.7148,1,2024-06-03 01:00:00
68500.0,68829.0,68427.5,68440.6,511657.7,5116.577,351291141.9147,1,2024-06-03 02:00:00
68440.7,68544.0,68230.1,68409.4,255133.1,2551.331,174439902.8392,1,2024-06-03 03:00:00
68409.4,68636.9,68313.0,68525.2,213943.2,2139.432,146439372.1383,1,2024-06-03 04:00:00
68525.1,68800.0,68463.0,68720.6,235271.3,2352.713,161563451.2441,1,2024-06-03 05:00:00
68720.5,69231.6,68634.5,69060.2,706083.5,7060.835,487302400.4331,1,2024-06-03 06:00:00
69060.2,69200.4,68822.7,68923.9,375024.5,3750.245,258804380.1867,1,2024-06-03 07:00:00
68923.9,69351.5,68922.6,69158.0,392156.9,3921.569,271374222.085,1,2024-06-03 08:00:00
69158.0,69209.2,68930.0,69023.0,195022.9,1950.229,134692464.7201,1,2024-06-03 09:00:00
69023.0,69208.1,68895.1,68926.7,179268.4,1792.684,123795933.9511,1,2024-06-03 10:00:00
68926.7,69282.3,68865.1,69096.6,247694.2,2476.942,171176206.0036,1,2024-06-03 11:00:00
69096.6,69818.6,69096.6,69758.8,678593.1,6785.931,471639342.202,1,2024-06-03 12:00:00
69758.8,70338.3,69533.7,69800.1,962971.5,9629.715,673471728.8202,1,2024-06-03 13:00:00
69800.1,70090.9,68512.0,68778.6,1591442.0,15914.42,1101693110.4307,1,2024-06-03 14:00:00
68778.6,69630.5,68760.7,69622.4,715181.0,7151.81,494833656.1245,1,2024-06-03 15:00:00
69622.5,69725.3,68915.0,69094.8,532716.7,5327.167,369110273.4345,1,2024-06-03 16:00:00
69094.8,69416.9,68810.1,69285.6,293401.6,2934.016,202816340.3674,1,2024-06-03 17:00:00
69286.1,69466.6,69173.4,69302.2,221809.7,2218.097,153813516.1854,1,2024-06-03 18:00:00
69302.2,69315.7,69040.5,69224.0,196724.5,1967.245,136046198.847,1,2024-06-03 19:00:00
69228.1,69524.0,69107.5,69107.5,197241.8,1972.418,136808357.6424,1,2024-06-03 20:00:00
69107.5,69216.0,68924.4,69093.2,140841.1,1408.411,97312474.8425,1,2024-06-03 21:00:00
69093.1,69157.9,68810.5,69045.0,195706.4,1957.064,134976433.5251,1,2024-06-03 22:00:00
69045.0,69067.5,68728.9,68805.0,151783.0,1517.83,104516827.2583,1,2024-06-03 23:00:00
68805.0,69114.1,68663.0,69014.7,256063.0,2560.63,176358037.3176,1,2024-06-04 00:00:00
69014.7,69241.6,68911.8,69241.3,185719.4,1857.194,128347158.172,1,2024-06-04 01:00:00
69241.3,69335.0,69096.4,69158.2,178820.0,1788.2,123789429.5172,1,2024-06-04 02:00:00
69158.1,69386.0,69130.8,69175.0,148941.0,1489.41,103149829.1477,1,2024-06-04 03:00:00
69175.0,69295.1,69060.6,69072.9,143796.6,1437.966,99496418.0972,1,2024-06-04 04:00:00
69072.9,69175.0,68926.0,68975.1,143537.4,1435.374,99116914.9137,1,2024-06-04 05:00:00
68975.1,69057.8,68770.4,68920.1,363956.6,3639.566,250849551.8434,1,2024-06-04 06:00:00
68920.0,69086.9,68907.0,69009.2,157654.9,1576.549,108797440.1117,1,2024-06-04 07:00:00
69009.2,69207.1,68834.7,68845.4,212231.6,2122.316,146456041.8114,1,2024-06-04 08:00:00
68845.4,68900.0,68572.3,68733.8,402735.1,4027.351,276756607.9978,1,2024-06-04 09:00:00
68733.8,68975.0,68711.2,68902.7,199695.9,1996.959,137517110.4991,1,2024-06-04 10:00:00
68902.8,69050.0,68850.0,68973.2,191923.4,1919.234,132319032.5979,1,2024-06-04 11:00:00
68973.2,69167.8,68857.0,68960.1,237002.5,2370.025,163588208.6756,1,2024-06-04 12:00:00
68960.2,69847.8,68960.1,69536.6,882077.6,8820.776,612901563.5776,1,2024-06-04 13:00:00
69536.7,70099.9,69320.4,69664.9,1047627.9,10476.279,730706425.1823,1,2024-06-04 14:00:00
69664.5,70498.8,69460.6,70448.6,980551.4,9805.514,687487571.7139,1,2024-06-04 15:00:00
70448.7,71019.1,70400.0,70809.2,1049799.0,10497.99,742644169.0775,1,2024-06-04 16:00:00
70809.2,70847.7,70373.5,70567.9,462406.2,4624.062,326361528.2772,1,2024-06-04 17:00:00
70567.9,71082.9,70567.9,70708.2,396363.7,3963.637,280890431.5311,1,2024-06-04 18:00:00
70708.2,70740.6,70100.0,70433.3,434906.1,4349.061,306175992.861,1,2024-06-04 19:00:00
70433.2,70548.2,70171.2,70398.0,195748.6,1957.486,137687040.0986,1,2024-06-04 20:00:00
70398.0,70627.8,70332.2,70620.0,90884.1,908.841,64053405.2068,1,2024-06-04 21:00:00
70619.9,70738.0,70501.6,70567.7,142670.0,1426.7,100756006.2474,1,2024-06-04 22:00:00
70567.8,70629.7,70401.3,70543.6,147633.3,1476.333,104131355.2487,1,2024-06-04 23:00:00
70543.6,70922.3,70435.0,70790.7,315262.8,3152.628,222952678.2338,1,2024-06-05 00:00:00
70790.7,71360.0,70657.4,70991.3,530438.4,5304.384,376756443.3484,1,2024-06-05 01:00:00
70991.3,71181.6,70656.4,70860.5,350477.9,3504.779,248568729.7315,1,2024-06-05 02:00:00
70860.5,71000.0,70779.9,70960.0,227304.1,2273.041,161094210.749,1,2024-06-05 03:00:00
70960.0,71257.9,70840.7,71179.5,418897.0,4188.97,297743891.9561,1,2024-06-05 04:00:00
71179.6,71200.0,70893.8,71004.5,199243.5,1992.435,141464865.2784,1,2024-06-05 05:00:00
71003.9,71158.5,70840.0,71118.7,357591.7,3575.917,253807784.3774,1,2024-06-05 06:00:00
71118.6,71398.7,71025.9,71205.7,371591.5,3715.915,264667464.5798,1,2024-06-05 07:00:00
71205.8,71245.5,70896.5,70948.7,204748.4,2047.484,145451266.3042,1,2024-06-05 08:00:00
70948.6,71053.8,70832.3,70920.4,202288.2,2022.882,143499391.3553,1,2024-06-05 09:00:00
70920.5,70942.8,70737.5,70817.1,169912.5,1699.125,120358966.158,1,2024-06-05 10:00:00
70817.2,71114.0,70720.0,70981.7,237368.9,2373.689,168361265.9207,1,2024-06-05 11:00:00
70981.7,71147.5,70651.0,70960.1,451946.1,4519.461,320480028.8371,1,2024-06-05 12:00:00
70960.0,71190.0,70610.0,70741.5,454658.3,4546.583,322260441.7258,1,2024-06-05 13:00:00
70741.4,71083.0,70403.0,70879.6,810619.4,8106.194,573324420.3001,1,2024-06-05 14:00:00
70879.6,71764.7,70775.8,71574.5,1036651.2,10366.512,740312523.8298,1,2024-06-05 15:00:00
71574.6,71777.0,71260.8,71322.2,538704.0,5387.04,385510167.0558,1,2024-06-05 16:00:00
71322.1,71740.1,71240.0,71638.8,332512.5,3325.125,237746306.7624,1,2024-06-05 17:00:00
71638.7,71750.0,70902.0,71091.0,582604.7,5826.047,415050478.283,1,2024-06-05 18:00:00
71091.1,71407.3,70865.8,71284.4,330313.6,3303.136,234860594.0582,1,2024-06-05 19:00:00
71284.4,71359.1,71151.3,71201.1,101102.5,1011.025,72025679.2507,1,2024-06-05 20:00:00
71201.0,71215.2,71039.0,71150.8,64384.8,643.848,45790966.8409,1,2024-06-05 21:00:00
71150.7,71286.8,71087.0,71150.3,67934.0,679.34,48363007.4673,1,2024-06-05 22:00:00
71150.4,71298.8,70600.0,71115.0,349527.0,3495.27,247921162.9236,1,2024-06-05 23:00:00
71115.0,71200.0,70966.0,71027.0,136818.8,1368.188,97274760.905,1,2024-06-06 00:00:00
71027.1,71196.9,70900.0,71130.5,156630.6,1566.306,111308984.7316,1,2024-06-06 01:00:00
71134.2,71257.4,71103.6,71172.5,117205.8,1172.058,83440312.7104,1,2024-06-06 02:00:00
71172.5,71193.4,71013.5,71048.3,91082.6,910.826,64757392.5413,1,2024-06-06 03:00:00
71048.4,71123.5,70915.7,71070.0,136009.8,1360.098,96585403.1427,1,2024-06-06 04:00:00
71070.1,71102.5,70820.7,70916.2,186511.7,1865.117,132246517.9035,1,2024-06-06 05:00:00
70916.3,71050.0,70804.8,70903.0,173934.3,1739.343,123356829.6129,1,2024-06-06 06:00:00
70903.9,71090.0,70865.4,71034.9,163423.4,1634.234,115993180.6608,1,2024-06-06 07:00:00
71034.8,71056.0,70848.1,70910.9,148470.2,1484.702,105305974.0994,1,2024-06-06 08:00:00
70911.0,71166.8,70911.0,70993.0,153074.4,1530.744,108731987.5668,1,2024-06-06 09:00:00
70993.0,71020.0,70904.0,71009.9,107068.8,1070.688,75973925.616,1,2024-06-06 10:00:00
71009.9,71199.9,70938.1,71177.8,173941.0,1739.41,123634429.883,1,2024-06-06 11:00:00
71177.9,71463.1,71063.1,71197.4,496907.6,4969.076,354010984.7103,1,2024-06-06 12:00:00
71197.3,71577.5,71001.1,71120.4,552935.4,5529.354,394225836.4418,1,2024-06-06 13:00:00
71120.5,71526.4,71021.1,71471.0,489903.1,4899.031,349191696.3781,1,2024-06-06 14:00:00
71471.1,71666.0,71250.0,71300.0,378871.3,3788.713,270784235.1207,1,2024-06-06 15:00:00
71299.9,71380.0,70821.5,70949.0,601706.4,6017.064,427457192.3815,1,2024-06-06 16:00:00
70949.0,71225.6,70788.0,71116.8,404985.7,4049.857,287574329.4889,1,2024-06-06 17:00:00
71116.7,71176.0,70858.3,71088.0,136565.5,1365.655,96984216.0557,1,2024-06-06 18:00:00
71087.9,71094.8,70458.2,70490.2,451317.7,4513.177,319047791.0706,1,2024-06-06 19:00:00
70490.2,70750.0,70117.4,70731.5,493858.1,4938.581,347819536.7745,1,2024-06-06 20:00:00
70731.5,70860.0,70666.7,70740.9,128888.2,1288.882,91213942.0719,1,2024-06-06 21:00:00
70740.9,70890.0,70650.8,70889.9,145458.7,1454.587,102968724.7314,1,2024-06-06 22:00:00
70889.9,70947.7,70747.3,70795.9,136519.0,1365.19,96711173.1573,1,2024-06-06 23:00:00
70795.9,70890.8,70735.2,70889.9,95573.3,955.733,67702190.9915,1,2024-06-07 00:00:00
70889.9,70920.2,70666.2,70850.0,197044.2,1970.442,139540221.0637,1,2024-06-07 01:00:00
70850.0,70885.0,70677.7,70834.9,123949.0,1239.49,87732403.6316,1,2024-06-07 02:00:00
70834.9,71044.5,70752.2,70999.9,198246.5,1982.465,140629932.0067,1,2024-06-07 03:00:00
70999.9,71278.9,70999.9,71227.7,381296.3,3812.963,271359151.6973,1,2024-06-07 04:00:00
71227.6,71480.1,71168.0,71312.4,345444.1,3454.441,246418423.7327,1,2024-06-07 05:00:00
71312.4,71371.8,71178.2,71287.1,145096.7,1450.967,103416131.7182,1,2024-06-07 06:00:00
71287.1,71324.9,71074.3,71118.4,178786.3,1787.863,127267000.1224,1,2024-06-07 07:00:00
71118.4,71214.3,71063.7,71129.6,134904.2,1349.042,95960819.8402,1,2024-06-07 08:00:00
71132.6,71324.8,71070.0,71304.5,149816.1,1498.161,106665700.3711,1,2024-06-07 09:00:00
71304.5,71437.6,71200.0,71373.0,200714.8,2007.148,143153104.2379,1,2024-06-07 10:00:00
71373.0,71726.1,71300.0,71720.0,490088.6,4900.886,350596317.6421,1,2024-06-07 11:00:00
71720.0,72021.7,70630.0,71221.1,2484812.9,24848.129,1771556456.1531,1,2024-06-07 12:00:00
71221.7,71665.0,71050.0,71539.6,646876.2,6468.762,461766305.8972,1,2024-06-07 13:00:00
71539.6,71559.0,71180.6,71427.0,410884.7,4108.847,293323397.2793,1,2024-06-07 14:00:00
71426.8,71426.8,70850.1,71117.2,557685.4,5576.854,396489707.8977,1,2024-06-07 15:00:00
71117.2,71225.0,70800.0,70888.1,372506.9,3725.069,264570759.7217,1,2024-06-07 16:00:00
70888.2,70888.9,69793.4,69799.4,1130384.9,11303.849,795130153.2789,1,2024-06-07 17:00:00
69799.4,69891.9,68300.0,69148.0,3069165.3,30691.653,2122597218.9616,1,2024-06-07 18:00:00
69148.0,69449.9,68778.0,69255.8,626122.0,6261.22,432938883.472,1,2024-06-07 19:00:00
69255.8,69318.2,68974.4,69305.5,362095.6,3620.956,250242636.771,1,2024-06-07 20:00:00
69305.4,69382.1,69202.3,69237.0,130577.7,1305.777,90476241.7813,1,2024-06-07 21:00:00
69237.0,69528.0,69180.7,69497.4,159979.2,1599.792,110984356.7964,1,2024-06-07 22:00:00
69497.3,69497.3,69315.3,69350.1,85359.7,853.597,59224590.3266,1,2024-06-07 23:00:00
69350.0,69483.8,69292.7,69400.1,106705.9,1067.059,74046469.0569,1,2024-06-08 00:00:00
69400.1,69485.4,69300.0,69477.2,130460.3,1304.603,90551486.6253,1,2024-06-08 01:00:00
69477.1,69477.2,69390.0,69440.5,56995.3,569.953,39573596.644,1,2024-06-08 02:00:00
69440.4,69541.0,69396.0,69423.3,144090.1,1440.901,100111162.6979,1,2024-06-08 03:00:00
69423.3,69466.2,69280.0,69325.2,113542.0,1135.42,78760819.3303,1,2024-06-08 04:00:00
69325.1,69356.5,69232.9,69326.0,145875.4,1458.754,101081605.3572,1,2024-06-08 05:00:00
69325.9,69435.5,69302.2,69347.6,88549.6,885.496,61429692.1846,1,2024-06-08 06:00:00
69347.5,69577.9,69345.2,69577.9,194020.4,1940.204,134837172.826,1,2024-06-08 07:00:00
69577.8,69577.9,69372.2,69430.8,115746.4,1157.464,80387930.3658,1,2024-06-08 08:00:00
69430.9,69496.8,69374.4,69442.1,83776.1,837.761,58172106.0787,1,2024-06-08 09:00:00
69442.2,69500.0,69359.0,69461.0,81886.2,818.862,56840120.7033,1,2024-06-08 10:00:00
69461.0,69524.1,69310.0,69374.7,155969.2,1559.692,108274316.4254,1,2024-06-08 11:00:00
69374.7,69444.8,69266.0,69354.8,159981.8,1599.818,110926145.961,1,2024-06-08 12:00:00
69354.9,69432.8,69160.8,69424.6,225083.5,2250.835,155980150.7578,1,2024-06-08 13:00:00
69424.7,69476.8,69308.1,69467.6,120788.2,1207.882,83825421.6144,1,2024-06-08 14:00:00
69467.6,69500.0,69418.8,69423.5,94080.1,940.801,65350972.3484,1,2024-06-08 15:00:00
69423.6,69484.4,69289.2,69389.5,243924.8,2439.248,169220844.819,1,2024-06-08 16:00:00
69389.5,69480.0,69344.4,69454.6,78166.2,781.662,54276186.6312,1,2024-06-08 17:00:00
69454.5,69492.3,69432.0,69454.5,60019.8,600.198,41692618.1536,1,2024-06-08 18:00:00
69454.4,69492.2,69417.5,69455.0,39395.4,393.954,27364657.3627,1,2024-06-08 19:00:00
69454.9,69479.0,69306.0,69366.5,68415.2,684.152,47480861.7969,1,2024-06-08 20:00:00
69366.5,69435.2,69318.0,69396.6,44335.8,443.358,30758066.7673,1,2024-06-08 21:00:00
69396.6,69403.0,69265.0,69339.6,53235.8,532.358,36906822.3344,1,2024-06-08 22:00:00
69339.5,69347.3,69286.7,69309.3,43837.3,438.373,30386720.5979,1,2024-06-08 23:00:00
69309.3,69330.7,69241.8,69280.0,67134.3,671.343,46515452.3198,1,2024-06-09 00:00:00
69280.3,69359.8,69228.0,69283.8,65829.8,658.298,45610483.0234,1,2024-06-09 01:00:00
69283.9,69312.6,69166.0,69179.1,118503.6,1185.036,82031629.4267,1,2024-06-09 02:00:00
69179.1,69315.3,69128.5,69275.1,99337.0,993.37,68768051.4807,1,2024-06-09 03:00:00
69275.1,69320.4,69260.0,69315.0,46466.1,464.661,32195766.3804,1,2024-06-09 04:00:00
69314.9,69375.0,69237.3,69288.1,52008.8,520.088,36043424.9918,1,2024-06-09 05:00:00
69288.1,69410.3,69275.0,69389.4,83930.1,839.301,58202499.8756,1,2024-06-09 06:00:00
69389.3,69440.6,69292.7,69301.5,69245.5,692.455,48041079.4308,1,2024-06-09 07:00:00
69301.5,69369.3,69279.0,69357.6,34339.3,343.393,23803393.0239,1,2024-06-09 08:00:00
69357.6,69406.7,69333.9,69368.3,45352.4,453.524,31458598.9465,1,2024-06-09 09:00:00
69368.2,69382.0,69320.5,69351.3,38440.3,384.403,26656208.8622,1,2024-06-09 10:00:00
69351.3,69406.3,69331.7,69379.4,49096.1,490.961,34058710.9203,1,2024-06-09 11:00:00
69379.5,69772.3,69361.4,69700.0,352019.2,3520.192,244998266.4797,1,2024-06-09 12:00:00
69700.1,69784.9,69248.8,69457.4,409334.5,4093.345,284439217.128,1,2024-06-09 13:00:00
69457.3,69564.4,69258.0,69485.6,183407.9,1834.079,127356668.6987,1,2024-06-09 14:00:00
69485.7,69580.0,69430.0,69508.5,151320.7,1513.207,105199612.435,1,2024-06-09 15:00:00
69508.4,69634.0,69495.4,69618.8,96712.5,967.125,67288786.3979,1,2024-06-09 16:00:00
69618.8,69698.9,69567.6,69648.1,78952.0,789.52,54976091.9675,1,2024-06-09 17:00:00
69648.2,69850.0,69597.4,69735.9,161154.6,1611.546,112387994.1263,1,2024-06-09 18:00:00
69735.9,69843.0,69650.0,69707.6,125350.8,1253.508,87447884.6455,1,2024-06-09 19:00:00
69707.6,69728.5,69581.9,69680.3,72979.8,729.798,50834793.7847,1,2024-06-09 20:00:00
69680.2,69820.0,69609.2,69739.3,55098.3,550.983,38416876.2482,1,2024-06-09 21:00:00
69739.3,69788.2,69611.1,69629.9,64591.9,645.919,45013116.576,1,2024-06-09 22:00:00
69629.9,69689.8,69592.5,69641.2,48240.1,482.401,33592183.7396,1,2024-06-09 23:00:00
69641.1,69654.8,69410.0,69563.5,132413.2,1324.132,92037735.3689,1,2024-06-10 00:00:00
69563.4,69674.3,69512.5,69615.0,73615.0,736.15,51235518.4098,1,2024-06-10 01:00:00
69615.0,69798.7,69598.8,69704.9,130815.0,1308.15,91216191.0838,1,2024-06-10 02:00:00
69704.9,69766.8,69566.0,69609.9,83539.2,835.392,58201865.799,1,2024-06-10 03:00:00
69609.9,69687.7,69504.0,69673.4,110260.8,1102.608,76743508.9781,1,2024-06-10 04:00:00
69673.3,69673.4,69527.6,69568.4,78812.8,788.128,54837279.0065,1,2024-06-10 05:00:00
69568.5,69611.1,69310.0,69434.4,207477.7,2074.777,144114336.5286,1,2024-06-10 06:00:00
69434.4,69519.9,69256.7,69313.9,233655.5,2336.555,162114504.9826,1,2024-06-10 07:00:00
69313.9,69500.0,69298.4,69405.7,172621.9,1726.219,119870609.1914,1,2024-06-10 08:00:00
69405.6,69479.8,69133.0,69451.1,276586.0,2765.86,191762722.7415,1,2024-06-10 09:00:00
69451.1,69492.4,69362.0,69446.3,82586.8,825.868,57327903.1094,1,2024-06-10 10:00:00
69446.3,69571.5,69332.8,69483.8,156189.0,1561.89,108504152.2486,1,2024-06-10 11:00:00
69483.9,69528.9,69324.5,69374.3,112123.7,1121.237,77845704.5099,1,2024-06-10 12:00:00
69374.2,69533.4,69220.3,69423.5,338025.8,3380.258,234528611.8595,1,2024-06-10 13:00:00
69423.4,69676.0,69305.8,69676.0,277873.3,2778.733,193233024.1624,1,2024-06-10 14:00:00
69675.9,70185.1,69612.0,70048.8,783075.3,7830.753,547616014.6476,1,2024-06-10 15:00:00
70048.7,70092.9,69708.0,69974.3,367471.3,3674.713,256872735.1749,1,2024-06-10 16:00:00
69974.3,70068.8,69750.7,70033.7,162964.4,1629.644,113901231.867,1,2024-06-10 17:00:00
70033.6,70125.0,69720.0,69855.7,197066.5,1970.665,137802988.1301,1,2024-06-10 18:00:00
69855.7,69855.7,69380.0,69496.8,377979.0,3779.79,263072943.082,1,2024-06-10 19:00:00
69496.8,69678.8,69330.0,69617.6,345353.1,3453.531,240002929.1294,1,2024-06-10 20:00:00
69617.5,69692.7,69532.0,69585.0,83317.0,833.17,57999373.2094,1,2024-06-10 21:00:00
69585.0,69603.3,69416.9,69498.2,97765.0,977.65,67926967.6439,1,2024-06-10 22:00:00
69498.1,69570.2,69396.0,69539.1,113821.8,1138.218,79089648.7512,1,2024-06-10 23:00:00
69539.1,69585.3,69400.1,69416.2,142629.1,1426.291,99105078.9206,1,2024-06-11 00:00:00
69416.1,69538.4,68461.3,68723.6,784859.9,7848.599,540899273.4123,1,2024-06-11 01:00:00
68723.6,68925.0,67878.3,68257.5,1274156.1,12741.561,869446363.9392,1,2024-06-11 02:00:00
68257.6,68499.9,68166.0,68466.4,389837.6,3898.376,266458130.6691,1,2024-06-11 03:00:00
68466.3,68466.3,67610.1,68032.7,835921.4,8359.214,568318770.1583,1,2024-06-11 04:00:00
68032.7,68072.0,67666.7,67912.0,344316.5,3443.165,233678299.6834,1,2024-06-11 05:00:00
67911.9,67988.1,67289.7,67699.0,609607.1,6096.071,412277537.3165,1,2024-06-11 06:00:00
67699.0,67835.7,67511.3,67561.0,341519.3,3415.193,231223574.5605,1,2024-06-11 07:00:00
67561.0,67646.0,67265.4,67513.8,476504.6,4765.046,321466251.8858,1,2024-06-11 08:00:00
67513.7,67663.4,66845.7,67086.5,774514.7,7745.147,520470219.4441,1,2024-06-11 09:00:00
67086.5,67299.0,66701.0,66969.8,667629.5,6676.295,447514539.84,1,2024-06-11 10:00:00
66969.7,67126.8,66780.0,66903.1,371272.9,3712.729,248522296.1642,1,2024-06-11 11:00:00
66903.0,67189.7,66806.0,67031.8,379417.9,3794.179,254234611.0274,1,2024-06-11 12:00:00
67031.9,67292.1,66500.0,66815.9,891924.2,8919.242,596795109.5153,1,2024-06-11 13:00:00
66815.8,67100.0,66778.5,66845.5,386388.7,3863.887,258655118.8982,1,2024-06-11 14:00:00
66845.5,67074.9,65910.3,66229.4,1491028.1,14910.281,990676332.8087,1,2024-06-11 15:00:00
66229.4,66731.0,66159.0,66480.0,597759.4,5977.594,397729294.4721,1,2024-06-11 16:00:00
66480.0,66806.8,66170.0,66773.2,360476.7,3604.767,239682532.9458,1,2024-06-11 17:00:00
66773.2,67228.0,66652.1,67116.0,510130.0,5101.3,341827976.1228,1,2024-06-11 18:00:00
67116.0,67577.4,67063.8,67397.6,398071.8,3980.718,267999006.5704,1,2024-06-11 19:00:00
67397.6,67489.0,67166.3,67291.8,209235.1,2092.351,140858492.3454,1,2024-06-11 20:00:00
67291.8,67384.6,67191.3,67384.6,89078.4,890.784,59945500.5201,1,2024-06-11 21:00:00
67384.6,67564.0,67304.1,67356.6,132534.6,1325.346,89362796.5441,1,2024-06-11 22:00:00
67356.6,67584.9,67294.6,67309.4,180080.7,1800.807,121447254.6818,1,2024-06-11 23:00:00
67309.3,67426.4,67172.6,67189.6,146388.1,1463.881,98467478.9981,1,2024-06-12 00:00:00
67189.6,67243.5,66890.0,67174.0,285224.2,2852.242,191192030.7786,1,2024-06-12 01:00:00
67174.0,67600.0,67118.7,67403.7,371824.0,3718.24,250695230.4873,1,2024-06-12 02:00:00
67403.8,67483.6,67315.0,67412.1,108963.5,1089.635,73454625.3984,1,2024-06-12 03:00:00
67412.2,67600.0,67390.2,67481.6,233174.7,2331.747,157439106.47,1,2024-06-12 04:00:00
67481.6,67506.3,67201.0,67259.0,217589.2,2175.892,146525801.5105,1,2024-06-12 05:00:00
67259.0,67396.9,67259.0,67283.4,129166.6,1291.666,86978339.3721,1,2024-06-12 06:00:00
67283.4,67493.4,67250.0,67451.5,134475.6,1344.756,90608872.6969,1,2024-06-12 07:00:00
67451.4,67544.0,67369.3,67398.6,135320.4,1353.204,91290293.5368,1,2024-06-12 08:00:00
67398.7,67796.9,67352.0,67736.4,325441.6,3254.416,220015382.0645,1,2024-06-12 09:00:00
67736.5,68068.1,67736.4,67996.5,521899.6,5218.996,354461719.7222,1,2024-06-12 10:00:00
67996.5,68018.0,67721.0,67790.0,230961.6,2309.616,156692810.3864,1,2024-06-12 11:00:00
67789.9,69503.3,67741.6,69328.0,2221867.7,22218.677,1532222313.4371,1,2024-06-12 12:00:00
69328.0,69675.6,69088.9,69335.2,958015.6,9580.156,664555682.2181,1,2024-06-12 13:00:00
69335.2,69985.0,69300.0,69958.9,963990.2,9639.902,672403392.9252,1,2024-06-12 14:00:00
69958.9,70027.8,69558.8,69740.5,526055.7,5260.557,367139174.434,1,2024-06-12 15:00:00
69740.6,69800.0,69301.4,69625.5,440122.0,4401.22,306018407.3406,1,2024-06-12 16:00:00
69625.4,69890.4,69500.0,69807.4,299920.7,2999.207,209035838.5056,1,2024-06-12 17:00:00
69807.4,69816.7,68580.0,68825.9,2080582.1,20805.821,1438168768.5398,1,2024-06-12 18:00:00
68825.8,69222.0,67250.0,67541.6,1755542.5,17555.425,1196469229.2762,1,2024-06-12 19:00:00
67541.7,68296.0,67423.9,68095.5,629169.4,6291.694,426929323.9659,1,2024-06-12 20:00:00
68095.6,68677.5,68091.3,68526.7,264565.3,2645.653,180986697.4575,1,2024-06-12 21:00:00
68526.6,68535.7,68268.3,68348.9,159588.5,1595.885,109117970.1363,1,2024-06-12 22:00:00
68347.9,68347.9,68130.7,68273.7,126436.3,1264.363,86268415.7151,1,2024-06-12 23:00:00
68273.7,68398.0,68003.0,68326.6,231461.6,2314.616,157857424.7776,1,2024-06-13 00:00:00
68326.6,68364.0,67916.3,67994.6,184507.3,1845.073,125664646.8717,1,2024-06-13 01:00:00
67994.6,68186.5,67675.5,67740.1,426973.2,4269.732,289950686.7709,1,2024-06-13 02:00:00
67740.0,67850.0,66958.3,67466.2,902873.6,9028.736,608118886.0237,1,2024-06-13 03:00:00
67466.2,67706.7,67325.0,67325.1,314258.9,3142.589,212295746.0239,1,2024-06-13 04:00:00
67325.1,67678.0,67324.8,67594.1,175637.7,1756.377,118635984.3845,1,2024-06-13 05:00:00
67594.0,67610.0,67305.0,67509.5,202088.5,2020.885,136310289.5311,1,2024-06-13 06:00:00
67509.4,67735.0,67400.0,67734.8,195365.0,1953.65,132100981.4077,1,2024-06-13 07:00:00
67734.8,67768.4,67520.0,67583.9,171908.2,1719.082,116277199.4048,1,2024-06-13 08:00:00
67583.9,67585.8,67172.4,67412.6,366024.9,3660.249,246583679.7807,1,2024-06-13 09:00:00
67412.6,67987.0,67228.8,67824.0,424167.4,4241.674,286880562.5769,1,2024-06-13 10:00:00
67824.1,67949.6,67635.4,67735.1,319477.2,3194.772,216645316.292,1,2024-06-13 11:00:00
67735.2,68493.0,67450.8,67760.5,1206955.0,12069.55,820127550.2045,1,2024-06-13 12:00:00
67760.5,68268.0,67523.2,67606.4,693656.5,6936.565,471097575.3055,1,2024-06-13 13:00:00
67606.3,67758.6,67150.9,67364.1,915366.8,9153.668,617675418.3497,1,2024-06-13 14:00:00
67361.9,67548.6,66302.2,66470.1,1337707.6,13377.076,893593022.8835,1,2024-06-13 15:00:00
66470.2,67030.0,66262.8,66980.2,803125.6,8031.256,535360480.5228,1,2024-06-13 16:00:00
66980.3,67083.0,66633.6,66929.3,409434.9,4094.349,273775655.3249,1,2024-06-13 17:00:00
66929.4,66988.0,66691.8,66863.1,165930.2,1659.302,110938491.1858,1,2024-06-13 18:00:00
66863.1,66889.0,66600.7,66616.8,187308.2,1873.082,125001953.6686,1,2024-06-13 19:00:00
66616.9,66815.1,66523.2,66717.7,168169.1,1681.691,112108858.5889,1,2024-06-13 20:00:00
66717.7,66981.8,66691.8,66974.2,119900.1,1199.001,80115311.9352,1,2024-06-13 21:00:00
66974.1,66988.0,66837.2,66887.3,96005.3,960.053,64248248.7855,1,2024-06-13 22:00:00
66887.3,66909.1,66676.9,66772.7,127480.6,1274.806,85147339.5869,1,2024-06-13 23:00:00
66772.7,66898.7,66596.0,66714.7,174299.2,1742.992,116318138.755,1,2024-06-14 00:00:00
66714.7,66829.9,66474.6,66798.9,230452.2,2304.522,153593802.6144,1,2024-06-14 01:00:00
66798.8,67044.0,66719.2,66953.9,249860.6,2498.606,167085628.7361,1,2024-06-14 02:00:00
66953.8,66990.5,66685.0,66756.0,159527.1,1595.271,106566603.7138,1,2024-06-14 03:00:00
66756.0,66846.2,66722.9,66730.0,68453.2,684.532,45714961.4526,1,2024-06-14 04:00:00
66730.0,67220.1,66720.0,67057.1,402702.5,4027.025,269965733.8731,1,2024-06-14 05:00:00
67057.0,67130.6,66883.0,66961.0,223407.2,2234.072,149671477.1798,1,2024-06-14 06:00:00
66961.1,67102.9,66900.0,66915.8,151333.5,1513.335,101385477.274,1,2024-06-14 07:00:00
66915.8,67295.6,66861.0,67144.5,341335.7,3413.357,229154330.4644,1,2024-06-14 08:00:00
67144.6,67150.2,66900.0,66913.6,298688.1,2986.881,200180912.8444,1,2024-06-14 09:00:00
66913.6,67027.9,66826.1,66874.8,161402.5,1614.025,107988295.6632,1,2024-06-14 10:00:00
66874.2,67100.0,66769.2,67032.2,197100.7,1971.007,131981422.1647,1,2024-06-14 11:00:00
67032.2,67299.9,66974.2,67088.1,296523.3,2965.233,199128853.1833,1,2024-06-14 12:00:00
67088.0,67377.4,66956.0,67073.3,317788.2,3177.882,213590962.4707,1,2024-06-14 13:00:00
67075.1,67122.0,66566.7,66985.0,734737.4,7347.374,490970654.5191,1,2024-06-14 14:00:00
66985.0,67062.0,66326.5,66392.6,656990.0,6569.9,437759884.2711,1,2024-06-14 15:00:00
66392.7,66533.3,65173.3,65282.2,2453829.2,24538.292,1612586343.7817,1,2024-06-14 16:00:00
65282.2,65756.0,65066.0,65403.0,680931.8,6809.318,445250737.0836,1,2024-06-14 17:00:00
65403.0,65539.5,65094.3,65520.0,460857.7,4608.577,300769467.6783,1,2024-06-14 18:00:00
65519.9,65698.4,65300.0,65522.5,260881.5,2608.815,170893547.4816,1,2024-06-14 19:00:00
65522.6,65973.9,65479.7,65769.0,301903.3,3019.033,198518864.9049,1,2024-06-14 20:00:00
65769.0,66656.6,65729.7,66194.5,591253.8,5912.538,391729118.3854,1,2024-06-14 21:00:00
66194.6,66251.8,65872.3,66017.0,262928.4,2629.284,173566653.8727,1,2024-06-14 22:00:00
66017.1,66084.5,65920.0,66042.9,91199.3,911.993,60190119.5672,1,2024-06-14 23:00:00
66042.9,66308.9,65988.0,66186.3,241057.2,2410.572,159521406.1404,1,2024-06-15 00:00:00
66186.3,66300.1,66066.0,66081.7,106664.0,1066.64,70561774.5662,1,2024-06-15 01:00:00
66081.8,66256.7,66045.0,66212.5,113034.5,1130.345,74795262.3437,1,2024-06-15 02:00:00
66212.4,66275.9,66186.1,66272.1,74624.1,746.241,49431255.6361,1,2024-06-15 03:00:00
66272.1,66376.6,66199.9,66239.7,197462.5,1974.625,130879603.7452,1,2024-06-15 04:00:00
66239.8,66394.5,66213.1,66229.9,124851.4,1248.514,82770213.4704,1,2024-06-15 05:00:00
66230.0,66422.3,66136.9,66173.4,226687.0,2266.87,150221955.6579,1,2024-06-15 06:00:00
66173.4,66213.1,66075.0,66081.9,129372.9,1293.729,85558197.2053,1,2024-06-15 07:00:00
66082.0,66208.0,66081.9,66207.9,111801.3,1118.013,73970568.851,1,2024-06-15 08:00:00
66208.0,66283.4,66104.8,66230.8,118424.1,1184.241,78405531.966,1,2024-06-15 09:00:00
66230.7,66308.0,66193.1,66293.6,72486.5,724.865,48030627.3589,1,2024-06-15 10:00:00
66293.6,66339.0,66255.0,66323.5,88723.7,887.237,58828672.6664,1,2024-06-15 11:00:00
66323.5,66370.5,66215.5,66358.3,131068.1,1310.681,86911830.2511,1,2024-06-15 12:00:00
66358.3,66365.2,66237.5,66315.7,75811.7,758.117,50263114.2171,1,2024-06-15 13:00:00
66315.6,66315.7,66170.2,66232.1,90679.4,906.794,60055308.1284,1,2024-06-15 14:00:00
66232.0,66494.8,66220.7,66327.1,186386.3,1863.863,123686930.457,1,2024-06-15 15:00:00
66327.3,66378.2,66182.2,66190.2,115228.0,1152.28,76352514.3425,1,2024-06-15 16:00:00
66190.2,66317.6,66133.4,66255.0,85372.8,853.728,56540157.7115,1,2024-06-15 17:00:00
66255.0,66255.0,66145.0,66147.1,60979.2,609.792,40354132.6376,1,2024-06-15 18:00:00
66147.0,66222.5,66075.0,66163.2,67035.0,670.35,44336612.7017,1,2024-06-15 19:00:00
66163.2,66178.2,65860.1,66043.6,219168.1,2191.681,144679584.2767,1,2024-06-15 20:00:00
66043.6,66158.5,66043.6,66124.3,50948.0,509.48,33685991.0586,1,2024-06-15 21:00:00
66124.4,66209.8,66040.6,66209.8,67966.3,679.663,44935536.5528,1,2024-06-15 22:00:00
66209.7,66287.1,66195.3,66216.3,87323.9,873.239,57843865.3627,1,2024-06-15 23:00:00
66216.4,66274.1,66150.0,66159.6,82032.2,820.322,54315955.8675,1,2024-06-16 00:00:00
66159.7,66214.9,66085.0,66180.7,80248.6,802.486,53073632.0403,1,2024-06-16 01:00:00
66180.7,66180.8,66103.1,66131.3,45248.8,452.488,29928888.8603,1,2024-06-16 02:00:00
66131.3,66163.7,66060.8,66136.4,58410.8,584.108,38617671.5994,1,2024-06-16 03:00:00
66136.4,66215.0,66035.1,66161.0,102391.4,1023.914,67714096.6897,1,2024-06-16 04:00:00
66161.1,66266.0,66160.0,66266.0,86801.3,868.013,57470723.0854,1,2024-06-16 05:00:00
66265.9,66359.9,66169.9,66311.0,123209.1,1232.091,81660748.5886,1,2024-06-16 06:00:00
66311.0,66354.5,66260.0,66273.9,78947.6,789.476,52339875.0342,1,2024-06-16 07:00:00
66273.9,66345.1,66231.0,66268.2,85835.8,858.358,56901412.1793,1,2024-06-16 08:00:00
66268.3,66421.6,66190.0,66404.6,130758.0,1307.58,86737257.4197,1,2024-06-16 09:00:00
66404.6,66769.8,66360.0,66704.3,390993.1,3909.931,260291823.7702,1,2024-06-16 10:00:00
66704.3,66727.5,66430.9,66484.3,180275.9,1802.759,120016582.5265,1,2024-06-16 11:00:00
66484.4,66640.0,66467.7,66593.5,135110.8,1351.108,89927887.967,1,2024-06-16 12:00:00
66593.5,66753.2,66556.3,66753.1,215402.1,2154.021,143592983.7128,1,2024-06-16 13:00:00
66753.1,66783.8,66501.7,66515.9,215128.7,2151.287,143389808.6659,1,2024-06-16 14:00:00
66515.9,66728.0,66507.8,66704.2,115331.0,1153.31,76849040.983,1,2024-06-16 15:00:00
66704.1,66746.7,66554.0,66586.2,129760.0,1297.6,86459868.0268,1,2024-06-16 16:00:00
66586.2,66671.2,66520.0,66582.5,91371.7,913.717,60827678.9993,1,2024-06-16 17:00:00
66582.4,66665.9,66561.9,66599.3,46258.0,462.58,30813373.1834,1,2024-06-16 18:00:00
66599.4,66653.7,66520.1,66566.1,37895.6,378.956,25228606.9709,1,2024-06-16 19:00:00
66566.2,66613.6,66457.6,66520.4,61329.3,613.293,40804047.4889,1,2024-06-16 20:00:00
66520.3,66553.0,66463.6,66535.0,57756.1,577.561,38416630.1311,1,2024-06-16 21:00:00
66535.0,66988.0,66535.0,66749.3,452751.1,4527.511,302444004.6621,1,2024-06-16 22:00:00
66749.4,66830.1,66619.8,66682.1,109207.2,1092.072,72843338.4009,1,2024-06-16 23:00:00
66682.0,66927.8,66540.4,66586.2,257612.8,2576.128,171830447.6854,1,2024-06-17 00:00:00
66586.2,66620.0,66270.0,66464.0,374764.7,3747.647,248886918.701,1,2024-06-17 01:00:00
66463.0,66473.8,66200.2,66346.9,241957.2,2419.572,160490107.3985,1,2024-06-17 02:00:00
66346.8,66440.3,66125.8,66230.2,236493.1,2364.931,156776967.9841,1,2024-06-17 03:00:00
66230.1,66449.3,66167.8,66449.3,204408.0,2044.08,135540805.7478,1,2024-06-17 04:00:00
66449.2,66559.6,66300.0,66359.0,217268.1,2172.681,144348453.8773,1,2024-06-17 05:00:00
66359.0,66400.0,66100.0,66147.9,362410.4,3624.104,240006309.1545,1,2024-06-17 06:00:00
66147.9,66383.6,65944.1,66185.9,409391.0,4093.91,270828585.3739,1,2024-06-17 07:00:00
66185.9,66326.3,65992.4,66197.8,245916.4,2459.164,162715457.1707,1,2024-06-17 08:00:00
66197.9,66250.0,65653.7,65731.0,493008.1,4930.081,324901779.6397,1,2024-06-17 09:00:00
65731.0,65957.9,65570.9,65888.4,556262.2,5562.622,365763323.1139,1,2024-06-17 10:00:00
65888.4,66059.8,65801.2,65822.1,207321.6,2073.216,136656483.7578,1,2024-06-17 11:00:00
65822.1,65845.5,65503.2,65638.6,363268.5,3632.685,238520854.6879,1,2024-06-17 12:00:00
65638.6,65825.5,65180.0,65207.1,964002.6,9640.026,631097182.2927,1,2024-06-17 13:00:00
65207.1,65794.3,65126.1,65470.0,671437.7,6714.377,439711332.8684,1,2024-06-17 14:00:00
65470.0,65741.6,65260.0,65365.3,483852.5,4838.525,316829048.5255,1,2024-06-17 15:00:00
65365.2,66059.0,65140.5,65896.1,879966.4,8799.664,577633259.7799,1,2024-06-17 16:00:00
65896.1,66617.8,65896.0,66601.9,682244.8,6822.448,452175722.2241,1,2024-06-17 17:00:00
66602.0,67320.0,66543.3,67087.0,1345995.9,13459.959,900743428.1363,1,2024-06-17 18:00:00
67087.1,67099.8,66560.0,66683.9,449946.1,4499.461,300581935.693,1,2024-06-17 19:00:00
66684.0,66765.1,66171.3,66400.6,532566.8,5325.668,353728101.5321,1,2024-06-17 20:00:00
66401.0,66734.0,66310.1,66575.3,201605.6,2016.056,134181486.8892,1,2024-06-17 21:00:00
66575.3,66710.0,66498.0,66658.4,197203.5,1972.035,131346198.1195,1,2024-06-17 22:00:00
66658.3,66719.0,66374.4,66484.1,256029.4,2560.294,170304018.8404,1,2024-06-17 23:00:00
66484.1,66591.4,65471.5,65744.6,784460.3,7844.603,517308178.1795,1,2024-06-18 00:00:00
65744.7,65958.0,64556.7,65140.1,1957003.9,19570.039,1274605769.9149,1,2024-06-18 01:00:00
65140.0,65650.0,64523.1,65467.3,1017684.8,10176.848,662491725.6767,1,2024-06-18 02:00:00
65467.2,65585.7,65264.0,65493.9,410962.5,4109.625,268934140.1073,1,2024-06-18 03:00:00
65493.9,65753.6,65343.4,65571.5,375380.4,3753.804,246337226.2377,1,2024-06-18 04:00:00
65571.6,65842.0,65550.0,65596.0,487894.3,4878.943,320521416.4965,1,2024-06-18 05:00:00
65596.0,65730.0,65400.7,65511.1,474727.6,4747.276,311184146.3671,1,2024-06-18 06:00:00
65511.1,65802.0,65490.1,65681.9,254497.9,2544.979,167060980.8512,1,2024-06-18 07:00:00
65681.8,65761.0,65595.3,65738.0,114352.3,1143.523,75118645.4245,1,2024-06-18 08:00:00
65737.9,65738.0,65456.7,65483.9,192445.8,1924.458,126242559.9771,1,2024-06-18 09:00:00
65483.9,65611.4,65355.0,65440.9,238085.0,2380.85,155842246.966,1,2024-06-18 10:00:00
65438.6,65498.6,65116.0,65371.4,538268.3,5382.683,351410754.4084,1,2024-06-18 11:00:00
65371.4,65442.0,65011.3,65232.0,687938.1,6879.381,448264337.0014,1,2024-06-18 12:00:00
65232.0,65267.1,64650.0,64844.3,1367353.3,13673.533,887316520.8911,1,2024-06-18 13:00:00
64844.3,65400.0,64158.0,64634.0,1862647.2,18626.472,1207699205.0008,1,2024-06-18 14:00:00
64634.0,64923.1,64200.0,64698.7,1103694.2,11036.942,712590062.2783,1,2024-06-18 15:00:00
64699.8,64858.4,64328.0,64696.2,488797.6,4887.976,315477594.4675,1,2024-06-18 16:00:00
64696.1,64900.0,64400.0,64605.7,408044.5,4080.445,263943382.3967,1,2024-06-18 17:00:00
64606.9,64866.0,64308.0,64672.1,326012.1,3260.121,210708950.0509,1,2024-06-18 18:00:00
64672.0,64733.4,64022.0,64420.2,682695.6,6826.956,439227449.8985,1,2024-06-18 19:00:00
64420.2,65058.0,64180.0,64927.4,483170.0,4831.7,312429252.7765,1,2024-06-18 20:00:00
64926.2,65310.3,64787.5,65216.3,397748.3,3977.483,258941285.9563,1,2024-06-18 21:00:00
65216.4,65306.2,65057.1,65280.0,198288.9,1982.889,129288249.3464,1,2024-06-18 22:00:00
65280.1,65284.8,65066.1,65178.1,268179.3,2681.793,174724783.6464,1,2024-06-18 23:00:00
65178.1,65239.7,64860.8,65132.6,497389.4,4973.894,323502885.96,1,2024-06-19 00:00:00
65132.6,65521.7,64800.1,65037.8,840182.7,8401.827,547793673.7766,1,2024-06-19 01:00:00
65037.9,65493.5,65011.0,65331.5,316920.5,3169.205,206897722.3249,1,2024-06-19 02:00:00
65331.4,65606.0,65274.1,65408.5,318013.0,3180.13,208150435.9821,1,2024-06-19 03:00:00
65408.6,65729.2,65350.0,65448.5,393697.7,3936.977,258075031.0906,1,2024-06-19 04:00:00
65448.4,65567.5,65330.0,65420.1,156783.1,1567.831,102605826.5511,1,2024-06-19 05:00:00
65420.1,65597.7,65392.2,65597.5,217961.6,2179.616,142769502.416,1,2024-06-19 06:00:00
65597.5,65657.3,65156.0,65334.8,294597.5,2945.975,192599225.9104,1,2024-06-19 07:00:00
65334.8,65361.9,65101.6,65198.0,325227.8,3252.278,212078168.3224,1,2024-06-19 08:00:00
65198.0,65317.8,65082.4,65308.0,194669.3,1946.693,126910972.9862,1,2024-06-19 09:00:00
65307.9,65534.8,65140.2,65534.7,258744.6,2587.446,169028055.3736,1,2024-06-19 10:00:00
65534.8,65550.0,65017.5,65217.5,435877.8,4358.778,284358933.8994,1,2024-06-19 11:00:00
65217.6,65315.9,65031.7,65193.1,272512.7,2725.127,177555280.0198,1,2024-06-19 12:00:00
65193.0,65248.0,65051.0,65081.5,180420.3,1804.203,117537719.3091,1,2024-06-19 13:00:00
65081.6,65150.2,64826.9,64948.0,434143.7,4341.437,282023171.6479,1,2024-06-19 14:00:00
64948.1,65127.3,64763.1,64934.9,292221.4,2922.214,189702516.76,1,2024-06-19 15:00:00
64934.8,65100.0,64814.7,64932.7,204441.8,2044.418,132824825.1602,1,2024-06-19 16:00:00
64932.6,65286.9,64900.0,65095.0,294435.0,2944.35,191734315.4288,1,2024-06-19 17:00:00
65095.0,65170.2,64952.6,64973.5,129120.7,1291.207,84010170.0816,1,2024-06-19 18:00:00
64973.5,64996.9,64802.7,64888.6,151465.7,1514.657,98277013.5104,1,2024-06-19 19:00:00
64888.7,64935.0,64616.2,64887.5,251098.8,2510.988,162677900.6371,1,2024-06-19 20:00:00
64887.5,65098.2,64841.1,65016.0,134025.6,1340.256,87111854.6351,1,2024-06-19 21:00:00
65015.9,65061.5,64825.5,64829.6,116401.9,1164.019,75605637.2867,1,2024-06-19 22:00:00
64829.7,65005.0,64793.5,64970.1,119411.0,1194.11,77479366.5525,1,2024-06-19 23:00:00
64970.0,65116.5,64840.9,65105.0,216921.1,2169.211,140942734.4793,1,2024-06-20 00:00:00
65108.1,65423.3,65040.0,65169.7,424080.0,4240.8,276513661.701,1,2024-06-20 01:00:00
65169.8,65242.8,64976.0,65210.0,254681.8,2546.818,165879461.5848,1,2024-06-20 02:00:00
65209.9,65255.0,65101.0,65200.1,91301.7,913.017,59519932.1195,1,2024-06-20 03:00:00
65200.2,65342.9,65089.4,65305.6,194405.8,1944.058,126786277.0202,1,2024-06-20 04:00:00
65305.6,65623.2,65239.4,65517.9,400988.9,4009.889,262301888.8881,1,2024-06-20 05:00:00
65517.9,65644.0,65387.0,65475.0,318719.2,3187.192,208881359.9902,1,2024-06-20 06:00:00
65475.0,65988.0,65474.9,65857.8,664622.9,6646.229,437506235.1656,1,2024-06-20 07:00:00
65857.9,65913.3,65591.1,65684.9,302710.9,3027.109,198982744.3831,1,2024-06-20 08:00:00
65684.9,65747.2,65571.8,65716.0,226163.3,2261.633,148512501.3032,1,2024-06-20 09:00:00
65716.0,66342.8,65642.0,66207.6,494772.4,4947.724,326719372.0397,1,2024-06-20 10:00:00
66207.6,66485.0,66100.0,66171.9,716926.9,7169.269,475339905.1673,1,2024-06-20 11:00:00
66171.9,66300.0,65866.0,65989.0,596325.4,5963.254,393913372.4469,1,2024-06-20 12:00:00
65988.9,66007.3,65150.2,65160.0,1256679.6,12566.796,822606400.7992,1,2024-06-20 13:00:00
65160.0,65212.0,64660.0,64971.3,1132774.4,11327.744,735427134.2773,1,2024-06-20 14:00:00
64971.3,65149.9,64800.0,64828.6,454347.1,4543.471,295064321.1108,1,2024-06-20 15:00:00
64828.7,64968.8,64550.8,64895.7,720883.0,7208.83,466684711.3636,1,2024-06-20 16:00:00
64896.0,65033.8,64686.9,64981.9,334934.9,3349.349,217102798.9767,1,2024-06-20 17:00:00
64981.9,65233.0,64933.4,65120.7,305782.4,3057.824,199078106.1265,1,2024-06-20 18:00:00
65120.7,65125.5,64841.6,65067.3,232542.3,2325.423,151162823.2591,1,2024-06-20 19:00:00
65067.5,65192.1,65000.3,65115.1,145580.6,1455.806,94763204.6391,1,2024-06-20 20:00:00
65115.1,65200.0,65035.0,65050.1,84735.4,847.354,55173381.6661,1,2024-06-20 21:00:00
65050.0,65168.0,64973.0,65004.0,90534.1,905.341,58904187.2899,1,2024-06-20 22:00:00
65004.0,65071.9,64868.7,64887.9,118186.4,1181.864,76790478.7434,1,2024-06-20 23:00:00
64888.0,64951.9,64637.8,64840.1,346258.7,3462.587,224413120.6174,1,2024-06-21 00:00:00
64840.1,65030.0,64656.3,64987.9,251692.7,2516.927,163259562.8801,1,2024-06-21 01:00:00
64987.9,65083.0,64732.7,64800.6,251745.0,2517.45,163370325.6105,1,2024-06-21 02:00:00
64800.7,64842.0,64342.0,64502.6,473160.5,4731.605,305812669.6682,1,2024-06-21 03:00:00
64502.6,64679.5,64305.0,64674.5,451395.9,4513.959,291305684.5001,1,2024-06-21 04:00:00
64674.5,64688.9,64507.5,64668.0,195453.0,1954.53,126259586.6686,1,2024-06-21 05:00:00
64667.9,64748.9,64555.4,64626.6,137189.5,1371.895,88690328.759,1,2024-06-21 06:00:00
64626.7,64736.2,64188.0,64208.6,439633.2,4396.332,283200786.3084,1,2024-06-21 07:00:00
64208.7,64374.3,63512.1,63638.5,1394586.6,13945.866,891535434.4315,1,2024-06-21 08:00:00
63638.5,64305.0,63555.0,64097.5,804666.3,8046.663,514182847.7715,1,2024-06-21 09:00:00
64097.6,64175.1,63801.3,63900.9,307033.9,3070.339,196441909.2887,1,2024-06-21 10:00:00
63900.9,64065.8,63674.0,63774.7,354237.2,3542.372,226164882.5196,1,2024-06-21 11:00:00
63774.6,63941.9,63512.0,63828.0,460955.2,4609.552,293662664.0469,1,2024-06-21 12:00:00
63828.1,63903.0,63360.0,63626.6,864770.9,8647.709,550346310.2647,1,2024-06-21 13:00:00
63626.6,64365.0,63460.0,64224.8,878523.0,8785.23,562655372.7338,1,2024-06-21 14:00:00
64224.7,64347.1,63434.0,63726.7,764352.2,7643.522,487559368.7738,1,2024-06-21 15:00:00
63726.6,63838.0,63555.4,63653.9,322946.8,3229.468,205748697.4843,1,2024-06-21 16:00:00
63653.8,63894.7,63458.8,63659.9,370977.7,3709.777,236169545.8414,1,2024-06-21 17:00:00
63660.0,64183.4,63628.4,64162.1,344432.3,3444.323,220277970.8825,1,2024-06-21 18:00:00
64162.0,64268.0,63927.8,64230.0,308838.4,3088.384,198008491.8899,1,2024-06-21 19:00:00
64230.0,64478.2,64110.8,64207.9,326064.1,3260.641,209639374.3517,1,2024-06-21 20:00:00
64208.0,64215.7,63841.0,64081.9,164273.8,1642.738,105170971.254,1,2024-06-21 21:00:00
64082.0,64208.4,64082.0,64163.4,78322.2,783.222,50251445.8225,1,2024-06-21 22:00:00
64163.3,64234.4,64067.2,64152.4,133195.5,1331.955,85421279.5974,1,2024-06-21 23:00:00
64152.5,64188.0,63932.0,64059.8,144106.6,1441.066,92312513.4754,1,2024-06-22 00:00:00
64059.8,64222.2,64048.6,64150.1,81884.5,818.845,52529578.6786,1,2024-06-22 01:00:00
64150.0,64343.9,64150.0,64296.4,176169.7,1761.697,113234594.5947,1,2024-06-22 02:00:00
64296.3,64324.6,64260.0,64318.5,93742.9,937.429,60275820.2289,1,2024-06-22 03:00:00
64318.5,64367.5,64240.8,64351.1,107891.4,1078.914,69369493.8401,1,2024-06-22 04:00:00
64351.1,64421.8,64244.0,64415.0,167784.7,1677.847,107971906.6324,1,2024-06-22 05:00:00
64415.0,64520.0,64354.5,64423.7,219463.0,2194.63,141410523.9703,1,2024-06-22 06:00:00
64423.7,64539.8,64309.9,64521.6,270499.5,2704.995,174259759.6601,1,2024-06-22 07:00:00
64521.5,64533.4,64273.9,64292.8,273849.7,2738.497,176315862.3308,1,2024-06-22 08:00:00
64292.9,64344.2,64200.0,64330.3,275103.6,2751.036,176853156.8112,1,2024-06-22 09:00:00
64330.4,64383.0,64273.4,64321.8,102558.4,1025.584,65965772.5401,1,2024-06-22 10:00:00
64321.8,64331.2,64250.0,64281.5,74571.8,745.718,47940830.481,1,2024-06-22 11:00:00
64281.6,64345.0,64269.3,64298.5,68935.6,689.356,44332532.9098,1,2024-06-22 12:00:00
64298.5,64310.2,64255.2,64283.3,57645.0,576.45,37058143.8453,1,2024-06-22 13:00:00
64283.2,64400.0,64260.0,64283.9,107171.9,1071.719,68940171.0229,1,2024-06-22 14:00:00
64284.0,64314.5,64250.0,64308.5,88567.8,885.678,56931944.4446,1,2024-06-22 15:00:00
64308.5,64363.2,64262.8,64320.1,70981.0,709.81,45650519.4458,1,2024-06-22 16:00:00
64320.0,64361.9,64250.0,64255.1,80305.5,803.055,51630302.0007,1,2024-06-22 17:00:00
64255.2,64328.0,64250.0,64268.2,33827.9,338.279,21745128.175,1,2024-06-22 18:00:00
64268.2,64305.1,64223.7,64298.2,53104.1,531.041,34128390.6702,1,2024-06-22 19:00:00
64298.3,64308.4,64250.0,64288.9,52735.1,527.351,33897006.9602,1,2024-06-22 20:00:00
64288.9,64340.2,64272.2,64319.9,48579.1,485.791,31238276.2755,1,2024-06-22 21:00:00
64319.9,64327.3,64269.6,64316.9,22299.4,222.994,14338384.564,1,2024-06-22 22:00:00
64317.0,64331.3,64253.8,64266.3,66370.1,663.701,42670928.3908,1,2024-06-22 23:00:00
64266.3,64529.6,64266.3,64484.6,193496.2,1934.962,124676246.3904,1,2024-06-23 00:00:00
64484.6,64523.0,64316.1,64471.6,137297.5,1372.975,88468035.6161,1,2024-06-23 01:00:00
64471.7,64516.1,64368.2,64516.1,69101.2,691.012,44526025.0821,1,2024-06-23 02:00:00
64516.3,64518.0,64416.8,64419.7,80952.1,809.521,52190307.3334,1,2024-06-23 03:00:00
64419.7,64450.7,64378.8,64381.6,91894.6,918.946,59188339.0775,1,2024-06-23 04:00:00
64381.6,64429.3,64350.0,64378.9,44885.4,448.854,28895392.7217,1,2024-06-23 05:00:00
64378.9,64424.4,64378.0,64382.5,36223.6,362.236,23325361.5456,1,2024-06-23 06:00:00
64382.5,64437.0,64377.0,64416.1,43504.9,435.049,28020041.0326,1,2024-06-23 07:00:00
64416.1,64437.3,64374.9,64383.4,30892.0,308.92,19892371.4687,1,2024-06-23 08:00:00
64383.4,64424.0,64383.3,64409.9,53869.1,538.691,34698782.9239,1,2024-06-23 09:00:00
64409.9,64410.0,64288.0,64308.1,116136.7,1161.367,74730191.1189,1,2024-06-23 10:00:00
64308.1,64346.7,64251.3,64346.7,104132.1,1041.321,66956951.9651,1,2024-06-23 11:00:00
64346.7,64382.0,64318.5,64382.0,40583.5,405.835,26117393.8826,1,2024-06-23 12:00:00
64381.9,64439.1,64265.0,64312.3,93756.6,937.566,60319580.4551,1,2024-06-23 13:00:00
64312.4,64327.8,64156.4,64203.9,192766.8,1927.668,123825972.3953,1,2024-06-23 14:00:00
64204.0,64220.0,64070.1,64103.5,210628.0,2106.28,135100972.9555,1,2024-06-23 15:00:00
64103.5,64193.7,63925.0,63939.2,217486.6,2174.866,139295457.9763,1,2024-06-23 16:00:00
63939.3,64195.0,63931.1,64130.1,184733.2,1847.332,118394871.0234,1,2024-06-23 17:00:00
64130.1,64168.2,64077.1,64123.4,61389.9,613.899,39360250.0998,1,2024-06-23 18:00:00
64123.5,64196.4,64095.5,64155.0,57688.3,576.883,37005687.2563,1,2024-06-23 19:00:00
64155.0,64165.2,63597.9,63748.2,348832.5,3488.325,222557691.1047,1,2024-06-23 20:00:00
63748.2,63857.1,63531.0,63838.9,231546.5,2315.465,147499027.5012,1,2024-06-23 21:00:00
63838.8,63838.9,63631.1,63661.4,128235.1,1282.351,81699367.9675,1,2024-06-23 22:00:00
63661.3,63701.9,63160.8,63203.8,575098.7,5750.987,364493521.5272,1,2024-06-23 23:00:00
63203.8,63328.9,62903.3,63080.0,822947.1,8229.471,519368065.4451,1,2024-06-24 00:00:00
63080.0,63342.0,62921.3,63310.7,471571.9,4715.719,297618579.127,1,2024-06-24 01:00:00
63310.7,63370.7,62666.8,62876.9,580570.4,5805.704,365497780.534,1,2024-06-24 02:00:00
62877.0,63086.0,62762.7,62867.9,328959.2,3289.592,206977348.7268,1,2024-06-24 03:00:00
62868.0,62954.0,62655.0,62840.0,375771.4,3757.714,235960281.0796,1,2024-06-24 04:00:00
62840.1,62887.1,62266.3,62310.8,1002034.5,10020.345,626383534.1425,1,2024-06-24 05:00:00
62310.9,62433.2,62158.4,62395.4,579931.8,5799.318,361381368.1477,1,2024-06-24 06:00:00
62395.5,62587.0,62188.0,62457.1,470240.4,4702.404,293315937.9332,1,2024-06-24 07:00:00
62457.1,62963.2,62327.2,62738.4,714246.9,7142.469,447846139.1907,1,2024-06-24 08:00:00
62738.9,62864.5,60600.0,61394.1,2986997.6,29869.976,1835577255.4099,1,2024-06-24 09:00:00
61394.0,61571.6,61125.1,61178.4,678024.7,6780.247,415917877.222,1,2024-06-24 10:00:00
61178.3,61383.7,60834.1,61282.3,679210.5,6792.105,414877133.7839,1,2024-06-24 11:00:00
61282.0,61495.7,61121.5,61220.0,425179.6,4251.796,260641897.4335,1,2024-06-24 12:00:00
61220.0,61650.0,60937.2,61577.9,727972.2,7279.722,446264094.6246,1,2024-06-24 13:00:00
61577.9,61699.9,61087.6,61297.9,647085.2,6470.852,397109374.7298,1,2024-06-24 14:00:00
61297.9,61365.8,60680.0,60853.1,662980.4,6629.804,404606616.4616,1,2024-06-24 15:00:00
60853.2,61056.1,59919.4,60172.1,1853272.4,18532.724,1120961694.7023,1,2024-06-24 16:00:00
60172.2,60548.2,59788.0,60257.4,1621198.9,16211.989,975619867.8938,1,2024-06-24 17:00:00
60258.2,60486.7,59701.6,60414.2,834992.1,8349.921,502322329.9279,1,2024-06-24 18:00:00
60414.1,60486.0,59051.5,59322.1,1321368.9,13213.689,788478749.2582,1,2024-06-24 19:00:00
59319.6,59677.4,58351.0,59505.3,1933521.3,19335.213,1142284743.3741,1,2024-06-24 20:00:00
59505.3,60123.2,59411.7,60110.1,584240.7,5842.407,349187871.9711,1,2024-06-24 21:00:00
60110.2,60265.4,59969.5,60043.6,325667.3,3256.673,195749086.2165,1,2024-06-24 22:00:00
60043.7,60430.0,59982.5,60280.3,332324.6,3323.246,200278743.8486,1,2024-06-24 23:00:00
60280.2,60645.9,60243.0,60400.0,345451.0,3454.51,208724804.8571,1,2024-06-25 00:00:00
60400.0,60504.6,60270.3,60491.4,182964.4,1829.644,110464453.4368,1,2024-06-25 01:00:00
60491.4,60736.4,60404.0,60674.7,322939.2,3229.392,195647387.5516,1,2024-06-25 02:00:00
60673.2,61589.8,60627.0,61299.9,1126201.4,11262.014,689880609.9114,1,2024-06-25 03:00:00
61300.0,61420.0,61164.2,61374.0,345395.0,3453.95,211707353.6228,1,2024-06-25 04:00:00
61374.1,61417.5,60939.0,61030.1,363482.1,3634.821,222310702.0271,1,2024-06-25 05:00:00
61030.1,61186.8,60966.0,61144.0,250728.3,2507.283,153158230.6962,1,2024-06-25 06:00:00
61143.9,61252.0,60632.9,60693.2,534508.3,5345.083,325391949.4453,1,2024-06-25 07:00:00
60693.3,60921.7,60681.4,60868.6,295905.2,2959.052,179908936.4159,1,2024-06-25 08:00:00
60868.6,61622.4,60839.8,61454.7,697643.4,6976.434,427328494.8192,1,2024-06-25 09:00:00
61454.6,61459.6,61167.1,61308.1,373808.3,3738.083,229173719.0247,1,2024-06-25 10:00:00
61308.1,61502.8,61110.5,61188.2,293800.8,2938.008,180122097.6565,1,2024-06-25 11:00:00
61188.2,61283.6,60957.1,61057.8,311851.2,3118.512,190596593.2062,1,2024-06-25 12:00:00
61058.0,61443.7,61013.6,61199.9,495475.5,4954.755,303203126.16,1,2024-06-25 13:00:00
61200.0,62150.0,61152.1,61771.9,1338135.3,13381.353,826751866.4651,1,2024-06-25 14:00:00
61771.9,61960.0,61328.0,61819.6,780295.5,7802.955,481234540.6513,1,2024-06-25 15:00:00
61819.6,61943.1,61360.0,61390.3,424522.7,4245.227,261577443.6541,1,2024-06-25 16:00:00
61390.2,61788.1,61333.6,61393.0,299481.9,2994.819,184432865.8019,1,2024-06-25 17:00:00
61393.0,62250.0,61134.0,62154.8,966121.7,9661.217,597063897.1925,1,2024-06-25 18:00:00
62154.8,62438.0,61803.3,61979.2,556538.2,5565.382,345587322.632,1,2024-06-25 19:00:00
61977.5,62082.4,61881.7,61918.6,127029.7,1270.297,78738540.831,1,2024-06-25 20:00:00
61918.5,62033.0,61811.0,61921.0,76570.2,765.702,47395575.2235,1,2024-06-25 21:00:00
61921.0,62150.0,61854.1,61902.7,151986.5,1519.865,94299200.4384,1,2024-06-25 22:00:00
61902.7,61937.7,61653.9,61793.8,235087.6,2350.876,145175137.1541,1,2024-06-25 23:00:00
61793.9,61834.0,61628.9,61758.0,148512.3,1485.123,91711231.6141,1,2024-06-26 00:00:00
61758.1,62177.0,61713.3,62077.0,287056.1,2870.561,177942819.6387,1,2024-06-26 01:00:00
62077.1,62491.5,61999.9,62016.5,479489.5,4794.895,298472494.6932,1,2024-06-26 02:00:00
62016.6,62067.9,61840.1,61925.9,239056.8,2390.568,148127175.2993,1,2024-06-26 03:00:00
61925.9,61984.4,61708.0,61708.0,226783.2,2267.832,140128062.5043,1,2024-06-26 04:00:00
61708.0,61812.1,61565.5,61570.3,283038.1,2830.381,174570212.1448,1,2024-06-26 05:00:00
61570.3,61692.0,61530.0,61588.8,169606.8,1696.068,104484431.4996,1,2024-06-26 06:00:00
61588.8,61820.7,61539.6,61732.1,228042.4,2280.424,140661245.0549,1,2024-06-26 07:00:00
61732.1,61763.9,61368.4,61482.4,281686.1,2816.861,173280942.9047,1,2024-06-26 08:00:00
61482.3,61529.2,61313.8,61379.6,209436.8,2094.368,128636775.6237,1,2024-06-26 09:00:00
61379.5,61419.4,61161.6,61272.8,331853.2,3318.532,203329987.0689,1,2024-06-26 10:00:00
61272.8,61570.6,61272.8,61443.5,234515.9,2345.159,144040556.9711,1,2024-06-26 11:00:00
61443.5,61589.9,61330.0,61420.0,199341.6,1993.416,122486951.823,1,2024-06-26 12:00:00
61420.1,61834.7,61370.3,61754.0,403448.5,4034.485,248665072.1544,1,2024-06-26 13:00:00
61754.0,61988.0,61543.0,61721.8,527279.7,5272.797,325777229.0182,1,2024-06-26 14:00:00
61721.8,61760.0,61179.7,61480.0,591828.5,5918.285,363254704.2415,1,2024-06-26 15:00:00
61480.0,61551.0,61162.5,61280.0,321559.7,3215.597,197347300.2335,1,2024-06-26 16:00:00
61280.0,61379.1,60855.0,61257.1,824773.4,8247.734,503673280.1957,1,2024-06-26 17:00:00
61257.1,61257.1,60912.0,60917.8,206248.9,2062.489,125900285.8234,1,2024-06-26 18:00:00
60917.7,61148.4,60720.0,61002.1,564686.5,5646.865,343849499.9998,1,2024-06-26 19:00:00
61002.1,61170.9,60720.0,61000.8,299345.1,2993.451,182356394.8333,1,2024-06-26 20:00:00
61000.9,61100.1,60928.1,61071.1,102354.4,1023.544,62464226.4461,1,2024-06-26 21:00:00
61071.1,61071.1,60786.8,60937.1,128505.0,1285.05,78315982.4274,1,2024-06-26 22:00:00
60937.1,60987.1,60787.3,60864.9,142966.2,1429.662,87024660.7043,1,2024-06-26 23:00:00
60864.9,61058.0,60765.2,60981.8,176905.0,1769.05,107754653.3063,1,2024-06-27 00:00:00
60981.7,61162.5,60888.0,61060.2,160471.6,1604.716,97958559.8641,1,2024-06-27 01:00:00
61061.4,61110.9,60869.9,61028.0,194705.1,1947.051,118735531.4208,1,2024-06-27 02:00:00
61028.0,61299.6,60936.0,61035.7,218984.5,2189.845,133833257.2166,1,2024-06-27 03:00:00
61035.7,61188.0,61014.0,61115.1,125736.7,1257.367,76849026.9004,1,2024-06-27 04:00:00
61115.1,61160.1,60802.1,60810.8,189225.3,1892.253,115341797.0209,1,2024-06-27 05:00:00
60810.7,60862.2,60620.0,60755.1,363905.8,3639.058,221006466.237,1,2024-06-27 06:00:00
60755.1,60919.9,60725.1,60803.3,150010.4,1500.104,91239432.7327,1,2024-06-27 07:00:00
60803.3,60882.0,60737.5,60878.7,118096.8,1180.968,71812778.8292,1,2024-06-27 08:00:00
60878.5,61349.9,60823.3,61286.0,442597.6,4425.976,270410012.027,1,2024-06-27 09:00:00
61286.0,61455.9,61100.0,61106.1,358961.1,3589.611,219922716.1696,1,2024-06-27 10:00:00
61106.2,61323.2,61082.1,61194.2,178237.8,1782.378,109087380.3555,1,2024-06-27 11:00:00
61194.1,61666.0,61153.4,61353.4,798444.6,7984.446,489929206.2064,1,2024-06-27 12:00:00
61353.4,61998.6,61311.6,61990.0,1049579.0,10495.79,647735952.591,1,2024-06-27 13:00:00
61990.0,62400.0,61694.7,61737.1,1107077.4,11070.774,687567559.8872,1,2024-06-27 14:00:00
61737.1,61857.4,61525.0,61582.0,599508.9,5995.089,369775527.8285,1,2024-06-27 15:00:00
61580.3,61831.6,61530.0,61715.0,340112.7,3401.127,209859038.8602,1,2024-06-27 16:00:00
61715.0,62022.5,61682.1,61828.2,250887.4,2508.874,155225809.8399,1,2024-06-27 17:00:00
61828.1,61930.0,61730.0,61884.0,144399.4,1443.994,89258263.7209,1,2024-06-27 18:00:00
61884.0,61894.2,61409.6,61454.8,257664.2,2576.642,158604934.6434,1,2024-06-27 19:00:00
61454.8,61586.6,61362.7,61490.6,170136.7,1701.367,104606754.2358,1,2024-06-27 20:00:00
61490.6,61598.1,61468.1,61546.1,73363.4,733.634,45144955.6172,1,2024-06-27 21:00:00
61546.2,61680.1,61517.3,61643.5,160257.1,1602.571,98754314.1476,1,2024-06-27 22:00:00
61643.5,61716.2,61610.5,61702.3,110346.6,1103.466,68039521.7804,1,2024-06-27 23:00:00
61702.4,61728.9,61475.9,61555.5,197298.7,1972.987,121514708.159,1,2024-06-28 00:00:00
61555.5,62230.0,61494.1,62081.0,488347.2,4883.472,302609766.4007,1,2024-06-28 01:00:00
62081.1,62138.0,61569.9,61721.3,386363.5,3863.635,238903072.8148,1,2024-06-28 02:00:00
61721.4,61911.9,61634.9,61817.2,170523.8,1705.238,105373408.9606,1,2024-06-28 03:00:00
61817.1,61826.5,61511.1,61742.4,216461.9,2164.619,133419372.237,1,2024-06-28 04:00:00
61742.4,61744.0,61481.0,61607.3,258508.1,2585.081,159160070.0123,1,2024-06-28 05:00:00
61607.3,61676.3,61512.4,61631.9,153474.1,1534.741,94536673.4158,1,2024-06-28 06:00:00
61631.9,61632.0,61233.0,61344.0,425684.0,4256.84,261359916.6142,1,2024-06-28 07:00:00
61344.0,61481.5,61213.0,61481.5,255784.7,2557.847,156932625.1008,1,2024-06-28 08:00:00
61481.5,61595.0,61377.0,61555.0,204069.9,2040.699,125445290.5051,1,2024-06-28 09:00:00
61555.0,61610.8,61451.6,61548.7,165234.5,1652.345,101679718.3676,1,2024-06-28 10:00:00
61548.6,61799.0,61473.7,61698.2,268050.6,2680.506,165317542.095,1,2024-06-28 11:00:00
61698.3,61880.0,61256.0,61393.9,925857.8,9258.578,570183710.8992,1,2024-06-28 12:00:00
61393.9,61840.3,61235.2,61296.3,731597.3,7315.973,449811326.1959,1,2024-06-28 13:00:00
61296.3,61513.8,60778.4,60930.1,1029966.3,10299.663,629378228.9944,1,2024-06-28 14:00:00
60930.2,61196.7,60755.0,61058.8,456506.0,4565.06,278240357.9219,1,2024-06-28 15:00:00
61058.8,61115.9,60640.0,60948.5,541599.7,5415.997,329569637.0419,1,2024-06-28 16:00:00
60948.4,61083.1,60700.0,60827.6,315320.7,3153.207,192081041.2917,1,2024-06-28 17:00:00
60827.6,60883.5,60666.8,60841.2,156100.6,1561.006,94902184.6708,1,2024-06-28 18:00:00
60844.0,60863.2,60102.0,60144.3,1040635.5,10406.355,628345981.0251,1,2024-06-28 19:00:00
60144.5,60377.2,60050.0,60260.0,330346.6,3303.466,198981671.1966,1,2024-06-28 20:00:00
60260.1,60420.0,60144.7,60370.4,171606.2,1716.062,103463134.7489,1,2024-06-28 21:00:00
60370.5,60427.6,60292.1,60376.6,120858.6,1208.586,72958919.4272,1,2024-06-28 22:00:00
60376.6,60458.8,60360.0,60430.9,100221.7,1002.217,60546961.3995,1,2024-06-28 23:00:00
60431.0,60831.8,60405.0,60750.8,516039.3,5160.393,312827986.7719,1,2024-06-29 00:00:00
60750.8,60998.7,60740.1,60889.6,366197.2,3661.972,222967892.5004,1,2024-06-29 01:00:00
60889.7,60978.0,60695.0,60748.5,181680.1,1816.801,110485877.8658,1,2024-06-29 02:00:00
60748.5,60809.5,60704.7,60755.3,86872.9,868.729,52774934.6474,1,2024-06-29 03:00:00
60755.4,60795.8,60686.2,60768.6,96015.2,960.152,58312897.7411,1,2024-06-29 04:00:00
60768.6,60785.0,60718.0,60753.5,58658.0,586.58,35635801.1173,1,2024-06-29 05:00:00
60753.6,60856.0,60734.1,60840.1,68307.2,683.072,41528564.5326,1,2024-06-29 06:00:00
60840.2,61127.9,60819.1,61043.1,453975.7,4539.757,277047909.3385,1,2024-06-29 07:00:00
61043.1,61070.0,60902.3,60975.4,152776.8,1527.768,93165808.8201,1,2024-06-29 08:00:00
60975.4,61000.0,60888.0,60971.6,99693.1,996.931,60750684.1961,1,2024-06-29 09:00:00
60971.6,61039.0,60910.0,60991.2,74847.8,748.478,45641341.3097,1,2024-06-29 10:00:00
60991.1,61227.5,60920.7,61098.0,310098.1,3100.981,189563991.3033,1,2024-06-29 11:00:00
61097.9,61153.6,60980.0,61036.1,149236.7,1492.367,91151817.1303,1,2024-06-29 12:00:00
61036.0,61189.4,61004.3,61094.0,151816.2,1518.162,92775578.458,1,2024-06-29 13:00:00
61093.9,61167.7,60946.7,61011.4,144979.8,1449.798,88473120.1103,1,2024-06-29 14:00:00
61011.5,61115.0,60944.9,61115.0,118788.7,1187.887,72498678.0567,1,2024-06-29 15:00:00
61114.9,61133.3,60906.6,61000.0,150712.3,1507.123,91918820.3644,1,2024-06-29 16:00:00
60999.9,61052.6,60920.7,61027.5,52790.5,527.905,32194790.2247,1,2024-06-29 17:00:00
61027.5,61062.0,60980.9,61051.2,50004.7,500.047,30514401.3755,1,2024-06-29 18:00:00
61051.2,61081.4,60927.4,61050.7,61118.5,611.185,37288650.9496,1,2024-06-29 19:00:00
61050.6,61088.0,60960.4,61044.8,78416.3,784.163,47858155.8312,1,2024-06-29 20:00:00
61044.7,61118.1,60940.0,61054.2,100874.0,1008.74,61578787.7056,1,2024-06-29 21:00:00
61054.2,61061.9,60829.3,60973.1,109071.9,1090.719,66471138.0872,1,2024-06-29 22:00:00
60973.1,61061.8,60945.0,60992.1,55647.5,556.475,33949234.0362,1,2024-06-29 23:00:00
60992.2,61098.9,60914.4,61033.1,119602.8,1196.028,72979146.251,1,2024-06-30 00:00:00
61033.0,61054.6,60926.2,60964.0,100221.1,1002.211,61122982.2447,1,2024-06-30 01:00:00
60964.0,60964.3,60762.0,60844.4,263691.5,2636.915,160477324.3383,1,2024-06-30 02:00:00
60844.4,60950.0,60796.0,60905.2,95804.7,958.047,58323139.6987,1,2024-06-30 03:00:00
60905.3,60908.4,60761.6,60777.0,80075.5,800.755,48701854.4239,1,2024-06-30 04:00:00
60777.0,60820.8,60709.9,60795.5,127306.3,1273.063,77359474.4118,1,2024-06-30 05:00:00
60795.5,61049.0,60770.0,61049.0,166925.7,1669.257,101685587.2488,1,2024-06-30 06:00:00
61049.0,61799.2,61037.1,61528.9,1161689.8,11616.898,714730266.7008,1,2024-06-30 07:00:00
61528.9,61613.3,61384.0,61550.1,251848.3,2518.483,154915480.6274,1,2024-06-30 08:00:00
61550.1,61710.0,61500.0,61519.1,215060.0,2150.6,132478313.2033,1,2024-06-30 09:00:00
61519.1,61632.9,61487.0,61532.8,118035.6,1180.356,72655902.3594,1,2024-06-30 10:00:00
61532.8,61672.3,61512.9,61551.9,124421.9,1244.219,76643429.3068,1,2024-06-30 11:00:00
61552.0,61656.5,61330.0,61499.9,218152.4,2181.524,134118957.8589,1,2024-06-30 12:00:00
61499.9,61746.8,61448.6,61712.6,294115.3,2941.153,181227668.6835,1,2024-06-30 13:00:00
61712.7,61878.8,61526.1,61589.2,351740.3,3517.403,216996532.4255,1,2024-06-30 14:00:00
61589.1,61786.6,61588.0,61720.0,150884.0,1508.84,93081699.8355,1,2024-06-30 15:00:00
61720.0,61750.0,61580.0,61601.2,108248.4,1082.484,66730789.5274,1,2024-06-30 16:00:00
61601.2,61873.0,61601.2,61710.1,265083.8,2650.838,163755111.2037,1,2024-06-30 17:00:00
61710.0,62122.9,61680.0,62052.2,316626.0,3166.26,196145556.021,1,2024-06-30 18:00:00
62052.1,62117.2,61876.8,62022.8,233911.1,2339.111,145013852.1416,1,2024-06-30 19:00:00
62022.7,62399.9,61965.2,61974.6,443689.2,4436.892,275929145.3567,1,2024-06-30 20:00:00
61974.5,62012.0,61819.9,61937.1,134231.7,1342.317,83124977.663,1,2024-06-30 21:00:00
61937.1,62975.7,61929.0,62898.0,892919.1,8929.191,559431522.8144,1,2024-06-30 22:00:00
62896.4,63091.9,62768.0,62769.8,408067.1,4080.671,256740707.5503,1,2024-06-30 23:00:00
62769.9,62943.7,62570.0,62931.7,372473.5,3724.735,233785196.2654,1,2024-07-01 00:00:00
62931.6,63731.8,62891.2,63640.7,1250158.2,12501.582,793098933.9285,1,2024-07-01 01:00:00
63640.7,63840.0,63300.0,63449.1,677843.6,6778.436,430883837.5445,1,2024-07-01 02:00:00
63449.1,63526.4,63350.0,63436.0,228420.8,2284.208,144931872.6187,1,2024-07-01 03:00:00
63437.3,63470.8,63216.0,63275.0,241144.2,2411.442,152670937.9994,1,2024-07-01 04:00:00
63275.1,63447.7,63258.8,63423.4,142167.8,1421.678,90108007.1737,1,2024-07-01 05:00:00
63423.4,63474.3,63280.9,63404.5,151308.6,1513.086,95897476.9111,1,2024-07-01 06:00:00
63404.6,63435.0,63250.0,63276.8,150944.9,1509.449,95592948.8907,1,2024-07-01 07:00:00
63276.8,63325.1,62833.3,62931.1,515275.2,5152.752,324869692.8416,1,2024-07-01 08:00:00
62931.1,63009.4,62789.0,62949.9,240046.7,2400.467,150997214.6783,1,2024-07-01 09:00:00
62949.9,63012.1,62794.9,62859.2,188841.6,1888.416,118792239.0879,1,2024-07-01 10:00:00
62859.1,62871.8,62607.0,62679.6,394995.3,3949.953,247814930.6506,1,2024-07-01 11:00:00
62679.6,62915.9,62650.1,62898.5,262464.4,2624.644,164834019.2006,1,2024-07-01 12:00:00
62898.5,63096.5,62518.0,62695.5,734539.6,7345.396,461199530.5808,1,2024-07-01 13:00:00
62695.6,62946.7,62613.3,62821.3,462210.3,4622.103,290302556.4027,1,2024-07-01 14:00:00
62820.8,63179.0,62813.0,63126.3,439577.7,4395.777,276847070.9829,1,2024-07-01 15:00:00
63126.3,63336.0,62958.1,63107.7,469040.3,4690.403,296379505.0872,1,2024-07-01 16:00:00
63107.6,63688.0,63045.0,63686.0,525198.1,5251.981,333148468.6082,1,2024-07-01 17:00:00
63685.9,63866.0,63436.4,63642.3,585302.9,5853.029,372580583.0437,1,2024-07-01 18:00:00
63642.2,63642.3,63066.7,63221.6,496514.8,4965.148,314310146.9163,1,2024-07-01 19:00:00
63221.7,63428.0,63161.1,63291.0,179079.7,1790.797,113390807.0786,1,2024-07-01 20:00:00
63290.9,63290.9,63036.2,63129.6,127361.1,1273.611,80435274.5266,1,2024-07-01 21:00:00
63129.7,63171.2,62816.0,62983.0,292947.4,2929.474,184398581.1908,1,2024-07-01 22:00:00
62983.1,63050.0,62840.6,62905.3,138851.8,1388.518,87389456.9103,1,2024-07-01 23:00:00
62905.3,62993.7,62786.5,62932.4,199116.8,1991.168,125259035.2499,1,2024-07-02 00:00:00
62932.4,62977.3,62817.0,62929.9,143760.6,1437.606,90428552.3772,1,2024-07-02 01:00:00
62929.9,63128.4,62918.7,62998.4,178944.5,1789.445,112787668.6719,1,2024-07-02 02:00:00
62998.3,63298.7,62987.7,63130.9,195660.4,1956.604,123571734.5143,1,2024-07-02 03:00:00
63130.9,63248.4,63026.8,63029.0,150638.0,1506.38,95122907.5831,1,2024-07-02 04:00:00
63029.1,63104.2,62992.1,63025.9,114833.8,1148.338,72386765.2445,1,2024-07-02 05:00:00
63025.8,63050.0,62819.9,62863.0,307429.7,3074.297,193355378.3133,1,2024-07-02 06:00:00
62863.0,62875.8,62577.0,62638.7,427789.9,4277.899,268143640.272,1,2024-07-02 07:00:00
62638.6,62749.8,62409.9,62670.4,463005.6,4630.056,289831005.5932,1,2024-07-02 08:00:00
62670.4,62793.3,62623.2,62658.0,169381.3,1693.813,106192754.8455,1,2024-07-02 09:00:00
62656.7,62827.6,62500.4,62717.0,233361.8,2333.618,146220091.2514,1,2024-07-02 10:00:00
62717.1,62873.5,62616.9,62827.8,206082.3,2060.823,129375499.806,1,2024-07-02 11:00:00
62827.9,63056.3,62718.8,62870.2,302041.5,3020.415,189965891.6494,1,2024-07-02 12:00:00
62870.1,63165.0,62531.1,62629.0,697837.7,6978.377,438610840.8253,1,2024-07-02 13:00:00
62629.1,62751.3,61877.0,62050.0,1642534.5,16425.345,1022021466.5345,1,2024-07-02 14:00:00
62050.1,62166.0,61836.9,61958.4,518987.8,5189.878,321974624.6656,1,2024-07-02 15:00:00
61958.5,62046.0,61830.0,61941.9,379288.1,3792.881,234844274.5159,1,2024-07-02 16:00:00
61941.8,62179.4,61893.9,62163.5,209062.8,2090.628,129683843.573,1,2024-07-02 17:00:00
62163.5,62373.0,62153.0,62328.4,296119.6,2961.196,184453603.2192,1,2024-07-02 18:00:00
62328.3,62375.0,61901.0,61959.5,338761.6,3387.616,210341533.6575,1,2024-07-02 19:00:00
61959.4,62102.7,61881.1,62020.2,163429.7,1634.297,101356168.9841,1,2024-07-02 20:00:00
62020.1,62103.0,61921.0,61956.0,111643.0,1116.43,69244487.1911,1,2024-07-02 21:00:00
61955.9,62120.0,61955.9,62091.0,95119.5,951.195,59014314.196,1,2024-07-02 22:00:00
62091.1,62195.6,62078.3,62129.9,131180.2,1311.802,81507215.1183,1,2024-07-02 23:00:00
62129.9,62292.1,62084.9,62091.6,158941.7,1589.417,98869583.4384,1,2024-07-03 00:00:00
62091.7,62231.5,61268.0,61633.5,909789.4,9097.894,561548980.5934,1,2024-07-03 01:00:00
61633.5,61633.7,61250.1,61376.9,677587.4,6775.874,416522534.7972,1,2024-07-03 02:00:00
61376.9,61388.0,60601.1,60990.1,1101791.0,11017.91,671740930.7524,1,2024-07-03 03:00:00
60990.0,60994.9,60815.8,60889.0,279486.1,2794.861,170214751.1453,1,2024-07-03 04:00:00
60888.9,61119.7,60865.7,61118.9,344272.3,3442.723,209937088.1675,1,2024-07-03 05:00:00
61118.8,61185.8,60964.6,61011.0,270371.8,2703.718,165156674.8988,1,2024-07-03 06:00:00
61010.9,61041.2,60840.5,60874.2,253235.8,2532.358,154349545.6082,1,2024-07-03 07:00:00
60871.6,60997.2,60360.0,60495.6,737181.0,7371.81,447859261.6066,1,2024-07-03 08:00:00
60495.6,60680.0,60304.0,60616.3,578490.1,5784.901,350361490.843,1,2024-07-03 09:00:00
60616.3,60636.7,59531.3,60386.6,1844151.3,18441.513,1108668596.829,1,2024-07-03 10:00:00
60386.6,60495.9,60114.4,60393.7,565977.8,5659.778,341328368.0433,1,2024-07-03 11:00:00
60393.7,60395.4,59927.1,60035.6,640842.9,6408.429,385340173.8302,1,2024-07-03 12:00:00
60034.5,60644.6,59760.0,60589.9,983700.0,9837.0,592991884.6433,1,2024-07-03 13:00:00
60589.9,60778.0,60268.0,60290.7,586948.1,5869.481,354846057.1393,1,2024-07-03 14:00:00
60290.6,60463.9,59964.3,60187.1,740735.8,7407.358,446109923.6483,1,2024-07-03 15:00:00
60187.2,60664.8,60090.1,60499.8,631483.3,6314.833,381731049.4065,1,2024-07-03 16:00:00
60499.8,60520.0,60182.4,60367.1,266307.6,2663.076,160785059.2634,1,2024-07-03 17:00:00
60367.1,60439.0,60230.0,60242.2,173867.0,1738.67,104917083.0381,1,2024-07-03 18:00:00
60242.1,60242.1,59640.5,59661.7,653521.6,6535.216,391723739.0478,1,2024-07-03 19:00:00
59660.5,59867.7,59555.5,59604.9,352201.7,3522.017,210367621.48,1,2024-07-03 20:00:00
59604.9,60349.2,59365.0,60242.9,559385.3,5593.853,334337351.4111,1,2024-07-03 21:00:00
60242.8,60370.4,60121.1,60318.9,170172.9,1701.729,102539359.4426,1,2024-07-03 22:00:00
60318.9,60371.7,60207.9,60213.9,105304.2,1053.042,63497623.1196,1,2024-07-03 23:00:00
60214.0,60483.2,60214.0,60420.9,246202.8,2462.028,148642327.1394,1,2024-07-04 00:00:00
60420.8,60503.8,58429.8,58587.5,2100953.2,21009.532,1247571593.947,1,2024-07-04 01:00:00
58587.5,59139.0,57796.9,58965.0,1861373.6,18613.736,1090065192.0364,1,2024-07-04 02:00:00
58965.1,59158.1,58835.0,59105.8,439811.5,4398.115,259409396.9797,1,2024-07-04 03:00:00
59105.7,59160.0,58724.0,58966.3,394040.6,3940.406,232172433.5929,1,2024-07-04 04:00:00
58966.3,59048.0,58863.0,58892.5,261460.5,2614.605,154093832.1162,1,2024-07-04 05:00:00
58896.8,59096.7,58541.4,58797.5,720004.7,7200.047,423415207.8378,1,2024-07-04 06:00:00
58797.6,58865.8,58088.8,58237.5,882907.0,8829.07,516226051.1112,1,2024-07-04 07:00:00
58237.5,58508.4,57176.9,57696.7,1979991.6,19799.916,1144716786.6456,1,2024-07-04 08:00:00
57696.8,57866.9,56968.6,57740.3,1520914.1,15209.141,873905602.1222,1,2024-07-04 09:00:00
57740.3,57948.0,57431.0,57939.0,603500.3,6035.003,347985503.5977,1,2024-07-04 10:00:00
57938.9,58104.0,57668.6,57762.0,543950.7,5439.507,314752299.5195,1,2024-07-04 11:00:00
57762.0,57762.0,57160.0,57255.7,860535.0,8605.35,494540542.4087,1,2024-07-04 12:00:00
57255.7,57495.0,56758.0,57421.2,1603356.8,16033.568,915270200.7981,1,2024-07-04 13:00:00
57421.3,57545.8,56851.9,57454.7,960784.3,9607.843,550188204.5013,1,2024-07-04 14:00:00
57454.7,58352.0,57364.0,58140.1,1181837.1,11818.371,683560256.4916,1,2024-07-04 15:00:00
58140.2,58386.0,57740.0,58288.0,775630.8,7756.308,450113287.6449,1,2024-07-04 16:00:00
58288.0,58387.9,58086.6,58240.5,367096.6,3670.966,213707384.6307,1,2024-07-04 17:00:00
58240.6,58369.9,57932.3,58162.4,349233.0,3492.33,203026957.7345,1,2024-07-04 18:00:00
58162.3,58675.4,58135.1,58279.8,482102.4,4821.024,281741389.2303,1,2024-07-04 19:00:00
58279.7,58355.0,58130.8,58355.0,151940.3,1519.403,88469052.2009,1,2024-07-04 20:00:00
58355.0,58650.0,58288.0,58491.8,134823.7,1348.237,78819136.6773,1,2024-07-04 21:00:00
58491.8,58821.8,58010.0,58050.1,382728.6,3827.286,223518143.0644,1,2024-07-04 22:00:00
58050.2,58122.7,56825.0,57065.2,1492098.6,14920.986,857243965.8458,1,2024-07-04 23:00:00
57065.2,57559.5,56670.0,57386.0,1566086.0,15660.86,894039966.078,1,2024-07-05 00:00:00
57386.0,57455.8,56807.5,57177.5,761399.7,7613.997,434864602.4642,1,2024-07-05 01:00:00
57177.5,57250.0,55388.0,55750.0,2457381.7,24573.817,1387695141.9095,1,2024-07-05 02:00:00
55750.0,56000.0,54958.8,55240.6,2433817.1,24338.171,1348920724.8487,1,2024-07-05 03:00:00
55240.6,55370.3,53222.3,53941.8,2877867.2,28778.672,1563611675.9788,1,2024-07-05 04:00:00
53941.6,54798.9,53791.5,54798.9,1096107.7,10961.077,595459910.8583,1,2024-07-05 05:00:00
54798.9,54800.0,53869.3,54291.2,1150005.6,11500.056,623981154.9342,1,2024-07-05 06:00:00
54291.2,54449.4,53956.2,54401.1,649127.9,6491.279,351959895.4015,1,2024-07-05 07:00:00
54401.2,54444.0,54055.0,54085.7,758356.6,7583.566,411505660.5859,1,2024-07-05 08:00:00
54085.6,54737.0,53888.0,54523.1,899884.4,8998.844,488375562.9259,1,2024-07-05 09:00:00
54523.0,55355.0,54400.0,54979.9,1194479.7,11944.797,656727765.7367,1,2024-07-05 10:00:00
54980.0,55662.4,54979.9,55490.0,1150693.7,11506.937,636458771.0496,1,2024-07-05 11:00:00
55489.9,56070.0,54970.3,55062.8,1664468.3,16644.683,922661497.759,1,2024-07-05 12:00:00
55062.8,55899.9,54841.5,55838.9,1389499.5,13894.995,771141340.6212,1,2024-07-05 13:00:00
55841.9,55910.0,55341.5,55753.0,823000.1,8230.001,457726590.3879,1,2024-07-05 14:00:00
55752.9,56698.9,55655.4,56678.3,1476587.9,14765.879,832087550.8718,1,2024-07-05 15:00:00
56678.3,56955.0,56158.0,56458.4,1085179.9,10851.799,613681259.2423,1,2024-07-05 16:00:00
56458.5,57065.4,56302.2,56470.2,678943.7,6789.437,384857142.784,1,2024-07-05 17:00:00
56470.2,56739.7,55820.0,56548.4,956122.0,9561.22,538485546.8463,1,2024-07-05 18:00:00
56548.5,56760.0,56330.8,56469.8,331648.3,3316.483,187479594.8264,1,2024-07-05 19:00:00
56469.9,56524.3,56318.5,56354.2,174039.2,1740.392,98171708.4865,1,2024-07-05 20:00:00
56354.2,56810.9,56352.3,56520.7,144664.8,1446.648,81832582.2742,1,2024-07-05 21:00:00
56519.0,56740.0,56402.0,56630.1,171503.0,1715.03,97087833.2337,1,2024-07-05 22:00:00
56630.0,56868.1,56610.2,56620.0,200206.8,2002.068,113560753.4188,1,2024-07-05 23:00:00
56620.0,57022.9,56372.0,56614.4,568913.2,5689.132,322462798.811,1,2024-07-06 00:00:00
56614.5,56629.4,56209.8,56222.2,390300.7,3903.007,220099522.6184,1,2024-07-06 01:00:00
56222.2,56500.0,56177.1,56435.2,313191.4,3131.914,176366017.6947,1,2024-07-06 02:00:00
56435.2,56526.8,56265.6,56411.3,135134.7,1351.347,76202986.6852,1,2024-07-06 03:00:00
56411.2,56419.4,56044.4,56069.3,259706.3,2597.063,145901696.0253,1,2024-07-06 04:00:00
56069.3,56491.6,56027.7,56359.5,432060.5,4320.605,243265591.7349,1,2024-07-06 05:00:00
56359.6,56576.8,56347.1,56415.3,188587.7,1885.877,106528888.8287,1,2024-07-06 06:00:00
56415.2,56678.0,56401.0,56595.5,269372.7,2693.727,152451619.5212,1,2024-07-06 07:00:00
56595.4,56673.2,56505.4,56563.1,127775.9,1277.759,72309731.1656,1,2024-07-06 08:00:00
56563.2,56775.8,56438.8,56768.4,186195.5,1861.955,105384491.1435,1,2024-07-06 09:00:00
56768.5,56894.8,56650.8,56781.9,310586.6,3105.866,176351102.9459,1,2024-07-06 10:00:00
56782.0,56807.5,56652.0,56736.8,108540.7,1085.407,61568112.5661,1,2024-07-06 11:00:00
56736.8,56791.7,56505.0,56752.5,204938.8,2049.388,116119521.2191,1,2024-07-06 12:00:00
56752.6,57400.0,56650.0,56994.9,663801.2,6638.012,378546431.8527,1,2024-07-06 13:00:00
56994.9,57132.0,56713.2,57054.8,455086.2,4550.862,258955866.9143,1,2024-07-06 14:00:00
57054.9,57466.4,56923.7,57310.2,563085.4,5630.854,322396991.3942,1,2024-07-06 15:00:00
57310.2,58138.1,57182.2,57859.1,1082366.2,10823.662,624977723.0499,1,2024-07-06 16:00:00
57859.0,58039.6,57740.7,57966.4,229940.7,2299.407,133107404.5974,1,2024-07-06 17:00:00
57966.4,58028.8,57754.0,57792.4,204163.2,2041.632,118103983.3731,1,2024-07-06 18:00:00
57790.4,57930.2,57732.2,57862.2,140180.8,1401.808,81076698.2985,1,2024-07-06 19:00:00
57862.3,58236.5,57831.5,57964.9,273602.4,2736.024,158845221.8932,1,2024-07-06 20:00:00
57964.9,58287.9,57831.1,57877.2,179543.5,1795.435,104175280.7757,1,2024-07-06 21:00:00
57877.2,58114.9,57877.2,58104.6,107425.4,1074.254,62317008.876,1,2024-07-06 22:00:00
58104.7,58499.8,58097.1,58233.1,490565.7,4905.657,286118347.8082,1,2024-07-06 23:00:00
58233.1,58289.5,57900.0,57929.9,253966.9,2539.669,147461906.9168,1,2024-07-07 00:00:00
57929.8,58325.0,57838.0,58115.0,276489.2,2764.892,160370008.1034,1,2024-07-07 01:00:00
58115.0,58456.0,58106.3,58368.2,368698.4,3686.984,214843187.4663,1,2024-07-07 02:00:00
58368.9,58368.9,57865.9,57963.5,568204.3,5682.043,329674089.5051,1,2024-07-07 03:00:00
57963.5,58008.0,57579.0,57606.3,538290.9,5382.909,311207994.7782,1,2024-07-07 04:00:00
57606.4,57815.7,57423.0,57657.0,387821.4,3878.214,223446824.9275,1,2024-07-07 05:00:00
57657.1,57802.9,57611.1,57648.8,160306.4,1603.064,92520470.3068,1,2024-07-07 06:00:00
57648.8,57699.1,57066.0,57375.6,579437.6,5794.376,332052901.6151,1,2024-07-07 07:00:00
57375.9,57679.2,57372.5,57658.0,286837.3,2868.373,164987564.8443,1,2024-07-07 08:00:00
57657.9,57747.6,57571.8,57737.4,243822.6,2438.226,140603623.4462,1,2024-07-07 09:00:00
57737.4,57930.6,57494.2,57511.1,437695.2,4376.952,252589838.1889,1,2024-07-07 10:00:00
57511.1,57556.5,57347.4,57459.4,213697.2,2136.972,122740053.3671,1,2024-07-07 11:00:00
57459.3,57657.7,57200.1,57349.9,238444.7,2384.447,136882469.8068,1,2024-07-07 12:00:00
57350.0,57372.5,56771.6,56879.0,690963.7,6909.637,393609936.3076,1,2024-07-07 13:00:00
56879.0,56956.0,56568.0,56773.8,556176.4,5561.764,315684633.2585,1,2024-07-07 14:00:00
56773.8,57063.0,56725.0,56832.0,282647.5,2826.475,160769797.0795,1,2024-07-07 15:00:00
56832.1,57186.9,56752.5,57119.9,254981.4,2549.814,145364062.7606,1,2024-07-07 16:00:00
57119.9,57312.0,56786.7,57239.8,339198.0,3391.98,193545985.3114,1,2024-07-07 17:00:00
57239.7,57398.7,57112.6,57169.1,183964.8,1839.648,105356247.6343,1,2024-07-07 18:00:00
57169.1,57200.0,57022.0,57154.5,91100.1,911.001,52017023.7752,1,2024-07-07 19:00:00
57154.5,57326.0,57035.6,57270.0,78592.2,785.922,44973471.2275,1,2024-07-07 20:00:00
57270.0,57290.0,56196.2,56590.5,683283.9,6832.839,386432681.9307,1,2024-07-07 21:00:00
56587.7,56797.5,56391.3,56391.3,301991.9,3019.919,170917154.6396,1,2024-07-07 22:00:00
56391.4,56539.1,55727.6,55870.1,740184.0,7401.84,415124339.0473,1,2024-07-07 23:00:00
55870.0,56030.0,55037.9,55098.9,1212423.2,12124.232,673135824.0744,1,2024-07-08 00:00:00
55098.9,55115.2,54280.0,54963.8,1561467.5,15614.675,853379413.9169,1,2024-07-08 01:00:00
54963.7,55441.9,54600.0,55380.6,1070392.6,10703.926,590476531.4059,1,2024-07-08 02:00:00
55380.6,55484.0,54860.2,55160.0,572702.2,5727.022,316036216.0423,1,2024-07-08 03:00:00
55160.0,55641.6,54959.2,55492.4,497319.6,4973.196,275309772.2367,1,2024-07-08 04:00:00
55492.5,55700.0,55286.0,55479.0,405552.3,4055.523,225212255.0129,1,2024-07-08 05:00:00
55479.1,55896.0,55205.9,55629.7,563062.6,5630.626,313344215.1499,1,2024-07-08 06:00:00
55629.7,55855.0,55516.8,55849.5,265495.4,2654.954,147897663.3531,1,2024-07-08 07:00:00
55849.4,57900.0,55726.8,57784.9,2429018.3,24290.183,1381652493.8297,1,2024-07-08 08:00:00
57784.9,58226.4,57357.0,57520.1,1073320.2,10733.202,619591973.0082,1,2024-07-08 09:00:00
57520.0,57719.7,56693.3,56814.2,839123.0,8391.23,480093519.8892,1,2024-07-08 10:00:00
56814.2,57353.0,56739.9,57158.8,657382.1,6573.821,375318086.4272,1,2024-07-08 11:00:00
57158.7,57629.8,56869.4,57149.9,581635.9,5816.359,332982967.3697,1,2024-07-08 12:00:00
57150.0,57440.0,56801.7,57234.6,622634.2,6226.342,355646774.7115,1,2024-07-08 13:00:00
57234.7,57318.7,54901.6,56188.5,3011424.3,30114.243,1684625411.3574,1,2024-07-08 14:00:00
56188.6,56790.2,55679.4,55760.2,1254189.4,12541.894,705251229.9557,1,2024-07-08 15:00:00
55760.2,56122.4,55417.7,55810.4,714021.7,7140.217,398257738.748,1,2024-07-08 16:00:00
55810.4,56379.4,55594.2,56287.2,510498.5,5104.985,286156647.9225,1,2024-07-08 17:00:00
56287.1,56566.0,56157.0,56280.8,355397.8,3553.978,200355692.7056,1,2024-07-08 18:00:00
56279.3,56547.7,56148.7,56480.7,241490.2,2414.902,136029107.8097,1,2024-07-08 19:00:00
56482.9,56574.4,56201.0,56260.0,263317.1,2633.171,148411506.6123,1,2024-07-08 20:00:00
56260.0,56853.3,56202.5,56650.0,343225.2,3432.252,194106877.7872,1,2024-07-08 21:00:00
56650.1,56974.1,56551.8,56681.1,271887.5,2718.875,154342211.183,1,2024-07-08 22:00:00
56681.1,56874.4,56608.7,56719.1,186084.2,1860.842,105535577.6931,1,2024-07-08 23:00:00
56719.1,56775.4,56285.9,56539.5,383097.0,3830.97,216543239.5605,1,2024-07-09 00:00:00
56539.5,57299.4,56451.0,56562.8,837795.0,8377.95,476297415.3543,1,2024-07-09 01:00:00
56562.9,57374.8,56333.1,57269.8,636627.3,6366.273,362157246.6088,1,2024-07-09 02:00:00
57269.8,57278.0,56871.0,57171.0,365918.3,3659.183,208888663.8375,1,2024-07-09 03:00:00
57171.0,57373.2,57101.6,57286.2,311205.4,3112.054,178137767.6734,1,2024-07-09 04:00:00
57286.1,57443.1,57117.1,57291.4,410588.2,4105.882,235211502.1448,1,2024-07-09 05:00:00
57291.4,57776.9,57191.2,57476.5,525637.3,5256.373,302344261.8879,1,2024-07-09 06:00:00
57476.5,57564.1,56993.9,57116.4,554536.2,5545.362,317301478.0618,1,2024-07-09 07:00:00
57116.3,57922.0,57019.9,57620.0,1077156.0,10771.56,620092975.6995,1,2024-07-09 08:00:00
57619.9,57696.1,57502.0,57582.3,235733.0,2357.33,135788218.459,1,2024-07-09 09:00:00
57582.0,57668.6,57285.2,57432.5,306981.6,3069.816,176319655.8343,1,2024-07-09 10:00:00
57432.5,57555.0,57223.4,57430.9,197352.5,1973.525,113334000.4381,1,2024-07-09 11:00:00
57430.0,57569.1,57270.6,57340.6,248368.0,2483.68,142603034.3802,1,2024-07-09 12:00:00
57340.7,57418.7,56942.3,57338.4,532078.1,5320.781,304326846.4047,1,2024-07-09 13:00:00
57338.5,58143.0,57055.0,57066.0,1500962.9,15009.629,864742884.3223,1,2024-07-09 14:00:00
57066.0,57500.0,56888.9,57470.5,735135.6,7351.356,420291504.8068,1,2024-07-09 15:00:00
57470.5,57866.0,57394.0,57683.6,557560.7,5575.607,321127941.7664,1,2024-07-09 16:00:00
57683.5,57806.4,57358.2,57525.5,198197.0,1981.97,114076880.8412,1,2024-07-09 17:00:00
57525.6,58333.0,57439.3,57907.6,800851.0,8008.51,464170242.193,1,2024-07-09 18:00:00
57907.5,57929.3,57677.6,57859.9,202348.8,2023.488,116928351.4932,1,2024-07-09 19:00:00
57859.8,58109.2,57700.0,57940.0,205123.1,2051.231,118815385.6693,1,2024-07-09 20:00:00
57940.0,57986.7,57760.5,57799.4,92633.2,926.332,53598369.4377,1,2024-07-09 21:00:00
57799.5,58276.4,57715.0,57937.8,233635.4,2336.354,135517735.2344,1,2024-07-09 22:00:00
57937.7,58126.2,57860.1,58044.1,129221.2,1292.212,74901242.4348,1,2024-07-09 23:00:00
58044.2,58044.2,57392.4,57484.3,366012.9,3660.129,211071191.8894,1,2024-07-10 00:00:00
57484.4,57993.3,57328.1,57789.7,381878.1,3818.781,220254750.8953,1,2024-07-10 01:00:00
57789.7,57915.3,57635.8,57883.8,164338.3,1643.383,94949284.6543,1,2024-07-10 02:00:00
57882.6,58219.3,57835.1,58181.7,338672.6,3386.726,196550632.3495,1,2024-07-10 03:00:00
58178.4,59455.0,58178.3,59338.6,2005205.6,20052.056,1181087344.5358,1,2024-07-10 04:00:00
59338.6,59481.7,58818.7,58974.3,611545.4,6115.454,361500969.9537,1,2024-07-10 05:00:00
58974.3,59317.1,58850.0,59240.0,379772.1,3797.721,224522122.9235,1,2024-07-10 06:00:00
59239.9,59286.0,58831.8,58978.6,343365.3,3433.653,202725887.0528,1,2024-07-10 07:00:00
58978.6,59042.3,58600.0,58758.1,494404.7,4944.047,290484261.8666,1,2024-07-10 08:00:00
58758.1,58775.8,58394.0,58494.9,618864.5,6188.645,362342054.3404,1,2024-07-10 09:00:00
58495.8,58736.5,58316.0,58655.2,382842.3,3828.423,224202271.4084,1,2024-07-10 10:00:00
58655.2,58728.8,58350.2,58496.7,242933.1,2429.331,142209681.7961,1,2024-07-10 11:00:00
58496.7,58572.4,57737.8,58162.7,996554.5,9965.545,578772272.6663,1,2024-07-10 12:00:00
58162.7,58313.3,57511.0,57762.7,958355.8,9583.558,554321091.6814,1,2024-07-10 13:00:00
57766.1,57895.0,57484.6,57709.2,506809.3,5068.093,292566699.7406,1,2024-07-10 14:00:00
57709.3,58034.8,57490.0,57700.0,471222.0,4712.22,272313128.1954,1,2024-07-10 15:00:00
57700.1,58018.6,57580.3,57694.4,392579.5,3925.795,227023184.4819,1,2024-07-10 16:00:00
57695.5,57757.9,57431.3,57638.3,357392.6,3573.926,205899060.7309,1,2024-07-10 17:00:00
57638.2,57798.0,57483.3,57629.9,200875.4,2008.754,115738254.8721,1,2024-07-10 18:00:00
57629.4,57629.4,57350.4,57400.0,241499.4,2414.994,138738952.393,1,2024-07-10 19:00:00
57400.0,57567.9,57156.0,57421.1,361272.3,3612.723,207156073.1229,1,2024-07-10 20:00:00
57422.6,57566.4,57273.1,57433.9,123682.3,1236.823,71029224.1776,1,2024-07-10 21:00:00
57433.8,57856.6,57419.9,57713.0,258259.9,2582.599,148950331.6457,1,2024-07-10 22:00:00
57712.9,57868.3,57600.4,57720.4,162819.3,1628.193,94013326.7703,1,2024-07-10 23:00:00
57724.7,57728.8,57366.1,57628.6,227489.5,2274.895,130855059.1962,1,2024-07-11 00:00:00
57628.5,58399.2,57478.4,58276.0,648735.0,6487.35,376507671.9846,1,2024-07-11 01:00:00
58276.0,58370.0,57720.7,57862.5,425922.7,4259.227,246875535.4359,1,2024-07-11 02:00:00
57860.6,57950.0,57001.2,57560.1,790952.9,7909.529,453914034.8071,1,2024-07-11 03:00:00
57560.2,57786.0,57477.0,57770.0,250524.5,2505.245,144392251.9551,1,2024-07-11 04:00:00
57771.5,58106.5,57692.0,57989.6,313948.9,3139.489,181765424.6241,1,2024-07-11 05:00:00
57989.7,58097.9,57866.0,57995.7,169311.4,1693.114,98149158.28,1,2024-07-11 06:00:00
57995.8,58315.8,57920.1,58190.2,370089.2,3700.892,215196090.8478,1,2024-07-11 07:00:00
58191.0,58333.0,58043.5,58158.5,237514.1,2375.141,138176269.6556,1,2024-07-11 08:00:00
58158.6,58389.0,58074.3,58285.8,324691.3,3246.913,189085974.1284,1,2024-07-11 09:00:00
58285.8,58530.1,58169.7,58464.0,393965.4,3939.654,229872954.3005,1,2024-07-11 10:00:00
58463.9,58893.0,58382.9,58765.6,647234.8,6472.348,379586808.0017,1,2024-07-11 11:00:00
58765.6,59671.5,58420.0,58807.9,2086072.8,20860.728,1232138759.0694,1,2024-07-11 12:00:00
58807.9,58966.2,58255.0,58565.0,927332.1,9273.321,543371527.9452,1,2024-07-11 13:00:00
58565.1,58676.8,57551.7,57786.9,1295190.4,12951.904,750089833.2697,1,2024-07-11 14:00:00
57786.9,58114.3,57260.0,57405.8,814166.5,8141.665,469266136.6953,1,2024-07-11 15:00:00
57405.7,57743.8,57170.5,57646.1,595737.0,5957.37,342481214.7031,1,2024-07-11 16:00:00
57646.1,57933.8,57576.6,57799.9,271104.6,2711.046,156737498.3764,1,2024-07-11 17:00:00
57800.0,57989.9,57673.5,57839.0,251663.2,2516.632,145482013.26,1,2024-07-11 18:00:00
57839.0,57850.0,57336.1,57381.6,312754.5,3127.545,179925104.477,1,2024-07-11 19:00:00
57381.2,57595.5,57200.0,57560.7,249255.5,2492.555,143104373.3411,1,2024-07-11 20:00:00
57560.8,57635.0,57312.6,57468.4,107880.1,1078.801,61970297.8805,1,2024-07-11 21:00:00
57468.3,57548.1,57138.9,57344.2,235613.2,2356.132,135128988.6624,1,2024-07-11 22:00:00
57344.2,57399.8,57152.4,57346.3,204397.9,2043.979,117080266.0146,1,2024-07-11 23:00:00
57347.1,57580.1,57150.0,57182.3,311226.5,3112.265,178527881.416,1,2024-07-12 00:00:00
57182.3,57362.1,56535.5,56948.1,895114.2,8951.142,508739559.8594,1,2024-07-12 01:00:00
56948.0,57422.0,56881.1,57330.0,456148.1,4561.481,260930500.5613,1,2024-07-12 02:00:00
57330.1,57374.9,56856.0,56921.5,332806.1,3328.061,189853490.3359,1,2024-07-12 03:00:00
56921.6,57086.0,56713.5,57020.2,273543.0,2735.43,155635623.584,1,2024-07-12 04:00:00
57020.2,57120.6,56944.0,57030.1,158919.0,1589.19,90640377.2425,1,2024-07-12 05:00:00
57030.1,57409.0,57021.0,57216.0,370421.1,3704.211,212059386.2443,1,2024-07-12 06:00:00
57215.9,57312.8,56825.4,57096.9,437253.5,4372.535,249423530.2851,1,2024-07-12 07:00:00
57097.0,57331.9,57023.5,57322.0,412457.0,4124.57,235838546.7909,1,2024-07-12 08:00:00
57322.0,57328.0,56872.0,56964.0,267186.1,2671.861,152507042.2489,1,2024-07-12 09:00:00
56964.0,57200.0,56769.5,57176.1,340913.3,3409.133,194290080.5181,1,2024-07-12 10:00:00
57176.0,57275.0,57069.1,57209.0,244379.5,2443.795,139706868.3948,1,2024-07-12 11:00:00
57209.0,57486.0,57086.1,57382.6,637571.9,6375.719,365231390.0022,1,2024-07-12 12:00:00
57382.5,57999.0,57345.4,57837.5,847228.7,8472.287,488491411.1029,1,2024-07-12 13:00:00
57837.5,58027.4,57677.0,57821.5,517020.2,5170.202,299083839.4998,1,2024-07-12 14:00:00
57821.4,58273.9,57758.4,58206.1,623130.1,6231.301,361756871.3638,1,2024-07-12 15:00:00
58206.1,58437.6,57932.0,58115.4,574197.3,5741.973,333888727.204,1,2024-07-12 16:00:00
58115.4,58331.9,57954.0,58170.7,249517.1,2495.171,145113045.3468,1,2024-07-12 17:00:00
58170.6,58576.0,58066.0,58300.0,460194.6,4601.946,268549314.2826,1,2024-07-12 18:00:00
58300.1,58365.5,57507.6,57582.5,809983.5,8099.835,468954648.2978,1,2024-07-12 19:00:00
57582.0,57653.3,57155.1,57543.7,585696.8,5856.968,336439829.3557,1,2024-07-12 20:00:00
57543.6,57691.8,57507.1,57601.8,151383.0,1513.83,87217955.5255,1,2024-07-12 21:00:00
57601.7,57884.0,57575.0,57787.4,148011.6,1480.116,85496183.724,1,2024-07-12 22:00:00
57787.4,57916.2,57715.3,57902.0,112866.9,1128.669,65265817.5003,1,2024-07-12 23:00:00
57899.7,57936.8,57750.1,57840.8,134981.3,1349.813,78074544.1479,1,2024-07-13 00:00:00
57840.8,57975.0,57802.0,57889.9,112827.6,1128.276,65324228.262,1,2024-07-13 01:00:00
57890.0,57961.6,57764.7,57939.7,106718.2,1067.182,61756843.9232,1,2024-07-13 02:00:00
57939.7,57994.3,57789.0,57822.4,140391.5,1403.915,81248704.5156,1,2024-07-13 03:00:00
57822.4,57861.4,57769.2,57784.7,92061.5,920.615,53213975.6176,1,2024-07-13 04:00:00
57784.8,58168.7,57756.0,58069.8,260003.3,2600.033,150727182.7331,1,2024-07-13 05:00:00
58069.9,58247.6,58002.0,58030.6,224453.7,2244.537,130412943.7619,1,2024-07-13 06:00:00
58030.6,58169.0,57999.7,58168.9,113018.8,1130.188,65641272.793,1,2024-07-13 07:00:00
58168.9,58197.5,57920.0,57947.9,135685.8,1356.858,78782175.3746,1,2024-07-13 08:00:00
57948.0,58873.1,57904.1,58665.7,749145.9,7491.459,437463171.3305,1,2024-07-13 09:00:00
58665.7,58760.0,58337.0,58423.4,516785.6,5167.856,302621692.7022,1,2024-07-13 10:00:00
58423.4,58593.6,58373.0,58536.7,196636.6,1966.366,115008738.2101,1,2024-07-13 11:00:00
58536.8,58926.9,58435.0,58773.8,560566.9,5605.669,329099391.5813,1,2024-07-13 12:00:00
58773.7,58838.9,58579.9,58614.0,307606.7,3076.067,180521188.1275,1,2024-07-13 13:00:00
58615.2,58810.0,58471.1,58800.8,244331.0,2443.31,143164913.6866,1,2024-07-13 14:00:00
58800.0,58908.1,58688.0,58844.1,304362.5,3043.625,178973925.3868,1,2024-07-13 15:00:00
58844.1,58977.8,58600.0,58621.4,403287.6,4032.876,237051027.4447,1,2024-07-13 16:00:00
58621.5,58719.7,58565.2,58719.3,94389.4,943.894,55352932.5552,1,2024-07-13 17:00:00
58719.3,58813.9,58574.0,58644.2,105402.3,1054.023,61855668.8193,1,2024-07-13 18:00:00
58644.2,58750.0,58596.3,58622.7,54951.5,549.515,32234804.2663,1,2024-07-13 19:00:00
58622.6,58695.3,58570.0,58595.2,78851.3,788.513,46213153.8919,1,2024-07-13 20:00:00
58595.0,58705.3,58580.8,58697.9,48846.1,488.461,28643964.5212,1,2024-07-13 21:00:00
58697.9,59579.9,58238.2,59466.8,1070003.4,10700.034,630960153.9906,1,2024-07-13 22:00:00
59466.8,59887.9,59122.0,59205.2,971040.8,9710.408,577507129.9105,1,2024-07-13 23:00:00
59205.2,59788.0,59196.0,59742.9,587147.8,5871.478,349327599.2397,1,2024-07-14 00:00:00
59742.9,59846.2,59434.8,59705.4,413360.9,4133.609,246531938.6871,1,2024-07-14 01:00:00
59705.3,59750.0,59280.0,59363.5,301964.3,3019.643,179463918.9683,1,2024-07-14 02:00:00
59363.4,59587.9,59344.3,59466.0,165418.4,1654.184,98342968.7669,1,2024-07-14 03:00:00
59466.1,60150.0,59422.0,59959.8,741950.6,7419.506,443956026.246,1,2024-07-14 04:00:00
59959.9,60307.7,59800.0,60274.6,856331.2,8563.312,514692575.3466,1,2024-07-14 05:00:00
60274.6,60336.0,59794.9,59878.9,468587.3,4685.873,281416730.1073,1,2024-07-14 06:00:00
59878.9,60125.0,59820.4,60057.2,212286.6,2122.866,127350862.4068,1,2024-07-14 07:00:00
60057.2,60419.1,60053.4,60200.1,490414.4,4904.144,295440559.3864,1,2024-07-14 08:00:00
60196.8,60363.0,60118.8,60189.5,240569.2,2405.692,144903745.8417,1,2024-07-14 09:00:00
60189.4,60234.7,59900.5,59931.7,246353.1,2463.531,147974166.2814,1,2024-07-14 10:00:00
59931.6,60136.0,59912.0,60110.0,206542.1,2065.421,123994541.7785,1,2024-07-14 11:00:00
60110.1,60115.9,59580.0,59597.7,467618.4,4676.184,279576331.8943,1,2024-07-14 12:00:00
59597.7,59788.9,59586.0,59698.9,220467.0,2204.67,131544634.6744,1,2024-07-14 13:00:00
59698.8,60249.0,59464.8,60017.9,582117.7,5821.177,348354799.4025,1,2024-07-14 14:00:00
60017.8,60163.4,59868.5,60088.0,351598.4,3515.984,210961099.5238,1,2024-07-14 15:00:00
60087.9,60126.2,59883.5,60099.2,196997.8,1969.978,118212252.776,1,2024-07-14 16:00:00
60100.0,60190.0,59914.1,60007.1,138770.3,1387.703,83314787.827,1,2024-07-14 17:00:00
60007.0,60084.0,59924.8,60027.9,64245.8,642.458,38545531.0484,1,2024-07-14 18:00:00
60027.9,60027.9,59887.7,59910.1,69643.0,696.43,41742490.2635,1,2024-07-14 19:00:00
59910.0,60575.0,59864.5,60088.9,403893.7,4038.937,243392225.8924,1,2024-07-14 20:00:00
60088.8,61473.2,60015.4,61301.4,1189168.1,11891.681,723438949.5804,1,2024-07-14 21:00:00
61304.8,61402.2,60750.0,60854.1,520588.1,5205.881,317337561.0168,1,2024-07-14 22:00:00
60854.0,61179.2,60701.1,60789.8,408848.0,4088.48,249280531.7773,1,2024-07-14 23:00:00
60789.7,61330.0,60638.8,61218.0,490703.4,4907.034,299214063.3458,1,2024-07-15 00:00:00
61218.0,61811.0,61181.0,61395.4,903646.8,9036.468,555680300.7555,1,2024-07-15 01:00:00
61395.4,62639.3,61295.0,62487.0,1532953.8,15329.538,953009191.0941,1,2024-07-15 02:00:00
62486.9,62805.4,62333.3,62645.7,726378.6,7263.786,454488226.6916,1,2024-07-15 03:00:00
62645.8,62845.5,62436.7,62611.5,507860.8,5078.608,317984289.3795,1,2024-07-15 04:00:00
62611.5,62980.0,62540.0,62811.2,520959.5,5209.595,327078027.1662,1,2024-07-15 05:00:00
62811.2,63029.6,62710.6,62877.3,464114.4,4641.144,291935434.8784,1,2024-07-15 06:00:00
62877.4,63118.6,62742.2,62848.4,443171.2,4431.712,278819036.4556,1,2024-07-15 07:00:00
62848.1,63280.7,62806.1,62890.0,637669.5,6376.695,401808840.4407,1,2024-07-15 08:00:00
62890.1,62919.9,62553.1,62651.0,628612.2,6286.122,394225832.9593,1,2024-07-15 09:00:00
62651.1,62831.9,62421.7,62549.9,362430.2,3624.302,226994940.2246,1,2024-07-15 10:00:00
62550.0,62618.7,62300.0,62466.0,393466.2,3934.662,245754737.0163,1,2024-07-15 11:00:00
62466.0,62823.9,62454.2,62623.2,389222.0,3892.22,243874718.9589,1,2024-07-15 12:00:00
62623.1,62990.0,62488.0,62917.1,704483.4,7044.834,442367768.8507,1,2024-07-15 13:00:00
62917.6,63241.6,62728.8,63214.1,630842.6,6308.426,397286879.8127,1,2024-07-15 14:00:00
63214.1,63330.0,62854.4,63019.1,727088.4,7270.884,458657757.1231,1,2024-07-15 15:00:00
63019.1,63641.7,62855.3,63410.1,878011.2,8780.112,556119473.855,1,2024-07-15 16:00:00
63410.6,63777.0,63085.0,63087.0,775784.3,7757.843,492304756.986,1,2024-07-15 17:00:00
63087.0,63630.2,63001.0,63511.7,410333.0,4103.33,260033827.4595,1,2024-07-15 18:00:00
63511.7,63813.0,63202.9,63353.7,875536.2,8755.362,556095816.1624,1,2024-07-15 19:00:00
63353.7,63786.7,63252.9,63728.1,337705.0,3377.05,214679899.0681,1,2024-07-15 20:00:00
63728.1,63796.6,63470.6,63537.4,206315.3,2063.153,131280464.9961,1,2024-07-15 21:00:00
63537.5,64800.0,63502.2,64372.0,1437604.1,14376.041,924253519.1916,1,2024-07-15 22:00:00
64372.0,64948.3,64250.0,64750.0,721063.0,7210.63,466219666.4266,1,2024-07-15 23:00:00
64750.0,64992.0,64458.0,64640.8,634176.6,6341.766,410386550.2081,1,2024-07-16 00:00:00
64640.8,64881.0,64489.1,64864.4,300938.5,3009.385,194778719.3183,1,2024-07-16 01:00:00
64864.3,64864.3,64567.2,64830.3,336430.2,3364.302,217669996.8013,1,2024-07-16 02:00:00
64830.2,64880.0,64640.0,64767.5,243545.5,2435.455,157721872.8966,1,2024-07-16 03:00:00
64767.5,65000.0,64481.8,64503.0,619989.9,6199.899,401242712.9369,1,2024-07-16 04:00:00
64503.1,64572.0,63477.1,63664.9,1401787.8,14017.878,896392701.4655,1,2024-07-16 05:00:00
63665.0,63901.8,62800.0,62918.3,1196790.5,11967.905,758418021.9333,1,2024-07-16 06:00:00
62918.4,63333.0,62718.0,62920.1,945258.2,9452.582,595766267.3883,1,2024-07-16 07:00:00
62920.1,63106.4,62375.0,62826.5,922881.1,9228.811,578850526.886,1,2024-07-16 08:00:00
62826.6,63251.9,62682.0,63185.7,677119.7,6771.197,426836435.1515,1,2024-07-16 09:00:00
63185.7,63665.0,63080.1,63446.3,664881.3,6648.813,421620903.6699,1,2024-07-16 10:00:00
63446.4,63860.8,63143.5,63758.4,699293.6,6992.936,444685523.5318,1,2024-07-16 11:00:00
63758.4,64285.0,63601.3,63752.3,858995.8,8589.958,549024816.8511,1,2024-07-16 12:00:00
63752.3,64116.7,63402.1,63425.3,837134.5,8371.345,534074889.4263,1,2024-07-16 13:00:00
63425.3,63911.0,63073.2,63844.1,940915.2,9409.152,597221445.5845,1,2024-07-16 14:00:00
63844.1,64987.0,63800.0,64881.8,1480216.7,14802.167,954759540.4767,1,2024-07-16 15:00:00
64881.9,65246.8,64225.0,64518.5,1470567.0,14705.67,951142643.4492,1,2024-07-16 16:00:00
64518.4,64671.7,64128.0,64560.5,411406.4,4114.064,264975652.6044,1,2024-07-16 17:00:00
64560.4,64939.9,64414.0,64811.2,337960.8,3379.608,218560807.5918,1,2024-07-16 18:00:00
64811.3,65202.8,64602.3,65180.0,604381.0,6043.81,392566931.0627,1,2024-07-16 19:00:00
65178.0,65201.8,64620.1,64672.1,336299.4,3362.994,218507681.7509,1,2024-07-16 20:00:00
64672.8,64846.0,64472.5,64500.1,185808.1,1858.081,120142622.048,1,2024-07-16 21:00:00
64500.1,64634.1,64110.6,64622.9,350304.8,3503.048,225526522.3481,1,2024-07-16 22:00:00
64623.0,65398.8,64617.6,65047.1,655544.6,6555.446,426777161.7463,1,2024-07-16 23:00:00
65047.2,65640.6,64933.0,65515.8,670025.3,6700.253,437850687.5366,1,2024-07-17 00:00:00
65515.8,66149.4,65438.6,65677.6,1049487.4,10494.874,690978790.3736,1,2024-07-17 01:00:00
65677.6,65922.0,65555.0,65623.3,445329.6,4453.296,292723736.6283,1,2024-07-17 02:00:00
65623.4,65810.0,65400.0,65709.0,409913.2,4099.132,268975615.3494,1,2024-07-17 03:00:00
65709.1,65874.0,65557.5,65851.3,327212.5,3272.125,215154678.1742,1,2024-07-17 04:00:00
65851.3,66025.3,65614.0,65636.3,427959.6,4279.596,281677993.6962,1,2024-07-17 05:00:00
65636.3,65811.0,65480.1,65583.8,315049.1,3150.491,206783524.6887,1,2024-07-17 06:00:00
65583.6,65595.0,65211.5,65269.9,507277.2,5072.772,331702605.3153,1,2024-07-17 07:00:00
65269.9,65496.3,64806.9,65187.6,858375.0,8583.75,559506794.0303,1,2024-07-17 08:00:00
65187.6,65520.0,65085.0,65338.0,368497.4,3684.974,240772418.3558,1,2024-07-17 09:00:00
65337.9,65365.0,65106.0,65134.6,269643.2,2696.432,175864830.3439,1,2024-07-17 10:00:00
65134.6,65161.5,64580.0,64737.4,777045.2,7770.452,503736561.9389,1,2024-07-17 11:00:00
64737.4,65025.0,64580.6,64742.5,409319.8,4093.198,265295904.6986,1,2024-07-17 12:00:00
64742.5,65326.0,64530.8,65138.2,853774.2,8537.742,554165897.7213,1,2024-07-17 13:00:00
65138.3,65241.2,64618.7,65036.9,673562.3,6735.623,437540670.5344,1,2024-07-17 14:00:00
65036.9,65422.0,64636.0,64740.8,655728.3,6557.283,426199806.43,1,2024-07-17 15:00:00
64740.8,64782.9,63855.0,64250.4,1476845.8,14768.458,949579670.8835,1,2024-07-17 16:00:00
64250.4,64426.5,63938.7,64287.4,475872.0,4758.72,305601416.0733,1,2024-07-17 17:00:00
64287.4,64578.0,64211.0,64508.0,256422.3,2564.223,165253202.1928,1,2024-07-17 18:00:00
64507.9,64766.9,64447.7,64580.4,249868.1,2498.681,161486569.5231,1,2024-07-17 19:00:00
64580.3,64679.2,64500.6,64515.9,108886.9,1088.869,70324015.9217,1,2024-07-17 20:00:00
64515.8,64566.5,64046.4,64320.0,291675.6,2916.756,187466966.1571,1,2024-07-17 21:00:00
64320.1,64450.0,64099.0,64260.7,206563.3,2065.633,132733275.8385,1,2024-07-17 22:00:00
64260.7,64376.9,64085.8,64093.4,190268.5,1902.685,122155880.2266,1,2024-07-17 23:00:00
64093.3,64546.3,63906.9,64442.0,407676.7,4076.767,261858472.7486,1,2024-07-18 00:00:00
64442.0,64680.0,64366.7,64676.6,235880.7,2358.807,152276001.3254,1,2024-07-18 01:00:00
64676.6,65155.3,64240.0,64699.3,821323.3,8213.233,531425711.3687,1,2024-07-18 02:00:00
64699.2,64955.0,64618.0,64861.5,234159.1,2341.591,151754805.8764,1,2024-07-18 03:00:00
64861.6,64884.0,64537.9,64574.1,203621.2,2036.212,131726876.6037,1,2024-07-18 04:00:00
64574.1,64870.8,64398.6,64760.0,268084.8,2680.848,173200403.8374,1,2024-07-18 05:00:00
64760.0,65058.6,64704.2,64988.7,301062.6,3010.626,195432620.0346,1,2024-07-18 06:00:00
64988.6,65030.0,64655.0,64676.4,221260.5,2212.605,143415420.9959,1,2024-07-18 07:00:00
64676.3,64963.0,64632.8,64940.9,246150.6,2461.506,159439737.747,1,2024-07-18 08:00:00
64940.8,64949.9,64725.2,64859.2,130762.4,1307.624,84816538.4739,1,2024-07-18 09:00:00
64859.2,64859.3,64481.5,64617.1,301287.4,3012.874,194690459.4525,1,2024-07-18 10:00:00
64617.1,64766.7,64441.0,64760.0,256824.8,2568.248,165928474.4661,1,2024-07-18 11:00:00
64759.9,65017.0,64715.9,64836.2,347017.9,3470.179,225092565.7663,1,2024-07-18 12:00:00
64836.3,65123.0,64503.3,64594.1,585019.3,5850.193,379033922.2126,1,2024-07-18 13:00:00
64594.1,64715.9,63707.1,64000.0,1125022.3,11250.223,721798255.5375,1,2024-07-18 14:00:00
64000.0,64001.9,63400.0,63545.0,1154178.9,11541.789,735085883.187,1,2024-07-18 15:00:00
63545.1,63915.9,63318.6,63914.9,598706.1,5987.061,381074333.874,1,2024-07-18 16:00:00
63914.9,63968.7,63506.0,63563.2,317170.7,3171.707,202189533.2649,1,2024-07-18 17:00:00
63563.3,63673.3,63330.0,63528.5,314473.2,3144.732,199692635.9073,1,2024-07-18 18:00:00
63531.6,63760.0,63232.6,63569.4,454789.3,4547.893,288777657.7546,1,2024-07-18 19:00:00
63570.0,63862.1,63450.0,63829.0,216514.1,2165.141,137807491.7909,1,2024-07-18 20:00:00
63829.1,63928.4,63759.8,63847.9,136951.7,1369.517,87425130.6466,1,2024-07-18 21:00:00
63847.6,64134.3,63713.0,64029.6,348561.0,3485.61,222979202.4077,1,2024-07-18 22:00:00
64029.5,64082.9,63949.0,63985.6,111912.2,1119.122,71622680.1199,1,2024-07-18 23:00:00
63985.7,64027.2,63551.0,63605.8,304667.6,3046.676,194166520.419,1,2024-07-19 00:00:00
63605.9,63865.7,63300.0,63818.0,462345.8,4623.458,293896386.1144,1,2024-07-19 01:00:00
63818.0,63940.0,63643.8,63838.4,202717.5,2027.175,129361300.7203,1,2024-07-19 02:00:00
63838.4,64375.8,63820.1,64330.0,551228.2,5512.282,353579275.6342,1,2024-07-19 03:00:00
64330.0,64406.6,64137.5,64140.9,257672.4,2576.724,165567523.7953,1,2024-07-19 04:00:00
64141.0,64260.6,64093.5,64179.9,160836.0,1608.36,103206026.8721,1,2024-07-19 05:00:00
64179.9,64504.7,64149.6,64213.5,366413.1,3664.131,235803975.5095,1,2024-07-19 06:00:00
64213.5,64213.5,63615.5,63715.4,547659.1,5476.591,349835306.1941,1,2024-07-19 07:00:00
63715.3,63929.5,63416.1,63822.5,584318.8,5843.188,371944239.2103,1,2024-07-19 08:00:00
63822.6,64143.0,63661.3,63710.3,414152.2,4141.522,264638201.5915,1,2024-07-19 09:00:00
63710.0,64168.3,63666.1,64009.6,328918.3,3289.183,210508368.2838,1,2024-07-19 10:00:00
64009.5,64198.0,63934.6,64127.9,228268.8,2282.688,146198560.1004,1,2024-07-19 11:00:00
64128.0,64440.0,64044.0,64414.3,435039.5,4350.395,279573474.564,1,2024-07-19 12:00:00
64414.3,65342.4,64030.1,65136.4,1532870.3,15328.703,992024493.8835,1,2024-07-19 13:00:00
65136.3,65900.0,64999.7,65746.0,1633129.9,16331.299,1070435931.2072,1,2024-07-19 14:00:00
65746.0,65868.8,65275.5,65838.9,888686.5,8886.865,582914631.1437,1,2024-07-19 15:00:00
65841.5,66650.0,65830.7,66426.1,1820733.3,18207.333,1206663219.9752,1,2024-07-19 16:00:00
66426.1,66871.0,66260.0,66764.9,832146.1,8321.461,554127591.6124,1,2024-07-19 17:00:00
66764.9,66819.9,66444.0,66802.0,462559.9,4625.599,308204349.8423,1,2024-07-19 18:00:00
66802.0,67423.7,66802.0,67164.1,1260559.8,12605.598,846043733.369,1,2024-07-19 19:00:00
67160.7,67233.3,66891.1,66936.3,435664.5,4356.645,291905317.731,1,2024-07-19 20:00:00
66936.1,67363.0,66893.9,66896.0,319302.7,3193.027,214353653.378,1,2024-07-19 21:00:00
66895.9,67011.0,66656.9,66727.2,226776.1,2267.761,151588491.2194,1,2024-07-19 22:00:00
66727.2,66920.8,66617.8,66668.1,198796.3,1987.963,132690012.2381,1,2024-07-19 23:00:00
66668.1,66845.2,66286.3,66440.5,437441.2,4374.412,291055532.5881,1,2024-07-20 00:00:00
66440.6,66733.3,66198.5,66380.0,317062.8,3170.628,210709483.6711,1,2024-07-20 01:00:00
66379.9,66652.1,66331.9,66584.2,188334.8,1883.348,125286991.9161,1,2024-07-20 02:00:00
66584.1,66769.4,66567.1,66608.0,148712.0,1487.12,99140163.6011,1,2024-07-20 03:00:00
66608.0,66722.0,66475.0,66666.0,134671.6,1346.716,89705368.0661,1,2024-07-20 04:00:00
66665.9,66667.8,66439.8,66544.0,132191.8,1321.918,87944076.3439,1,2024-07-20 05:00:00
66544.1,66684.5,66508.0,66635.0,109678.3,1096.783,73047616.7893,1,2024-07-20 06:00:00
66635.0,66776.9,66511.8,66566.8,149022.0,1490.22,99311473.4413,1,2024-07-20 07:00:00
66566.7,66650.0,66464.1,66510.6,139131.4,1391.314,92583822.7767,1,2024-07-20 08:00:00
66510.7,66750.0,66484.3,66590.0,135172.1,1351.721,90062469.8112,1,2024-07-20 09:00:00
66590.1,66666.0,66493.4,66537.4,106226.8,1062.268,70697132.1115,1,2024-07-20 10:00:00
66537.4,66588.0,66477.8,66493.1,100509.5,1005.095,66860443.2486,1,2024-07-20 11:00:00
66493.2,66585.5,66472.7,66482.8,97307.1,973.071,64733751.4043,1,2024-07-20 12:00:00
66482.7,66665.2,66281.1,66552.8,291254.9,2912.549,193597591.3971,1,2024-07-20 13:00:00
66552.8,66714.8,66512.1,66590.8,157559.3,1575.593,104966497.9612,1,2024-07-20 14:00:00
66590.7,66852.0,66590.7,66829.4,271970.9,2719.709,181464840.2248,1,2024-07-20 15:00:00
66829.4,67085.2,66668.4,66813.6,366305.9,3663.059,244940652.6245,1,2024-07-20 16:00:00
66813.6,67655.0,66762.4,67410.3,1035639.4,10356.394,697100530.2157,1,2024-07-20 17:00:00
67410.4,67586.2,67222.7,67465.4,233348.3,2333.483,157311347.7826,1,2024-07-20 18:00:00
67465.4,67513.9,67127.5,67230.9,224250.2,2242.502,150888778.2348,1,2024-07-20 19:00:00
67230.9,67443.2,67219.2,67345.5,115482.6,1154.826,77759562.1204,1,2024-07-20 20:00:00
67345.4,67349.8,66771.9,67096.2,384212.2,3842.122,257565106.9651,1,2024-07-20 21:00:00
67096.3,67319.7,66858.3,67112.0,253808.6,2538.086,170197493.678,1,2024-07-20 22:00:00
67111.9,67195.7,67087.3,67135.8,75414.7,754.147,50637473.6984,1,2024-07-20 23:00:00
67138.1,67341.4,66970.0,67076.2,160212.1,1602.121,107543409.1738,1,2024-07-21 00:00:00
67076.1,67437.9,67045.7,67280.0,158055.3,1580.553,106331302.3519,1,2024-07-21 01:00:00
67280.0,67400.0,67269.8,67280.0,83961.0,839.61,56519684.6067,1,2024-07-21 02:00:00
67279.8,67375.0,67155.0,67182.5,111513.7,1115.137,74999165.1312,1,2024-07-21 03:00:00
67182.5,67227.8,67009.0,67053.1,142111.6,1421.116,95368480.2897,1,2024-07-21 04:00:00
67053.1,67119.7,66880.0,67054.9,168538.7,1685.387,112934316.4187,1,2024-07-21 05:00:00
67054.9,67100.4,66620.0,66727.8,382091.0,3820.91,255169239.3197,1,2024-07-21 06:00:00
66726.5,66840.2,66596.0,66713.7,188416.4,1884.164,125709531.9888,1,2024-07-21 07:00:00
66713.7,66913.3,66680.6,66806.1,146307.4,1463.074,97760901.0378,1,2024-07-21 08:00:00
66806.1,67041.4,66766.1,66989.3,155475.2,1554.752,104068833.7949,1,2024-07-21 09:00:00
66989.2,67088.0,66800.0,66800.0,137812.8,1378.128,92248691.821,1,2024-07-21 10:00:00
66800.1,66886.6,66757.9,66886.6,79115.8,791.158,52867737.3653,1,2024-07-21 11:00:00
66886.5,67002.4,66842.8,66937.5,113004.4,1130.044,75634939.4276,1,2024-07-21 12:00:00
66935.6,66980.0,66603.2,66775.4,234620.5,2346.205,156621671.4034,1,2024-07-21 13:00:00
66775.4,67413.0,66684.3,67291.0,609872.1,6098.721,409644645.3232,1,2024-07-21 14:00:00
67290.9,67522.0,66972.6,67164.0,524835.8,5248.358,352933451.2362,1,2024-07-21 15:00:00
67164.1,67664.8,66954.4,67576.7,565534.5,5655.345,380780968.4553,1,2024-07-21 16:00:00
67576.7,67743.4,66480.0,66660.1,810992.8,8109.928,544226012.7809,1,2024-07-21 17:00:00
66660.0,67370.2,65769.1,66870.1,1799768.9,17997.689,1197587814.996,1,2024-07-21 18:00:00
66870.1,67800.0,66786.5,67428.0,671258.0,6712.58,452261270.8699,1,2024-07-21 19:00:00
67428.1,68245.9,67280.1,67736.8,918831.9,9188.319,623914308.3837,1,2024-07-21 20:00:00
67737.9,68360.0,67553.8,68191.4,417107.9,4171.079,283540405.4445,1,2024-07-21 21:00:00
68197.9,68399.0,67932.0,68017.9,271356.6,2713.566,184901598.8602,1,2024-07-21 22:00:00
68017.9,68214.9,67880.9,68170.2,241534.7,2415.347,164390459.2403,1,2024-07-21 23:00:00
68170.2,68497.9,68034.8,68192.7,432144.3,4321.443,295020395.0246,1,2024-07-22 00:00:00
68192.7,68232.3,67758.9,67855.2,412554.2,4125.542,280341161.6121,1,2024-07-22 01:00:00
67855.2,68200.0,67762.0,68076.3,268110.2,2681.102,182441663.2129,1,2024-07-22 02:00:00
68076.4,68111.4,67843.0,67885.0,232386.6,2323.866,157958670.8455,1,2024-07-22 03:00:00
67885.1,68009.4,67761.5,67941.8,177049.9,1770.499,120203792.1622,1,2024-07-22 04:00:00
67941.8,67956.8,67517.2,67646.6,305459.6,3054.596,206755868.2355,1,2024-07-22 05:00:00
67646.7,67766.5,67120.0,67417.1,512552.9,5125.529,345604575.1189,1,2024-07-22 06:00:00
67417.0,67427.2,67180.7,67231.2,300954.6,3009.546,202462664.244,1,2024-07-22 07:00:00
67233.9,67406.9,67030.0,67090.0,297101.2,2971.012,199672670.3959,1,2024-07-22 08:00:00
67090.0,67428.0,66929.7,67424.1,291948.5,2919.485,196258450.861,1,2024-07-22 09:00:00
67424.2,67532.8,67300.0,67425.8,206581.2,2065.812,139308483.7746,1,2024-07-22 10:00:00
67425.9,67619.2,67281.6,67525.1,184742.8,1847.428,124602184.0516,1,2024-07-22 11:00:00
67525.0,67710.0,67369.7,67710.0,267905.5,2679.055,181067281.3728,1,2024-07-22 12:00:00
67710.0,67960.0,66984.5,67100.0,873898.0,8738.98,589653620.2011,1,2024-07-22 13:00:00
67099.9,67328.0,66610.0,66731.9,828264.7,8282.647,554642801.2997,1,2024-07-22 14:00:00
66732.0,67202.8,66578.0,67077.9,492294.0,4922.94,329392448.1497,1,2024-07-22 15:00:00
67077.9,67337.0,66822.0,67052.5,318299.1,3182.991,213552532.6731,1,2024-07-22 16:00:00
67052.6,67476.7,67006.6,67470.5,232370.9,2323.709,156407926.9454,1,2024-07-22 17:00:00
67470.4,67689.3,67334.1,67456.3,289187.2,2891.872,195243220.0793,1,2024-07-22 18:00:00
67456.4,68278.8,67380.0,68228.1,602221.8,6022.218,409006123.2738,1,2024-07-22 19:00:00
68228.1,68250.0,67774.8,68126.2,413126.7,4131.267,281081004.3089,1,2024-07-22 20:00:00
68126.2,68170.9,67650.6,67845.4,202010.6,2020.106,137044318.1434,1,2024-07-22 21:00:00
67845.4,67863.8,67500.1,67650.1,233151.9,2331.519,157712491.2836,1,2024-07-22 22:00:00
67652.0,67654.9,67220.9,67523.1,317034.9,3170.349,213838825.521,1,2024-07-22 23:00:00
67526.0,67763.5,67438.7,67481.5,231542.4,2315.424,156536793.7209,1,2024-07-23 00:00:00
67481.4,67499.9,67222.0,67420.1,273653.3,2736.533,184350178.2536,1,2024-07-23 01:00:00
67420.0,67706.0,67251.7,67665.4,258301.4,2583.014,174385242.6155,1,2024-07-23 02:00:00
67658.4,67722.5,67444.8,67477.8,118777.1,1187.771,80268106.2207,1,2024-07-23 03:00:00
67477.8,67535.3,66940.0,66944.1,427178.6,4271.786,287005156.3631,1,2024-07-23 04:00:00
66944.1,66962.9,66328.0,66443.9,897582.1,8975.821,597583169.381,1,2024-07-23 05:00:00
66443.9,66779.5,66395.6,66536.8,446209.3,4462.093,297255113.2737,1,2024-07-23 06:00:00
66536.7,66664.9,66267.0,66596.2,322812.1,3228.121,214603941.967,1,2024-07-23 07:00:00
66596.1,67033.5,66530.7,66900.5,567581.2,5675.812,379337696.0013,1,2024-07-23 08:00:00
66900.5,67176.0,66766.6,66930.1,356001.9,3560.019,238549682.5363,1,2024-07-23 09:00:00
66933.4,67029.8,66804.9,66870.7,198827.3,1988.273,133056907.0232,1,2024-07-23 10:00:00
66867.6,66869.9,66450.8,66681.1,397925.9,3979.259,265239775.8538,1,2024-07-23 11:00:00
66681.1,66772.7,66381.0,66508.4,323786.2,3237.862,215416813.2794,1,2024-07-23 12:00:00
66508.4,66767.6,65956.8,66102.8,1095821.5,10958.215,726894296.2885,1,2024-07-23 13:00:00
66102.8,67352.0,65980.0,67212.9,1335408.3,13354.083,893023379.1549,1,2024-07-23 14:00:00
67212.9,67232.2,66314.2,66578.8,1122876.5,11228.765,748923349.7664,1,2024-07-23 15:00:00
66575.0,66776.0,65832.0,65855.3,927813.4,9278.134,614845736.6258,1,2024-07-23 16:00:00
65855.2,66120.0,65685.8,65936.6,744197.0,7441.97,490429156.3774,1,2024-07-23 17:00:00
65936.7,66118.4,65782.0,65862.7,335665.3,3356.653,221298876.7882,1,2024-07-23 18:00:00
65862.9,66066.9,65425.8,65530.7,644835.1,6448.351,423757084.412,1,2024-07-23 19:00:00
65530.7,66020.0,65473.6,65819.2,549390.1,5493.901,361212738.4465,1,2024-07-23 20:00:00
65819.3,66055.7,65767.6,65875.0,198230.3,1982.303,130631565.722,1,2024-07-23 21:00:00
65875.0,66048.1,65779.2,65911.7,201578.4,2015.784,132857510.842,1,2024-07-23 22:00:00
65911.7,66046.0,65786.8,65941.0,187661.3,1876.613,123719117.5281,1,2024-07-23 23:00:00
65941.0,66158.6,65766.8,65774.5,204207.5,2042.075,134631791.0098,1,2024-07-24 00:00:00
65774.6,66127.9,65622.0,65671.7,293213.9,2932.139,193004451.5249,1,2024-07-24 01:00:00
65671.6,65935.9,65477.4,65880.1,313807.1,3138.071,205964598.4009,1,2024-07-24 02:00:00
65880.0,66117.5,65788.0,66051.9,248356.3,2483.563,163890384.6115,1,2024-07-24 03:00:00
66051.9,66074.2,65770.0,65856.5,203033.0,2030.33,133809839.6003,1,2024-07-24 04:00:00
65857.9,65918.1,65600.0,65812.2,179194.7,1791.947,117804818.4435,1,2024-07-24 05:00:00
65812.1,66000.0,65767.7,65891.8,197258.4,1972.584,129971810.3926,1,2024-07-24 06:00:00
65891.8,66075.9,65865.0,66075.9,154191.9,1541.919,101749928.5734,1,2024-07-24 07:00:00
66075.9,66444.0,65988.9,66429.8,576335.0,5763.35,381938740.8637,1,2024-07-24 08:00:00
66429.8,66474.2,66288.0,66389.9,212776.5,2127.765,141239374.1668,1,2024-07-24 09:00:00
66390.0,66599.2,66336.0,66495.3,328384.9,3283.849,218278726.8737,1,2024-07-24 10:00:00
66495.2,66554.9,66321.0,66361.0,215700.4,2157.004,143327678.4199,1,2024-07-24 11:00:00
66361.0,66569.8,66173.2,66213.7,288074.8,2880.748,191128807.8818,1,2024-07-24 12:00:00
66213.7,66917.3,66200.0,66347.2,898752.4,8987.524,598832888.8073,1,2024-07-24 13:00:00
66347.3,67126.4,66290.0,66759.3,886620.1,8866.201,592513506.7245,1,2024-07-24 14:00:00
66759.2,66816.0,66098.3,66189.1,729773.6,7297.736,484549660.7395,1,2024-07-24 15:00:00
66189.2,66498.0,65974.0,66388.2,424958.6,4249.586,281496768.2796,1,2024-07-24 16:00:00
66388.2,66713.4,66316.2,66589.2,325971.3,3259.713,216907029.5788,1,2024-07-24 17:00:00
66589.2,66662.6,65717.7,65771.0,613508.5,6135.085,405579113.4315,1,2024-07-24 18:00:00
65771.1,66123.0,65573.8,65664.6,485817.3,4858.173,319823746.2298,1,2024-07-24 19:00:00
65661.0,66077.8,65661.0,66052.6,166971.4,1669.714,110024336.7014,1,2024-07-24 20:00:00
66052.6,66071.8,65084.6,65648.1,693534.1,6935.341,454158916.7194,1,2024-07-24 21:00:00
65648.2,65676.0,65255.0,65298.9,295886.8,2958.868,193662798.1805,1,2024-07-24 22:00:00
65299.0,65470.3,65101.3,65377.4,263820.7,2638.207,172343279.837,1,2024-07-24 23:00:00
65377.4,65635.4,65268.1,65513.7,274105.1,2741.051,179521671.3243,1,2024-07-25 00:00:00
65513.6,65513.6,64200.0,64478.0,1924199.8,19241.998,1242139571.6497,1,2024-07-25 01:00:00
64478.0,64481.9,63945.0,64199.0,701318.1,7013.181,450270372.7032,1,2024-07-25 02:00:00
64199.0,64291.4,63823.9,64093.5,577005.2,5770.052,369753852.061,1,2024-07-25 03:00:00
64093.5,64285.8,63767.3,64223.5,474389.6,4743.896,303958868.5976,1,2024-07-25 04:00:00
64223.5,64328.6,64118.3,64259.6,215853.3,2158.533,138643023.9719,1,2024-07-25 05:00:00
64259.7,64363.6,64076.6,64312.0,213985.4,2139.854,137403434.7417,1,2024-07-25 06:00:00
64312.1,64387.9,64055.5,64126.4,272201.6,2722.016,174843378.988,1,2024-07-25 07:00:00
64126.2,64407.6,63867.2,64344.2,570572.6,5705.726,365746133.7126,1,2024-07-25 08:00:00
64344.2,64471.8,64205.1,64306.4,223313.1,2233.131,143704745.9614,1,2024-07-25 09:00:00
64306.5,64313.9,63966.0,64158.1,249700.2,2497.002,160020359.837,1,2024-07-25 10:00:00
64158.1,64290.0,64082.0,64105.7,188524.2,1885.242,121028014.5623,1,2024-07-25 11:00:00
64105.8,64407.0,63914.6,64126.9,427009.2,4270.092,273858786.9702,1,2024-07-25 12:00:00
64127.0,64360.8,63733.5,64048.0,673166.4,6731.664,431048045.3168,1,2024-07-25 13:00:00
64046.5,64838.4,63433.6,64818.0,1829465.8,18294.658,1173682027.4335,1,2024-07-25 14:00:00
64818.0,65012.4,64526.7,64785.9,830720.4,8307.204,538074522.1107,1,2024-07-25 15:00:00
64786.0,65168.5,64622.9,64862.2,504974.7,5049.747,327818531.3984,1,2024-07-25 16:00:00
64862.3,65065.1,64752.4,65038.3,299102.9,2991.029,194130546.3827,1,2024-07-25 17:00:00
65038.4,65188.3,64383.2,64563.8,487997.2,4879.972,316216651.6142,1,2024-07-25 18:00:00
64563.8,65000.0,64386.9,64680.1,366728.9,3667.289,237411697.6873,1,2024-07-25 19:00:00
64681.9,65298.9,64414.8,65286.1,463172.7,4631.727,300419577.4351,1,2024-07-25 20:00:00
65286.1,66057.0,65204.0,65834.4,870758.8,8707.588,571466270.3857,1,2024-07-25 21:00:00
65834.3,66176.4,65639.8,65643.2,451736.1,4517.361,297609981.4125,1,2024-07-25 22:00:00
65643.1,65825.0,65627.7,65799.9,207804.6,2078.046,136564640.5417,1,2024-07-25 23:00:00
65800.0,66469.0,65720.0,66381.1,591862.0,5918.62,391283283.5184,1,2024-07-26 00:00:00
66381.1,66566.0,66216.2,66426.5,412547.8,4125.478,273903401.4482,1,2024-07-26 01:00:00
66426.5,67200.0,66385.5,67012.0,942456.8,9424.568,630049316.7227,1,2024-07-26 02:00:00
67012.0,67498.9,66932.0,67046.6,820620.7,8206.207,551572343.2015,1,2024-07-26 03:00:00
67046.6,67132.3,66890.1,67086.0,379743.2,3797.432,254404411.3075,1,2024-07-26 04:00:00
67086.0,67120.0,66880.0,66935.9,215556.2,2155.562,144358141.5128,1,2024-07-26 05:00:00
66935.9,67173.5,66892.5,67068.1,200909.2,2009.092,134715127.7512,1,2024-07-26 06:00:00
67068.1,67193.0,66900.0,66912.6,269191.7,2691.917,180414058.6159,1,2024-07-26 07:00:00
66912.7,67149.8,66912.6,67106.2,201877.2,2018.772,135381271.1671,1,2024-07-26 08:00:00
67106.3,67524.4,67084.6,67300.1,559531.7,5595.317,376699163.6622,1,2024-07-26 09:00:00
67300.1,67425.2,67175.0,67312.8,329630.2,3296.302,221887169.2891,1,2024-07-26 10:00:00
67312.7,67381.3,67156.0,67338.5,186369.2,1863.692,125342011.1088,1,2024-07-26 11:00:00
67338.5,67419.6,67079.5,67313.9,338595.6,3385.956,227659570.9258,1,2024-07-26 12:00:00
67314.0,67987.0,67161.0,67891.9,1192297.2,11922.972,806267616.2481,1,2024-07-26 13:00:00
67891.9,67999.0,66855.2,67342.4,1433237.6,14332.376,965746652.0674,1,2024-07-26 14:00:00
67342.4,67760.0,67292.9,67574.4,572666.8,5726.668,386898534.1239,1,2024-07-26 15:00:00
67574.4,67695.0,67366.7,67404.0,274938.5,2749.385,185740210.0841,1,2024-07-26 16:00:00
67404.0,67610.8,67300.0,67370.3,322416.1,3224.161,217304617.4529,1,2024-07-26 17:00:00
67370.3,67607.4,67333.0,67568.9,225340.1,2253.401,152080783.3198,1,2024-07-26 18:00:00
67568.9,68197.7,67541.4,67997.2,580448.1,5804.481,394079733.657,1,2024-07-26 19:00:00
67997.2,68007.8,67422.9,67450.1,395309.8,3953.098,267556115.5968,1,2024-07-26 20:00:00
67450.1,68231.2,67440.3,67957.3,348858.3,3488.583,237019487.5911,1,2024-07-26 21:00:00
67957.4,68099.0,67861.5,67938.9,144790.9,1447.909,98399201.0532,1,2024-07-26 22:00:00
67940.0,67980.9,67849.7,67910.2,94839.6,948.396,64397989.7146,1,2024-07-26 23:00:00
67910.2,67954.9,67800.4,67872.5,144447.0,1444.47,98034137.2758,1,2024-07-27 00:00:00
67872.5,67879.5,67628.8,67665.5,153227.1,1532.271,103815369.0268,1,2024-07-27 01:00:00
67665.5,68087.2,67653.3,68023.6,185774.8,1857.748,126083804.2563,1,2024-07-27 02:00:00
68023.7,68078.7,67768.7,67803.7,208024.1,2080.241,141189462.1316,1,2024-07-27 03:00:00
67802.1,67913.8,67776.0,67870.4,82787.2,827.872,56166140.5189,1,2024-07-27 04:00:00
67870.3,68016.4,67870.3,67905.4,129583.3,1295.833,88055133.8966,1,2024-07-27 05:00:00
67901.5,68102.7,67893.0,68099.9,117394.5,1173.945,79839312.2926,1,2024-07-27 06:00:00
68099.9,68335.0,68050.0,68055.1,493090.1,4930.901,336267778.8924,1,2024-07-27 07:00:00
68055.2,68193.0,67908.0,68005.2,196348.4,1963.484,133578342.3325,1,2024-07-27 08:00:00
68005.3,68240.0,67965.0,68231.5,161292.8,1612.928,109899808.9518,1,2024-07-27 09:00:00
68231.5,68275.0,68088.1,68164.8,144293.0,1442.93,98391635.1657,1,2024-07-27 10:00:00
68164.8,68231.2,68032.2,68229.9,129357.4,1293.574,88137731.2957,1,2024-07-27 11:00:00
68230.0,68499.9,68209.2,68410.7,447389.6,4473.896,305960829.9051,1,2024-07-27 12:00:00
68410.6,69419.0,68406.2,69252.2,1357700.2,13577.002,936403339.4165,1,2024-07-27 13:00:00
69252.2,69434.3,68794.2,68994.0,710988.2,7109.882,491127208.1477,1,2024-07-27 14:00:00
68994.0,69098.3,68613.7,68874.4,547384.1,5473.841,376788916.7821,1,2024-07-27 15:00:00
68874.4,69011.8,68665.0,68711.0,357649.5,3576.495,246250092.5252,1,2024-07-27 16:00:00
68711.0,68779.2,68440.0,68554.1,547775.9,5477.759,375710562.2264,1,2024-07-27 17:00:00
68554.1,69011.4,68517.2,68551.1,442172.0,4421.72,304099761.6081,1,2024-07-27 18:00:00
68551.0,68648.4,67676.2,68259.9,1212631.7,12126.317,827148103.6229,1,2024-07-27 19:00:00
68259.9,68500.0,66621.1,67794.0,4196604.8,41966.048,2835499138.8251,1,2024-07-27 20:00:00
67792.6,69233.0,67596.4,68872.0,1317724.6,13177.246,903656666.7362,1,2024-07-27 21:00:00
68872.1,68876.0,68545.6,68633.5,344670.8,3446.708,236816013.121,1,2024-07-27 22:00:00
68633.5,68634.8,67761.0,67905.4,449373.2,4493.732,306358815.9552,1,2024-07-27 23:00:00
67905.4,68105.6,67267.0,67968.0,590372.1,5903.721,400009250.7126,1,2024-07-28 00:00:00
67967.9,68307.7,67926.2,68095.2,250889.8,2508.898,170931626.8047,1,2024-07-28 01:00:00
68095.3,68168.0,67969.1,68156.0,161570.3,1615.703,109981385.5869,1,2024-07-28 02:00:00
68156.0,68160.0,67944.0,67945.0,100236.3,1002.363,68210732.7979,1,2024-07-28 03:00:00
67945.1,68047.3,67302.5,67348.7,329128.5,3291.285,222780269.5964,1,2024-07-28 04:00:00
67348.7,67518.0,67071.0,67423.3,520886.7,5208.867,350502569.5096,1,2024-07-28 05:00:00
67423.3,67588.9,67371.5,67488.0,177280.2,1772.802,119629948.4202,1,2024-07-28 06:00:00
67487.9,67549.0,67301.2,67545.7,131742.4,1317.424,88822385.6371,1,2024-07-28 07:00:00
67545.8,67555.0,67220.0,67384.7,166044.9,1660.449,111892124.295,1,2024-07-28 08:00:00
67384.7,67566.0,67320.0,67434.9,159575.0,1595.75,107644913.0484,1,2024-07-28 09:00:00
67434.9,67689.7,67392.3,67561.0,183587.6,1835.876,124105139.2959,1,2024-07-28 10:00:00
67561.0,68013.2,67560.6,67838.5,350972.6,3509.726,238008557.2308,1,2024-07-28 11:00:00
67838.6,68125.0,67745.3,67995.9,277690.2,2776.902,188711412.1361,1,2024-07-28 12:00:00
67996.0,68049.9,67853.8,67980.3,161755.0,1617.55,109927316.8591,1,2024-07-28 13:00:00
67980.4,68030.5,67626.3,67740.1,355976.3,3559.763,241421882.9031,1,2024-07-28 14:00:00
67740.1,67795.7,67568.2,67660.4,202074.6,2020.746,136773102.1707,1,2024-07-28 15:00:00
67660.4,67757.6,67622.2,67684.5,116462.4,1164.624,78830720.3908,1,2024-07-28 16:00:00
67684.5,68009.0,67684.5,67995.2,182537.6,1825.376,123882061.777,1,2024-07-28 17:00:00
67995.2,68359.0,67945.0,68249.9,330151.2,3301.512,225070567.2564,1,2024-07-28 18:00:00
68249.9,68321.9,68091.3,68135.5,137890.2,1378.902,94072677.0773,1,2024-07-28 19:00:00
68135.5,68184.9,67955.9,68025.7,105382.6,1053.826,71728227.6173,1,2024-07-28 20:00:00
68025.7,68080.2,67816.4,68029.8,132982.3,1329.823,90361150.1771,1,2024-07-28 21:00:00
68029.9,68266.7,67933.1,68006.5,170627.2,1706.272,116158919.0602,1,2024-07-28 22:00:00
68006.5,68279.0,67939.0,68239.1,149010.1,1490.101,101541520.0732,1,2024-07-28 23:00:00
68239.0,69020.0,68159.8,68720.3,837997.7,8379.977,576055670.9858,1,2024-07-29 00:00:00
68720.3,68850.0,68342.6,68550.1,415077.4,4150.774,284820876.67,1,2024-07-29 01:00:00
68550.1,69673.8,68540.4,69585.1,1074584.3,10745.843,744969596.2087,1,2024-07-29 02:00:00
69585.1,69861.3,69321.7,69375.7,649014.8,6490.148,451336779.1349,1,2024-07-29 03:00:00
69375.6,69499.9,69291.0,69396.9,263019.5,2630.195,182479823.2297,1,2024-07-29 04:00:00
69396.9,69835.0,69396.9,69675.0,440504.9,4405.049,306811190.9484,1,2024-07-29 05:00:00
69675.0,69929.4,69564.5,69601.0,466112.0,4661.12,325012246.367,1,2024-07-29 06:00:00
69600.9,69629.9,69461.7,69548.9,240202.5,2402.025,167027635.8776,1,2024-07-29 07:00:00
69549.0,69737.4,69375.3,69477.6,301414.8,3014.148,209666199.0871,1,2024-07-29 08:00:00
69477.7,69638.5,69447.6,69548.4,162414.1,1624.141,112933169.8883,1,2024-07-29 09:00:00
69548.4,69774.1,69402.9,69635.1,275539.0,2755.39,191855327.0594,1,2024-07-29 10:00:00
69635.0,69878.7,69588.0,69588.1,303734.3,3037.343,211821949.8565,1,2024-07-29 11:00:00
69588.1,69969.0,69405.8,69804.6,632356.3,6323.563,440751312.6772,1,2024-07-29 12:00:00
69804.5,70098.0,69089.2,69276.2,1480042.7,14800.427,1029778009.5536,1,2024-07-29 13:00:00
69276.1,69311.0,68054.7,68236.1,1709080.4,17090.804,1174068003.869,1,2024-07-29 14:00:00
68236.0,68322.9,67650.3,68100.0,1390767.0,13907.67,945182733.7419,1,2024-07-29 15:00:00
68100.0,68125.9,66810.0,66947.5,1850851.1,18508.511,1246222980.2051,1,2024-07-29 16:00:00
66947.5,67181.9,66395.0,67014.3,1381305.6,13813.056,923468508.9124,1,2024-07-29 17:00:00
67014.3,67549.5,66943.6,67421.1,667270.2,6672.702,449252855.4853,1,2024-07-29 18:00:00
67420.1,67548.0,67236.3,67311.5,258173.0,2581.73,174004662.4857,1,2024-07-29 19:00:00
67311.6,67398.0,67146.7,67377.3,185743.7,1857.437,124962340.2727,1,2024-07-29 20:00:00
67377.3,67500.0,67015.0,67488.0,193129.6,1931.296,129857007.88,1,2024-07-29 21:00:00
67488.1,67548.6,67132.1,67226.4,177373.1,1773.731,119484960.1399,1,2024-07-29 22:00:00
67226.5,67273.2,66600.0,66787.3,544135.3,5441.353,364013200.9653,1,2024-07-29 23:00:00
66787.4,66885.7,65871.0,66624.5,1016358.5,10163.585,673930250.5803,1,2024-07-30 00:00:00
66624.6,66892.1,66063.2,66218.8,546052.6,5460.526,363173409.6423,1,2024-07-30 01:00:00
66218.8,66498.9,65957.3,66440.4,501985.9,5019.859,332580014.3488,1,2024-07-30 02:00:00
66440.3,66693.8,66387.5,66623.8,266548.8,2665.488,177413376.7418,1,2024-07-30 03:00:00
66623.7,66831.6,66540.5,66809.9,231347.7,2313.477,154265649.1383,1,2024-07-30 04:00:00
66809.8,66809.9,66325.0,66487.3,335312.7,3353.127,223141997.6914,1,2024-07-30 05:00:00
66487.3,66785.0,66466.1,66770.0,167332.9,1673.329,111533882.0119,1,2024-07-30 06:00:00
66770.0,67000.0,66770.0,66944.8,393707.3,3937.073,263421924.4959,1,2024-07-30 07:00:00
66944.8,66992.7,66716.0,66771.6,268043.9,2680.439,179211767.3161,1,2024-07-30 08:00:00
66771.6,66903.6,66430.1,66605.5,341018.4,3410.184,227325602.2361,1,2024-07-30 09:00:00
66605.5,66694.3,66401.0,66576.6,248992.9,2489.929,165711332.1928,1,2024-07-30 10:00:00
66576.6,66723.5,66480.8,66561.7,143684.0,1436.84,95698043.8481,1,2024-07-30 11:00:00
66561.4,66824.9,66219.0,66667.0,482444.4,4824.444,321023346.9422,1,2024-07-30 12:00:00
66667.0,66947.0,66320.5,66384.7,495640.3,4956.403,330190839.7505,1,2024-07-30 13:00:00
66384.7,66464.8,65655.0,65808.7,1027646.3,10276.463,679169953.5935,1,2024-07-30 14:00:00
65808.6,66346.6,65534.0,66226.9,848180.3,8481.803,559637476.0321,1,2024-07-30 15:00:00
66226.9,66570.4,66154.0,66182.0,390036.0,3900.36,258795811.8826,1,2024-07-30 16:00:00
66182.1,66220.0,65687.7,65872.3,651962.1,6519.621,429791477.0391,1,2024-07-30 17:00:00
65872.3,66070.0,65600.0,65822.5,474665.1,4746.651,312383880.2747,1,2024-07-30 18:00:00
65822.5,66024.7,65555.0,65928.4,427530.8,4275.308,281305239.5375,1,2024-07-30 19:00:00
65928.5,66233.9,65280.0,66198.6,745700.6,7457.006,490682094.1305,1,2024-07-30 20:00:00
66199.9,66319.4,65948.0,66307.7,151520.3,1515.203,100193452.9194,1,2024-07-30 21:00:00
66307.7,66354.9,66084.6,66231.2,219183.7,2191.837,145183933.4682,1,2024-07-30 22:00:00
66231.1,66323.4,66126.5,66195.6,128419.0,1284.19,85044626.4482,1,2024-07-30 23:00:00
66195.7,66445.4,65888.0,66350.0,320078.4,3200.784,211706097.4862,1,2024-07-31 00:00:00
66350.0,66428.2,66106.0,66302.7,225590.0,2255.9,149562739.9688,1,2024-07-31 01:00:00
66302.7,66410.0,66060.5,66122.1,215187.2,2151.872,142472115.0207,1,2024-07-31 02:00:00
66122.0,66245.1,66040.0,66065.4,125053.8,1250.538,82690847.0557,1,2024-07-31 03:00:00
66065.2,66109.4,65500.0,65810.1,615735.3,6157.353,404854580.5064,1,2024-07-31 04:00:00
65810.0,66233.0,65575.4,66179.3,446576.2,4465.762,294236992.5333,1,2024-07-31 05:00:00
66179.3,66566.3,66117.1,66455.1,617585.2,6175.852,409937379.4436,1,2024-07-31 06:00:00
66455.1,66537.8,66211.1,66227.8,307405.9,3074.059,204049666.1497,1,2024-07-31 07:00:00
66227.7,66379.9,66036.0,66325.5,332157.8,3321.578,220005302.2332,1,2024-07-31 08:00:00
66325.6,66385.0,66167.4,66263.2,164896.5,1648.965,109308528.2666,1,2024-07-31 09:00:00
66263.1,66263.2,65955.2,66000.2,270611.9,2706.119,178847780.3493,1,2024-07-31 10:00:00
66000.2,66160.0,65965.5,66101.5,136294.9,1362.949,90074530.7632,1,2024-07-31 11:00:00
66101.5,66311.6,66003.5,66166.1,326237.7,3262.377,215858531.1491,1,2024-07-31 12:00:00
66164.8,66863.3,66138.7,66513.0,811397.7,8113.977,539968926.8577,1,2024-07-31 13:00:00
66512.9,66733.0,65972.5,66440.0,953244.4,9532.444,632509398.6836,1,2024-07-31 14:00:00
66440.0,66560.0,66319.2,66379.9,349266.2,3492.662,232041842.2715,1,2024-07-31 15:00:00
66380.0,66769.3,66278.3,66353.6,494865.6,4948.656,329098854.8415,1,2024-07-31 16:00:00
66353.5,66840.0,66295.2,66684.9,399190.1,3991.901,265943246.1558,1,2024-07-31 17:00:00
66685.0,66727.3,66133.3,66530.3,747860.7,7478.607,496761690.5172,1,2024-07-31 18:00:00
66531.5,66655.9,64800.0,65256.8,1640119.4,16401.194,1075384880.8507,1,2024-07-31 19:00:00
65256.8,65439.6,64533.1,64600.0,1207058.4,12070.584,783196120.7309,1,2024-07-31 20:00:00
64599.9,65143.6,64500.0,64982.7,747149.6,7471.496,484388885.1134,1,2024-07-31 21:00:00
64982.7,65060.3,64640.0,64978.1,233214.9,2332.149,151286416.0891,1,2024-07-31 22:00:00
64980.0,65000.0,64625.4,64635.1,243900.4,2439.004,157917220.7584,1,2024-07-31 23:00:00
64635.1,64849.6,64333.0,64657.3,620817.5,6208.175,401102607.7698,1,2024-08-01 00:00:00
64657.0,64835.5,64115.9,64216.1,571912.2,5719.122,368162522.0861,1,2024-08-01 01:00:00
64216.1,64260.0,63889.3,64116.5,727306.8,7273.068,465832461.5946,1,2024-08-01 02:00:00
64116.5,64139.4,63750.0,63938.0,518438.6,5184.386,331450417.5804,1,2024-08-01 03:00:00
63938.1,64066.7,63610.0,63747.0,490663.4,4906.634,313078390.8765,1,2024-08-01 04:00:00
63747.1,64357.4,63577.7,64299.2,778449.2,7784.492,498351797.925,1,2024-08-01 05:00:00
64299.2,64454.2,64122.2,64223.3,405309.5,4053.095,260527891.3466,1,2024-08-01 06:00:00
64224.1,64480.0,64211.0,64319.0,256101.9,2561.019,164837683.3445,1,2024-08-01 07:00:00
64318.3,64544.4,64297.9,64505.9,232705.5,2327.055,149980210.0931,1,2024-08-01 08:00:00
64505.9,64696.6,64451.6,64462.0,293104.2,2931.042,189263046.2382,1,2024-08-01 09:00:00
64462.0,64604.8,64313.7,64579.5,196158.6,1961.586,126393752.2937,1,2024-08-01 10:00:00
64579.5,64687.0,64460.1,64672.4,193159.7,1931.597,124745596.0855,1,2024-08-01 11:00:00
64672.3,64919.7,64627.7,64877.3,426239.8,4262.398,276222150.8693,1,2024-08-01 12:00:00
64877.3,64944.9,64456.2,64748.4,511977.6,5119.776,331200751.1548,1,2024-08-01 13:00:00
64748.3,64776.8,63923.0,63936.8,928557.2,9285.572,596862366.1569,1,2024-08-01 14:00:00
63936.8,63962.3,62654.1,62906.2,2652463.8,26524.638,1676589416.6139,1,2024-08-01 15:00:00
62906.8,63198.0,62618.6,62910.3,1077141.8,10771.418,677737379.1173,1,2024-08-01 16:00:00
62910.2,63266.0,62266.8,63213.1,1385797.1,13857.971,868708643.1514,1,2024-08-01 17:00:00
63213.1,63420.2,62795.5,62950.0,889724.8,8897.248,561257654.2157,1,2024-08-01 18:00:00
62949.9,63494.8,62936.0,63415.6,392643.5,3926.435,248482146.8905,1,2024-08-01 19:00:00
63415.6,64777.6,63326.7,64750.1,1194511.6,11945.116,765175034.601,1,2024-08-01 20:00:00
64750.2,65365.1,64615.4,64894.5,818869.7,8188.697,531560947.291,1,2024-08-01 21:00:00
64894.5,65660.0,64866.0,65184.6,779998.4,7799.984,509811697.3303,1,2024-08-01 22:00:00
65184.7,65486.0,64975.0,65353.6,521922.1,5219.221,340471178.559,1,2024-08-01 23:00:00
65353.7,65614.4,64886.1,64894.4,552588.6,5525.886,360591231.0069,1,2024-08-02 00:00:00
64894.4,64900.0,64555.7,64654.2,515604.1,5156.041,333834619.6266,1,2024-08-02 01:00:00
64654.2,64833.5,63654.4,64355.9,1099172.8,10991.728,704963057.5663,1,2024-08-02 02:00:00
64355.9,64633.1,64229.3,64603.5,406292.7,4062.927,261816802.2883,1,2024-08-02 03:00:00
64602.7,64661.1,64430.6,64533.3,219129.8,2191.298,141427857.0304,1,2024-08-02 04:00:00
64533.2,64543.5,64067.6,64182.0,418793.1,4187.931,269143642.3335,1,2024-08-02 05:00:00
64182.0,64640.0,63806.3,64466.3,605948.8,6059.488,388848448.2473,1,2024-08-02 06:00:00
64465.6,64524.8,64125.1,64158.1,328796.3,3287.963,211528666.6256,1,2024-08-02 07:00:00
64158.2,64599.0,64044.7,64593.6,450507.1,4505.071,289690140.8588,1,2024-08-02 08:00:00
64593.6,64620.9,64420.0,64515.6,233228.4,2332.284,150490655.0135,1,2024-08-02 09:00:00
64515.6,64888.0,64373.6,64764.7,364087.9,3640.879,235373894.8437,1,2024-08-02 10:00:00
64764.8,64971.0,64658.3,64666.1,432366.4,4323.664,280131556.1169,1,2024-08-02 11:00:00
64665.8,64957.3,64130.8,64846.2,1140808.5,11408.085,736477213.3024,1,2024-08-02 12:00:00
64846.3,65555.0,64562.7,65217.0,1209332.2,12093.322,787432534.9242,1,2024-08-02 13:00:00
65220.8,65364.7,63084.8,63152.0,2095043.5,20950.435,1344954688.92,1,2024-08-02 14:00:00
63152.0,63652.4,62424.0,63410.1,2320531.7,23205.317,1462192811.2267,1,2024-08-02 15:00:00
63410.1,63607.9,62960.0,63318.2,813780.1,8137.801,515120318.5101,1,2024-08-02 16:00:00
63318.1,63465.0,63064.3,63100.1,386352.9,3863.529,244429757.8261,1,2024-08-02 17:00:00
63100.2,63233.4,62780.0,62894.0,432301.7,4323.017,272402977.2079,1,2024-08-02 18:00:00
62893.0,62986.9,62510.0,62644.6,717396.5,7173.965,449950593.5293,1,2024-08-02 19:00:00
62646.2,63203.2,62080.0,62642.2,1100833.5,11008.335,688829443.9871,1,2024-08-02 20:00:00
62642.1,62747.2,61227.3,61988.0,1231452.6,12314.526,762121055.6301,1,2024-08-02 21:00:00
61987.9,62258.2,61222.0,61390.0,626872.2,6268.722,386938402.3422,1,2024-08-02 22:00:00
61390.0,61789.7,61296.4,61490.7,567043.0,5670.43,349145870.6282,1,2024-08-02 23:00:00
61490.8,61719.9,60890.0,61130.0,667934.7,6679.347,409489880.2185,1,2024-08-03 00:00:00
61130.1,61380.0,60500.0,61339.3,1183765.1,11837.651,721189738.3906,1,2024-08-03 01:00:00
61339.3,61620.0,61212.5,61443.6,459131.4,4591.314,281993549.9262,1,2024-08-03 02:00:00
61443.6,61971.7,61305.7,61889.9,567784.4,5677.844,350358722.8028,1,2024-08-03 03:00:00
61889.9,61971.5,61376.3,61566.4,378270.6,3782.706,233267886.7921,1,2024-08-03 04:00:00
61566.4,61722.6,61492.2,61701.4,182632.8,1826.328,112535349.0136,1,2024-08-03 05:00:00
61701.4,61844.6,61666.3,61824.0,129668.0,1296.68,80065175.1808,1,2024-08-03 06:00:00
61824.0,61907.4,61606.6,61656.1,222805.8,2228.058,137570286.9743,1,2024-08-03 07:00:00
61656.1,61742.1,61468.9,61630.2,239295.8,2392.958,147415549.3922,1,2024-08-03 08:00:00
61630.1,61750.0,61444.4,61737.5,215327.0,2153.27,132614587.9942,1,2024-08-03 09:00:00
61737.5,61886.1,61666.7,61810.0,155146.3,1551.463,95820463.4202,1,2024-08-03 10:00:00
61810.0,62014.1,61776.4,61905.3,218582.1,2185.821,135316753.1877,1,2024-08-03 11:00:00
61905.3,62206.2,61833.7,61991.2,405879.9,4058.799,251851173.0438,1,2024-08-03 12:00:00
61991.2,62042.9,61844.2,62011.0,199579.0,1995.79,123597069.7785,1,2024-08-03 13:00:00
62011.0,62174.0,61898.9,61987.1,238033.8,2380.338,147702360.8869,1,2024-08-03 14:00:00
61987.2,62088.7,60809.5,60876.0,988065.1,9880.651,606474145.6325,1,2024-08-03 15:00:00
60875.9,61340.2,60356.1,60920.1,2121979.0,21219.79,1291392671.5219,1,2024-08-03 16:00:00
60920.1,61025.9,60457.0,60588.1,671883.7,6718.837,407966981.8361,1,2024-08-03 17:00:00
60588.1,60855.0,60100.0,60258.0,742590.2,7425.902,448561024.2276,1,2024-08-03 18:00:00
60258.2,60652.7,59907.6,60259.4,892536.4,8925.364,537495267.9064,1,2024-08-03 19:00:00
60259.5,60724.1,60150.0,60411.9,522499.4,5224.994,315919484.3924,1,2024-08-03 20:00:00
60411.9,60868.5,59830.0,60659.0,770447.2,7704.472,464704505.1343,1,2024-08-03 21:00:00
60659.1,60780.0,60372.4,60636.2,265592.5,2655.925,160978161.8427,1,2024-08-03 22:00:00
60636.2,60833.3,60383.1,60711.2,442654.7,4426.547,268377651.1716,1,2024-08-03 23:00:00
60711.2,60823.0,60595.5,60749.0,182024.9,1820.249,110515315.5127,1,2024-08-04 00:00:00
60749.0,60775.6,60321.8,60745.0,270049.1,2700.491,163494094.5248,1,2024-08-04 01:00:00
60744.9,61124.9,60711.6,60886.5,362969.1,3629.691,221117247.1622,1,2024-08-04 02:00:00
60886.5,60912.0,60683.2,60746.3,206035.6,2060.356,125218112.3612,1,2024-08-04 03:00:00
60746.3,60803.9,60561.5,60577.0,156141.9,1561.419,94753229.7488,1,2024-08-04 04:00:00
60577.1,60942.2,60555.5,60795.8,193635.0,1936.35,117670414.9192,1,2024-08-04 05:00:00
60795.8,60866.0,60719.0,60815.3,85913.1,859.131,52228983.013,1,2024-08-04 06:00:00
60815.2,60832.4,60253.0,60375.4,388857.3,3888.573,235131106.2375,1,2024-08-04 07:00:00
60372.2,60676.0,60118.0,60570.3,378362.8,3783.628,228562656.1703,1,2024-08-04 08:00:00
60571.1,60745.8,60505.4,60712.1,164391.2,1643.912,99717331.7556,1,2024-08-04 09:00:00
60712.0,60844.2,60536.0,60809.1,225564.4,2255.644,136933327.3269,1,2024-08-04 10:00:00
60809.1,61018.8,60769.5,60899.9,264265.5,2642.655,160887841.204,1,2024-08-04 11:00:00
60899.9,61095.0,60788.1,61054.1,227794.3,2277.943,138858549.6796,1,2024-08-04 12:00:00
61054.1,61075.9,60822.1,60822.1,186650.4,1866.504,113697827.5437,1,2024-08-04 13:00:00
60822.2,60876.9,59312.1,59592.1,1823514.1,18235.141,1093122474.4489,1,2024-08-04 14:00:00
59592.2,59608.9,58925.0,59097.7,1177351.7,11773.517,697947364.4992,1,2024-08-04 15:00:00
59097.8,59319.2,58605.6,58666.9,1133751.8,11337.518,668610143.1923,1,2024-08-04 16:00:00
58666.8,58755.9,57111.1,57865.3,2629955.1,26299.551,1525635638.9549,1,2024-08-04 17:00:00
57865.3,58919.4,57743.4,58749.7,1130828.6,11308.286,659798379.9654,1,2024-08-04 18:00:00
58749.4,59485.9,58518.1,59247.6,987788.0,9877.88,584251475.84,1,2024-08-04 19:00:00
59246.1,59577.0,58836.0,59144.9,474939.6,4749.396,281060315.0915,1,2024-08-04 20:00:00
59144.9,59160.4,58356.8,58469.9,399193.3,3991.933,234258099.1661,1,2024-08-04 21:00:00
58469.9,59153.4,58388.1,58722.9,473665.0,4736.65,278629210.6589,1,2024-08-04 22:00:00
58722.9,58770.7,58008.0,58170.0,457889.1,4578.891,267295152.0795,1,2024-08-04 23:00:00
58170.0,58314.9,55666.9,56158.3,2887334.6,28873.346,1645159811.8055,1,2024-08-05 00:00:00
56158.4,56294.0,52199.4,54413.9,6608829.6,66088.296,3590732921.3109,1,2024-08-05 01:00:00
54413.9,54699.5,53567.8,54680.7,1929754.4,19297.544,1044731250.2478,1,2024-08-05 02:00:00
54680.7,54693.3,53770.0,53881.8,1031307.5,10313.075,559345687.1881,1,2024-08-05 03:00:00
53881.7,54558.0,53368.1,53522.1,1047188.9,10471.889,565338855.8434,1,2024-08-05 04:00:00
53522.1,53856.0,52273.9,52714.4,2794913.5,27949.135,1482166824.2331,1,2024-08-05 05:00:00
52714.9,52978.6,48906.7,51584.0,5707084.3,57070.843,2908675183.2447,1,2024-08-05 06:00:00
51584.0,53100.0,51346.9,52662.5,2223672.1,22236.721,1164513411.7292,1,2024-08-05 07:00:00
52662.5,53250.0,52250.0,52743.3,1474508.6,14745.086,777583131.4188,1,2024-08-05 08:00:00
52743.2,52939.7,51736.2,52650.2,1094761.5,10947.615,573924421.4337,1,2024-08-05 09:00:00
52650.3,52650.3,50680.0,51390.2,1902700.5,19027.005,979517439.9918,1,2024-08-05 10:00:00
51390.3,51920.1,50625.0,51342.2,1696651.4,16966.514,868946565.8935,1,2024-08-05 11:00:00
51342.3,51556.5,49555.0,49815.0,2856495.5,28564.955,1441791041.3129,1,2024-08-05 12:00:00
49814.1,52530.0,49605.0,51961.5,3652864.0,36528.64,1864594904.3013,1,2024-08-05 13:00:00
51960.0,54533.0,51948.7,54057.3,3792862.0,37928.62,2026657056.0753,1,2024-08-05 14:00:00
54057.3,55000.0,53512.0,54320.3,2000542.7,20005.427,1088125571.3179,1,2024-08-05 15:00:00
54320.2,55679.4,54033.8,54047.4,1744924.7,17449.247,956320672.6643,1,2024-08-05 16:00:00
54048.9,55089.2,53761.2,54699.0,1180608.4,11806.084,642731213.4682,1,2024-08-05 17:00:00
54704.5,54719.9,52981.3,53104.2,1116833.1,11168.331,600872750.5398,1,2024-08-05 18:00:00
53104.2,53626.0,52525.3,53478.8,1359178.2,13591.782,721615710.1079,1,2024-08-05 19:00:00
53478.9,54434.9,53463.5,54400.0,915794.9,9157.949,493638598.5595,1,2024-08-05 20:00:00
54400.0,55221.9,54272.2,54372.2,642434.6,6424.346,351345524.3569,1,2024-08-05 21:00:00
54372.2,54984.9,54202.2,54701.9,491082.2,4910.822,268379895.6912,1,2024-08-05 22:00:00
54702.0,55090.0,53861.6,54009.6,738340.5,7383.405,401821248.2555,1,2024-08-05 23:00:00
54009.6,56100.0,53936.6,56034.6,1418135.0,14181.35,783446346.6155,1,2024-08-06 00:00:00
56034.6,56280.0,55405.1,55726.0,983689.1,9836.891,549703378.6067,1,2024-08-06 01:00:00
55726.0,56058.8,55603.6,55837.0,466534.1,4665.341,260366504.265,1,2024-08-06 02:00:00
55836.9,55895.6,55464.7,55666.7,381530.6,3815.306,212481705.6927,1,2024-08-06 03:00:00
55666.7,55760.8,55235.3,55499.7,480942.0,4809.42,266903361.1601,1,2024-08-06 04:00:00
55499.7,56000.0,55250.5,55938.0,469180.3,4691.803,261131846.4446,1,2024-08-06 05:00:00
55937.9,56056.0,55540.0,55787.8,511177.6,5111.776,285300134.478,1,2024-08-06 06:00:00
55786.0,56167.2,55457.0,56003.0,523422.4,5234.224,292212333.3645,1,2024-08-06 07:00:00
56003.0,56114.9,54602.8,54995.5,1291706.8,12917.068,713286572.7362,1,2024-08-06 08:00:00
54995.6,55357.2,54600.0,55215.2,880441.1,8804.411,483844668.3284,1,2024-08-06 09:00:00
55215.2,55442.0,54878.1,55067.0,494016.6,4940.166,272326220.5756,1,2024-08-06 10:00:00
55067.1,55399.0,54864.3,55205.5,482005.1,4820.051,265829992.5402,1,2024-08-06 11:00:00
55205.6,55479.9,54673.0,54776.4,649526.1,6495.261,357709232.9121,1,2024-08-06 12:00:00
54774.4,55444.0,54354.5,55192.2,1493805.4,14938.054,820380928.0479,1,2024-08-06 13:00:00
55192.3,56622.0,55133.0,56127.1,2279127.1,22791.271,1278881914.4574,1,2024-08-06 14:00:00
56127.0,56424.7,55728.0,56407.8,814375.5,8143.755,456599904.7635,1,2024-08-06 15:00:00
56407.7,56912.1,56235.0,56760.8,904324.8,9043.248,511739099.5916,1,2024-08-06 16:00:00
56766.7,56959.1,56470.3,56488.2,596044.9,5960.449,338149455.3122,1,2024-08-06 17:00:00
56488.2,57100.0,56350.7,56723.3,701213.1,7012.131,398209724.459,1,2024-08-06 18:00:00
56729.8,56877.0,56301.5,56756.3,488384.3,4883.843,276517101.7529,1,2024-08-06 19:00:00
56758.9,56856.0,56203.0,56543.6,536034.7,5360.347,302914733.1931,1,2024-08-06 20:00:00
56543.5,56640.0,56095.2,56460.6,276726.0,2767.26,155932671.8228,1,2024-08-06 21:00:00
56460.7,56942.0,55942.0,56203.9,767691.6,7676.916,432465296.0439,1,2024-08-06 22:00:00
56203.9,56428.0,55700.0,56014.2,474805.7,4748.057,266072250.962,1,2024-08-06 23:00:00
56014.2,56372.6,55555.0,56273.9,683616.2,6836.162,382632139.6703,1,2024-08-07 00:00:00
56274.0,57066.1,55778.0,56959.3,840046.2,8400.462,474649105.7639,1,2024-08-07 01:00:00
56959.3,57280.1,56480.0,56759.2,929191.3,9291.913,528855411.1649,1,2024-08-07 02:00:00
56759.3,56985.0,56572.1,56854.0,266118.9,2661.189,151059333.4118,1,2024-08-07 03:00:00
56854.0,57234.0,56745.0,57033.4,509985.2,5099.852,290903927.5328,1,2024-08-07 04:00:00
57033.5,57233.0,56700.0,56788.9,452317.6,4523.176,257676292.5074,1,2024-08-07 05:00:00
56788.9,56988.0,56680.0,56836.8,409385.7,4093.857,232615606.5086,1,2024-08-07 06:00:00
56836.8,57099.0,56536.1,56923.4,463832.8,4638.328,263561497.8946,1,2024-08-07 07:00:00
56926.0,57459.2,56862.4,57349.8,646455.9,6464.559,369512110.4197,1,2024-08-07 08:00:00
57349.7,57854.9,57180.2,57352.0,897763.7,8977.637,515955964.7308,1,2024-08-07 09:00:00
57352.0,57736.8,57250.1,57327.5,443752.5,4437.525,255042734.2042,1,2024-08-07 10:00:00
57327.6,57377.8,56861.6,56966.0,657875.1,6578.751,375745747.7179,1,2024-08-07 11:00:00
56965.7,57341.3,56810.0,57296.0,785880.5,7858.805,448611159.2931,1,2024-08-07 12:00:00
57295.8,57482.0,56711.4,56828.0,811165.0,8111.65,463286843.735,1,2024-08-07 13:00:00
56828.1,56992.0,55633.0,56090.7,1670658.9,16706.589,939582928.7144,1,2024-08-07 14:00:00
56090.7,56407.7,55780.0,56100.0,671664.3,6716.643,376610302.4429,1,2024-08-07 15:00:00
56100.0,56300.0,55820.0,56130.1,524797.4,5247.974,294247290.0676,1,2024-08-07 16:00:00
56131.9,56313.8,55439.0,55580.1,816701.4,8167.014,455602151.8543,1,2024-08-07 17:00:00
55580.0,55636.0,54674.5,54819.3,1043173.9,10431.739,574267649.0082,1,2024-08-07 18:00:00
54819.3,55160.2,54687.7,54764.0,517511.6,5175.116,284322984.876,1,2024-08-07 19:00:00
54759.5,55307.9,54643.3,55147.9,683821.7,6838.217,376067782.4976,1,2024-08-07 20:00:00
55152.0,55599.9,54870.1,55420.4,441062.3,4410.623,243719973.0817,1,2024-08-07 21:00:00
55420.0,55466.7,54558.8,55290.9,525477.2,5254.772,289030353.9748,1,2024-08-07 22:00:00
55291.0,55440.3,54924.4,55140.0,275026.7,2750.267,151758235.0015,1,2024-08-07 23:00:00
55136.1,55374.0,54733.3,55297.9,379269.0,3792.69,208903742.2381,1,2024-08-08 00:00:00
55297.9,57400.0,55260.0,56861.0,1737191.0,17371.91,977144320.1926,1,2024-08-08 01:00:00
56861.0,57642.2,56818.1,57361.6,899000.6,8990.006,515180793.5166,1,2024-08-08 02:00:00
57361.7,57630.0,57041.6,57056.1,517642.6,5176.426,297029281.9912,1,2024-08-08 03:00:00
57056.1,57277.3,56668.4,56768.6,517764.3,5177.643,294957833.3976,1,2024-08-08 04:00:00
56768.6,57018.0,56726.1,56952.0,283359.3,2833.593,161275392.4626,1,2024-08-08 05:00:00
56951.9,57355.5,56785.5,57215.8,461160.3,4611.603,263144632.3408,1,2024-08-08 06:00:00
57215.9,57427.7,57120.0,57187.9,492177.5,4921.775,281884247.0128,1,2024-08-08 07:00:00
57188.0,57380.0,57120.0,57234.0,244928.4,2449.284,140233070.0503,1,2024-08-08 08:00:00
57234.9,57499.9,56982.8,57343.9,438025.5,4380.255,250723085.2423,1,2024-08-08 09:00:00
57344.0,57564.0,57200.0,57379.9,330549.5,3305.495,189715488.4421,1,2024-08-08 10:00:00
57380.0,57698.9,57257.0,57325.0,420678.9,4206.789,241746376.9384,1,2024-08-08 11:00:00
57325.1,58500.0,57100.0,57923.9,1921553.0,19215.53,1113018559.1924,1,2024-08-08 12:00:00
57924.0,58270.3,56670.2,57277.9,1476843.2,14768.432,848672049.0505,1,2024-08-08 13:00:00
57278.0,59027.5,57173.9,58926.1,1967632.9,19676.329,1145899164.0987,1,2024-08-08 14:00:00
58926.1,59541.0,58639.1,59422.0,1553869.0,15538.69,918125568.6485,1,2024-08-08 15:00:00
59423.0,59886.7,59350.0,59555.3,1301673.6,13016.736,775664390.8593,1,2024-08-08 16:00:00
59554.3,59859.3,59264.0,59464.9,522791.1,5227.911,311309615.1572,1,2024-08-08 17:00:00
59464.9,59696.5,59333.2,59343.3,325200.1,3252.001,193462966.0075,1,2024-08-08 18:00:00
59343.4,59824.4,59235.0,59408.5,531012.1,5310.121,316432595.038,1,2024-08-08 19:00:00
59411.5,59680.0,59294.6,59492.7,257006.4,2570.064,152932435.9689,1,2024-08-08 20:00:00
59492.6,61400.0,59489.6,61176.0,1063078.5,10630.785,643080554.8673,1,2024-08-08 21:00:00
61187.0,62555.0,60623.2,62339.1,1567135.4,15671.354,964267487.6282,1,2024-08-08 22:00:00
62336.3,62766.0,61614.2,61697.1,1121830.7,11218.307,697222968.1378,1,2024-08-08 23:00:00
61692.1,61754.6,61070.9,61212.9,674208.2,6742.082,414283529.8819,1,2024-08-09 00:00:00
61212.9,61540.7,60769.9,61404.2,585890.6,5858.906,358180294.3644,1,2024-08-09 01:00:00
61404.1,61454.0,61140.0,61230.1,280308.3,2803.083,171851361.563,1,2024-08-09 02:00:00
61230.2,61574.7,61170.0,61360.0,301531.7,3015.317,184953842.7834,1,2024-08-09 03:00:00
61360.0,61396.3,60716.0,60720.0,399271.6,3992.716,243595082.4767,1,2024-08-09 04:00:00
60720.0,61039.5,60580.0,60984.1,346036.2,3460.362,210548155.4861,1,2024-08-09 05:00:00
60984.1,61119.0,60735.8,60888.0,286763.8,2867.638,174772766.1932,1,2024-08-09 06:00:00
60888.0,61400.0,60761.0,60874.8,466383.8,4663.838,284754290.7018,1,2024-08-09 07:00:00
60874.8,61118.1,60590.2,61093.6,455464.4,4554.644,277081304.8567,1,2024-08-09 08:00:00
61093.6,61214.5,60720.0,60764.5,318548.6,3185.486,194120506.3298,1,2024-08-09 09:00:00
60764.5,60853.3,60160.4,60604.9,902553.4,9025.534,545995091.5583,1,2024-08-09 10:00:00
60605.0,60798.9,60352.8,60659.2,337122.3,3371.223,204359862.9958,1,2024-08-09 11:00:00
60659.2,60799.3,60224.0,60560.1,390375.4,3903.754,236154823.7559,1,2024-08-09 12:00:00
60560.0,60750.3,59802.1,60450.7,1160425.9,11604.259,698512941.2667,1,2024-08-09 13:00:00
60450.8,61133.3,59522.1,60340.5,1834795.0,18347.95,1107018873.0316,1,2024-08-09 14:00:00
60340.6,60587.0,59800.0,59820.6,611775.9,6117.759,368142089.1113,1,2024-08-09 15:00:00
59820.6,60452.0,59728.0,60432.0,587237.5,5872.375,352658530.6247,1,2024-08-09 16:00:00
60432.0,60741.5,60158.0,60204.5,380712.0,3807.12,230203330.0399,1,2024-08-09 17:00:00
60204.6,60376.5,59833.6,60315.8,317638.1,3176.381,190932870.0212,1,2024-08-09 18:00:00
60315.8,60773.2,60115.5,60682.2,293012.6,2930.126,177383888.3629,1,2024-08-09 19:00:00
60682.2,60994.7,60516.7,60739.2,330952.3,3309.523,201030061.9651,1,2024-08-09 20:00:00
60739.1,60873.5,59916.3,60734.9,599720.2,5997.202,361702829.667,1,2024-08-09 21:00:00
60734.9,60989.0,60275.7,60765.0,864763.1,8647.631,523820345.3479,1,2024-08-09 22:00:00
60765.0,60925.0,60352.0,60842.0,253380.4,2533.804,153743512.7327,1,2024-08-09 23:00:00
60842.0,61492.8,60495.8,60550.2,655727.0,6557.27,399772432.9317,1,2024-08-10 00:00:00
60550.2,60972.0,60454.0,60470.1,225307.5,2253.075,136737975.9557,1,2024-08-10 01:00:00
60470.0,60739.9,60305.3,60542.1,179734.1,1797.341,108814737.5008,1,2024-08-10 02:00:00
60542.1,60543.9,60279.6,60447.4,173571.7,1735.717,104861212.6988,1,2024-08-10 03:00:00
60447.3,60450.0,60241.2,60427.1,125811.0,1258.11,75912201.1879,1,2024-08-10 04:00:00
60427.1,60486.7,60335.2,60370.9,88871.2,888.712,53693686.6967,1,2024-08-10 05:00:00
60370.9,60525.0,60333.0,60456.8,87302.1,873.021,52765473.7225,1,2024-08-10 06:00:00
60456.9,60852.4,60456.9,60842.0,187342.1,1873.421,113661628.3911,1,2024-08-10 07:00:00
60842.0,60893.0,60622.3,60735.7,195216.7,1952.167,118564064.9801,1,2024-08-10 08:00:00
60735.7,61116.0,60730.8,60895.8,278586.3,2785.863,169822648.2326,1,2024-08-10 09:00:00
60895.9,61019.9,60627.5,60785.6,205268.4,2052.684,124842778.1666,1,2024-08-10 10:00:00
60785.6,61016.0,60755.4,60925.6,104285.7,1042.857,63517910.1862,1,2024-08-10 11:00:00
60925.7,60950.0,60715.3,60720.0,103173.6,1031.736,62746912.7745,1,2024-08-10 12:00:00
60720.0,60749.0,60414.1,60444.8,291251.4,2912.514,176444914.6721,1,2024-08-10 13:00:00
60444.8,60687.0,60406.5,60587.8,174783.0,1747.83,105846621.0865,1,2024-08-10 14:00:00
60587.8,60774.3,60504.1,60517.2,164564.0,1645.64,99823660.8952,1,2024-08-10 15:00:00
60517.2,60730.0,60410.2,60682.0,160172.5,1601.725,97041737.1763,1,2024-08-10 16:00:00
60682.0,60896.9,60560.0,60780.1,120253.6,1202.536,73017615.0042,1,2024-08-10 17:00:00
60780.2,61250.0,60738.0,60959.7,345442.4,3454.424,210792562.2947,1,2024-08-10 18:00:00
60959.7,61148.0,60835.4,61018.2,102717.6,1027.176,62663725.391,1,2024-08-10 19:00:00
61018.3,61114.5,60903.6,60992.7,78179.7,781.797,47690733.0524,1,2024-08-10 20:00:00
60992.7,61175.6,60949.9,61079.3,105224.1,1052.241,64253846.2191,1,2024-08-10 21:00:00
61079.3,61083.9,60884.5,60935.0,76182.5,761.825,46443287.1643,1,2024-08-10 22:00:00
60934.9,60942.0,60750.2,60919.5,92984.0,929.84,56577509.4434,1,2024-08-10 23:00:00
60919.5,61249.9,60889.4,61089.7,203551.6,2035.516,124374226.5223,1,2024-08-11 00:00:00
61089.7,61166.0,60945.0,61108.8,109982.7,1099.827,67156111.8022,1,2024-08-11 01:00:00
61108.8,61125.0,60969.2,61028.2,69865.7,698.657,42644447.0639,1,2024-08-11 02:00:00
61028.1,61413.4,61021.3,61085.4,335240.1,3352.401,205274063.5043,1,2024-08-11 03:00:00
61085.4,61141.0,60873.2,60900.2,215966.0,2159.66,131723365.9676,1,2024-08-11 04:00:00
60900.1,61151.8,60885.3,61109.9,101658.4,1016.584,62050549.9631,1,2024-08-11 05:00:00
61109.9,61171.8,61010.0,61115.5,94473.7,944.737,57723726.8636,1,2024-08-11 06:00:00
61115.6,61276.5,61085.1,61259.1,145699.6,1456.996,89166183.7489,1,2024-08-11 07:00:00
61260.0,61445.9,61162.0,61256.9,292244.0,2922.44,179163254.1403,1,2024-08-11 08:00:00
61256.9,61951.3,61011.0,61115.9,694441.6,6944.416,426546931.3588,1,2024-08-11 09:00:00
61116.0,61275.0,60934.5,61036.1,228566.1,2285.661,139646155.1432,1,2024-08-11 10:00:00
61036.0,61070.0,60410.9,60676.2,634496.0,6344.96,384969400.1441,1,2024-08-11 11:00:00
60676.2,60710.2,60222.0,60508.0,388244.2,3882.442,234728737.7123,1,2024-08-11 12:00:00
60508.0,60637.6,60161.5,60464.0,444304.6,4443.046,268270456.0771,1,2024-08-11 13:00:00
60464.1,60767.5,60188.0,60338.8,379677.2,3796.772,229565946.6928,1,2024-08-11 14:00:00
60338.8,60434.4,59900.1,60134.5,520238.5,5202.385,313090328.3628,1,2024-08-11 15:00:00
60135.1,60300.0,59974.7,60187.6,304591.8,3045.918,183187380.5208,1,2024-08-11 16:00:00
60187.6,60369.8,60000.0,60276.4,185581.3,1855.813,111675524.9262,1,2024-08-11 17:00:00
60275.0,60358.0,60121.8,60269.4,97113.7,971.137,58488648.8448,1,2024-08-11 18:00:00
60269.6,60285.0,59533.6,59635.2,461079.0,4610.79,275618241.4371,1,2024-08-11 19:00:00
59635.3,59683.7,58272.4,58503.9,1316344.7,13163.447,775117135.9406,1,2024-08-11 20:00:00
58503.9,59087.8,58310.0,59005.7,526578.4,5265.784,308840905.1053,1,2024-08-11 21:00:00
59005.6,59363.7,58525.7,59000.0,619505.0,6195.05,364769343.2761,1,2024-08-11 22:00:00
59000.0,59036.5,58701.0,58727.7,244023.5,2440.235,143623264.0601,1,2024-08-11 23:00:00
58727.8,59088.0,58091.4,58458.2,705539.3,7055.393,412932733.7701,1,2024-08-12 00:00:00
58458.1,58800.0,58277.0,58589.0,360962.4,3609.624,211266531.6704,1,2024-08-12 01:00:00
58589.1,58760.0,58320.7,58719.5,282788.8,2827.888,165443172.4232,1,2024-08-12 02:00:00
58719.5,58825.0,58444.0,58520.1,186572.7,1865.727,109366779.4608,1,2024-08-12 03:00:00
58520.1,58680.0,58367.9,58519.3,189990.6,1899.906,111183376.0074,1,2024-08-12 04:00:00
58519.3,58698.7,58404.9,58576.0,239596.4,2395.964,140345647.1876,1,2024-08-12 05:00:00
58576.1,58640.3,58135.7,58413.9,358241.7,3582.417,209061683.3939,1,2024-08-12 06:00:00
58413.8,59046.0,57610.0,58666.0,1443444.5,14434.445,841568061.714,1,2024-08-12 07:00:00
58666.0,59026.0,58228.9,58314.0,523286.2,5232.862,307010651.4855,1,2024-08-12 08:00:00
58314.0,58644.9,58155.0,58300.1,466921.7,4669.217,272421540.4681,1,2024-08-12 09:00:00
58300.1,58993.7,58116.8,58971.0,535341.2,5353.412,313696844.1031,1,2024-08-12 10:00:00
58971.0,59962.0,58879.1,59842.1,1259560.4,12595.604,749389881.7669,1,2024-08-12 11:00:00
59842.0,59931.1,59500.2,59723.1,533920.6,5339.206,318628953.5233,1,2024-08-12 12:00:00
59723.1,59878.7,57978.6,58165.9,1371789.3,13717.893,807444900.6534,1,2024-08-12 13:00:00
58166.0,60718.8,57765.4,60296.9,2617146.5,26171.465,1555338116.693,1,2024-08-12 14:00:00
60296.8,60520.0,59230.0,60207.4,1406787.8,14067.878,841470479.8698,1,2024-08-12 15:00:00
60207.3,60421.1,59517.6,59608.8,666557.6,6665.576,399316627.3889,1,2024-08-12 16:00:00
59608.8,59928.5,59252.8,59302.0,404480.9,4044.809,240938864.9924,1,2024-08-12 17:00:00
59302.0,59498.9,58435.3,58524.2,609245.6,6092.456,359095127.6188,1,2024-08-12 18:00:00
58524.2,59294.9,58524.2,59051.3,499951.9,4999.519,295047240.4726,1,2024-08-12 19:00:00
59052.0,59396.6,58740.0,58855.4,380730.7,3807.307,225021288.1199,1,2024-08-12 20:00:00
58855.4,59230.6,58551.3,58982.8,307609.8,3076.098,181055528.2256,1,2024-08-12 21:00:00
58982.8,59260.2,58860.3,59059.8,158146.1,1581.461,93422544.0592,1,2024-08-12 22:00:00
59059.9,59755.0,59024.2,59348.6,349556.1,3495.561,207719458.515,1,2024-08-12 23:00:00
59348.6,59888.0,59271.8,59787.0,392855.4,3928.554,234075929.3894,1,2024-08-13 00:00:00
59787.0,59915.7,59452.7,59738.2,253945.9,2539.459,151577466.0998,1,2024-08-13 01:00:00
59738.2,59784.4,59292.8,59486.0,317668.4,3176.684,188947294.8242,1,2024-08-13 02:00:00
59485.5,59524.2,58869.1,59045.1,573790.4,5737.904,339477425.6239,1,2024-08-13 03:00:00
59045.1,59256.0,58833.0,59230.1,291078.4,2910.784,171921286.0818,1,2024-08-13 04:00:00
59230.0,59370.0,59100.0,59219.3,175091.3,1750.913,103698612.341,1,2024-08-13 05:00:00
59219.4,59480.1,58982.2,59372.5,260373.6,2603.736,154274725.4506,1,2024-08-13 06:00:00
59372.5,59462.8,59050.0,59241.3,280418.1,2804.181,166156701.2553,1,2024-08-13 07:00:00
59241.2,59323.0,58930.0,59094.6,286898.4,2868.984,169514512.4389,1,2024-08-13 08:00:00
59094.6,59100.9,58700.8,58953.2,375553.7,3755.537,221132117.5951,1,2024-08-13 09:00:00
58953.1,58973.7,58366.0,58672.0,422645.4,4226.454,247886867.0232,1,2024-08-13 10:00:00
58671.9,58907.4,58539.1,58832.7,232220.0,2322.2,136472222.7162,1,2024-08-13 11:00:00
58832.8,59194.9,58700.1,59119.7,594457.6,5944.576,350495475.3464,1,2024-08-13 12:00:00
59119.7,59424.5,58836.8,59396.5,641649.0,6416.49,379500228.8257,1,2024-08-13 13:00:00
59396.6,59779.5,59004.7,59643.9,816238.2,8162.382,485264895.067,1,2024-08-13 14:00:00
59644.0,59727.7,59350.0,59469.2,334109.0,3341.09,198803913.6687,1,2024-08-13 15:00:00
59469.2,61184.0,59442.4,61150.0,1384498.1,13844.981,836380984.3864,1,2024-08-13 16:00:00
61150.0,61589.4,60904.9,61166.3,1315284.4,13152.844,805591905.3066,1,2024-08-13 17:00:00
61166.3,61220.8,60752.4,60801.7,506284.6,5062.846,308628975.1236,1,2024-08-13 18:00:00
60801.6,60971.6,60235.9,60818.2,696850.2,6968.502,422683025.3138,1,2024-08-13 19:00:00
60818.2,60980.0,60555.5,60566.0,202466.4,2024.664,122992377.8475,1,2024-08-13 20:00:00
60567.9,61146.6,60508.0,61036.9,204061.1,2040.611,124175185.9775,1,2024-08-13 21:00:00
61036.9,61068.5,60444.0,60596.6,339568.0,3395.68,205989933.2747,1,2024-08-13 22:00:00
60596.6,60624.0,60390.9,60591.9,170174.6,1701.746,102990984.8642,1,2024-08-13 23:00:00
60591.9,60858.0,60428.4,60793.6,222437.5,2224.375,134915379.5015,1,2024-08-14 00:00:00
60793.6,60832.8,60521.9,60522.2,176186.5,1761.865,106854683.4267,1,2024-08-14 01:00:00
60522.2,60839.7,60501.0,60800.0,198654.0,1986.54,120569584.6744,1,2024-08-14 02:00:00
60800.1,61300.0,60800.0,60949.8,405655.3,4056.553,247681095.5243,1,2024-08-14 03:00:00
60949.9,61161.4,60889.1,60936.9,199365.6,1993.656,121628258.8121,1,2024-08-14 04:00:00
60936.9,61083.0,60790.1,60829.1,174126.8,1741.268,106074916.5162,1,2024-08-14 05:00:00
60829.0,60920.0,60634.0,60862.1,318217.9,3182.179,193355016.0379,1,2024-08-14 06:00:00
60861.1,60945.0,60693.0,60918.1,142578.9,1425.789,86717755.0927,1,2024-08-14 07:00:00
60918.1,60930.0,60640.0,60895.8,227584.6,2275.846,138404930.8642,1,2024-08-14 08:00:00
60895.9,60978.2,60810.0,60859.1,166314.3,1663.143,101265721.1293,1,2024-08-14 09:00:00
60859.1,61325.8,60834.3,61089.5,449294.8,4492.948,274729842.6349,1,2024-08-14 10:00:00
61089.4,61470.6,60885.2,61292.0,516120.2,5161.202,315775153.432,1,2024-08-14 11:00:00
61292.0,61847.0,60853.9,61057.6,1459155.9,14591.559,894212537.3834,1,2024-08-14 12:00:00
61056.3,61171.7,59466.0,59607.8,1697836.0,16978.36,1023221110.8301,1,2024-08-14 13:00:00
59607.9,59621.2,58806.1,59499.9,1872705.6,18727.056,1109920544.3946,1,2024-08-14 14:00:00
59500.0,59833.9,58900.0,59435.5,1196953.7,11969.537,711314453.7381,1,2024-08-14 15:00:00
59435.4,59458.4,58528.0,59133.8,960327.0,9603.27,567171985.35,1,2024-08-14 16:00:00
59128.5,59378.0,59035.0,59160.1,336722.5,3367.225,199289629.6082,1,2024-08-14 17:00:00
59160.1,59525.0,58819.2,58991.2,365479.9,3654.799,216093206.0189,1,2024-08-14 18:00:00
58991.2,59123.9,58711.0,58893.5,296752.2,2967.522,174803693.5113,1,2024-08-14 19:00:00
58892.5,59191.3,58881.3,59156.6,185792.5,1857.925,109759943.8889,1,2024-08-14 20:00:00
59156.7,59167.2,58871.1,58925.5,176630.9,1766.309,104242091.5774,1,2024-08-14 21:00:00
58925.5,59013.9,58428.1,58994.0,388784.5,3887.845,228314051.6865,1,2024-08-14 22:00:00
58993.9,59033.0,58653.2,58685.2,187191.9,1871.919,110168963.3203,1,2024-08-14 23:00:00
58685.2,59038.0,58674.5,58994.0,217327.9,2173.279,127954290.7662,1,2024-08-15 00:00:00
58994.0,59047.4,58140.9,58205.6,461111.6,4611.116,270089927.2775,1,2024-08-15 01:00:00
58205.7,58569.3,58010.0,58421.0,727786.6,7277.866,424396409.3694,1,2024-08-15 02:00:00
58422.0,58500.0,58345.1,58448.7,112547.5,1125.475,65766554.7054,1,2024-08-15 03:00:00
58448.8,58472.0,58154.4,58392.9,244562.2,2445.622,142629476.6941,1,2024-08-15 04:00:00
58393.0,58648.0,58171.6,58326.0,297135.9,2971.359,173662923.234,1,2024-08-15 05:00:00
58326.0,58403.3,57834.5,58114.9,585191.9,5851.919,340068116.6272,1,2024-08-15 06:00:00
58114.9,58155.0,57704.1,58069.1,435771.2,4357.712,252536838.6674,1,2024-08-15 07:00:00
58069.0,58383.9,57969.9,58376.0,334914.6,3349.146,194903805.6619,1,2024-08-15 08:00:00
58376.0,58558.6,58296.9,58402.5,296311.4,2963.114,173094272.6946,1,2024-08-15 09:00:00
58402.5,58543.0,58280.8,58361.0,213283.0,2132.83,124573689.6942,1,2024-08-15 10:00:00
58361.0,58875.7,58350.0,58742.2,461971.5,4619.715,271114219.014,1,2024-08-15 11:00:00
58742.2,59386.7,58602.0,58795.1,1116641.4,11166.414,658941253.7133,1,2024-08-15 12:00:00
58795.7,59483.7,58524.5,59446.4,882239.7,8822.397,521665143.3674,1,2024-08-15 13:00:00
59446.4,59743.0,59193.6,59417.9,846367.8,8463.678,503422184.4193,1,2024-08-15 14:00:00
59418.0,59775.2,59277.5,59671.5,591665.9,5916.659,352349679.1621,1,2024-08-15 15:00:00
59670.5,59861.5,59427.1,59541.5,553225.4,5532.254,330068045.0923,1,2024-08-15 16:00:00
59541.4,59559.0,58769.4,58880.8,588507.9,5885.079,348499785.0328,1,2024-08-15 17:00:00
58880.9,58880.9,57529.6,57867.7,1746283.5,17462.835,1013384056.946,1,2024-08-15 18:00:00
57867.6,57964.0,56680.0,57044.1,1809134.2,18091.342,1034504668.5601,1,2024-08-15 19:00:00
57044.2,57132.1,56048.3,56674.9,1022722.9,10227.229,579458671.0623,1,2024-08-15 20:00:00
56675.0,57648.5,56603.8,57626.0,730426.7,7304.267,416845886.8826,1,2024-08-15 21:00:00
57626.0,57874.9,57379.4,57620.0,452997.3,4529.973,260928244.2162,1,2024-08-15 22:00:00
57620.0,57826.2,57472.3,57528.0,244555.0,2445.55,140942755.2168,1,2024-08-15 23:00:00
57532.9,57673.9,57350.1,57475.4,305070.4,3050.704,175386921.702,1,2024-08-16 00:00:00
57475.4,57629.5,57095.7,57545.9,366495.2,3664.952,210072154.8655,1,2024-08-16 01:00:00
57546.0,58530.0,57334.8,58197.0,781460.0,7814.6,453349532.2514,1,2024-08-16 02:00:00
58196.9,58215.5,57781.8,57894.2,307723.3,3077.233,178555909.6475,1,2024-08-16 03:00:00
57894.2,58305.3,57808.0,58300.5,281170.0,2811.7,163268957.4349,1,2024-08-16 04:00:00
58300.5,58332.0,58114.0,58188.0,149869.0,1498.69,87267136.8479,1,2024-08-16 05:00:00
58188.0,58637.0,58044.4,58529.7,452059.9,4520.599,264071583.1682,1,2024-08-16 06:00:00
58529.9,58555.0,58330.0,58457.2,249406.8,2494.068,145747636.4326,1,2024-08-16 07:00:00
58457.3,58611.3,58333.0,58361.9,235381.9,2353.819,137622098.355,1,2024-08-16 08:00:00
58361.8,58699.6,58256.9,58667.9,341719.7,3417.197,199879229.6133,1,2024-08-16 09:00:00
58668.0,58673.7,58300.0,58436.1,266426.6,2664.266,155668966.5431,1,2024-08-16 10:00:00
58436.1,58640.0,58200.0,58400.8,379186.3,3791.863,221523429.8073,1,2024-08-16 11:00:00
58400.8,58517.0,57525.0,57876.0,1028731.8,10287.318,596117770.0628,1,2024-08-16 12:00:00
57877.4,58929.6,57752.3,58358.7,1600815.9,16008.159,934583921.1501,1,2024-08-16 13:00:00
58358.7,58485.5,57865.3,58018.3,802421.5,8024.215,466598702.3562,1,2024-08-16 14:00:00
58018.2,58230.0,57637.5,58063.9,618769.7,6187.697,358492438.1913,1,2024-08-16 15:00:00
58063.6,58740.0,57991.1,58565.5,720501.6,7205.016,420866308.04,1,2024-08-16 16:00:00
58565.5,59367.9,58388.1,59218.8,954432.8,9544.328,561506600.3704,1,2024-08-16 17:00:00
59220.0,59600.0,59071.7,59464.5,787566.0,7875.66,467483615.0493,1,2024-08-16 18:00:00
59466.0,59824.9,59401.6,59678.5,658180.0,6581.8,392642299.3679,1,2024-08-16 19:00:00
59678.6,59707.4,59192.5,59262.5,376681.9,3766.819,223819142.6089,1,2024-08-16 20:00:00
59261.8,59314.0,58955.0,59033.2,213798.4,2137.984,126389952.4293,1,2024-08-16 21:00:00
59033.1,59190.0,58973.5,58973.6,212815.3,2128.153,125763299.488,1,2024-08-16 22:00:00
58973.5,59062.5,58726.0,58892.2,254285.8,2542.858,149777274.9524,1,2024-08-16 23:00:00
58892.2,59278.0,58807.4,59187.1,221620.0,2216.2,130854619.8225,1,2024-08-17 00:00:00
59187.0,59388.0,59115.0,59246.8,216522.0,2165.22,128282844.1066,1,2024-08-17 01:00:00
59246.8,59340.9,59088.4,59149.9,149276.5,1492.765,88370402.1103,1,2024-08-17 02:00:00
59150.0,59182.0,58991.9,59166.0,167339.1,1673.391,98850960.3404,1,2024-08-17 03:00:00
59165.9,59272.9,59080.0,59220.6,137242.3,1372.423,81244732.1682,1,2024-08-17 04:00:00
59220.6,59249.9,59145.0,59158.9,73747.5,737.475,43650664.7525,1,2024-08-17 05:00:00
59159.0,59229.9,59137.3,59155.9,71781.9,717.819,42474442.2377,1,2024-08-17 06:00:00
59155.9,59261.1,59050.0,59247.1,134430.1,1344.301,79533642.4721,1,2024-08-17 07:00:00
59247.2,59293.9,59160.0,59287.1,108243.7,1082.437,64113110.7581,1,2024-08-17 08:00:00
59287.9,59478.0,59213.3,59322.1,243484.8,2434.848,144483568.8979,1,2024-08-17 09:00:00
59322.1,59348.7,59080.3,59116.2,222311.5,2223.115,131585759.9254,1,2024-08-17 10:00:00
59116.2,59191.8,59061.3,59140.1,132670.3,1326.703,78450596.258,1,2024-08-17 11:00:00
59140.0,59278.0,59098.7,59226.7,132950.9,1329.509,78713332.5401,1,2024-08-17 12:00:00
59226.8,59450.0,59183.0,59325.0,267129.0,2671.29,158490204.1105,1,2024-08-17 13:00:00
59325.0,59570.0,59250.0,59533.0,224412.2,2244.122,133326414.8941,1,2024-08-17 14:00:00
59533.1,59657.8,59366.0,59392.9,290324.2,2903.242,172717037.4372,1,2024-08-17 15:00:00
59393.0,59731.0,59392.9,59611.5,223067.1,2230.671,132851473.2818,1,2024-08-17 16:00:00
59611.5,59667.0,59426.3,59431.2,157383.9,1573.839,93724925.4468,1,2024-08-17 17:00:00
59431.1,59483.3,59301.0,59421.7,149737.4,1497.374,88918110.6637,1,2024-08-17 18:00:00
59422.7,59554.1,59386.3,59478.4,84156.4,841.564,50048087.1703,1,2024-08-17 19:00:00
59478.4,59500.0,59333.3,59399.8,81630.5,816.305,48510644.2379,1,2024-08-17 20:00:00
59399.8,59446.2,59151.0,59310.0,143660.6,1436.606,85139678.7434,1,2024-08-17 21:00:00
59310.0,59360.0,59250.0,59328.5,65268.2,652.682,38703687.7681,1,2024-08-17 22:00:00
59328.5,59499.0,59306.6,59499.0,74462.6,744.626,44233084.8248,1,2024-08-17 23:00:00
59499.0,59757.9,59421.7,59671.0,237686.4,2376.864,141720526.945,1,2024-08-18 00:00:00
59671.1,59687.7,59410.0,59440.0,150713.8,1507.138,89730644.0181,1,2024-08-18 01:00:00
59439.9,60270.0,59394.7,60141.2,682632.9,6826.329,408771471.6388,1,2024-08-18 02:00:00
60143.2,60297.9,59281.2,59339.3,724190.1,7241.901,432656916.1614,1,2024-08-18 03:00:00
59339.2,59500.0,59252.0,59459.9,319307.2,3193.072,189674870.986,1,2024-08-18 04:00:00
59459.9,59715.6,59380.0,59489.7,474869.1,4748.691,282779015.9851,1,2024-08-18 05:00:00
59489.7,59635.0,59477.0,59603.3,125636.0,1256.36,74852314.8639,1,2024-08-18 06:00:00
59603.3,59665.9,59496.7,59579.0,182237.6,1822.376,108589036.3446,1,2024-08-18 07:00:00
59579.0,59730.3,59420.0,59707.1,286058.1,2860.581,170381731.9178,1,2024-08-18 08:00:00
59707.2,60123.0,59633.4,59879.8,524360.5,5243.605,313759574.3408,1,2024-08-18 09:00:00
59879.8,60198.1,59823.2,59865.5,529760.6,5297.606,317989984.9978,1,2024-08-18 10:00:00
59865.5,60042.1,59751.4,60020.1,266635.0,2666.35,159677250.5151,1,2024-08-18 11:00:00
60020.0,60287.0,59884.8,59974.6,345300.0,3453.0,207418944.0147,1,2024-08-18 12:00:00
59974.6,60228.0,59823.0,59834.1,298583.2,2985.832,179310554.6698,1,2024-08-18 13:00:00
59834.1,59986.5,59668.1,59814.2,354311.9,3543.119,212012354.375,1,2024-08-18 14:00:00
59814.3,59938.9,59702.0,59867.0,152795.4,1527.954,91412402.7784,1,2024-08-18 15:00:00
59867.0,59959.4,59774.2,59852.8,143355.1,1433.551,85848016.7806,1,2024-08-18 16:00:00
59852.8,59871.0,59365.0,59536.0,487003.8,4870.038,290076433.0731,1,2024-08-18 17:00:00
59535.9,59625.0,59462.4,59595.1,142002.9,1420.029,84551793.9315,1,2024-08-18 18:00:00
59595.1,59765.0,59500.0,59710.1,105581.0,1055.81,63002310.5135,1,2024-08-18 19:00:00
59710.1,59875.3,59680.0,59824.0,129880.6,1298.806,77630252.6169,1,2024-08-18 20:00:00
59823.9,59824.0,59337.1,59443.0,168306.2,1683.062,100246657.6213,1,2024-08-18 21:00:00
59442.9,59585.0,59350.0,59350.7,135609.6,1356.096,80621680.7502,1,2024-08-18 22:00:00
59350.7,59413.0,58421.0,58435.8,961892.6,9618.926,566417548.5324,1,2024-08-18 23:00:00
58435.8,58725.6,58210.0,58356.2,889795.3,8897.953,520126565.8826,1,2024-08-19 00:00:00
58356.2,58623.7,58222.3,58564.9,400411.4,4004.114,233980307.644,1,2024-08-19 01:00:00
58565.0,58749.4,58423.3,58663.9,259100.9,2591.009,151853149.1445,1,2024-08-19 02:00:00
58663.9,58769.9,58560.2,58730.3,210801.7,2108.017,123677657.154,1,2024-08-19 03:00:00
58730.2,58746.6,58448.9,58588.1,231174.3,2311.743,135452306.3521,1,2024-08-19 04:00:00
58588.2,58618.0,58379.0,58488.3,213895.0,2138.95,125091833.9945,1,2024-08-19 05:00:00
58488.4,58666.0,58385.0,58571.0,221527.4,2215.274,129645961.166,1,2024-08-19 06:00:00
58571.0,58748.5,58486.5,58503.6,290537.6,2905.376,170288448.5118,1,2024-08-19 07:00:00
58505.3,58666.7,58413.0,58612.0,234087.7,2340.877,137110545.5868,1,2024-08-19 08:00:00
58612.1,58678.4,57950.7,58009.7,791993.8,7919.938,461060596.3126,1,2024-08-19 09:00:00
58008.1,58209.1,57800.0,58045.3,700045.5,7000.455,406263846.8423,1,2024-08-19 10:00:00
58045.4,58510.0,57977.0,58389.5,372719.1,3727.191,216942601.136,1,2024-08-19 11:00:00
58389.6,58506.3,58256.3,58407.8,272651.4,2726.514,159242478.849,1,2024-08-19 12:00:00
58408.0,58966.0,58024.3,58207.4,1306244.5,13062.445,765117657.872,1,2024-08-19 13:00:00
58207.4,58646.4,58080.0,58620.0,642992.4,6429.924,375092885.5342,1,2024-08-19 14:00:00
58620.0,58773.9,58502.0,58535.1,353429.1,3534.291,207264910.9856,1,2024-08-19 15:00:00
58535.1,58715.0,58372.2,58703.3,282370.7,2823.707,165316681.0646,1,2024-08-19 16:00:00
58703.4,59295.0,58556.0,59024.8,717361.7,7173.617,423110942.8486,1,2024-08-19 17:00:00
59024.9,59251.7,58718.4,59009.9,304418.7,3044.187,179543798.5679,1,2024-08-19 18:00:00
59010.0,59134.7,58859.8,58957.6,208997.8,2089.978,123273858.1848,1,2024-08-19 19:00:00
58957.6,59339.0,58901.4,59074.4,305596.9,3055.969,180768171.2704,1,2024-08-19 20:00:00
59074.3,59246.0,58952.5,58965.6,159980.4,1599.804,94504862.6361,1,2024-08-19 21:00:00
58965.6,59260.0,58965.6,59227.9,146831.3,1468.313,86815784.0495,1,2024-08-19 22:00:00
59227.9,59615.1,59085.5,59433.0,389787.2,3897.872,231502753.2458,1,2024-08-19 23:00:00
59433.2,60666.6,59351.8,60480.0,1329295.0,13292.95,799743147.4274,1,2024-08-20 00:00:00
60479.9,60914.0,60376.4,60443.9,756607.9,7566.079,458640067.0254,1,2024-08-20 01:00:00
60443.8,60560.0,60345.0,60526.3,263855.3,2638.553,159467249.9219,1,2024-08-20 02:00:00
60526.4,60628.0,60429.5,60627.9,228856.0,2288.56,138574024.8835,1,2024-08-20 03:00:00
60628.0,61059.7,60590.3,60871.9,705365.0,7053.65,429152395.3841,1,2024-08-20 04:00:00
60872.0,61434.4,60865.0,61121.9,785049.3,7850.493,480181201.7029,1,2024-08-20 05:00:00
61122.0,61161.0,60931.5,60967.2,267424.5,2674.245,163154700.8569,1,2024-08-20 06:00:00
60967.2,61008.5,60811.0,60939.5,271772.0,2717.72,165485164.9327,1,2024-08-20 07:00:00
60939.8,60962.7,60688.4,60769.3,324224.9,3242.249,197097080.8807,1,2024-08-20 08:00:00
60769.3,60980.0,60754.1,60868.1,266846.3,2668.463,162488283.4855,1,2024-08-20 09:00:00
60868.2,60888.0,60666.0,60725.1,162044.4,1620.444,98459956.9727,1,2024-08-20 10:00:00
60725.0,60749.3,60440.0,60528.1,473891.8,4738.918,287086794.947,1,2024-08-20 11:00:00
60528.1,60755.5,60502.7,60695.7,282982.3,2829.823,171678382.4028,1,2024-08-20 12:00:00
60695.8,60950.0,60338.4,60881.9,777866.4,7778.664,471679616.8568,1,2024-08-20 13:00:00
60881.9,60900.0,59439.9,59462.6,2190259.3,21902.593,1313857903.8394,1,2024-08-20 14:00:00
59462.6,59488.1,58582.0,58822.1,2209171.5,22091.715,1303192215.8827,1,2024-08-20 15:00:00
58822.1,59050.1,58500.0,58793.5,716521.9,7165.219,421384878.1898,1,2024-08-20 16:00:00
58793.4,59056.8,58667.2,59033.8,301770.0,3017.7,177563176.578,1,2024-08-20 17:00:00
59035.9,59481.8,58979.5,59194.6,609165.7,6091.657,361155769.4089,1,2024-08-20 18:00:00
59194.6,59596.8,59135.3,59509.0,306993.1,3069.931,182456036.7754,1,2024-08-20 19:00:00
59508.9,59719.6,59275.7,59308.3,314269.9,3142.699,187024760.0699,1,2024-08-20 20:00:00
59308.3,59328.0,58755.0,59285.0,353304.0,3533.04,208754721.9303,1,2024-08-20 21:00:00
59285.0,59578.4,59226.6,59359.9,198747.0,1987.47,118065151.9083,1,2024-08-20 22:00:00
59359.9,59394.7,58973.9,59007.9,168978.8,1689.788,99940967.039,1,2024-08-20 23:00:00
59006.2,59274.0,58951.1,58990.1,256125.6,2561.256,151425172.4354,1,2024-08-21 00:00:00
58990.0,59279.4,58760.0,59275.2,324519.0,3245.19,191520030.3841,1,2024-08-21 01:00:00
59275.2,59521.0,59242.2,59367.7,248647.6,2486.476,147597273.5673,1,2024-08-21 02:00:00
59367.7,59424.7,59207.8,59321.4,171635.4,1716.354,101794080.9634,1,2024-08-21 03:00:00
59321.4,59408.7,59180.2,59361.6,124223.2,1242.232,73684436.4374,1,2024-08-21 04:00:00
59361.6,59409.1,59300.0,59382.0,103840.8,1038.408,61647808.0649,1,2024-08-21 05:00:00
59382.0,59752.4,59362.7,59627.5,356262.9,3562.629,212310182.4549,1,2024-08-21 06:00:00
59627.5,59742.9,59568.0,59712.0,200397.5,2003.975,119563268.2835,1,2024-08-21 07:00:00
59712.0,59962.0,59220.0,59441.3,700992.7,7009.927,417579102.7434,1,2024-08-21 08:00:00
59441.3,59504.5,59093.0,59287.9,414067.9,4140.679,245311374.7499,1,2024-08-21 09:00:00
59287.9,59488.9,59197.9,59467.9,229849.0,2298.49,136408093.8946,1,2024-08-21 10:00:00
59467.9,59520.0,59246.0,59360.4,169763.7,1697.637,100834011.3453,1,2024-08-21 11:00:00
59360.5,59599.0,59263.7,59502.9,345977.9,3459.779,205718165.5707,1,2024-08-21 12:00:00
59503.0,60134.7,58829.9,59930.4,1283727.4,12837.274,762310187.4331,1,2024-08-21 13:00:00
59930.5,60222.0,59200.6,59415.9,2097923.6,20979.236,1252531477.3732,1,2024-08-21 14:00:00
59416.0,59789.0,59300.0,59514.1,491089.0,4910.89,292452336.5338,1,2024-08-21 15:00:00
59514.1,59957.9,59370.6,59888.0,445293.9,4452.939,265702638.053,1,2024-08-21 16:00:00
59885.2,60060.0,59706.8,59937.8,310880.2,3108.802,186217462.8919,1,2024-08-21 17:00:00
59937.8,60849.8,59848.1,60777.9,1149968.7,11499.687,695226098.2555,1,2024-08-21 18:00:00
60777.8,61666.0,59740.8,61569.0,1716387.0,17163.87,1048328643.14,1,2024-08-21 19:00:00
61569.5,61828.0,60916.6,61249.9,1056375.8,10563.758,648824189.7332,1,2024-08-21 20:00:00
61249.8,61516.6,60950.0,61240.8,404254.3,4042.543,247557626.0368,1,2024-08-21 21:00:00
61240.9,61508.9,61180.9,61183.7,225741.2,2257.412,138464777.3351,1,2024-08-21 22:00:00
61183.7,61297.8,61010.0,61158.7,319882.8,3198.828,195585361.1263,1,2024-08-21 23:00:00
61158.8,61234.3,60820.0,60836.4,313989.6,3139.896,191643073.3732,1,2024-08-22 00:00:00
60836.8,61015.9,60730.0,60975.1,289988.7,2899.887,176545089.0849,1,2024-08-22 01:00:00
60975.1,60977.9,59587.8,60171.7,1388834.1,13888.341,837010428.364,1,2024-08-22 02:00:00
60171.7,60642.1,60066.2,60543.9,530427.0,5304.27,320137412.2861,1,2024-08-22 03:00:00
60543.9,60850.0,60450.0,60824.1,374796.8,3747.968,227360658.3617,1,2024-08-22 04:00:00
60824.1,60824.2,60582.6,60714.5,211106.6,2111.066,128136504.011,1,2024-08-22 05:00:00
60714.5,60938.0,60675.6,60765.0,262430.7,2624.307,159620590.7547,1,2024-08-22 06:00:00
60765.0,61105.8,60700.3,60974.5,278322.5,2783.225,169540243.6063,1,2024-08-22 07:00:00
60974.5,61114.5,60850.0,60913.9,347414.4,3474.144,211801365.6405,1,2024-08-22 08:00:00
60913.8,60974.4,60789.7,60875.4,218021.9,2180.219,132728242.324,1,2024-08-22 09:00:00
60875.4,61400.0,60818.0,61340.0,481255.3,4812.553,294416389.4495,1,2024-08-22 10:00:00
61340.0,61380.0,61092.6,61324.1,324242.5,3242.425,198553959.3875,1,2024-08-22 11:00:00
61324.1,61388.0,60755.0,60886.4,766405.2,7664.052,467505408.5462,1,2024-08-22 12:00:00
60886.4,60925.3,60405.0,60807.8,1043038.9,10430.389,633263684.0964,1,2024-08-22 13:00:00
60807.8,60850.0,60324.0,60512.1,782310.3,7823.103,473707757.0772,1,2024-08-22 14:00:00
60512.0,60838.2,60100.0,60406.2,712141.5,7121.415,430299053.262,1,2024-08-22 15:00:00
60406.3,60599.3,60280.5,60329.4,373210.2,3732.102,225579821.0863,1,2024-08-22 16:00:00
60329.4,60520.9,60138.0,60162.2,318386.3,3183.863,192086143.0298,1,2024-08-22 17:00:00
60162.1,60571.4,60130.0,60328.2,311654.6,3116.546,188253302.9587,1,2024-08-22 18:00:00
60326.8,60440.4,60161.5,60307.6,272242.2,2722.422,164123959.3026,1,2024-08-22 19:00:00
60307.6,60699.1,60283.0,60673.2,336059.3,3360.593,203206674.0354,1,2024-08-22 20:00:00
60672.2,60717.0,60459.5,60547.3,129276.0,1292.76,78305269.1428,1,2024-08-22 21:00:00
60547.4,60600.1,60411.0,60437.9,95648.7,956.487,57854598.026,1,2024-08-22 22:00:00
60437.9,60466.0,60301.3,60380.0,118999.8,1189.998,71853376.6119,1,2024-08-22 23:00:00
60380.0,60954.0,60334.2,60724.9,414885.4,4148.854,251927547.1958,1,2024-08-23 00:00:00
60724.8,60860.0,60595.1,60760.4,196450.2,1964.502,119342159.9733,1,2024-08-23 01:00:00
60760.3,60814.8,60624.1,60636.2,147699.9,1476.999,89687705.8528,1,2024-08-23 02:00:00
60636.3,60698.9,60575.2,60600.1,125383.9,1253.839,76010826.0071,1,2024-08-23 03:00:00
60600.2,60736.4,60584.1,60709.3,98454.7,984.547,59726505.3911,1,2024-08-23 04:00:00
60709.3,61097.0,60709.2,60864.1,547320.2,5473.202,333446599.9176,1,2024-08-23 05:00:00
60864.2,61358.0,60832.1,61189.1,500755.4,5007.554,305960346.4615,1,2024-08-23 06:00:00
61189.1,61267.8,60959.0,61075.3,247219.4,2472.194,151068475.9094,1,2024-08-23 07:00:00
61075.3,61320.0,61036.7,61314.3,272123.8,2721.238,166534683.2786,1,2024-08-23 08:00:00
61314.2,61334.0,60954.6,61014.0,358433.4,3584.334,219160451.7156,1,2024-08-23 09:00:00
61014.1,61160.0,61000.0,61041.3,139865.0,1398.65,85431887.073,1,2024-08-23 10:00:00
61041.4,61073.0,60661.2,60736.1,499368.6,4993.686,303706284.4432,1,2024-08-23 11:00:00
60736.1,61220.4,60736.0,61140.7,414198.0,4141.98,252702700.3428,1,2024-08-23 12:00:00
61140.6,61176.0,60882.0,61121.9,451168.1,4511.681,275406125.4656,1,2024-08-23 13:00:00
61122.0,62327.4,60790.0,60983.3,3853222.5,38532.225,2372395637.2848,1,2024-08-23 14:00:00
60983.2,61773.9,60905.0,61528.0,1234413.6,12344.136,757769451.006,1,2024-08-23 15:00:00
61527.0,61850.0,61317.7,61729.9,677503.0,6775.03,417106068.1636,1,2024-08-23 16:00:00
61729.8,63039.9,61611.0,63005.9,1765899.9,17658.999,1102732313.6962,1,2024-08-23 17:00:00
63005.9,63429.0,62416.0,63147.9,1886782.0,18867.82,1190518569.4444,1,2024-08-23 18:00:00
63148.0,63816.0,62977.1,63604.0,1141694.5,11416.945,725414032.6366,1,2024-08-23 19:00:00
63609.7,63791.0,63473.1,63608.3,351956.4,3519.564,223923807.7614,1,2024-08-23 20:00:00
63608.2,65098.5,63583.3,64392.3,1211257.6,12112.576,779369637.7508,1,2024-08-23 21:00:00
64392.3,65000.0,63869.1,64115.5,1002793.4,10027.934,646870214.7973,1,2024-08-23 22:00:00
64115.6,64346.4,63852.0,64050.0,558400.2,5584.002,357979245.1014,1,2024-08-23 23:00:00
64050.0,64221.6,63850.0,63976.9,316679.5,3166.795,202696946.1973,1,2024-08-24 00:00:00
63977.0,64018.4,63629.0,63840.1,357770.4,3577.704,228228222.6006,1,2024-08-24 01:00:00
63843.9,64020.9,63799.3,63942.1,256156.6,2561.566,163724829.9413,1,2024-08-24 02:00:00
63942.0,63999.0,63777.8,63841.0,179773.4,1797.734,114840831.211,1,2024-08-24 03:00:00
63841.0,63988.0,63828.0,63890.0,138522.9,1385.229,88550129.9754,1,2024-08-24 04:00:00
63889.9,64037.5,63848.6,63989.9,196116.4,1961.164,125418891.4363,1,2024-08-24 05:00:00
63990.0,64300.0,63921.2,64055.6,395071.6,3950.716,253187965.4665,1,2024-08-24 06:00:00
64055.7,64447.2,64050.4,64309.8,290993.9,2909.939,186936511.4065,1,2024-08-24 07:00:00
64309.8,64494.5,64150.1,64419.7,227583.8,2275.838,146265579.0843,1,2024-08-24 08:00:00
64419.8,64554.9,64200.0,64339.6,264653.8,2646.538,170262248.6017,1,2024-08-24 09:00:00
64339.6,64399.9,64106.0,64136.9,195252.6,1952.526,125452853.9409,1,2024-08-24 10:00:00
64137.0,64201.6,63900.0,63922.0,255670.9,2556.709,163800432.3423,1,2024-08-24 11:00:00
63922.0,64228.0,63918.3,64101.0,240686.8,2406.868,154292091.8496,1,2024-08-24 12:00:00
64100.9,64265.9,63952.2,64228.0,196607.1,1966.071,126123667.6371,1,2024-08-24 13:00:00
64228.0,64269.9,64035.6,64185.0,144648.9,1446.489,92803253.5134,1,2024-08-24 14:00:00
64184.9,64185.0,63865.0,63982.6,319916.8,3199.168,204853735.5673,1,2024-08-24 15:00:00
63982.6,64445.9,63921.4,64297.9,480072.7,4800.727,308261362.7392,1,2024-08-24 16:00:00
64297.9,64306.1,63942.9,64052.7,210454.8,2104.548,134981234.8861,1,2024-08-24 17:00:00
64056.0,64464.0,63942.0,64228.7,407069.7,4070.697,261500107.9894,1,2024-08-24 18:00:00
64228.6,64382.6,64204.9,64204.9,65429.0,654.29,42064752.745,1,2024-08-24 19:00:00
64205.0,64345.2,64130.0,64130.1,79557.0,795.57,51092863.4052,1,2024-08-24 20:00:00
64130.0,64192.9,63500.0,63613.5,411328.2,4113.282,262664621.6374,1,2024-08-24 21:00:00
63611.2,64000.0,63573.2,63841.9,298913.4,2989.134,190745712.2666,1,2024-08-24 22:00:00
63841.9,64173.5,63800.0,64160.9,145338.8,1453.388,93024067.0685,1,2024-08-24 23:00:00
64160.1,65028.4,64120.0,64195.7,786740.2,7867.402,506944851.7459,1,2024-08-25 00:00:00
64195.7,64399.1,64050.0,64160.0,239105.8,2391.058,153525419.5925,1,2024-08-25 01:00:00
64160.1,64285.0,64115.3,64153.9,115217.9,1152.179,73970034.9229,1,2024-08-25 02:00:00
64153.5,64191.6,64000.0,64115.9,144501.7,1445.017,92599604.8697,1,2024-08-25 03:00:00
64115.9,64179.3,64002.0,64167.6,124654.3,1246.543,79890607.1951,1,2024-08-25 04:00:00
64167.6,64218.0,64102.8,64157.0,95008.1,950.081,60968545.6724,1,2024-08-25 05:00:00
64157.0,64183.4,63980.7,64011.7,156022.7,1560.227,99935100.9422,1,2024-08-25 06:00:00
64011.7,64059.0,63785.0,63877.8,411064.1,4110.641,262712563.1714,1,2024-08-25 07:00:00
63877.7,64032.1,63820.0,63950.0,164917.4,1649.174,105461706.9246,1,2024-08-25 08:00:00
63949.9,64000.0,63806.7,63870.1,181131.2,1811.312,115680893.2517,1,2024-08-25 09:00:00
63870.0,63943.9,63790.0,63891.9,150831.6,1508.316,96322105.2395,1,2024-08-25 10:00:00
63891.9,64036.6,63881.0,63891.4,157672.0,1576.72,100836723.147,1,2024-08-25 11:00:00
63891.5,63960.0,63820.0,63942.5,98543.0,985.43,62964886.3774,1,2024-08-25 12:00:00
63942.5,64183.8,63862.7,64085.7,281082.0,2810.82,180056875.2057,1,2024-08-25 13:00:00
64085.7,64264.0,64085.7,64155.0,210373.8,2103.738,135004811.2546,1,2024-08-25 14:00:00
64155.1,64291.4,64080.9,64133.0,189905.0,1899.05,121859664.4131,1,2024-08-25 15:00:00
64133.1,64205.8,64008.7,64047.8,155921.2,1559.212,99930288.2024,1,2024-08-25 16:00:00
64047.7,64177.8,64024.7,64149.9,89220.5,892.205,57196838.9751,1,2024-08-25 17:00:00
64149.9,64275.4,64080.0,64176.3,108948.7,1089.487,69913802.4671,1,2024-08-25 18:00:00
64176.2,64223.9,64150.0,64192.2,54877.0,548.77,35223630.1426,1,2024-08-25 19:00:00
64192.2,64284.1,64129.7,64221.2,122893.6,1228.936,78910231.6545,1,2024-08-25 20:00:00
64221.2,64605.3,64209.4,64401.3,336450.7,3364.507,216730179.0642,1,2024-08-25 21:00:00
64401.4,64631.3,64276.6,64486.7,305826.2,3058.262,197148493.2,1,2024-08-25 22:00:00
64487.1,65043.6,64200.1,64222.0,991836.7,9918.367,640819431.7986,1,2024-08-25 23:00:00
64222.1,64490.0,63875.0,64108.1,515492.2,5154.922,330769745.4346,1,2024-08-26 00:00:00
64108.1,64200.0,63888.0,63934.5,239588.1,2395.881,153431144.5634,1,2024-08-26 01:00:00
63934.5,64080.7,63785.0,64066.7,280665.0,2806.65,179457805.1059,1,2024-08-26 02:00:00
64066.6,64132.9,64002.8,64125.2,150329.9,1503.299,96338182.6814,1,2024-08-26 03:00:00
64125.1,64221.8,63960.0,64036.1,166137.7,1661.377,106501654.4135,1,2024-08-26 04:00:00
64036.1,64067.2,63890.0,63960.3,135738.4,1357.384,86841999.362,1,2024-08-26 05:00:00
63960.3,64200.0,63615.0,63737.0,641413.7,6414.137,409608027.2987,1,2024-08-26 06:00:00
63737.0,63880.0,63574.7,63634.4,339994.1,3399.941,216636409.8835,1,2024-08-26 07:00:00
63634.4,63904.3,63592.2,63751.4,225646.4,2256.464,143898257.5195,1,2024-08-26 08:00:00
63751.3,63878.7,63214.5,63859.1,699176.4,6991.764,444445252.7434,1,2024-08-26 09:00:00
63859.1,64040.0,63730.3,63777.8,527022.9,5270.229,336713258.937,1,2024-08-26 10:00:00
63776.1,63995.3,63739.4,63850.4,241322.5,2413.225,154121128.7891,1,2024-08-26 11:00:00
63850.4,63968.5,63466.0,63636.0,403367.4,4033.674,256892484.5971,1,2024-08-26 12:00:00
63636.0,63883.5,63492.0,63764.2,690793.5,6907.935,439885961.8863,1,2024-08-26 13:00:00
63765.0,63873.0,63155.1,63498.6,1116270.3,11162.703,708039468.5757,1,2024-08-26 14:00:00
63498.6,63650.0,63068.0,63535.0,623259.9,6232.599,394839647.2773,1,2024-08-26 15:00:00
63535.0,63828.0,63411.0,63708.3,416906.5,4169.065,265277051.8678,1,2024-08-26 16:00:00
63708.2,63890.0,63200.0,63388.9,561942.1,5619.421,356753819.7148,1,2024-08-26 17:00:00
63389.0,63708.0,63189.6,63650.0,525198.5,5251.985,333334865.6458,1,2024-08-26 18:00:00
63650.0,63728.9,63255.0,63331.1,302206.0,3022.06,191852789.9768,1,2024-08-26 19:00:00
63331.0,63567.8,63200.0,63412.4,391925.0,3919.25,248344907.5674,1,2024-08-26 20:00:00
63412.0,63428.8,62840.2,63144.7,535008.8,5350.088,337346815.8377,1,2024-08-26 21:00:00
63144.8,63300.0,62880.0,62965.7,330061.7,3300.617,208152336.5507,1,2024-08-26 22:00:00
62965.7,63171.9,62793.1,62840.1,297100.2,2971.002,187110881.4538,1,2024-08-26 23:00:00
62840.1,63050.0,62650.0,62715.7,555718.8,5557.188,349212451.8769,1,2024-08-27 00:00:00
62715.8,63215.0,62672.2,62992.2,535290.4,5352.904,337280842.3217,1,2024-08-27 01:00:00
62996.7,63200.0,62880.0,62900.0,284043.3,2840.433,178998381.906,1,2024-08-27 02:00:00
62900.1,63010.9,62727.3,62971.9,290811.7,2908.117,182799121.424,1,2024-08-27 03:00:00
62972.0,63093.0,62903.7,63034.9,214593.3,2145.933,135180310.3208,1,2024-08-27 04:00:00
63035.0,63200.0,63034.9,63154.0,230809.1,2308.091,145704922.0994,1,2024-08-27 05:00:00
63154.0,63160.9,62730.0,62780.5,365431.6,3654.316,229766911.5524,1,2024-08-27 06:00:00
62780.5,62969.8,62777.4,62907.8,199536.3,1995.363,125434677.0584,1,2024-08-27 07:00:00
62907.9,63012.8,62700.0,62820.4,269920.7,2699.207,169513392.7154,1,2024-08-27 08:00:00
62820.5,62950.0,62573.0,62692.4,476500.4,4765.004,298965729.375,1,2024-08-27 09:00:00
62692.5,62692.5,62250.0,62340.0,886253.4,8862.534,553212216.8486,1,2024-08-27 10:00:00
62340.1,62593.0,62234.0,62433.6,406791.7,4067.917,254024703.4759,1,2024-08-27 11:00:00
62433.5,62487.9,62122.0,62434.0,442341.1,4423.411,275727553.9966,1,2024-08-27 12:00:00
62434.1,62513.5,62125.0,62230.7,670064.3,6700.643,417379363.6892,1,2024-08-27 13:00:00
62230.7,62298.0,61786.1,61840.2,1584415.0,15844.15,981876119.7271,1,2024-08-27 14:00:00
61840.2,61982.0,61456.1,61698.6,1197333.1,11973.331,738633549.0399,1,2024-08-27 15:00:00
61698.6,61991.9,61526.5,61554.3,695054.1,6950.541,429166329.6153,1,2024-08-27 16:00:00
61554.4,61938.5,61504.2,61933.9,295894.4,2958.944,182696005.7691,1,2024-08-27 17:00:00
61933.9,62141.2,61861.6,62092.1,363544.3,3635.443,225451877.6549,1,2024-08-27 18:00:00
62092.1,62197.0,61876.2,62101.7,259149.7,2591.497,160828777.3829,1,2024-08-27 19:00:00
62101.6,62103.5,61843.1,61869.3,205543.8,2055.438,127344084.5262,1,2024-08-27 20:00:00
61869.3,61963.2,59640.9,60426.7,2271564.2,22715.642,1382557397.2842,1,2024-08-27 21:00:00
60426.6,60426.7,57910.1,59498.7,3349358.5,33493.585,1979695171.0417,1,2024-08-27 22:00:00
59498.8,59778.3,59134.8,59405.3,751629.2,7516.292,446995146.6178,1,2024-08-27 23:00:00
59405.4,59454.8,58954.0,59081.3,660023.7,6600.237,390911914.7418,1,2024-08-28 00:00:00
59081.3,59450.0,58915.8,59372.2,503149.6,5031.496,297602634.8171,1,2024-08-28 01:00:00
59372.0,59421.5,59195.1,59343.6,246830.6,2468.306,146413716.3083,1,2024-08-28 02:00:00
59343.7,59656.0,59310.0,59625.2,294544.6,2945.446,175253406.0971,1,2024-08-28 03:00:00
59625.1,59669.1,59289.5,59341.7,266635.7,2666.357,158642989.9757,1,2024-08-28 04:00:00
59341.7,59487.8,59260.0,59296.7,221537.8,2215.378,131514930.6224,1,2024-08-28 05:00:00
59296.6,59373.2,59130.0,59200.1,220579.4,2205.794,130657858.1449,1,2024-08-28 06:00:00
59200.0,59284.6,58515.0,58601.1,744728.2,7447.282,438449754.7979,1,2024-08-28 07:00:00
58601.1,59298.0,58537.5,59226.8,545138.2,5451.382,321472127.5305,1,2024-08-28 08:00:00
59226.7,60222.0,59140.0,60189.9,867225.7,8672.257,517573033.0145,1,2024-08-28 09:00:00
60189.9,60219.8,59686.1,59761.8,529962.8,5299.628,317505183.8993,1,2024-08-28 10:00:00
59761.9,60094.8,59673.2,59928.1,326501.1,3265.011,195712693.5918,1,2024-08-28 11:00:00
59928.0,60161.6,59874.4,59939.9,317622.8,3176.228,190660290.6891,1,2024-08-28 12:00:00
59940.0,60001.0,59311.9,59342.2,724793.1,7247.931,432927463.8409,1,2024-08-28 13:00:00
59342.2,59944.4,58923.0,59186.2,1138891.8,11388.918,676605329.7118,1,2024-08-28 14:00:00
59186.2,59186.2,58400.0,59003.9,1304712.4,13047.124,766560538.1192,1,2024-08-28 15:00:00
59003.8,59218.0,57778.9,59183.6,2015985.2,20159.852,1178585843.0727,1,2024-08-28 16:00:00
59183.5,59270.2,58620.8,58644.9,720901.7,7209.017,424954249.7748,1,2024-08-28 17:00:00
58644.9,59520.1,58580.8,59492.0,570331.4,5703.314,336769489.7695,1,2024-08-28 18:00:00
59493.9,59839.5,58814.1,58904.9,709200.8,7092.008,421365735.5923,1,2024-08-28 19:00:00
58904.9,59620.7,58626.0,59310.0,821777.1,8217.771,485894009.7702,1,2024-08-28 20:00:00
59310.1,59498.3,59062.1,59116.0,252002.2,2520.022,149429730.3927,1,2024-08-28 21:00:00
59116.0,59260.0,58834.2,59198.9,207231.6,2072.316,122334891.9517,1,2024-08-28 22:00:00
59198.9,59200.0,58983.8,59040.2,145264.4,1452.644,85867773.0838,1,2024-08-28 23:00:00
59040.1,59253.8,58920.1,59210.8,226148.8,2261.488,133634870.0447,1,2024-08-29 00:00:00
59210.1,59331.6,58866.7,58994.5,221734.5,2217.345,130976922.8578,1,2024-08-29 01:00:00
58994.5,59194.4,58921.2,59130.6,167259.1,1672.591,98809211.2565,1,2024-08-29 02:00:00
59130.7,59188.0,59013.6,59146.8,99486.9,994.869,58814788.9708,1,2024-08-29 03:00:00
59146.9,59214.8,59060.3,59197.7,110162.8,1101.628,65167600.9312,1,2024-08-29 04:00:00
59197.7,59459.0,59136.6,59431.6,264172.3,2641.723,156704860.8843,1,2024-08-29 05:00:00
59431.7,59757.2,59365.0,59566.8,380524.9,3805.249,226720388.6903,1,2024-08-29 06:00:00
59566.7,59688.0,59491.9,59571.3,153079.9,1530.799,91245371.0938,1,2024-08-29 07:00:00
59571.3,59628.2,59359.6,59548.0,225467.4,2254.674,134101746.7658,1,2024-08-29 08:00:00
59549.9,59773.1,59544.1,59577.6,293894.3,2938.943,175316478.2345,1,2024-08-29 09:00:00
59577.6,59849.0,59570.0,59673.1,281788.6,2817.886,168274450.618,1,2024-08-29 10:00:00
59673.1,60478.0,59607.2,60058.6,918542.1,9185.421,552167262.8234,1,2024-08-29 11:00:00
60058.6,60500.0,59971.4,60324.0,596085.3,5960.853,359142097.0835,1,2024-08-29 12:00:00
60323.9,60697.8,60184.7,60628.4,727196.5,7271.965,439433144.7931,1,2024-08-29 13:00:00
60628.4,60950.0,60450.1,60811.4,840677.7,8406.777,510557160.9628,1,2024-08-29 14:00:00
60811.4,61169.9,60722.0,60779.9,791852.7,7918.527,482679742.6486,1,2024-08-29 15:00:00
60779.9,60960.0,60220.1,60294.4,711618.1,7116.181,430740632.5264,1,2024-08-29 16:00:00
60294.5,60586.5,60173.5,60532.0,416943.0,4169.43,251800850.034,1,2024-08-29 17:00:00
60533.8,60550.0,58906.8,59159.8,1383579.5,13835.795,823953752.3416,1,2024-08-29 18:00:00
59159.9,59713.9,58937.0,59268.1,744319.2,7443.192,441647459.1327,1,2024-08-29 19:00:00
59268.0,59526.9,59230.8,59526.9,267029.3,2670.293,158635613.6825,1,2024-08-29 20:00:00
59526.8,59640.5,59422.2,59496.7,155464.2,1554.642,92540482.6238,1,2024-08-29 21:00:00
59496.8,59496.8,58702.3,59213.5,538993.4,5389.934,318528130.7084,1,2024-08-29 22:00:00
59213.4,59398.0,59138.4,59350.1,140524.0,1405.24,83335474.4767,1,2024-08-29 23:00:00
59350.0,59491.0,59116.3,59210.1,262662.2,2626.622,155779032.6767,1,2024-08-30 00:00:00
59210.1,59311.1,58909.3,59226.0,342527.5,3425.275,202579592.2148,1,2024-08-30 01:00:00
59226.1,59346.0,59056.2,59210.0,166230.8,1662.308,98409870.9759,1,2024-08-30 02:00:00
59210.0,59219.7,58901.0,59038.7,273477.9,2734.779,161404973.6285,1,2024-08-30 03:00:00
59038.8,59168.0,59011.0,59018.1,136972.6,1369.726,80923288.3065,1,2024-08-30 04:00:00
59018.1,59034.6,58654.8,58791.6,397021.8,3970.218,233611950.3573,1,2024-08-30 05:00:00
58791.6,59377.7,58708.1,59362.1,413688.1,4136.881,244414566.9283,1,2024-08-30 06:00:00
59362.0,59586.9,59225.0,59268.3,461484.1,4614.841,274172245.4606,1,2024-08-30 07:00:00
59268.3,59578.7,59268.2,59447.8,294543.9,2945.439,175021339.8074,1,2024-08-30 08:00:00
59447.9,59655.0,59411.2,59577.6,320303.7,3203.037,190755946.9222,1,2024-08-30 09:00:00
59577.7,59671.1,59420.1,59575.7,214485.3,2144.853,127715243.364,1,2024-08-30 10:00:00
59575.8,59643.6,59320.0,59400.2,273609.3,2736.093,162648514.3144,1,2024-08-30 11:00:00
59400.2,59951.0,59370.2,59538.9,708897.9,7088.979,422735005.7245,1,2024-08-30 12:00:00
59538.8,59684.2,58900.8,59661.4,796766.9,7967.669,472948263.3747,1,2024-08-30 13:00:00
59661.5,59849.2,58428.0,58465.8,1477420.4,14774.204,872875267.8614,1,2024-08-30 14:00:00
58465.8,58680.0,57924.0,58094.0,1773600.2,17736.002,1033168014.3059,1,2024-08-30 15:00:00
58095.9,58611.3,57660.1,58554.1,1210634.2,12106.342,704124356.6504,1,2024-08-30 16:00:00
58554.0,58819.2,58400.8,58635.7,601193.9,6011.939,352071930.8351,1,2024-08-30 17:00:00
58635.8,59383.0,58622.1,59380.8,891731.0,8917.31,526630989.1682,1,2024-08-30 18:00:00
59380.7,59380.7,58702.0,58702.1,437851.5,4378.515,258222999.9391,1,2024-08-30 19:00:00
58702.0,59049.3,58702.0,59048.7,163181.3,1631.813,96067007.2215,1,2024-08-30 20:00:00
59048.6,59157.0,58969.2,59059.9,122955.7,1229.557,72602165.3703,1,2024-08-30 21:00:00
59060.0,59296.0,59044.1,59229.7,164600.0,1646.0,97418058.9975,1,2024-08-30 22:00:00
59229.7,59279.4,59080.3,59127.3,94376.4,943.764,55835257.5989,1,2024-08-30 23:00:00
59127.4,59478.0,59055.6,59241.2,255856.9,2558.569,151715906.9134,1,2024-08-31 00:00:00
59241.2,59346.0,59178.4,59280.5,99221.0,992.21,58813335.5408,1,2024-08-31 01:00:00
59280.5,59299.9,59140.0,59203.7,88116.0,881.16,52160501.1991,1,2024-08-31 02:00:00
59203.7,59258.0,59133.0,59232.7,84726.4,847.264,50155528.0566,1,2024-08-31 03:00:00
59232.6,59350.0,59217.4,59349.4,96869.2,968.692,57428019.3569,1,2024-08-31 04:00:00
59349.4,59349.5,59209.0,59209.7,82134.9,821.349,48685264.6099,1,2024-08-31 05:00:00
59209.8,59265.1,59150.4,59156.0,81519.1,815.191,48263284.1805,1,2024-08-31 06:00:00
59156.0,59193.3,59066.0,59091.1,130300.6,1303.006,77037954.7367,1,2024-08-31 07:00:00
59091.1,59135.6,58972.6,58976.4,163012.6,1630.126,96266953.1645,1,2024-08-31 08:00:00
58976.4,59029.3,58824.6,58910.6,250027.5,2500.275,147332030.1527,1,2024-08-31 09:00:00
58910.6,59169.0,58872.3,59132.2,163366.3,1633.663,96479414.1658,1,2024-08-31 10:00:00
59132.1,59190.0,59097.4,59124.7,104272.9,1042.729,61665824.9201,1,2024-08-31 11:00:00
59125.0,59259.0,59064.7,59180.6,178090.6,1780.906,105361207.8191,1,2024-08-31 12:00:00
59180.5,59258.0,58926.1,58951.9,249262.2,2492.622,147355735.6074,1,2024-08-31 13:00:00
58950.1,59169.8,58880.2,59130.8,224353.2,2243.532,132499364.7423,1,2024-08-31 14:00:00
59130.9,59156.6,58963.8,59017.9,144159.7,1441.597,85116010.3782,1,2024-08-31 15:00:00
59017.9,59056.9,58851.1,58971.8,153281.1,1532.811,90384156.7143,1,2024-08-31 16:00:00
58971.9,59045.7,58735.2,59008.7,228578.0,2285.78,134589599.4882,1,2024-08-31 17:00:00
59008.7,59159.9,58855.5,58924.4,262362.2,2623.622,154887057.8443,1,2024-08-31 18:00:00
58924.3,58955.0,58820.0,58866.5,92845.5,928.455,54677480.1127,1,2024-08-31 19:00:00
58866.4,58981.0,58784.0,58956.1,82142.3,821.423,48374181.5735,1,2024-08-31 20:00:00
58956.2,59148.5,58920.1,59055.7,95418.2,954.182,56323271.5812,1,2024-08-31 21:00:00
59055.6,59140.5,58999.9,59025.7,59067.0,590.67,34884526.2191,1,2024-08-31 22:00:00
59025.8,59065.7,58930.0,58977.2,50211.5,502.115,29610252.2584,1,2024-08-31 23:00:00
58975.7,59085.9,58914.6,58940.0,93351.8,933.518,55065610.1826,1,2024-09-01 00:00:00
58939.9,58973.7,58830.0,58831.9,104831.7,1048.317,61744967.0016,1,2024-09-01 01:00:00
58832.0,58896.5,58264.0,58548.0,674630.6,6746.306,394895169.2142,1,2024-09-01 02:00:00
58548.0,58676.0,58400.0,58529.5,226857.6,2268.576,132842272.0676,1,2024-09-01 03:00:00
58529.6,58608.6,58364.3,58445.6,206714.2,2067.142,120878223.241,1,2024-09-01 04:00:00
58445.6,58473.2,57766.7,57978.0,958298.9,9582.989,556434150.1285,1,2024-09-01 05:00:00
57978.0,58296.0,57940.2,58191.1,310985.8,3109.858,180838509.3163,1,2024-09-01 06:00:00
58190.8,58500.0,58124.0,58477.0,280875.3,2808.753,163804299.1736,1,2024-09-01 07:00:00
58477.0,58508.0,58195.6,58239.8,194160.8,1941.608,113249871.1339,1,2024-09-01 08:00:00
58239.9,58410.0,58133.2,58201.4,225840.3,2258.403,131643306.967,1,2024-09-01 09:00:00
58201.3,58218.9,57890.8,57930.4,393638.3,3936.383,228419992.0282,1,2024-09-01 10:00:00
57930.5,58241.7,57830.0,58238.1,293739.8,2937.398,170443717.3864,1,2024-09-01 11:00:00
58238.1,58320.0,57915.0,58024.5,312973.1,3129.731,181897247.117,1,2024-09-01 12:00:00
58024.5,58218.0,57714.1,58172.0,501867.1,5018.671,290985430.4208,1,2024-09-01 13:00:00
58172.0,58178.5,57150.1,57881.2,1420106.4,14201.064,819841595.9093,1,2024-09-01 14:00:00
57881.3,58378.0,57739.6,58220.1,504645.4,5046.454,293205873.8472,1,2024-09-01 15:00:00
58220.0,58363.5,58100.0,58133.2,402984.8,4029.848,234495545.7151,1,2024-09-01 16:00:00
58133.2,58207.7,57866.3,58128.1,335102.4,3351.024,194444011.5191,1,2024-09-01 17:00:00
58128.1,58800.0,58121.1,58540.0,590790.2,5907.902,345530657.4712,1,2024-09-01 18:00:00
58540.1,58791.1,58289.5,58516.1,280899.6,2808.996,164355486.6842,1,2024-09-01 19:00:00
58516.0,58662.8,58381.3,58430.1,142987.9,1429.879,83692225.213,1,2024-09-01 20:00:00
58430.2,58440.0,58080.2,58353.0,156162.9,1561.629,90973455.6928,1,2024-09-01 21:00:00
58353.1,58424.0,57225.0,57307.9,882146.6,8821.466,508191766.0299,1,2024-09-01 22:00:00
57307.8,57600.0,57188.0,57290.8,631961.0,6319.61,362447024.1008,1,2024-09-01 23:00:00
57290.7,57650.0,57111.0,57469.9,636809.8,6368.098,365428892.9305,1,2024-09-02 00:00:00
57469.9,57575.7,57230.5,57412.2,377719.9,3777.199,216771706.7859,1,2024-09-02 01:00:00
57412.3,57719.8,57280.0,57494.1,398377.5,3983.775,229068151.9719,1,2024-09-02 02:00:00
57494.2,57775.5,57480.0,57732.4,333056.8,3330.568,191959119.6026,1,2024-09-02 03:00:00
57732.4,57769.6,57450.9,57460.0,203327.0,2033.27,117107877.5639,1,2024-09-02 04:00:00
57460.1,57988.0,57449.2,57783.4,359524.1,3595.241,207680460.5541,1,2024-09-02 05:00:00
57782.0,57888.0,57666.7,57691.9,208227.7,2082.277,120275149.9589,1,2024-09-02 06:00:00
57691.9,57798.2,57355.1,57548.9,301159.5,3011.595,173273302.546,1,2024-09-02 07:00:00
57549.0,58333.0,57511.6,58055.0,855681.8,8556.818,496705491.1141,1,2024-09-02 08:00:00
58055.0,58470.0,57901.0,58410.0,561686.4,5616.864,326797930.2362,1,2024-09-02 09:00:00
58410.0,58598.7,58289.0,58500.4,505248.2,5052.482,295260641.5687,1,2024-09-02 10:00:00
58500.3,58666.0,58343.1,58428.9,387426.0,3874.26,226710222.5528,1,2024-09-02 11:00:00
58428.9,58525.9,58238.9,58387.3,259684.9,2596.849,151548960.7597,1,2024-09-02 12:00:00
58386.8,58495.0,58160.0,58182.6,291978.6,2919.786,170164844.7325,1,2024-09-02 13:00:00
58182.6,58844.0,58106.1,58608.4,779971.5,7799.715,456506750.4784,1,2024-09-02 14:00:00
58608.4,58741.0,58486.7,58539.4,278991.0,2789.91,163528951.3546,1,2024-09-02 15:00:00
58539.5,58660.0,58288.7,58341.7,277145.0,2771.45,162008338.593,1,2024-09-02 16:00:00
58341.7,58566.0,58289.9,58518.7,183037.2,1830.372,106943472.3815,1,2024-09-02 17:00:00
58518.7,58671.2,58318.8,58491.4,167451.4,1674.514,97957752.5399,1,2024-09-02 18:00:00
58491.4,58560.7,58394.8,58447.4,68222.5,682.225,39890396.1943,1,2024-09-02 19:00:00
58447.4,59260.0,58384.6,58988.9,493320.4,4933.204,290609826.1261,1,2024-09-02 20:00:00
58988.8,59290.0,58878.4,59037.0,403092.2,4030.922,238419687.2225,1,2024-09-02 21:00:00
59037.1,59377.0,58999.5,59354.3,350311.3,3503.113,207333925.2336,1,2024-09-02 22:00:00
59354.3,59440.8,59077.1,59146.9,317900.1,3179.001,188293696.3151,1,2024-09-02 23:00:00
59146.9,59265.0,59010.0,59265.0,220458.8,2204.588,130367455.173,1,2024-09-03 00:00:00
59265.0,59416.0,59195.3,59392.0,313458.0,3134.58,185885696.1049,1,2024-09-03 01:00:00
59391.9,59828.0,59313.4,59320.0,744417.2,7444.172,443568533.6434,1,2024-09-03 02:00:00
59320.1,59342.0,59074.2,59127.9,365210.1,3652.101,216273317.9554,1,2024-09-03 03:00:00
59127.9,59252.8,59010.7,59105.1,307919.5,3079.195,182093146.0155,1,2024-09-03 04:00:00
59105.1,59263.1,58988.9,59194.5,224088.1,2240.881,132574120.2622,1,2024-09-03 05:00:00
59194.5,59194.5,58861.6,58898.8,368688.2,3686.882,217443911.0761,1,2024-09-03 06:00:00
58898.7,59141.4,58884.0,59108.1,167734.5,1677.345,99025608.2302,1,2024-09-03 07:00:00
59108.1,59149.7,58720.0,58788.0,436960.4,4369.604,257323609.1883,1,2024-09-03 08:00:00
58788.1,58963.0,58780.0,58870.0,185076.9,1850.769,108966669.8236,1,2024-09-03 09:00:00
58870.1,59198.9,58831.8,59079.9,294127.0,2941.27,173695333.5051,1,2024-09-03 10:00:00
59079.9,59110.3,58943.6,59071.7,139642.6,1396.426,82440742.1754,1,2024-09-03 11:00:00
59071.7,59385.0,59058.0,59137.8,326630.1,3266.301,193422161.9407,1,2024-09-03 12:00:00
59137.8,59322.2,58208.0,58395.9,1280874.6,12808.746,751281536.9815,1,2024-09-03 13:00:00
58396.0,58396.0,57568.0,57683.4,1666941.5,16669.415,965820067.1911,1,2024-09-03 14:00:00
57683.9,58020.0,57630.0,57721.3,616221.4,6162.214,356115350.8313,1,2024-09-03 15:00:00
57721.2,57930.0,57658.0,57698.4,350927.0,3509.27,202753803.2202,1,2024-09-03 16:00:00
57698.2,58112.0,57677.1,57700.1,362068.6,3620.686,209600414.2279,1,2024-09-03 17:00:00
57700.1,58067.6,57576.1,57932.0,406744.0,4067.44,235307085.8368,1,2024-09-03 18:00:00
57931.2,58258.0,57857.0,58051.3,448821.9,4488.219,260492385.0586,1,2024-09-03 19:00:00
58052.9,58244.2,58052.9,58239.2,189822.8,1898.228,110406776.5696,1,2024-09-03 20:00:00
58240.0,58248.2,57920.1,58134.0,164613.5,1646.135,95602358.6046,1,2024-09-03 21:00:00
58134.0,58189.4,57866.7,57872.8,181809.2,1818.092,105422877.7512,1,2024-09-03 22:00:00
57872.9,57913.9,57411.0,57486.1,460737.7,4607.377,265481151.3417,1,2024-09-03 23:00:00
57486.1,57951.0,57066.3,57127.9,929488.1,9294.881,534768723.3052,1,2024-09-04 00:00:00
57128.0,57142.9,55555.9,56777.7,2936423.0,29364.23,1653906951.0048,1,2024-09-04 01:00:00
56777.8,56827.8,56520.0,56639.3,391702.2,3917.022,221983518.4855,1,2024-09-04 02:00:00
56639.2,56848.0,56606.0,56665.9,300323.2,3003.232,170388488.4246,1,2024-09-04 03:00:00
56665.9,56733.0,56555.0,56695.7,215302.9,2153.029,121974637.1924,1,2024-09-04 04:00:00
56695.7,56695.8,56166.0,56246.0,481721.3,4817.213,271670971.0318,1,2024-09-04 05:00:00
56246.1,56536.5,56221.5,56277.9,400152.0,4001.52,225609488.0388,1,2024-09-04 06:00:00
56278.0,56887.9,56250.0,56745.6,462085.8,4620.858,261618104.9866,1,2024-09-04 07:00:00
56745.6,56900.0,56660.0,56773.6,274635.8,2746.358,155894469.0671,1,2024-09-04 08:00:00
56773.6,56852.5,56574.0,56600.0,203834.8,2038.348,115557830.0426,1,2024-09-04 09:00:00
56600.0,56700.0,56441.0,56453.5,288056.0,2880.56,162893533.9641,1,2024-09-04 10:00:00
56453.5,56684.4,56452.1,56563.6,187778.5,1877.785,106220414.3757,1,2024-09-04 11:00:00
56562.5,56760.8,56485.5,56598.6,237687.1,2376.871,134589970.0379,1,2024-09-04 12:00:00
56598.7,56690.0,56301.4,56491.9,603041.6,6030.416,340596545.5779,1,2024-09-04 13:00:00
56491.9,57589.3,56170.8,57509.7,1937864.5,19378.645,1101904462.1071,1,2024-09-04 14:00:00
57509.7,58164.0,57360.4,58132.8,1620237.1,16202.371,934818484.1057,1,2024-09-04 15:00:00
58132.7,58535.1,58120.0,58397.9,1228018.8,12280.188,716168040.2616,1,2024-09-04 16:00:00
58397.9,58469.5,57807.3,57880.1,648429.2,6484.292,376650592.4606,1,2024-09-04 17:00:00
57880.0,58000.0,57643.5,57686.8,358265.4,3582.654,207094244.3169,1,2024-09-04 18:00:00
57686.9,58174.9,57662.1,58056.0,307435.9,3074.359,178051623.4164,1,2024-09-04 19:00:00
58056.0,58185.0,57830.6,58041.1,258794.5,2587.945,150163343.8514,1,2024-09-04 20:00:00
58041.1,58123.0,57946.9,58099.9,93343.4,933.434,54170872.0772,1,2024-09-04 21:00:00
58100.0,58400.0,58039.1,58133.0,233736.6,2337.366,136051316.3418,1,2024-09-04 22:00:00
58132.9,58238.8,57888.7,57974.0,156879.9,1568.799,91088124.4124,1,2024-09-04 23:00:00
57973.9,58330.0,57958.5,58008.8,228645.3,2286.453,132928427.1226,1,2024-09-05 00:00:00
58008.8,58257.9,57955.0,58032.8,196161.9,1961.619,113948665.6215,1,2024-09-05 01:00:00
58032.9,58074.1,57656.0,57700.0,349261.4,3492.614,201874477.3514,1,2024-09-05 02:00:00
57700.1,57703.3,56905.8,57122.5,1317163.3,13171.633,753385471.455,1,2024-09-05 03:00:00
57122.5,57285.8,57061.6,57206.8,316093.8,3160.938,180771764.5808,1,2024-09-05 04:00:00
57206.8,57258.2,57028.4,57190.0,200651.5,2006.515,114696352.384,1,2024-09-05 05:00:00
57190.1,57222.0,56529.4,56912.0,666463.8,6664.638,378807957.5092,1,2024-09-05 06:00:00
56912.0,57257.9,56833.3,57155.0,375399.6,3753.996,214465517.1133,1,2024-09-05 07:00:00
57155.0,57242.5,56951.9,57010.0,279934.8,2799.348,159822004.1333,1,2024-09-05 08:00:00
57010.1,57015.7,56615.1,56798.2,528488.4,5284.884,300262011.8129,1,2024-09-05 09:00:00
56798.2,56849.5,56648.6,56766.0,291251.8,2912.518,165269240.0677,1,2024-09-05 10:00:00
56766.0,56880.0,56651.5,56690.1,273942.4,2739.424,155466710.6722,1,2024-09-05 11:00:00
56690.2,56849.1,56316.7,56672.7,1026648.6,10266.486,580965633.64,1,2024-09-05 12:00:00
56672.6,57175.4,56576.1,57040.3,1068212.6,10682.126,607683006.5466,1,2024-09-05 13:00:00
57041.0,57362.0,56478.3,56552.0,1679375.5,16793.755,955920367.877,1,2024-09-05 14:00:00
56550.0,56688.5,55800.0,55973.0,1790532.9,17905.329,1006386942.5787,1,2024-09-05 15:00:00
55973.1,56420.0,55952.4,56342.1,530478.7,5304.787,298142321.6977,1,2024-09-05 16:00:00
56342.1,56635.1,56200.4,56613.9,559933.2,5599.332,315801685.8067,1,2024-09-05 17:00:00
56613.8,56721.0,56505.2,56555.3,290433.8,2904.338,164458612.4298,1,2024-09-05 18:00:00
56555.4,56580.0,55780.8,56046.6,767765.6,7677.656,431138371.1021,1,2024-09-05 19:00:00
56046.6,56265.3,56010.5,56091.6,215946.3,2159.463,121167571.1977,1,2024-09-05 20:00:00
56091.6,56258.0,55638.0,56148.9,349482.7,3494.827,195708440.9931,1,2024-09-05 21:00:00
56149.0,56230.0,55767.4,56106.7,240911.5,2409.115,134953847.3341,1,2024-09-05 22:00:00
56106.8,56217.2,55978.2,56180.0,128129.4,1281.294,71895555.2167,1,2024-09-05 23:00:00
56180.0,56340.3,55983.2,56178.5,243410.0,2434.1,136723175.0939,1,2024-09-06 00:00:00
56178.4,56634.0,55988.1,56560.0,438453.3,4384.533,247209505.8775,1,2024-09-06 01:00:00
56559.9,56868.0,56500.0,56743.7,475276.4,4752.764,269686547.1348,1,2024-09-06 02:00:00
56743.7,56840.9,56533.6,56585.0,235520.2,2355.202,133548853.1074,1,2024-09-06 03:00:00
56585.0,56750.7,56581.0,56595.9,155049.5,1550.495,87853983.3663,1,2024-09-06 04:00:00
56595.9,56672.0,56310.0,56495.2,299896.6,2998.966,169320572.7051,1,2024-09-06 05:00:00
56495.1,56523.0,56271.6,56430.0,202274.0,2022.74,114035639.0258,1,2024-09-06 06:00:00
56430.1,56452.6,55275.7,55792.1,1498399.8,14983.998,834299619.2352,1,2024-09-06 07:00:00
55792.1,55937.9,55630.3,55780.6,526535.2,5265.352,293754612.549,1,2024-09-06 08:00:00
55780.5,55925.4,55668.1,55888.0,305293.9,3052.939,170410310.941,1,2024-09-06 09:00:00
55888.5,56281.2,55881.3,56172.0,427267.3,4272.673,239687051.2443,1,2024-09-06 10:00:00
56172.1,56250.0,55821.0,56007.0,419351.1,4193.511,234976968.9836,1,2024-09-06 11:00:00
56007.0,56947.3,55650.3,56874.7,1996093.4,19960.934,1127017919.2714,1,2024-09-06 12:00:00
56874.6,57048.1,55807.9,55895.6,1856194.3,18561.943,1045830229.3665,1,2024-09-06 13:00:00
55895.7,55937.9,54373.3,54727.9,3173352.1,31733.521,1746725643.5989,1,2024-09-06 14:00:00
54727.9,54998.6,53805.0,54041.5,2330418.8,23304.188,1265458311.8426,1,2024-09-06 15:00:00
54040.6,54254.0,53602.4,54074.0,1432837.0,14328.37,773548687.8887,1,2024-09-06 16:00:00
54073.2,54426.8,53681.6,53932.9,1058933.1,10589.331,572704308.3206,1,2024-09-06 17:00:00
53933.0,53992.2,53337.2,53347.0,1001360.4,10013.604,537125980.8199,1,2024-09-06 18:00:00
53347.0,53996.6,53250.5,53537.1,1213253.4,12132.534,650428837.3304,1,2024-09-06 19:00:00
53537.7,53800.0,52573.0,52877.3,1546165.7,15461.657,821190846.9068,1,2024-09-06 20:00:00
52877.6,53769.3,52522.0,53763.6,899209.8,8992.098,478082470.3636,1,2024-09-06 21:00:00
53763.7,53850.0,53602.4,53632.9,262018.9,2620.189,140841037.0071,1,2024-09-06 22:00:00
53632.9,53966.0,53600.1,53956.4,341479.0,3414.79,183685887.4424,1,2024-09-06 23:00:00
53956.4,54095.1,53877.3,53910.1,272332.5,2723.325,147016077.9008,1,2024-09-07 00:00:00
53910.0,53995.0,53744.0,53815.8,192194.3,1921.943,103498522.5806,1,2024-09-07 01:00:00
53815.8,53950.0,53750.1,53805.0,168785.0,1687.85,90900968.2532,1,2024-09-07 02:00:00
53805.0,53865.9,53781.3,53818.0,134061.3,1340.613,72167231.8011,1,2024-09-07 03:00:00
53818.1,54062.0,53807.3,54054.5,209705.0,2097.05,113090654.9927,1,2024-09-07 04:00:00
54054.4,54381.0,54000.0,54179.3,576599.3,5765.993,312658753.3738,1,2024-09-07 05:00:00
54179.4,54377.7,54026.4,54307.0,318383.9,3183.839,172530730.5121,1,2024-09-07 06:00:00
54307.0,54407.6,54180.2,54280.4,283669.8,2836.698,154004189.5964,1,2024-09-07 07:00:00
54280.4,54399.8,54183.1,54378.7,255411.0,2554.11,138692660.5851,1,2024-09-07 08:00:00
54378.6,54428.3,54150.0,54240.0,241655.6,2416.556,131171931.5014,1,2024-09-07 09:00:00
54240.1,54449.9,54229.3,54334.6,183827.7,1838.277,99921017.7815,1,2024-09-07 10:00:00
54334.6,54496.8,54280.6,54326.7,177107.5,1771.075,96301987.4176,1,2024-09-07 11:00:00
54326.6,54661.6,54326.6,54574.9,296389.3,2963.893,161619153.5627,1,2024-09-07 12:00:00
54575.0,54657.6,54393.2,54547.0,272071.1,2720.711,148360623.4196,1,2024-09-07 13:00:00
54547.0,54692.3,54476.0,54622.4,263584.8,2635.848,143926321.2692,1,2024-09-07 14:00:00
54622.1,54842.3,54592.5,54779.1,349200.2,3492.002,191142104.0305,1,2024-09-07 15:00:00
54779.2,54863.2,54437.5,54471.9,352750.2,3527.502,192620934.6027,1,2024-09-07 16:00:00
54471.9,54540.0,53988.7,54136.1,441590.2,4415.902,239625347.6575,1,2024-09-07 17:00:00
54136.0,54407.9,54030.3,54300.4,257063.5,2570.635,139434011.0753,1,2024-09-07 18:00:00
54300.3,54466.0,54240.0,54405.0,120979.6,1209.796,65769232.9689,1,2024-09-07 19:00:00
54405.0,54443.4,54159.7,54161.3,124720.8,1247.208,67714176.281,1,2024-09-07 20:00:00
54161.3,54198.1,53860.0,53932.5,275683.3,2756.833,148951280.718,1,2024-09-07 21:00:00
53932.4,54095.0,53855.0,53950.0,170111.9,1701.119,91795927.0382,1,2024-09-07 22:00:00
53950.0,54204.4,53809.0,54161.9,229811.0,2298.11,124143580.0044,1,2024-09-07 23:00:00
54161.8,54191.7,53965.4,54143.9,152555.7,1525.557,82537170.6712,1,2024-09-08 00:00:00
54144.0,54376.8,54129.1,54280.2,206938.4,2069.384,112279399.9782,1,2024-09-08 01:00:00
54280.3,54506.6,54277.0,54337.8,304249.1,3042.491,165493199.8513,1,2024-09-08 02:00:00
54337.9,54411.0,54261.9,54398.1,122557.1,1225.571,66575503.9991,1,2024-09-08 03:00:00
54398.1,54578.4,54359.0,54487.0,243479.0,2434.79,132588664.3206,1,2024-09-08 04:00:00
54486.9,54526.5,54333.1,54344.0,247307.1,2473.071,134680125.2844,1,2024-09-08 05:00:00
54344.0,54430.1,54251.1,54295.5,135836.2,1358.362,73825994.6712,1,2024-09-08 06:00:00
54295.5,54545.8,54295.4,54440.0,210140.4,2101.404,114440238.4677,1,2024-09-08 07:00:00
54440.1,54491.9,54350.0,54482.0,142013.9,1420.139,77281992.3914,1,2024-09-08 08:00:00
54481.9,54735.0,54452.0,54452.1,411543.6,4115.436,224668178.7815,1,2024-09-08 09:00:00
54452.0,54661.7,54443.1,54601.4,161347.6,1613.476,88054810.9705,1,2024-09-08 10:00:00
54601.4,54674.8,54508.8,54559.0,122985.7,1229.857,67137462.6177,1,2024-09-08 11:00:00
54559.2,54575.4,54111.0,54198.9,497050.1,4970.501,270016041.8142,1,2024-09-08 12:00:00
54199.0,54409.3,54074.5,54397.9,385430.0,3854.3,209057416.2551,1,2024-09-08 13:00:00
54397.6,54446.0,54031.1,54142.1,346785.1,3467.851,187985300.1511,1,2024-09-08 14:00:00
54142.2,54199.3,53626.1,53688.0,829917.9,8299.179,447416546.5403,1,2024-09-08 15:00:00
53688.1,54032.4,53622.0,53911.2,481390.1,4813.901,259138535.0855,1,2024-09-08 16:00:00
53911.1,54522.9,53904.6,54500.1,464324.6,4643.246,251926723.0691,1,2024-09-08 17:00:00
54500.2,54528.9,54270.9,54414.0,221022.1,2210.221,120195958.8286,1,2024-09-08 18:00:00
54414.0,54476.8,54308.5,54334.8,87397.5,873.975,47541405.0939,1,2024-09-08 19:00:00
54334.9,54387.9,54178.8,54375.7,189684.1,1896.841,102978843.1719,1,2024-09-08 20:00:00
54375.8,54654.5,54313.9,54460.4,300772.0,3007.72,163904790.3379,1,2024-09-08 21:00:00
54460.3,55326.0,54360.8,54532.0,1351207.4,13512.074,741653104.2201,1,2024-09-08 22:00:00
54531.9,54986.1,54426.9,54879.7,442531.6,4425.316,242431752.82,1,2024-09-08 23:00:00
54877.0,55217.0,54677.5,55041.1,600713.2,6007.132,330189453.6428,1,2024-09-09 00:00:00
55041.0,55375.9,54909.5,55099.9,625219.0,6252.19,344936140.6927,1,2024-09-09 01:00:00
55099.9,55137.7,54846.4,55107.0,256292.6,2562.926,140893032.3533,1,2024-09-09 02:00:00
55107.0,55219.6,54777.9,55119.8,408350.6,4083.506,224721346.3401,1,2024-09-09 03:00:00
55119.9,55158.0,54853.8,54860.6,259089.2,2590.892,142463586.7962,1,2024-09-09 04:00:00
54860.7,54936.8,54584.3,54679.2,419028.6,4190.286,229385822.0807,1,2024-09-09 05:00:00
54679.3,54976.7,54645.6,54899.9,310785.2,3107.852,170353371.3616,1,2024-09-09 06:00:00
54900.0,55004.2,54727.5,54967.8,313876.7,3138.767,172222897.4087,1,2024-09-09 07:00:00
54966.4,55339.9,54951.5,55244.0,532398.6,5323.986,293763187.1036,1,2024-09-09 08:00:00
55244.0,55545.0,55088.0,55149.9,617901.8,6179.018,341970658.6747,1,2024-09-09 09:00:00
55150.0,55450.2,55085.1,55360.0,337588.8,3375.888,186746775.4463,1,2024-09-09 10:00:00
55360.0,55381.5,55165.0,55269.7,199275.9,1992.759,110108315.9156,1,2024-09-09 11:00:00
55269.7,55362.5,54962.2,55347.0,543344.3,5433.443,299678847.7901,1,2024-09-09 12:00:00
55347.0,55798.8,55245.8,55682.5,1053922.7,10539.227,585162473.3594,1,2024-09-09 13:00:00
55682.4,55750.0,54802.7,54836.2,1254492.6,12544.926,692652554.2255,1,2024-09-09 14:00:00
54836.2,55480.0,54826.4,55390.0,793809.0,7938.09,438165280.3747,1,2024-09-09 15:00:00
55389.9,56537.0,55346.4,56426.0,1804545.8,18045.458,1011680405.527,1,2024-09-09 16:00:00
56428.0,56788.0,56338.4,56512.7,1049202.2,10492.022,593379671.5926,1,2024-09-09 17:00:00
56512.7,56649.3,56247.5,56524.5,794257.6,7942.576,448678700.1607,1,2024-09-09 18:00:00
56524.0,57184.0,56470.7,57087.3,850518.3,8505.183,483880554.4589,1,2024-09-09 19:00:00
57087.9,57133.4,56802.3,57012.7,399483.2,3994.832,227484127.8902,1,2024-09-09 20:00:00
57012.7,58161.5,57004.3,57449.8,1174319.9,11743.199,676540875.5655,1,2024-09-09 21:00:00
57449.8,57620.2,57201.0,57221.8,339954.2,3399.542,195175017.7725,1,2024-09-09 22:00:00
57221.9,57284.4,57005.0,57035.2,319374.4,3193.744,182513412.3857,1,2024-09-09 23:00:00
57035.2,57079.8,56633.0,56986.2,538792.7,5387.927,306270207.125,1,2024-09-10 00:00:00
56986.2,57063.2,56722.0,56904.1,248698.3,2486.983,141484033.466,1,2024-09-10 01:00:00
56904.0,56927.1,56643.2,56779.3,242736.0,2427.36,137800377.6745,1,2024-09-10 02:00:00
56779.2,56816.1,56532.0,56532.1,316670.6,3166.706,179371140.7882,1,2024-09-10 03:00:00
56532.1,56743.5,56388.0,56608.4,358421.0,3584.21,202731120.5607,1,2024-09-10 04:00:00
56609.0,56975.3,56581.5,56940.7,492577.6,4925.776,279866282.4215,1,2024-09-10 05:00:00
56940.6,56940.6,56766.0,56830.2,132826.8,1328.268,75504365.1458,1,2024-09-10 06:00:00
56831.7,57308.5,56770.0,57218.6,541411.5,5414.115,309305915.8036,1,2024-09-10 07:00:00
57218.5,57410.5,56982.5,57059.2,511955.5,5119.555,292983993.4802,1,2024-09-10 08:00:00
57059.2,57302.7,56882.0,57091.9,415815.9,4158.159,237464597.9581,1,2024-09-10 09:00:00
57092.0,57193.0,56950.0,57167.0,219545.3,2195.453,125329588.7956,1,2024-09-10 10:00:00
57167.9,57258.2,57005.0,57218.1,229981.5,2299.815,131447637.5173,1,2024-09-10 11:00:00
57218.1,57477.0,57155.0,57199.0,402804.2,4028.042,230803603.2096,1,2024-09-10 12:00:00
57199.0,57199.1,56630.5,56743.9,1059454.7,10594.547,602407968.7174,1,2024-09-10 13:00:00
56744.0,57180.0,56526.0,56944.9,1081709.9,10817.099,614824932.824,1,2024-09-10 14:00:00
56945.0,57211.0,56593.0,56593.0,854793.3,8547.933,486640408.9185,1,2024-09-10 15:00:00
56593.1,56958.0,56560.0,56818.1,370120.6,3701.206,210006884.0555,1,2024-09-10 16:00:00
56818.1,57388.8,56793.8,57175.8,635109.3,6351.093,363202326.6065,1,2024-09-10 17:00:00
57175.9,57985.0,57175.9,57590.0,953209.0,9532.09,549416829.6773,1,2024-09-10 18:00:00
57589.9,58048.6,57312.0,57950.0,616580.1,6165.801,355895293.4823,1,2024-09-10 19:00:00
57950.1,57975.4,57550.0,57572.9,320154.5,3201.545,184943057.0844,1,2024-09-10 20:00:00
57573.0,57761.2,57441.8,57522.2,244101.2,2441.012,140553776.8916,1,2024-09-10 21:00:00
57522.2,57682.0,57445.5,57611.1,154085.5,1540.855,88693237.3623,1,2024-09-10 22:00:00
57611.1,57874.3,57581.1,57644.6,179545.0,1795.45,103575831.3794,1,2024-09-10 23:00:00
57644.5,57692.3,57431.1,57642.9,199038.7,1990.387,114587378.7537,1,2024-09-11 00:00:00
57643.0,57762.0,56674.8,56724.1,1145449.1,11454.491,653954923.4413,1,2024-09-11 01:00:00
56724.0,57181.1,56700.0,56928.0,471022.9,4710.229,268363357.8175,1,2024-09-11 02:00:00
56928.0,56982.1,56684.6,56824.9,332282.5,3322.825,188800456.7441,1,2024-09-11 03:00:00
56825.0,56825.0,56250.0,56530.0,769706.8,7697.068,434591450.8814,1,2024-09-11 04:00:00
56530.1,56548.1,56100.0,56248.0,511745.6,5117.456,287987266.1124,1,2024-09-11 05:00:00
56247.8,56580.0,56177.0,56462.0,412071.1,4120.711,232538093.2923,1,2024-09-11 06:00:00
56461.9,56771.2,56461.9,56704.6,312347.0,3123.47,176870860.68,1,2024-09-11 07:00:00
56704.6,56714.1,56353.2,56406.0,335442.1,3354.421,189516524.5598,1,2024-09-11 08:00:00
56406.0,56736.0,56385.0,56674.5,277845.8,2778.458,157235045.6944,1,2024-09-11 09:00:00
56674.5,56700.0,56334.3,56517.7,315010.0,3150.1,178051301.1187,1,2024-09-11 10:00:00
56517.7,56882.7,56517.7,56795.6,385153.4,3851.534,218560893.9438,1,2024-09-11 11:00:00
56795.6,56920.0,56300.0,56744.0,1103046.2,11030.462,624695494.0023,1,2024-09-11 12:00:00
56742.5,57170.0,55711.2,55740.1,2080321.8,20803.218,1174315372.5145,1,2024-09-11 13:00:00
55740.2,56037.2,55555.5,55983.7,1544328.4,15443.284,861631476.3701,1,2024-09-11 14:00:00
55983.6,57025.6,55858.0,56700.1,1485531.8,14855.318,839319742.769,1,2024-09-11 15:00:00
56700.1,57538.0,56644.0,57304.8,1294959.2,12949.592,738975322.5566,1,2024-09-11 16:00:00
57304.8,57875.0,57248.6,57688.2,1040902.4,10409.024,599917028.5038,1,2024-09-11 17:00:00
57688.3,57977.5,57372.5,57500.0,782821.7,7828.217,451840277.2842,1,2024-09-11 18:00:00
57499.9,57785.6,57321.3,57582.3,450083.3,4500.833,258921877.6567,1,2024-09-11 19:00:00
57583.4,57684.3,57441.3,57479.5,153658.7,1536.587,88439427.3042,1,2024-09-11 20:00:00
57479.5,57560.0,57247.0,57355.4,178641.9,1786.419,102465131.3569,1,2024-09-11 21:00:00
57355.4,57468.2,57210.0,57468.2,145394.4,1453.944,83354901.347,1,2024-09-11 22:00:00
57468.1,57510.9,57310.0,57342.8,139794.5,1397.945,80274510.1131,1,2024-09-11 23:00:00
57340.2,57917.9,57325.0,57619.2,599245.6,5992.456,345656387.3053,1,2024-09-12 00:00:00
57619.2,58333.3,57576.2,58145.9,604578.4,6045.784,350106442.5079,1,2024-09-12 01:00:00
58146.0,58500.0,57833.0,57946.7,827703.9,8277.039,481351406.4605,1,2024-09-12 02:00:00
57946.7,58340.0,57940.5,58229.5,339308.9,3393.089,197512912.4491,1,2024-09-12 03:00:00
58229.6,58431.3,58150.8,58175.5,314076.9,3140.769,183102971.259,1,2024-09-12 04:00:00
58175.6,58179.9,57933.0,57982.2,319599.1,3195.991,185586113.6929,1,2024-09-12 05:00:00
57982.2,58106.1,57850.0,57954.1,236436.2,2364.362,137047564.0612,1,2024-09-12 06:00:00
57954.1,58149.8,57869.3,58132.4,220248.3,2202.483,127823825.5444,1,2024-09-12 07:00:00
58132.4,58342.3,58093.9,58159.2,338419.8,3384.198,197097061.0111,1,2024-09-12 08:00:00
58159.3,58253.5,57982.5,58026.3,245961.6,2459.616,142951956.4394,1,2024-09-12 09:00:00
58026.2,58100.0,57926.0,57934.7,182986.9,1829.869,106161148.6523,1,2024-09-12 10:00:00
57934.8,58159.5,57883.2,58059.3,227744.6,2277.446,132135346.3026,1,2024-09-12 11:00:00
58059.2,58166.5,57604.4,57700.2,858317.6,8583.176,496516116.3131,1,2024-09-12 12:00:00
57700.2,57885.9,57347.0,57620.9,973158.8,9731.588,560876003.3485,1,2024-09-12 13:00:00
57621.0,58586.8,57524.2,57534.3,1785162.4,17851.624,1036386277.2518,1,2024-09-12 14:00:00
57534.3,57888.1,57403.0,57511.8,796744.2,7967.442,459080996.5992,1,2024-09-12 15:00:00
57511.8,58140.2,57495.1,58063.2,513952.9,5139.529,297225816.7649,1,2024-09-12 16:00:00
58063.1,58422.1,58004.8,58395.7,554583.1,5545.831,322919458.4233,1,2024-09-12 17:00:00
58395.8,58456.0,57967.1,58174.5,437277.0,4372.77,254809433.6228,1,2024-09-12 18:00:00
58174.6,58442.6,58128.3,58399.4,341773.2,3417.732,199244691.2994,1,2024-09-12 19:00:00
58399.5,58399.5,58115.0,58209.9,195547.3,1955.473,113860134.1023,1,2024-09-12 20:00:00
58210.0,58380.0,57762.4,57924.3,430141.3,4301.413,249572719.8874,1,2024-09-12 21:00:00
57924.2,58260.3,57889.4,58144.6,222669.3,2226.693,129332786.4238,1,2024-09-12 22:00:00
58144.0,58200.0,58029.1,58127.9,106542.5,1065.425,61917245.6846,1,2024-09-12 23:00:00
58127.9,58246.5,58003.8,58039.0,192793.3,1927.933,112065943.6089,1,2024-09-13 00:00:00
58039.1,58266.7,57870.9,58137.6,267906.6,2679.066,155405605.8439,1,2024-09-13 01:00:00
58137.6,58180.6,57970.0,58051.2,134546.9,1345.469,78122970.5419,1,2024-09-13 02:00:00
58051.1,58075.0,57832.4,57859.9,172752.3,1727.523,100094580.6939,1,2024-09-13 03:00:00
57859.9,57999.4,57825.0,57844.0,141169.2,1411.692,81745407.0929,1,2024-09-13 04:00:00
57844.0,58029.9,57827.7,57941.3,172489.5,1724.895,99897479.654,1,2024-09-13 05:00:00
57941.2,57959.4,57735.0,57768.1,195695.9,1956.959,113173663.2024,1,2024-09-13 06:00:00
57768.2,58145.0,57768.1,58117.6,335663.1,3356.631,194626956.1018,1,2024-09-13 07:00:00
58117.5,58159.6,57928.1,57963.3,201739.9,2017.399,117106254.8196,1,2024-09-13 08:00:00
57963.4,58156.6,57928.6,58060.1,199586.1,1995.861,115913559.2923,1,2024-09-13 09:00:00
58060.1,58355.2,58034.4,58350.4,313490.3,3134.903,182526054.9068,1,2024-09-13 10:00:00
58350.4,58350.4,57811.0,57876.0,467292.1,4672.921,271471499.5691,1,2024-09-13 11:00:00
57876.0,57963.9,57623.5,57892.6,906932.7,9069.327,523933047.4846,1,2024-09-13 12:00:00
57892.6,58165.9,57680.4,58042.5,577131.4,5771.314,334352877.1315,1,2024-09-13 13:00:00
58041.9,58572.7,57822.2,58445.5,1285282.9,12852.829,748099653.5655,1,2024-09-13 14:00:00
58445.4,59732.9,58357.4,59659.9,2524425.2,25244.252,1492899661.3804,1,2024-09-13 15:00:00
59658.4,59800.0,59315.4,59448.5,1044864.6,10448.646,622687268.1537,1,2024-09-13 16:00:00
59448.5,59998.0,59441.2,59587.7,699602.4,6996.024,417728348.0507,1,2024-09-13 17:00:00
59587.7,59908.2,59470.8,59755.1,485161.0,4851.61,289636764.0238,1,2024-09-13 18:00:00
59755.0,59998.0,59640.0,59730.0,374393.5,3743.935,224026248.298,1,2024-09-13 19:00:00
59730.0,59950.0,59616.8,59824.9,202937.8,2029.378,121356816.353,1,2024-09-13 20:00:00
59824.8,60371.7,59810.0,60280.0,667330.6,6673.306,401617205.0547,1,2024-09-13 21:00:00
60280.0,60650.0,60243.3,60626.5,786181.4,7861.814,475520836.6625,1,2024-09-13 22:00:00
60626.5,60644.9,60340.0,60495.9,351949.4,3519.494,212884412.734,1,2024-09-13 23:00:00
60495.9,60614.6,60370.0,60408.9,249673.2,2496.732,151015558.5345,1,2024-09-14 00:00:00
60408.9,60598.0,60408.9,60408.9,200819.5,2008.195,121530335.4883,1,2024-09-14 01:00:00
60409.0,60504.6,60288.0,60290.0,179118.6,1791.186,108180457.5955,1,2024-09-14 02:00:00
60290.0,60440.0,60289.9,60329.3,138231.7,1382.317,83447237.0187,1,2024-09-14 03:00:00
60328.1,60356.0,60190.0,60220.7,168848.3,1688.483,101775943.6678,1,2024-09-14 04:00:00
60220.7,60248.0,59930.9,59941.0,321649.2,3216.492,193306647.1776,1,2024-09-14 05:00:00
59941.0,60107.9,59909.5,60062.1,239161.2,2391.612,143511686.3651,1,2024-09-14 06:00:00
60062.0,60186.9,60002.6,60143.0,153195.9,1531.959,92084748.4404,1,2024-09-14 07:00:00
60143.0,60167.9,59950.7,60000.1,153839.6,1538.396,92359979.1601,1,2024-09-14 08:00:00
60000.1,60090.0,59884.8,60086.6,157054.4,1570.544,94216375.5012,1,2024-09-14 09:00:00
60086.6,60086.6,59785.1,59850.0,272122.5,2721.225,163003161.2344,1,2024-09-14 10:00:00
59850.1,59850.1,59586.8,59699.7,505619.8,5056.198,302042527.1517,1,2024-09-14 11:00:00
59699.7,59864.5,59626.4,59786.0,238685.5,2386.855,142650434.0168,1,2024-09-14 12:00:00
59786.0,59791.5,59635.0,59769.6,177284.0,1772.84,105879037.0795,1,2024-09-14 13:00:00
59769.5,60023.6,59698.5,59910.7,321158.8,3211.588,192376988.043,1,2024-09-14 14:00:00
59910.7,59958.0,59820.0,59867.0,131660.3,1316.603,78846481.5807,1,2024-09-14 15:00:00
59865.3,59989.7,59830.1,59980.0,143757.2,1437.572,86126110.2135,1,2024-09-14 16:00:00
59980.0,59980.0,59840.6,59889.6,102218.4,1022.184,61226828.8521,1,2024-09-14 17:00:00
59889.6,59903.2,59374.2,59782.4,598204.5,5982.045,356758712.7306,1,2024-09-14 18:00:00
59782.4,59925.0,59730.0,59810.6,83061.9,830.619,49692802.9246,1,2024-09-14 19:00:00
59810.5,60147.7,59769.5,60015.1,233156.5,2331.565,139873673.9484,1,2024-09-14 20:00:00
60015.0,60065.2,59941.3,60028.1,84894.9,848.949,50943697.63,1,2024-09-14 21:00:00
60028.2,60137.9,59932.0,60012.8,99082.1,990.821,59478769.1879,1,2024-09-14 22:00:00
60012.7,60055.6,59949.0,59992.8,66161.4,661.614,39692814.9884,1,2024-09-14 23:00:00
59992.8,60124.4,59980.0,60028.8,105458.5,1054.585,63328647.8284,1,2024-09-15 00:00:00
60028.9,60280.0,60028.8,60222.9,287066.0,2870.66,172714615.8086,1,2024-09-15 01:00:00
60222.9,60263.9,60109.4,60235.0,125994.9,1259.949,75845592.654,1,2024-09-15 02:00:00
60235.0,60243.4,60121.5,60154.3,109513.2,1095.132,65902506.0187,1,2024-09-15 03:00:00
60154.3,60234.4,60073.0,60118.0,125197.9,1251.979,75304161.3555,1,2024-09-15 04:00:00
60118.0,60217.3,60114.0,60144.0,86306.9,863.069,51937135.8918,1,2024-09-15 05:00:00
60144.0,60183.2,60132.0,60161.1,44343.3,443.433,26674313.1067,1,2024-09-15 06:00:00
60161.2,60217.7,60126.6,60190.1,89150.3,891.503,53652144.2663,1,2024-09-15 07:00:00
60190.1,60200.0,60030.1,60073.7,152068.9,1520.689,91413237.9432,1,2024-09-15 08:00:00
60073.8,60114.2,60010.9,60022.1,119189.2,1191.892,71585735.1011,1,2024-09-15 09:00:00
60022.0,60056.1,59870.0,59992.2,228299.8,2282.998,136935556.1202,1,2024-09-15 10:00:00
59992.1,60047.9,59905.0,60001.9,242794.3,2427.943,145650728.2833,1,2024-09-15 11:00:00
60001.9,60146.8,59949.8,60113.7,175350.7,1753.507,105244887.4078,1,2024-09-15 12:00:00
60113.6,60363.5,60080.1,60187.9,367333.5,3673.335,221194602.6544,1,2024-09-15 13:00:00
60187.8,60288.0,59880.0,60276.0,400924.3,4009.243,240912595.5603,1,2024-09-15 14:00:00
60276.1,60415.8,60167.5,60336.8,275980.1,2759.801,166428591.167,1,2024-09-15 15:00:00
60336.8,60350.0,59937.7,59960.0,277202.4,2772.024,166575381.8675,1,2024-09-15 16:00:00
59960.0,60058.9,59678.1,59826.0,462044.2,4620.442,276488820.4728,1,2024-09-15 17:00:00
59826.0,60193.9,59750.0,59973.7,367942.3,3679.423,220589602.5635,1,2024-09-15 18:00:00
59973.7,60149.1,59806.0,59885.8,194600.7,1946.007,116669916.8046,1,2024-09-15 19:00:00
59885.7,59947.3,59688.6,59801.0,197470.8,1974.708,118111720.6169,1,2024-09-15 20:00:00
59801.0,59806.1,59453.9,59664.7,397280.6,3972.806,236777059.5572,1,2024-09-15 21:00:00
59664.7,59698.6,59384.6,59436.9,303030.2,3030.302,180192859.2654,1,2024-09-15 22:00:00
59436.5,59468.0,58679.5,59130.0,1312872.3,13128.723,775080793.1615,1,2024-09-15 23:00:00
59130.1,59212.4,58597.0,58669.1,736785.2,7367.852,433261618.5826,1,2024-09-16 00:00:00
58668.2,58818.0,58402.7,58612.8,719013.4,7190.134,421353469.9732,1,2024-09-16 01:00:00
58612.9,58681.9,58115.0,58279.4,654754.7,6547.547,382099483.708,1,2024-09-16 02:00:00
58279.4,58620.0,58220.0,58572.8,387925.3,3879.253,226700794.1861,1,2024-09-16 03:00:00
58572.7,58601.1,58320.3,58365.9,262620.9,2626.209,153532933.9468,1,2024-09-16 04:00:00
58365.9,58676.9,58355.8,58664.0,314645.9,3146.459,184200323.0224,1,2024-09-16 05:00:00
58663.9,58850.0,58620.0,58705.8,367264.9,3672.649,215715453.6211,1,2024-09-16 06:00:00
58705.8,58957.4,58666.1,58896.1,225536.3,2255.363,132748299.3468,1,2024-09-16 07:00:00
58896.1,59186.3,58850.0,58930.0,482834.1,4828.341,284889260.4071,1,2024-09-16 08:00:00
58929.9,59042.3,58582.5,58632.0,414847.9,4148.479,243808086.5184,1,2024-09-16 09:00:00
58632.0,58754.5,58501.1,58752.1,302918.1,3029.181,177545859.2892,1,2024-09-16 10:00:00
58752.0,58842.0,58649.0,58658.4,207277.4,2072.774,121740771.5636,1,2024-09-16 11:00:00
58658.4,58790.0,58435.0,58535.0,407054.3,4070.543,238524785.2483,1,2024-09-16 12:00:00
58534.9,58624.6,58012.0,58490.7,931694.1,9316.941,543326889.7035,1,2024-09-16 13:00:00
58495.1,58567.1,57580.0,57613.6,1374403.0,13744.03,795792421.0134,1,2024-09-16 14:00:00
57613.6,58009.4,57566.2,57887.8,567520.6,5675.206,328228428.9606,1,2024-09-16 15:00:00
57887.8,57963.8,57671.9,57806.2,455977.1,4559.771,263650939.8684,1,2024-09-16 16:00:00
57806.3,58288.0,57450.0,58169.1,1000922.2,10009.222,578583975.0163,1,2024-09-16 17:00:00
58169.1,58193.3,57700.0,57904.0,582363.4,5823.634,337123782.3939,1,2024-09-16 18:00:00
57904.1,58041.7,57802.0,57954.2,246597.4,2465.974,142862517.1824,1,2024-09-16 19:00:00
57954.2,58178.0,57638.7,57697.4,379731.2,3797.312,220000177.0099,1,2024-09-16 20:00:00
57698.3,58009.9,57602.9,58005.7,176171.1,1761.711,101864228.4561,1,2024-09-16 21:00:00
58005.8,58048.0,57836.8,57973.9,126319.1,1263.191,73178249.9347,1,2024-09-16 22:00:00
57973.9,58429.2,57973.9,58210.5,276512.7,2765.127,161027449.1479,1,2024-09-16 23:00:00
58210.4,58344.6,57613.1,57631.9,404417.6,4044.176,234412541.1963,1,2024-09-17 00:00:00
57631.9,57962.0,57622.5,57898.2,289588.7,2895.887,167389820.3176,1,2024-09-17 01:00:00
57899.6,58228.0,57838.0,58120.6,299587.7,2995.877,173947321.464,1,2024-09-17 02:00:00
58120.9,58160.0,58013.1,58072.0,131611.6,1316.116,76458939.7543,1,2024-09-17 03:00:00
58072.0,58340.1,58032.9,58243.8,217222.6,2172.226,126465822.8512,1,2024-09-17 04:00:00
58243.8,58799.9,58230.0,58640.5,478557.5,4785.575,280186635.6281,1,2024-09-17 05:00:00
58640.5,58672.5,58440.2,58485.0,234326.2,2343.262,137169202.7841,1,2024-09-17 06:00:00
58485.0,58723.3,58445.4,58695.8,207048.6,2070.486,121369095.167,1,2024-09-17 07:00:00
58695.9,58866.0,58627.3,58802.0,316203.8,3162.038,185800835.1955,1,2024-09-17 08:00:00
58802.0,59086.0,58696.3,58967.6,452500.9,4525.009,266511955.7173,1,2024-09-17 09:00:00
58967.7,59270.5,58912.0,59236.0,529384.8,5293.848,312985384.3818,1,2024-09-17 10:00:00
59235.9,59298.0,59025.0,59089.0,330365.6,3303.656,195400336.5289,1,2024-09-17 11:00:00
59089.1,59460.8,59050.0,59371.3,545817.6,5458.176,323567610.0344,1,2024-09-17 12:00:00
59371.2,59422.1,58868.0,58958.4,747840.7,7478.407,442079910.655,1,2024-09-17 13:00:00
58958.4,60399.0,58935.7,60279.9,2680003.9,26800.039,1607097162.8973,1,2024-09-17 14:00:00
60280.0,61366.0,60240.0,61139.8,2501118.6,25011.186,1524955284.7181,1,2024-09-17 15:00:00
61139.9,61276.0,60730.5,60887.7,930982.8,9309.828,567571384.7969,1,2024-09-17 16:00:00
60887.7,61015.4,60694.7,60973.4,471643.7,4716.437,287028197.389,1,2024-09-17 17:00:00
60973.4,61086.0,60412.0,60551.6,638853.3,6388.533,388210270.8626,1,2024-09-17 18:00:00
60551.6,60710.0,59630.0,59984.6,1228589.1,12285.891,738598780.3277,1,2024-09-17 19:00:00
59985.7,60353.7,59750.0,60121.8,677129.9,6771.299,406662031.2433,1,2024-09-17 20:00:00
60121.7,60444.8,60107.5,60340.5,226856.1,2268.561,136837793.7808,1,2024-09-17 21:00:00
60340.5,60359.6,60128.6,60246.2,198191.1,1981.911,119368074.2458,1,2024-09-17 22:00:00
60246.2,60337.7,60008.7,60318.4,158149.8,1581.498,95176068.1676,1,2024-09-17 23:00:00
60318.4,60343.7,59874.0,60236.1,342578.8,3425.788,205922327.7103,1,2024-09-18 00:00:00
60236.0,60329.2,59990.0,60121.6,232468.6,2324.686,139844274.3273,1,2024-09-18 01:00:00
60121.6,60372.1,60080.0,60360.0,217182.2,2171.822,130797584.0632,1,2024-09-18 02:00:00
60360.0,60782.0,60354.0,60513.7,519061.0,5190.61,314417142.0465,1,2024-09-18 03:00:00
60513.7,60688.8,60309.1,60428.1,275444.1,2754.441,166634434.1428,1,2024-09-18 04:00:00
60428.0,60428.0,60193.7,60238.2,224001.3,2240.013,135077221.4305,1,2024-09-18 05:00:00
60238.1,60490.0,60200.0,60457.9,181573.9,1815.739,109574166.2026,1,2024-09-18 06:00:00
60457.9,60560.0,60333.3,60426.0,158379.9,1583.799,95735392.1783,1,2024-09-18 07:00:00
60426.1,60426.1,60078.8,60208.0,278659.9,2786.599,167808381.109,1,2024-09-18 08:00:00
60206.0,60206.0,59663.8,59663.8,574329.5,5743.295,344123801.1754,1,2024-09-18 09:00:00
59663.2,59939.9,59370.2,59909.7,753093.6,7530.936,449385016.1557,1,2024-09-18 10:00:00
59909.7,60034.5,59817.2,59855.2,297405.0,2974.05,178209325.86,1,2024-09-18 11:00:00
59855.2,60022.7,59691.9,59991.9,341223.2,3412.232,204298292.1599,1,2024-09-18 12:00:00
59991.9,60176.7,59306.1,59514.0,964909.8,9649.098,576241772.722,1,2024-09-18 13:00:00
59513.9,59796.2,59340.1,59500.1,699313.5,6993.135,416406893.8399,1,2024-09-18 14:00:00
59500.1,59765.1,59310.0,59434.2,394711.6,3947.116,234937914.2868,1,2024-09-18 15:00:00
59434.2,59966.0,59162.8,59917.3,641596.1,6415.961,382461992.9745,1,2024-09-18 16:00:00
59917.3,60263.3,59511.2,60023.6,775265.6,7752.656,464324353.2609,1,2024-09-18 17:00:00
60023.6,61425.9,59768.0,60629.0,3997905.1,39979.051,2424078629.5758,1,2024-09-18 18:00:00
60629.0,60777.8,59962.6,60072.9,1477891.5,14778.915,892309607.3068,1,2024-09-18 19:00:00
60072.9,60320.0,59476.1,60230.6,701602.8,7016.028,420084165.9198,1,2024-09-18 20:00:00
60230.7,60498.0,60179.2,60212.3,317449.2,3174.492,191504077.5997,1,2024-09-18 21:00:00
60212.2,60734.7,60203.1,60696.9,350358.3,3503.583,212083467.9091,1,2024-09-18 22:00:00
60697.0,61802.0,60695.7,61767.8,1003695.7,10036.957,615012390.8022,1,2024-09-18 23:00:00
61767.9,62598.0,61722.8,62248.4,1564335.9,15643.359,972532807.5616,1,2024-09-19 00:00:00
62248.4,62332.3,61567.0,62015.1,946442.7,9464.427,585980508.4089,1,2024-09-19 01:00:00
62015.1,62348.3,61805.7,62202.9,481907.7,4819.077,299250087.1327,1,2024-09-19 02:00:00
62202.9,62277.6,62000.2,62114.8,292807.2,2928.072,181870230.2757,1,2024-09-19 03:00:00
62114.9,62158.0,61900.0,62092.0,269668.6,2696.686,167220106.3054,1,2024-09-19 04:00:00
62092.0,62188.0,61910.0,61999.8,217679.1,2176.791,135051476.1141,1,2024-09-19 05:00:00
61999.9,62136.2,61820.0,62024.0,213969.3,2139.693,132615625.4835,1,2024-09-19 06:00:00
62023.5,62176.9,61940.2,62099.7,275214.9,2752.149,170847763.5527,1,2024-09-19 07:00:00
62100.0,62221.7,61900.0,61949.0,265779.9,2657.799,164935364.8037,1,2024-09-19 08:00:00
61949.0,62353.0,61910.0,62270.4,399035.6,3990.356,248185529.7044,1,2024-09-19 09:00:00
62270.4,62738.2,62270.4,62313.9,844984.8,8449.848,527976068.1256,1,2024-09-19 10:00:00
62313.9,62715.0,62237.0,62640.1,417461.7,4174.617,261018346.4831,1,2024-09-19 11:00:00
62640.0,63250.6,62590.0,62928.1,1469278.3,14692.783,924896919.7155,1,2024-09-19 12:00:00
62928.1,63394.8,62691.6,63042.6,1309475.8,13094.758,825511749.8104,1,2024-09-19 13:00:00
63045.4,63528.0,62900.0,62946.9,1165394.8,11653.948,736986469.9695,1,2024-09-19 14:00:00
62947.0,63360.0,62829.5,63153.4,538378.0,5383.78,339789842.8606,1,2024-09-19 15:00:00
63153.9,63699.3,62938.0,63566.9,966791.8,9667.918,612726237.019,1,2024-09-19 16:00:00
63567.0,63871.8,63276.1,63714.6,943957.6,9439.576,600760301.1242,1,2024-09-19 17:00:00
63714.6,63850.0,63491.0,63643.7,545000.7,5450.007,346932411.1942,1,2024-09-19 18:00:00
63643.7,63653.5,63188.0,63260.1,462199.7,4621.997,292918366.0947,1,2024-09-19 19:00:00
63260.1,63260.1,63001.0,63038.3,247983.4,2479.834,156627439.4274,1,2024-09-19 20:00:00
63038.3,63192.4,62887.1,62887.1,250830.4,2508.304,158058583.2283,1,2024-09-19 21:00:00
62887.1,63115.9,62659.0,62951.7,492648.8,4926.488,309677723.4385,1,2024-09-19 22:00:00
62951.7,63085.8,62906.3,62967.6,161333.0,1613.33,101639621.2169,1,2024-09-19 23:00:00
62967.6,63040.0,62671.2,62770.2,346909.2,3469.092,217997269.2908,1,2024-09-20 00:00:00
62770.2,63200.0,62609.0,63052.0,443309.8,4433.098,278803299.1879,1,2024-09-20 01:00:00
63052.0,63140.7,62830.0,63136.0,317357.2,3173.572,199881989.5167,1,2024-09-20 02:00:00
63136.0,63773.1,63090.3,63766.1,666958.8,6669.588,422902251.9194,1,2024-09-20 03:00:00
63766.1,64183.2,63671.6,63847.8,1181182.8,11811.828,755037962.7155,1,2024-09-20 04:00:00
63847.8,64043.4,63606.0,63809.9,421746.7,4217.467,269167273.1703,1,2024-09-20 05:00:00
63810.0,63926.5,63634.3,63795.1,304520.9,3045.209,194218471.3985,1,2024-09-20 06:00:00
63795.1,63795.1,63388.0,63528.0,453955.5,4539.555,288512943.2499,1,2024-09-20 07:00:00
63528.1,63538.2,63112.0,63311.1,483421.0,4834.21,306012329.3859,1,2024-09-20 08:00:00
63311.1,63565.5,63268.9,63475.2,280258.4,2802.584,177832872.0613,1,2024-09-20 09:00:00
63475.1,63698.8,63356.0,63684.0,306065.2,3060.652,194548894.7035,1,2024-09-20 10:00:00
63683.9,63722.3,63358.4,63449.5,324745.4,3247.454,206303335.3669,1,2024-09-20 11:00:00
63449.4,63558.2,63333.9,63431.9,273191.5,2731.915,173313962.9611,1,2024-09-20 12:00:00
63431.9,63462.8,62680.6,62853.7,1297303.8,12973.038,816447138.2322,1,2024-09-20 13:00:00
62853.6,63535.8,62574.7,63051.4,1376794.3,13767.943,868407707.3597,1,2024-09-20 14:00:00
63051.5,63364.0,62700.0,63165.0,688855.5,6888.555,434084124.2301,1,2024-09-20 15:00:00
63164.9,63288.5,62808.8,62873.9,465759.6,4657.596,293410577.9738,1,2024-09-20 16:00:00
62874.0,62994.1,62615.9,62697.0,604948.1,6049.481,379681280.2498,1,2024-09-20 17:00:00
62697.0,62981.3,62337.9,62869.7,709966.4,7099.664,444433829.2019,1,2024-09-20 18:00:00
62869.8,63027.3,62782.3,62800.4,261691.6,2616.916,164626048.6285,1,2024-09-20 19:00:00
62800.4,62956.9,62694.5,62816.4,169944.0,1699.44,106740155.1506,1,2024-09-20 20:00:00
62816.4,63299.5,62810.5,63111.4,377730.6,3777.306,238569075.673,1,2024-09-20 21:00:00
63111.5,63279.0,63111.4,63175.0,112728.7,1127.287,71269512.1648,1,2024-09-20 22:00:00
63174.9,63225.3,63071.2,63208.1,100551.9,1005.519,63482458.9111,1,2024-09-20 23:00:00
63208.1,63321.1,63034.0,63166.3,242383.6,2423.836,153162696.1135,1,2024-09-21 00:00:00
63166.2,63195.5,62833.2,62841.5,243469.8,2434.698,153348860.7615,1,2024-09-21 01:00:00
62841.6,63000.0,62811.3,62922.0,124733.9,1247.339,78480081.8998,1,2024-09-21 02:00:00
62922.0,63014.8,62869.2,62900.0,115138.0,1151.38,72462149.3463,1,2024-09-21 03:00:00
62899.9,62943.3,62821.8,62870.0,130771.5,1307.715,82219881.6954,1,2024-09-21 04:00:00
62870.1,62960.0,62757.2,62919.8,155376.6,1553.766,97685218.397,1,2024-09-21 05:00:00
62919.8,63100.0,62896.1,63000.2,146509.8,1465.098,92346327.4748,1,2024-09-21 06:00:00
63000.2,63143.5,62956.7,63084.0,108974.3,1089.743,68708255.0639,1,2024-09-21 07:00:00
63084.0,63120.0,63006.0,63034.8,91151.5,911.515,57482150.9063,1,2024-09-21 08:00:00
63034.9,63150.0,63000.0,63119.2,98003.7,980.037,61831710.5181,1,2024-09-21 09:00:00
63119.2,63120.0,62960.9,62981.1,103484.2,1034.842,65217902.6735,1,2024-09-21 10:00:00
62981.0,63110.0,62968.0,63088.0,92190.1,921.901,58134172.4222,1,2024-09-21 11:00:00
63088.0,63175.6,63039.8,63159.8,96377.0,963.77,60809533.4629,1,2024-09-21 12:00:00
63158.0,63247.3,63030.0,63189.9,199922.1,1999.221,126248361.9733,1,2024-09-21 13:00:00
63189.9,63314.6,63134.4,63313.4,241127.9,2411.279,152432626.128,1,2024-09-21 14:00:00
63313.3,63315.7,63049.7,63167.5,248565.5,2485.655,157036305.3119,1,2024-09-21 15:00:00
63167.6,63242.0,63087.6,63217.4,112584.1,1125.841,71110087.6882,1,2024-09-21 16:00:00
63217.5,63411.9,63179.3,63284.3,284084.9,2840.849,179887484.8995,1,2024-09-21 17:00:00
63284.3,63300.0,63227.5,63267.5,45872.8,458.728,29016343.3261,1,2024-09-21 18:00:00
63267.4,63344.7,63163.6,63204.9,116072.5,1160.725,73389644.8829,1,2024-09-21 19:00:00
63204.8,63213.3,63132.0,63147.7,45426.6,454.266,28695604.4288,1,2024-09-21 20:00:00
63147.7,63157.1,63050.0,63087.9,110392.8,1103.928,69658627.2127,1,2024-09-21 21:00:00
63087.9,63247.0,63056.1,63233.0,87695.3,876.953,55382954.0899,1,2024-09-21 22:00:00
63233.0,63600.0,63162.9,63349.9,438828.8,4388.288,278217143.9183,1,2024-09-21 23:00:00
63349.9,63456.0,63110.3,63238.2,249915.3,2499.153,158082754.9186,1,2024-09-22 00:00:00
63238.1,63321.0,63020.1,63050.1,147465.1,1474.651,93140956.4866,1,2024-09-22 01:00:00
63050.0,63115.3,62822.0,62964.9,347245.8,3472.458,218500067.5326,1,2024-09-22 02:00:00
62965.0,63214.2,62928.5,63115.3,227933.4,2279.334,143844272.2642,1,2024-09-22 03:00:00
63115.2,63209.5,63069.9,63074.1,71373.2,713.732,45058936.6706,1,2024-09-22 04:00:00
63074.2,63088.0,62904.1,62934.0,145255.2,1452.552,91482991.635,1,2024-09-22 05:00:00
62934.1,63046.3,62828.2,62885.4,161672.3,1616.723,101739640.6288,1,2024-09-22 06:00:00
62885.4,63010.1,62885.3,62950.2,88967.7,889.677,56001627.0944,1,2024-09-22 07:00:00
62950.3,63048.0,62902.0,63035.1,108021.7,1080.217,68025130.627,1,2024-09-22 08:00:00
63035.1,63035.2,62650.0,62707.8,336210.9,3362.109,211136286.0814,1,2024-09-22 09:00:00
62707.9,62793.0,62563.0,62669.7,245981.4,2459.814,154156703.978,1,2024-09-22 10:00:00
62669.7,62867.7,62560.0,62792.2,337310.0,3373.1,211640552.358,1,2024-09-22 11:00:00
62792.2,62950.0,62750.0,62791.2,203848.2,2038.482,128080944.9449,1,2024-09-22 12:00:00
62791.2,62850.0,62580.0,62608.0,190327.9,1903.279,119316641.1076,1,2024-09-22 13:00:00
62608.0,62715.0,62456.7,62678.8,376349.9,3763.499,235504908.7019,1,2024-09-22 14:00:00
62678.8,62822.9,62581.2,62655.4,155682.2,1556.822,97636206.1076,1,2024-09-22 15:00:00
62655.1,62862.5,62473.2,62787.5,349919.3,3499.193,219275376.8853,1,2024-09-22 16:00:00
62787.5,63153.2,62787.0,63065.0,336001.8,3360.018,211667233.7122,1,2024-09-22 17:00:00
63065.1,63079.9,62800.0,62958.7,184522.3,1845.223,116139389.1692,1,2024-09-22 18:00:00
62959.9,63236.0,62812.0,63166.0,186060.4,1860.604,117305428.7699,1,2024-09-22 19:00:00
63166.0,63310.0,63100.0,63215.7,202560.2,2025.602,128056440.1274,1,2024-09-22 20:00:00
63215.7,63330.5,62700.0,62784.8,317624.8,3176.248,200396879.0939,1,2024-09-22 21:00:00
62784.7,64048.6,62356.0,63879.9,1543942.8,15439.428,976838263.7605,1,2024-09-22 22:00:00
63879.9,63987.4,63426.0,63589.1,495763.7,4957.637,315558511.7266,1,2024-09-22 23:00:00
63589.1,63777.0,62550.0,63570.2,1335366.3,13353.663,842757939.2083,1,2024-09-23 00:00:00
63570.2,63980.0,63473.5,63828.5,927783.6,9277.836,591779827.1252,1,2024-09-23 01:00:00
63828.6,63989.0,63680.0,63944.2,291020.7,2910.207,185771300.7934,1,2024-09-23 02:00:00
63944.2,64765.0,63926.0,64364.4,1479370.4,14793.704,952950198.001,1,2024-09-23 03:00:00
64364.4,64499.3,63780.0,63907.8,866694.8,8666.948,555484767.5809,1,2024-09-23 04:00:00
63907.8,63940.0,63659.1,63762.6,308790.4,3087.904,196963746.8753,1,2024-09-23 05:00:00
63762.6,63785.4,63534.9,63669.9,294312.2,2943.122,187390032.5548,1,2024-09-23 06:00:00
63669.9,63669.9,63386.2,63553.2,407363.1,4073.631,258671361.6419,1,2024-09-23 07:00:00
63553.2,63620.0,63310.0,63494.2,313478.0,3134.78,198932595.0213,1,2024-09-23 08:00:00
63494.2,63714.3,63490.1,63632.5,265079.6,2650.796,168613430.0226,1,2024-09-23 09:00:00
63632.5,63647.1,63406.1,63500.6,196434.7,1964.347,124804521.0979,1,2024-09-23 10:00:00
63500.6,63540.3,63378.3,63436.1,205511.2,2055.112,130392637.4219,1,2024-09-23 11:00:00
63436.1,63533.0,63230.0,63315.0,333067.3,3330.673,211038499.8345,1,2024-09-23 12:00:00
63315.1,63427.4,63050.0,63184.0,641053.6,6410.536,405372688.4791,1,2024-09-23 13:00:00
63183.9,63810.0,63095.0,63390.0,1063761.7,10637.617,674924662.8193,1,2024-09-23 14:00:00
63388.4,63780.0,63112.2,63626.4,585529.1,5855.291,371725226.1142,1,2024-09-23 15:00:00
63626.5,63842.9,63214.1,63244.4,669635.4,6696.354,424986793.5433,1,2024-09-23 16:00:00
63244.3,63358.4,63107.1,63325.6,249612.5,2496.125,157793646.8376,1,2024-09-23 17:00:00
63325.6,63572.0,63286.8,63438.1,231062.8,2310.628,146613678.8826,1,2024-09-23 18:00:00
63438.1,63506.6,63260.3,63306.0,137050.6,1370.506,86867497.6248,1,2024-09-23 19:00:00
63306.0,63449.7,63262.6,63318.8,81608.2,816.082,51701624.6383,1,2024-09-23 20:00:00
63318.7,63528.7,63080.0,63382.6,322845.2,3228.452,204410968.4831,1,2024-09-23 21:00:00
63382.6,63382.6,63186.1,63228.9,112523.3,1125.233,71208846.8414,1,2024-09-23 22:00:00
63229.0,63427.9,63192.6,63345.2,174442.6,1744.426,110451524.6067,1,2024-09-23 23:00:00
63345.3,63415.9,62802.2,62923.9,674546.1,6745.461,425561292.1274,1,2024-09-24 00:00:00
62924.0,63275.6,62810.0,62946.5,375760.5,3757.605,236709229.3787,1,2024-09-24 01:00:00
62946.2,63150.0,62712.0,63124.9,337042.5,3370.425,212088707.72,1,2024-09-24 02:00:00
63124.9,63192.3,62926.1,63130.5,188520.0,1885.2,118951128.2351,1,2024-09-24 03:00:00
63130.4,63143.7,62950.0,63089.9,126781.1,1267.811,79941628.779,1,2024-09-24 04:00:00
63089.9,63235.0,63070.3,63218.9,169064.4,1690.644,106782670.6815,1,2024-09-24 05:00:00
63219.0,63399.8,63218.9,63311.9,217029.4,2170.294,137400887.8181,1,2024-09-24 06:00:00
63312.0,63567.0,63301.0,63559.8,322452.6,3224.526,204639770.9253,1,2024-09-24 07:00:00
63559.9,63947.0,63537.5,63842.0,655751.1,6557.511,418001301.3083,1,2024-09-24 08:00:00
63842.0,63888.8,63484.7,63535.0,437768.8,4377.688,278665575.5159,1,2024-09-24 09:00:00
63535.0,63737.7,63508.1,63525.1,243731.9,2437.319,155068787.4624,1,2024-09-24 10:00:00
63525.2,63617.4,63381.0,63480.7,286746.9,2867.469,182039176.7682,1,2024-09-24 11:00:00
63480.8,63666.0,63420.0,63456.0,249513.0,2495.13,158549178.7634,1,2024-09-24 12:00:00
63456.1,63778.0,63401.3,63520.5,538431.9,5384.319,342439509.0803,1,2024-09-24 13:00:00
63520.4,63570.8,62731.0,63200.0,1668471.9,16684.719,1053624003.5318,1,2024-09-24 14:00:00
63200.1,63373.5,63000.6,63164.2,433714.7,4337.147,274146026.4586,1,2024-09-24 15:00:00
63164.3,63399.4,63093.7,63264.0,271089.5,2710.895,171437434.1488,1,2024-09-24 16:00:00
63264.0,64024.5,63241.6,63782.9,916247.1,9162.471,583744573.2886,1,2024-09-24 17:00:00
63782.9,63906.4,63546.9,63728.0,392281.1,3922.811,250005861.8026,1,2024-09-24 18:00:00
63728.0,64380.0,63686.6,64287.6,645308.7,6453.087,413755954.8852,1,2024-09-24 19:00:00
64287.6,64649.4,64086.3,64224.0,834880.4,8348.804,537124215.1857,1,2024-09-24 20:00:00
64223.9,64293.0,63974.0,64035.3,178643.0,1786.43,114551754.381,1,2024-09-24 21:00:00
64035.4,64720.0,64035.4,64593.3,491192.2,4911.922,316424889.1426,1,2024-09-24 22:00:00
64593.2,64641.2,64258.8,64278.1,275137.0,2751.37,177230532.0627,1,2024-09-24 23:00:00
64278.2,64452.3,63980.8,64127.8,471104.3,4711.043,302466216.6553,1,2024-09-25 00:00:00
64127.9,64838.5,64077.9,64390.0,682180.8,6821.808,440135294.6466,1,2024-09-25 01:00:00
64390.0,64580.8,64290.2,64420.1,254871.9,2548.719,164197495.2386,1,2024-09-25 02:00:00
64420.1,64464.0,64226.9,64458.3,190179.8,1901.798,122327353.3973,1,2024-09-25 03:00:00
64458.4,64460.0,64180.0,64183.0,241874.3,2418.743,155582133.5734,1,2024-09-25 04:00:00
64183.1,64294.0,64153.2,64184.2,187967.8,1879.678,120720541.7633,1,2024-09-25 05:00:00
64184.1,64184.1,63770.0,63820.1,580750.9,5807.509,371426226.0712,1,2024-09-25 06:00:00
63820.0,63875.1,63655.0,63862.1,377516.9,3775.169,240802735.8286,1,2024-09-25 07:00:00
63862.1,63922.5,63755.2,63826.3,248184.8,2481.848,158508969.3959,1,2024-09-25 08:00:00
63826.3,63877.0,63610.0,63620.6,273715.8,2737.158,174483853.099,1,2024-09-25 09:00:00
63620.5,63750.0,63400.0,63639.9,530041.0,5300.41,336958064.3576,1,2024-09-25 10:00:00
63640.0,63847.5,63508.1,63840.0,311686.9,3116.869,198584034.1576,1,2024-09-25 11:00:00
63840.0,63840.0,63600.0,63600.0,209457.9,2094.579,133489025.9694,1,2024-09-25 12:00:00
63600.0,63773.0,63320.0,63760.0,581559.9,5815.599,369494533.5331,1,2024-09-25 13:00:00
63760.0,63949.2,63642.0,63936.1,490690.1,4906.901,313072225.9595,1,2024-09-25 14:00:00
63936.0,64009.6,63444.8,63500.0,558139.8,5581.398,355929132.3896,1,2024-09-25 15:00:00
63500.0,63679.3,63458.0,63463.8,286332.8,2863.328,181996108.9254,1,2024-09-25 16:00:00
63463.8,63590.6,63011.4,63172.8,774481.2,7744.812,489668147.9637,1,2024-09-25 17:00:00
63172.8,63388.0,63134.2,63355.3,290563.6,2905.636,183750903.4828,1,2024-09-25 18:00:00
63355.2,63486.7,63152.0,63192.4,334912.0,3349.12,212135321.9553,1,2024-09-25 19:00:00
63192.9,63558.0,63188.2,63520.0,176231.4,1762.314,111746423.4152,1,2024-09-25 20:00:00
63519.9,63557.1,63397.1,63442.0,152768.2,1527.682,96998611.2278,1,2024-09-25 21:00:00
63442.0,63518.7,63053.0,63277.5,257260.6,2572.606,162797419.5105,1,2024-09-25 22:00:00
63277.5,63280.0,62906.2,63160.1,313599.9,3135.999,197784647.4462,1,2024-09-25 23:00:00
63160.0,63299.8,62840.2,62953.7,466867.7,4668.677,294417877.295,1,2024-09-26 00:00:00
62953.7,63163.0,62666.0,63163.0,612091.6,6120.916,384945393.5435,1,2024-09-26 01:00:00
63162.9,63373.6,63104.5,63348.2,285270.5,2852.705,180402484.7154,1,2024-09-26 02:00:00
63348.1,63547.9,63304.8,63509.6,344767.6,3447.676,218637172.3132,1,2024-09-26 03:00:00
63509.6,63534.9,63333.4,63429.9,165307.6,1653.076,104845739.9694,1,2024-09-26 04:00:00
63429.9,63728.8,63364.9,63594.9,364047.7,3640.477,231498851.3941,1,2024-09-26 05:00:00
63594.8,63780.0,63583.2,63719.9,291957.1,2919.571,186001760.6221,1,2024-09-26 06:00:00
63720.0,63875.0,63666.8,63849.9,268618.8,2686.188,171380265.8622,1,2024-09-26 07:00:00
63850.0,63888.0,63692.3,63722.1,342027.5,3420.275,218222281.5938,1,2024-09-26 08:00:00
63722.1,63980.0,63590.4,63801.9,455669.6,4556.696,290685710.8056,1,2024-09-26 09:00:00
63802.0,64480.0,63764.0,64396.8,1097290.7,10972.907,704892410.0119,1,2024-09-26 10:00:00
64396.8,64500.0,64300.0,64408.2,547130.7,5471.307,352371977.0268,1,2024-09-26 11:00:00
64408.2,64739.8,64325.3,64490.1,709192.2,7091.922,457676943.2087,1,2024-09-26 12:00:00
64490.0,64571.8,64154.6,64441.7,656188.7,6561.887,422273907.8274,1,2024-09-26 13:00:00
64441.8,65248.0,64367.3,64426.3,2433803.9,24338.039,1577619833.5329,1,2024-09-26 14:00:00
64426.3,65535.9,64311.0,65238.4,1735532.7,17355.327,1129985276.2334,1,2024-09-26 15:00:00
65239.3,65580.0,65118.6,65347.8,660812.5,6608.125,432082135.826,1,2024-09-26 16:00:00
65347.8,65848.9,65101.0,65127.9,999760.5,9997.605,654538719.9956,1,2024-09-26 17:00:00
65127.9,65300.0,64950.0,65281.1,603554.9,6035.549,393061617.2793,1,2024-09-26 18:00:00
65281.5,65303.5,64683.5,64695.8,497046.8,4970.468,323231826.1047,1,2024-09-26 19:00:00
64695.8,64859.3,64631.9,64648.0,336436.3,3364.363,217801858.9784,1,2024-09-26 20:00:00
64648.0,65230.4,64620.0,65046.1,332749.4,3327.494,216046439.63,1,2024-09-26 21:00:00
65046.0,65250.0,64959.3,65095.4,239174.6,2391.746,155724937.7415,1,2024-09-26 22:00:00
65095.3,65177.8,64727.1,65166.1,204924.2,2049.242,133143756.5333,1,2024-09-26 23:00:00
65166.0,65291.8,64988.0,65238.0,247340.2,2473.402,161174932.977,1,2024-09-27 00:00:00
65238.0,65358.0,65003.7,65113.9,244885.5,2448.855,159599217.4978,1,2024-09-27 01:00:00
65113.9,65195.3,64828.0,64884.3,279202.7,2792.027,181399851.2252,1,2024-09-27 02:00:00
64884.3,65428.6,64822.0,65360.3,387161.8,3871.618,252288984.9438,1,2024-09-27 03:00:00
65360.4,65467.0,65265.0,65295.8,284757.0,2847.57,186125958.4917,1,2024-09-27 04:00:00
65295.9,65388.0,65088.5,65362.1,235854.6,2358.546,153838994.8957,1,2024-09-27 05:00:00
65362.1,65520.0,65222.0,65335.2,401556.1,4015.561,262644198.7525,1,2024-09-27 06:00:00
65335.3,65555.0,65258.0,65472.9,340963.2,3409.632,223137471.1634,1,2024-09-27 07:00:00
65472.9,65800.0,65421.5,65729.9,617308.1,6173.081,405151605.0196,1,2024-09-27 08:00:00
65729.9,66027.5,65669.5,65754.9,766132.9,7661.329,504406248.7128,1,2024-09-27 09:00:00
65754.8,65792.1,65492.0,65492.0,423151.7,4231.517,277583607.6226,1,2024-09-27 10:00:00
65492.1,65625.0,65350.0,65448.6,324950.5,3249.505,212713092.5215,1,2024-09-27 11:00:00
65448.6,65888.0,65326.5,65737.0,578629.1,5786.291,379792838.0078,1,2024-09-27 12:00:00
65737.0,65791.9,65364.4,65671.0,537661.3,5376.613,352462779.7725,1,2024-09-27 13:00:00
65671.0,66478.7,65562.0,66245.0,1844706.2,18447.062,1220490741.974,1,2024-09-27 14:00:00
66245.1,66420.0,66004.0,66004.0,651392.5,6513.925,431439500.7688,1,2024-09-27 15:00:00
66004.0,66374.9,65880.1,66303.8,644781.6,6447.816,426402777.5303,1,2024-09-27 16:00:00
66303.8,66352.9,65688.0,65913.4,667723.2,6677.232,440291206.5965,1,2024-09-27 17:00:00
65913.5,65930.0,65525.1,65877.9,391810.1,3918.101,257434719.2174,1,2024-09-27 18:00:00
65878.0,65975.4,65633.3,65652.8,239263.6,2392.636,157448793.1962,1,2024-09-27 19:00:00
65651.5,65919.6,65621.5,65798.0,136180.9,1361.809,89559727.6672,1,2024-09-27 20:00:00
65798.0,65889.3,65760.6,65820.0,83738.2,837.382,55110095.8279,1,2024-09-27 21:00:00
65820.1,65980.0,65769.1,65871.4,120947.6,1209.476,79690023.9238,1,2024-09-27 22:00:00
65871.4,65918.0,65681.3,65779.3,122120.5,1221.205,80332671.5246,1,2024-09-27 23:00:00
65779.3,65913.0,65726.5,65909.9,135740.1,1357.401,89359218.2892,1,2024-09-28 00:00:00
65909.9,66011.5,65796.1,65999.0,115887.1,1158.871,76352281.9854,1,2024-09-28 01:00:00
65999.1,66212.0,65899.9,66168.6,282522.2,2825.222,186709350.9032,1,2024-09-28 02:00:00
66168.7,66277.5,65976.7,66076.4,236165.5,2361.655,156104297.2538,1,2024-09-28 03:00:00
66076.4,66099.9,65957.0,66011.8,120181.8,1201.818,79348502.249,1,2024-09-28 04:00:00
66011.8,66035.0,65914.5,65964.1,114986.4,1149.864,75853481.3814,1,2024-09-28 05:00:00
65964.2,65970.7,65740.0,65809.9,224957.9,2249.579,148116965.9408,1,2024-09-28 06:00:00
65809.9,65916.1,65755.1,65822.2,118236.0,1182.36,77847540.412,1,2024-09-28 07:00:00
65822.1,65822.2,65586.0,65645.4,280794.3,2807.943,184429404.6464,1,2024-09-28 08:00:00
65645.4,65656.9,65456.0,65646.0,347799.5,3477.995,227970428.5001,1,2024-09-28 09:00:00
65645.9,65793.4,65580.6,65770.1,160579.4,1605.794,105517963.9952,1,2024-09-28 10:00:00
65770.1,65814.0,65700.0,65804.0,102916.4,1029.164,67676950.21,1,2024-09-28 11:00:00
65803.9,65804.0,65421.2,65550.1,257168.8,2571.688,168597016.6964,1,2024-09-28 12:00:00
65550.0,65627.8,65426.0,65539.2,169351.2,1693.512,110972648.4424,1,2024-09-28 13:00:00
65539.2,65833.6,65539.2,65731.4,205569.3,2055.693,135094847.1835,1,2024-09-28 14:00:00
65731.4,65735.0,65622.4,65630.7,127631.3,1276.313,83811665.6198,1,2024-09-28 15:00:00
65630.7,65674.7,65481.6,65515.6,200109.9,2001.099,131227445.0404,1,2024-09-28 16:00:00
65515.6,65736.3,65506.0,65643.1,98504.0,985.04,64645066.3204,1,2024-09-28 17:00:00
65643.9,65831.5,65643.9,65711.1,157010.9,1570.109,103253611.6911,1,2024-09-28 18:00:00
65711.2,65787.2,65703.1,65735.1,39784.4,397.844,26152141.7907,1,2024-09-28 19:00:00
65735.2,65781.9,65643.0,65651.5,61457.5,614.575,40388198.0964,1,2024-09-28 20:00:00
65651.5,65712.0,65430.0,65711.3,190236.5,1902.365,124699152.453,1,2024-09-28 21:00:00
65711.2,65783.3,65580.0,65684.7,97104.5,971.045,63807591.7234,1,2024-09-28 22:00:00
65684.7,66002.7,65613.0,65857.2,220265.0,2202.65,145018633.9684,1,2024-09-28 23:00:00
65857.2,65992.0,65645.3,65682.4,246779.3,2467.793,162436083.4017,1,2024-09-29 00:00:00
65682.4,65883.0,65662.2,65868.2,114806.7,1148.067,75512028.3116,1,2024-09-29 01:00:00
65868.2,65936.0,65820.0,65820.1,139949.7,1399.497,92196486.1609,1,2024-09-29 02:00:00
65820.1,65833.9,65723.5,65817.3,75893.0,758.93,49931483.612,1,2024-09-29 03:00:00
65817.2,65817.3,65694.5,65754.1,89019.2,890.192,58517945.4632,1,2024-09-29 04:00:00
65754.0,65766.1,65508.3,65607.1,178555.5,1785.555,117164503.2158,1,2024-09-29 05:00:00
65607.1,65643.6,65500.0,65515.7,166316.1,1663.161,109038391.709,1,2024-09-29 06:00:00
65515.6,65579.7,65450.0,65480.9,164646.9,1646.469,107866091.8612,1,2024-09-29 07:00:00
65481.0,65607.0,65452.0,65569.1,151858.3,1518.583,99510365.944,1,2024-09-29 08:00:00
65569.1,65682.8,65560.0,65589.2,132098.5,1320.985,86702588.2417,1,2024-09-29 09:00:00
65589.3,65594.0,65475.0,65584.1,129366.1,1293.661,84775911.9888,1,2024-09-29 10:00:00
65584.0,65730.8,65567.5,65701.1,162048.5,1620.485,106417702.5178,1,2024-09-29 11:00:00
65701.0,65764.0,65615.3,65624.5,140660.2,1406.602,92416398.3882,1,2024-09-29 12:00:00
65624.6,65867.0,65571.4,65810.7,238328.8,2383.288,156707524.4705,1,2024-09-29 13:00:00
65810.6,65824.0,65666.0,65699.9,111170.4,1111.704,73070816.7907,1,2024-09-29 14:00:00
65700.0,65818.8,65600.0,65762.9,224138.0,2241.38,147276918.5101,1,2024-09-29 15:00:00
65763.0,65800.0,65655.0,65774.0,101296.5,1012.965,66596567.45,1,2024-09-29 16:00:00
65774.0,65946.6,65761.6,65824.8,197584.0,1975.84,130155927.3282,1,2024-09-29 17:00:00
65824.9,65876.2,65748.4,65792.1,83383.3,833.833,54870907.4715,1,2024-09-29 18:00:00
65792.1,65975.2,65780.4,65948.1,87237.6,872.376,57493019.7079,1,2024-09-29 19:00:00
65948.1,66100.0,65803.4,65820.1,207343.9,2073.439,136778400.1985,1,2024-09-29 20:00:00
65820.1,65980.0,65795.0,65874.1,91734.5,917.345,60419242.2774,1,2024-09-29 21:00:00
65874.0,65955.0,65580.0,65666.5,273223.2,2732.232,179560844.0936,1,2024-09-29 22:00:00
65666.5,65740.0,65533.3,65604.2,243105.2,2431.052,159499124.142,1,2024-09-29 23:00:00
65604.2,65632.0,65100.0,65468.0,1034926.4,10349.264,676089304.2998,1,2024-09-30 00:00:00
65468.0,65555.5,64738.6,64780.1,893321.8,8933.218,581189773.495,1,2024-09-30 01:00:00
64780.0,64825.2,64341.0,64379.3,1177903.1,11779.031,760121073.4825,1,2024-09-30 02:00:00
64378.7,64574.0,64200.0,64567.8,793976.5,7939.765,511456157.7302,1,2024-09-30 03:00:00
64567.8,64567.8,64330.4,64439.9,220543.9,2205.439,142105460.8949,1,2024-09-30 04:00:00
64439.9,64545.6,64391.3,64531.5,150317.9,1503.179,96933814.4218,1,2024-09-30 05:00:00
64531.5,64730.0,64350.4,64352.8,488600.7,4886.007,315571035.329,1,2024-09-30 06:00:00
64352.9,64696.4,64350.0,64565.8,290014.9,2900.149,187219528.855,1,2024-09-30 07:00:00
64565.8,64582.0,64030.3,64315.4,888665.9,8886.659,570945619.0594,1,2024-09-30 08:00:00
64315.4,64315.5,63535.3,63540.4,1321602.3,13216.023,844267376.7371,1,2024-09-30 09:00:00
63540.4,63686.6,63249.6,63649.4,1206408.5,12064.085,765830238.5442,1,2024-09-30 10:00:00
63649.4,63886.0,63520.0,63826.1,437835.0,4378.35,278941060.2683,1,2024-09-30 11:00:00
63826.1,64149.0,63765.7,64043.2,483652.5,4836.525,309234944.7842,1,2024-09-30 12:00:00
64043.2,64156.0,63829.0,63882.5,552015.9,5520.159,353391567.3063,1,2024-09-30 13:00:00
63882.5,64025.6,63550.0,63751.4,721386.3,7213.863,459997982.6946,1,2024-09-30 14:00:00
63751.5,63983.5,63541.3,63568.9,470694.7,4706.947,300055221.1828,1,2024-09-30 15:00:00
63568.9,63747.3,63463.3,63503.1,375863.9,3758.639,238989670.6356,1,2024-09-30 16:00:00
63503.1,63714.0,63380.0,63696.7,366753.2,3667.532,233049458.4812,1,2024-09-30 17:00:00
63696.8,63739.0,63063.0,63341.0,800326.6,8003.266,506593532.1153,1,2024-09-30 18:00:00
63341.0,63638.7,63288.0,63494.3,363078.6,3630.786,230493681.4188,1,2024-09-30 19:00:00
63494.3,63883.9,63450.3,63808.0,301113.2,3011.132,191798325.7446,1,2024-09-30 20:00:00
63807.9,63832.8,63642.1,63700.3,147917.0,1479.17,94292308.0674,1,2024-09-30 21:00:00
63700.3,63777.0,63482.6,63490.0,158444.6,1584.446,100830211.7891,1,2024-09-30 22:00:00
63490.4,63625.7,62820.0,63330.5,747112.4,7471.124,472001195.9858,1,2024-09-30 23:00:00
63330.5,63628.8,63010.0,63544.8,612927.4,6129.274,388204807.7208,1,2024-10-01 00:00:00
63544.8,63647.2,63392.6,63471.8,329818.1,3298.181,209556063.4193,1,2024-10-01 01:00:00
63471.7,63471.7,63184.2,63449.9,212262.5,2122.625,134439845.9988,1,2024-10-01 02:00:00
63450.0,63749.1,63433.6,63720.9,315021.2,3150.212,200474007.772,1,2024-10-01 03:00:00
63721.0,63865.0,63642.4,63857.4,265099.7,2650.997,169068512.1413,1,2024-10-01 04:00:00
63857.4,63912.3,63661.9,63746.8,175647.8,1756.478,111999314.624,1,2024-10-01 05:00:00
63746.8,64100.0,63746.8,64028.7,359148.9,3591.489,229687761.6162,1,2024-10-01 06:00:00
64028.7,64123.4,63916.5,64047.8,289547.5,2895.475,185378052.3311,1,2024-10-01 07:00:00
64047.8,64095.8,63831.0,63945.0,192276.3,1922.763,122959163.921,1,2024-10-01 08:00:00
63945.1,64099.0,63853.4,63860.7,185110.9,1851.109,118473410.1833,1,2024-10-01 09:00:00
63860.8,63949.9,63718.3,63920.0,229714.3,2297.143,146630531.7496,1,2024-10-01 10:00:00
63920.1,63984.1,63730.3,63741.2,204807.2,2048.072,130756997.8974,1,2024-10-01 11:00:00
63741.3,63830.9,63578.6,63673.4,265279.8,2652.798,168998760.4601,1,2024-10-01 12:00:00
63673.3,63699.8,62507.7,62862.6,1995245.1,19952.451,1255120225.9764,1,2024-10-01 13:00:00
62862.6,63084.8,62450.0,62594.5,2022503.0,20225.03,1268518744.5934,1,2024-10-01 14:00:00
62594.5,62818.0,61800.0,62630.1,2691166.8,26911.668,1675462616.3145,1,2024-10-01 15:00:00
62630.0,62786.0,61915.0,62456.5,1661876.1,16618.761,1035145082.4228,1,2024-10-01 16:00:00
62456.5,62456.5,61001.8,62153.1,2768281.1,27682.811,1706909490.2313,1,2024-10-01 17:00:00
62153.2,62443.3,61868.8,61996.8,800298.8,8002.988,497667512.0123,1,2024-10-01 18:00:00
61996.9,62100.0,61600.0,61764.7,546615.3,5466.153,338148696.4056,1,2024-10-01 19:00:00
61765.1,61775.2,60150.0,60794.0,2198350.1,21983.501,1337876940.6877,1,2024-10-01 20:00:00
60794.0,61224.1,60650.0,61135.2,471232.6,4712.326,286997039.6254,1,2024-10-01 21:00:00
61135.3,61159.9,60630.0,60774.9,428940.6,4289.406,260941843.5137,1,2024-10-01 22:00:00
60775.0,61036.1,60650.0,60814.3,314692.9,3146.929,191514813.3894,1,2024-10-01 23:00:00
60814.2,61200.0,60737.4,61042.5,397822.9,3978.229,242598094.7318,1,2024-10-02 00:00:00
61042.5,61536.0,61000.0,61517.6,411218.2,4112.182,252253141.6789,1,2024-10-02 01:00:00
61517.6,61833.3,61430.0,61775.8,438847.3,4388.473,270526041.9099,1,2024-10-02 02:00:00
61775.8,61873.9,61654.9,61736.0,298976.9,2989.769,184695956.6367,1,2024-10-02 03:00:00
61736.0,61742.7,61429.6,61497.8,356195.8,3561.958,219292026.6189,1,2024-10-02 04:00:00
61497.8,61611.2,61350.0,61485.3,267286.2,2672.862,164302112.7544,1,2024-10-02 05:00:00
61485.3,61786.2,61355.1,61693.6,284403.7,2844.037,175269961.7812,1,2024-10-02 06:00:00
61693.7,61944.0,61581.1,61729.5,288699.5,2886.995,178359343.1783,1,2024-10-02 07:00:00
61729.5,61916.0,61600.5,61795.4,228834.5,2288.345,141366849.3692,1,2024-10-02 08:00:00
61795.0,61814.5,61138.0,61280.0,548862.4,5488.624,337033592.6087,1,2024-10-02 09:00:00
61279.9,61560.0,61162.5,61195.5,374453.9,3744.539,229672076.0171,1,2024-10-02 10:00:00
61195.5,61388.0,60890.0,61170.0,561354.0,5613.54,343330018.8853,1,2024-10-02 11:00:00
61170.1,61231.2,60701.9,60810.1,633520.3,6335.203,386322369.678,1,2024-10-02 12:00:00
60810.1,61478.0,60525.9,61352.2,1209905.2,12099.052,737690800.85,1,2024-10-02 13:00:00
61352.2,61680.7,61079.7,61079.8,1225935.0,12259.35,752466051.9313,1,2024-10-02 14:00:00
61079.8,61926.4,61057.0,61865.5,804312.1,8043.121,495735521.9934,1,2024-10-02 15:00:00
61864.0,62368.4,61769.6,61795.1,956582.4,9565.824,594039522.9991,1,2024-10-02 16:00:00
61795.0,61835.0,61242.4,61627.7,574070.9,5740.709,353445990.4768,1,2024-10-02 17:00:00
61627.8,61688.5,60765.0,60770.0,802438.2,8024.382,490372246.232,1,2024-10-02 18:00:00
60770.0,60955.9,59981.8,60190.0,1560278.7,15602.787,941706409.1109,1,2024-10-02 19:00:00
60190.0,60995.0,60128.0,60919.9,710571.0,7105.71,430152484.2769,1,2024-10-02 20:00:00
60919.9,60953.6,60641.4,60832.6,298537.4,2985.374,181523747.1529,1,2024-10-02 21:00:00
60832.5,60863.8,60445.1,60857.3,330895.0,3308.95,200619121.7334,1,2024-10-02 22:00:00
60856.6,60877.6,60571.4,60650.1,203083.2,2030.832,123325695.3841,1,2024-10-02 23:00:00
60650.1,61110.7,60536.3,60987.2,547711.1,5477.111,333289280.5588,1,2024-10-03 00:00:00
60987.1,61187.9,60919.1,61028.0,281693.4,2816.934,172053558.5047,1,2024-10-03 01:00:00
61028.0,61285.4,60982.8,61186.8,258006.6,2580.066,157791860.5726,1,2024-10-03 02:00:00
61186.8,61474.0,61085.0,61460.2,331118.5,3311.185,202932799.2335,1,2024-10-03 03:00:00
61460.3,61482.5,61277.5,61328.9,231741.7,2317.417,142233649.8378,1,2024-10-03 04:00:00
61329.0,61366.1,61111.1,61183.9,249791.5,2497.915,152866012.301,1,2024-10-03 05:00:00
61183.9,61417.2,61113.4,61323.6,168910.7,1689.107,103528296.7831,1,2024-10-03 06:00:00
61323.7,61425.1,60806.1,60929.7,453035.2,4530.352,276910568.3246,1,2024-10-03 07:00:00
60929.8,60984.1,60155.0,60362.1,1121272.2,11212.722,677704039.5617,1,2024-10-03 08:00:00
60359.2,60799.0,60116.8,60727.6,632024.7,6320.247,382542587.5604,1,2024-10-03 09:00:00
60727.5,61038.0,60650.0,61030.6,313889.8,3138.898,191015681.7549,1,2024-10-03 10:00:00
61030.5,61080.0,60596.1,60768.0,396766.1,3967.661,241427662.8773,1,2024-10-03 11:00:00
60767.9,60777.0,60345.0,60479.0,567986.9,5679.869,343796397.5513,1,2024-10-03 12:00:00
60479.1,60588.5,59840.8,60378.3,1488945.3,14889.453,896814290.4224,1,2024-10-03 13:00:00
60378.4,60922.7,60145.0,60178.2,1404026.0,14040.26,849387100.8805,1,2024-10-03 14:00:00
60178.1,60717.4,60037.2,60642.1,944232.9,9442.329,569555301.4491,1,2024-10-03 15:00:00
60642.1,60788.0,60086.2,60177.0,724147.7,7241.477,437085883.7632,1,2024-10-03 16:00:00
60176.9,60721.0,59921.9,60634.4,769539.9,7695.399,464980905.2407,1,2024-10-03 17:00:00
60634.4,60859.9,60537.4,60720.0,295279.1,2952.791,179203580.3587,1,2024-10-03 18:00:00
60720.0,61061.0,60544.2,61034.9,299350.8,2993.508,182135555.1991,1,2024-10-03 19:00:00
61035.0,61127.1,60671.1,60780.7,307912.1,3079.121,187503439.9162,1,2024-10-03 20:00:00
60780.7,60966.0,60617.3,60816.2,176447.7,1764.477,107260902.2552,1,2024-10-03 21:00:00
60816.2,60997.2,60720.0,60897.1,134499.4,1344.994,81828341.0292,1,2024-10-03 22:00:00
60897.0,60986.0,60700.0,60758.0,118342.9,1183.429,71948580.585,1,2024-10-03 23:00:00
60757.9,60818.0,60464.4,60507.6,286037.4,2860.374,173465129.3934,1,2024-10-04 00:00:00
60507.7,61284.2,60488.5,61224.9,559163.5,5591.635,341248092.2522,1,2024-10-04 01:00:00
61224.0,61277.6,60933.0,61035.9,287395.8,2873.958,175574751.505,1,2024-10-04 02:00:00
61035.9,61074.9,60890.5,60959.9,144508.1,1445.081,88084163.5668,1,2024-10-04 03:00:00
60959.9,61212.0,60921.2,61003.3,234366.3,2343.663,143136419.9401,1,2024-10-04 04:00:00
61003.2,61240.5,60980.1,61224.9,176907.0,1769.07,108193763.3659,1,2024-10-04 05:00:00
61224.9,61358.4,61090.4,61119.7,282014.5,2820.145,172664760.4547,1,2024-10-04 06:00:00
61117.9,61498.9,61060.6,61436.5,285252.6,2852.526,174902430.4996,1,2024-10-04 07:00:00
61436.5,61652.8,61320.0,61450.0,376670.7,3766.707,231743525.9081,1,2024-10-04 08:00:00
61450.1,61588.8,61303.0,61337.9,246515.0,2465.15,151443058.9257,1,2024-10-04 09:00:00
61336.4,61437.4,61268.1,61287.1,158617.9,1586.179,97280191.1042,1,2024-10-04 10:00:00
61287.1,61484.5,61276.6,61450.9,246475.3,2464.753,151358138.5866,1,2024-10-04 11:00:00
61450.9,61944.2,61206.5,61923.9,1265184.6,12651.846,779138783.2325,1,2024-10-04 12:00:00
61923.8,62016.2,61492.1,61584.6,1051863.0,10518.63,649319032.4087,1,2024-10-04 13:00:00
61584.6,61589.5,60786.0,61233.1,1308206.7,13082.067,799610603.1304,1,2024-10-04 14:00:00
61233.1,61887.2,61223.9,61887.0,1134780.8,11347.808,699524835.3063,1,2024-10-04 15:00:00
61886.9,62300.0,61648.2,62246.8,817848.9,8178.489,507665701.3861,1,2024-10-04 16:00:00
62246.4,62342.3,61839.0,61983.9,506935.7,5069.357,314881339.6313,1,2024-10-04 17:00:00
61984.5,62362.2,61900.0,62346.3,318071.0,3180.71,197530763.3059,1,2024-10-04 18:00:00
62346.3,62471.0,62251.3,62369.9,376819.2,3768.192,234998241.352,1,2024-10-04 19:00:00
62370.0,62485.5,62158.0,62404.0,215441.5,2154.415,134289501.0373,1,2024-10-04 20:00:00
62404.1,62458.7,62259.3,62275.9,94335.1,943.351,58818058.9982,1,2024-10-04 21:00:00
62275.9,62355.0,62195.8,62222.2,108108.9,1081.089,67309463.0613,1,2024-10-04 22:00:00
62222.2,62222.2,61965.0,62093.8,203143.6,2031.436,126082991.8068,1,2024-10-04 23:00:00
62093.8,62198.2,62043.4,62177.0,116491.1,1164.911,72372335.1118,1,2024-10-05 00:00:00
62177.0,62202.7,61987.3,62075.0,144274.4,1442.744,89557610.6529,1,2024-10-05 01:00:00
62074.9,62075.0,61781.1,61808.1,186461.1,1864.611,115476697.3343,1,2024-10-05 02:00:00
61808.2,61972.0,61675.6,61868.3,277257.1,2772.571,171444291.029,1,2024-10-05 03:00:00
61868.4,62026.0,61822.4,61952.1,109171.1,1091.711,67623686.9244,1,2024-10-05 04:00:00
61952.0,62177.8,61950.0,62148.0,152960.6,1529.606,94996619.7335,1,2024-10-05 05:00:00
62148.1,62255.0,62074.6,62228.6,116821.4,1168.214,72624982.4683,1,2024-10-05 06:00:00
62228.6,62279.0,62072.3,62072.4,141549.3,1415.493,87984490.3442,1,2024-10-05 07:00:00
62072.4,62224.6,62072.3,62165.9,100710.1,1007.101,62585975.7312,1,2024-10-05 08:00:00
62165.9,62343.0,62146.5,62264.3,303062.3,3030.623,188695370.8645,1,2024-10-05 09:00:00
62264.3,62287.6,62214.1,62226.9,112460.9,1124.609,70002038.9921,1,2024-10-05 10:00:00
62227.0,62251.8,62182.8,62193.8,116117.5,1161.175,72242339.6739,1,2024-10-05 11:00:00
62193.9,62320.0,62193.8,62319.6,104283.1,1042.831,64931719.0969,1,2024-10-05 12:00:00
62319.6,62388.1,62088.0,62148.2,312906.5,3129.065,194724512.6681,1,2024-10-05 13:00:00
62148.3,62248.9,62099.6,62194.9,119101.2,1191.012,74044542.2414,1,2024-10-05 14:00:00
62194.8,62232.5,62103.5,62165.0,89369.2,893.692,55552139.3148,1,2024-10-05 15:00:00
62165.0,62193.0,61958.0,61958.0,226238.0,2262.38,140428281.5336,1,2024-10-05 16:00:00
61958.0,62036.8,61887.6,62012.8,232523.5,2325.235,144070612.698,1,2024-10-05 17:00:00
62012.9,62057.9,61842.3,61864.5,122214.2,1222.142,75665945.7904,1,2024-10-05 18:00:00
61864.6,61930.1,61788.0,61861.9,127534.0,1275.34,78872753.2669,1,2024-10-05 19:00:00
61862.0,61862.0,61734.5,61737.3,100690.5,1006.905,62204943.1977,1,2024-10-05 20:00:00
61737.4,61950.9,61710.0,61866.5,121686.8,1216.868,75284726.6781,1,2024-10-05 21:00:00
61866.6,62100.0,61848.8,62055.1,107879.8,1078.798,66892933.4129,1,2024-10-05 22:00:00
62055.1,62118.0,61985.4,62066.1,85568.8,855.688,53083914.5642,1,2024-10-05 23:00:00
62066.1,62103.3,61891.4,61935.8,113057.0,1130.57,70054322.2367,1,2024-10-06 00:00:00
61935.9,62171.9,61922.2,62098.8,166524.5,1665.245,103364798.8769,1,2024-10-06 01:00:00
62098.9,62133.3,61954.0,61971.6,94308.3,943.083,58490280.2853,1,2024-10-06 02:00:00
61971.6,62031.3,61876.0,61886.8,95995.3,959.953,59466674.3716,1,2024-10-06 03:00:00
61886.9,61977.3,61816.1,61890.4,96048.4,960.484,59440110.4446,1,2024-10-06 04:00:00
61890.3,61990.0,61844.2,61950.3,91901.5,919.015,56919597.6257,1,2024-10-06 05:00:00
61950.3,62027.4,61892.3,61971.1,83502.9,835.029,51754105.0259,1,2024-10-06 06:00:00
61971.1,62014.4,61949.1,61955.9,44271.6,442.716,27440458.6548,1,2024-10-06 07:00:00
61955.8,62080.9,61925.6,62001.6,122295.7,1222.957,75839161.3968,1,2024-10-06 08:00:00
62001.6,62179.8,61980.0,62080.0,128852.3,1288.523,80007501.8026,1,2024-10-06 09:00:00
62079.9,62091.8,62015.5,62030.2,65805.8,658.058,40829182.8343,1,2024-10-06 10:00:00
62030.2,62159.4,62013.5,62102.6,115898.0,1158.98,71973265.8769,1,2024-10-06 11:00:00
62102.6,62263.0,62071.4,62225.5,178408.8,1784.088,110909572.2347,1,2024-10-06 12:00:00
62225.6,62365.6,62225.5,62247.7,268086.0,2680.86,167008293.9913,1,2024-10-06 13:00:00
62247.7,62787.0,62186.0,62716.1,629812.8,6298.128,393774356.0438,1,2024-10-06 14:00:00
62716.1,62770.0,62415.4,62729.2,463261.1,4632.611,290017228.193,1,2024-10-06 15:00:00
62729.2,62930.0,62609.0,62609.1,538445.8,5384.458,338086978.9429,1,2024-10-06 16:00:00
62609.0,62769.1,62553.3,62588.9,161997.6,1619.976,101514889.2398,1,2024-10-06 17:00:00
62589.0,62779.1,62588.9,62723.9,81354.5,813.545,51008186.5132,1,2024-10-06 18:00:00
62724.0,62998.4,62589.0,62636.1,227452.0,2274.52,142873014.5029,1,2024-10-06 19:00:00
62635.5,62769.2,62593.5,62626.3,118636.1,1186.361,74344739.8299,1,2024-10-06 20:00:00
62626.2,62668.7,62300.0,62309.9,209197.1,2091.971,130646304.7446,1,2024-10-06 21:00:00
62309.9,62639.8,62308.9,62617.0,141604.8,1416.048,88488398.0438,1,2024-10-06 22:00:00
62617.0,62919.9,62617.0,62825.5,286576.7,2865.767,179939710.7644,1,2024-10-06 23:00:00
62825.6,63750.0,62654.7,63679.9,1026500.0,10265.0,649239608.708,1,2024-10-07 00:00:00
63679.9,63974.6,63664.6,63822.5,643383.7,6433.837,410675665.4749,1,2024-10-07 01:00:00
63822.5,63960.6,63600.0,63648.3,337715.0,3377.15,215443875.4019,1,2024-10-07 02:00:00
63648.2,63784.0,63350.0,63535.8,379070.8,3790.708,240857059.2575,1,2024-10-07 03:00:00
63535.8,63680.0,63468.8,63480.0,162118.5,1621.185,103080546.7526,1,2024-10-07 04:00:00
63479.9,63639.0,63360.9,63400.8,241000.9,2410.009,152987585.3029,1,2024-10-07 05:00:00
63400.8,63729.5,63316.3,63706.3,230353.2,2303.532,146410764.1729,1,2024-10-07 06:00:00
63706.4,63717.8,63440.0,63539.9,175190.1,1751.901,111328694.7237,1,2024-10-07 07:00:00
63539.9,63712.8,63520.7,63557.9,153091.0,1530.91,97385289.2103,1,2024-10-07 08:00:00
63557.9,63557.9,63086.0,63224.0,594841.7,5948.417,376292496.611,1,2024-10-07 09:00:00
63223.9,63233.7,62888.0,62906.1,480524.8,4805.248,302892595.2839,1,2024-10-07 10:00:00
62906.0,63188.0,62655.0,63149.1,749098.3,7490.983,471004731.3897,1,2024-10-07 11:00:00
63149.2,63149.2,62834.1,62894.1,338684.4,3386.844,213358129.5833,1,2024-10-07 12:00:00
62894.2,63575.0,62833.2,63457.4,803503.4,8035.034,508318738.2612,1,2024-10-07 13:00:00
63457.4,64473.2,63456.1,64004.8,1901363.6,19013.636,1217968966.5473,1,2024-10-07 14:00:00
64004.8,64012.8,63536.0,63654.7,815824.9,8158.249,520090248.5897,1,2024-10-07 15:00:00
63654.8,63884.9,63420.0,63827.5,414695.9,4146.959,264105862.5899,1,2024-10-07 16:00:00
63827.5,63916.0,63531.0,63828.0,237047.2,2370.472,151027279.6357,1,2024-10-07 17:00:00
63827.9,63828.0,62733.2,62853.7,892307.1,8923.071,563744908.3661,1,2024-10-07 18:00:00
62853.7,63465.6,62853.7,63378.8,432133.4,4321.334,273355088.4705,1,2024-10-07 19:00:00
63378.8,63408.0,62989.1,63032.0,220130.3,2201.303,139060633.8308,1,2024-10-07 20:00:00
63032.0,63383.2,63004.3,63383.1,134415.9,1344.159,85004142.9529,1,2024-10-07 21:00:00
63383.2,63383.2,62451.2,62469.3,590270.7,5902.707,370733361.3171,1,2024-10-07 22:00:00
62469.4,62678.8,62121.6,62221.3,809984.3,8099.843,505330188.1396,1,2024-10-07 23:00:00
62221.4,62589.2,62153.5,62553.1,375514.3,3755.143,234208561.7756,1,2024-10-08 00:00:00
62553.1,62731.7,62318.0,62633.9,349808.8,3498.088,218816668.2509,1,2024-10-08 01:00:00
62633.9,62794.0,62415.1,62784.1,299847.0,2998.47,187685103.4654,1,2024-10-08 02:00:00
62784.1,62830.0,62550.2,62639.9,205580.7,2055.807,128842461.1773,1,2024-10-08 03:00:00
62639.9,62793.6,62539.0,62694.0,224673.9,2246.739,140835845.5162,1,2024-10-08 04:00:00
62694.0,62740.9,62306.9,62517.8,372647.6,3726.476,232859593.8752,1,2024-10-08 05:00:00
62517.8,62539.6,62200.0,62511.6,351752.7,3517.527,219389605.9971,1,2024-10-08 06:00:00
62511.7,62511.7,62001.5,62316.3,504069.4,5040.694,313486550.5409,1,2024-10-08 07:00:00
62316.2,62450.5,62189.3,62415.4,244296.2,2442.962,152306272.4821,1,2024-10-08 08:00:00
62415.4,62595.3,62302.6,62539.2,237728.7,2377.287,148452750.8668,1,2024-10-08 09:00:00
62539.3,62595.3,62410.5,62520.7,181449.7,1814.497,113440696.9604,1,2024-10-08 10:00:00
62520.7,62665.9,62466.0,62622.9,179147.5,1791.475,112092888.7021,1,2024-10-08 11:00:00
62622.9,62678.0,62422.9,62443.9,242822.4,2428.224,151867142.8405,1,2024-10-08 12:00:00
62443.2,63048.9,62330.0,63032.0,815375.6,8153.756,511374683.4824,1,2024-10-08 13:00:00
63032.0,63219.0,62144.5,62777.9,1483866.4,14838.664,929885088.5651,1,2024-10-08 14:00:00
62778.0,62846.1,61869.2,62281.3,1196652.6,11966.526,745503662.1128,1,2024-10-08 15:00:00
62281.3,62623.2,62023.9,62576.2,596434.4,5964.344,371840716.4709,1,2024-10-08 16:00:00
62576.2,62578.2,62075.3,62400.0,469793.8,4697.938,292610206.3786,1,2024-10-08 17:00:00
62399.9,62543.9,61931.4,62117.8,397326.0,3973.26,247105354.0711,1,2024-10-08 18:00:00
62117.8,62358.0,61876.0,62249.9,428405.3,4284.053,266087597.9042,1,2024-10-08 19:00:00
62250.0,62408.1,62150.0,62389.0,158027.2,1580.272,98433252.593,1,2024-10-08 20:00:00
62392.6,62577.8,62316.0,62436.0,114325.3,1143.253,71395381.0033,1,2024-10-08 21:00:00
62436.0,62455.7,62156.0,62179.7,165335.1,1653.351,102994402.8508,1,2024-10-08 22:00:00
62179.6,62275.0,62022.1,62156.8,195298.9,1952.989,121349470.49,1,2024-10-08 23:00:00
62156.8,62272.6,62003.0,62160.0,241322.3,2413.223,149907972.9831,1,2024-10-09 00:00:00
62159.9,62500.0,62104.9,62404.6,374653.8,3746.538,233621244.2672,1,2024-10-09 01:00:00
62404.6,62420.0,62262.1,62271.2,150642.1,1506.421,93876223.0455,1,2024-10-09 02:00:00
62271.2,62470.0,62156.8,62400.1,235525.1,2355.251,146846202.6077,1,2024-10-09 03:00:00
62400.0,62438.8,62300.0,62350.0,109611.5,1096.115,68369032.5269,1,2024-10-09 04:00:00
62350.0,62555.0,62349.9,62537.7,221707.8,2217.078,138496324.6422,1,2024-10-09 05:00:00
62537.7,62550.0,62374.3,62440.1,135119.6,1351.196,84420492.9076,1,2024-10-09 06:00:00
62439.1,62439.1,62192.2,62272.7,242905.0,2429.05,151243881.7647,1,2024-10-09 07:00:00
62272.7,62290.0,62058.0,62160.0,266532.7,2665.327,165643400.7492,1,2024-10-09 08:00:00
62160.0,62282.0,62107.8,62264.2,168324.3,1683.243,104693760.3654,1,2024-10-09 09:00:00
62264.2,62264.2,62066.0,62158.0,156873.3,1568.733,97481740.0501,1,2024-10-09 10:00:00
62158.0,62232.6,62108.4,62209.9,121790.3,1217.903,75730925.3786,1,2024-10-09 11:00:00
62209.9,62241.8,61764.4,61978.2,863797.1,8637.971,535018588.3973,1,2024-10-09 12:00:00
61978.1,62071.0,61752.0,61804.6,737386.9,7373.869,456582277.9369,1,2024-10-09 13:00:00
61802.8,62029.0,61637.3,61880.0,637286.2,6372.862,393984965.4654,1,2024-10-09 14:00:00
61880.0,62410.5,61785.3,62311.7,860021.2,8600.212,534766334.388,1,2024-10-09 15:00:00
62311.8,62349.1,61696.0,61810.3,713603.1,7136.031,441806047.4604,1,2024-10-09 16:00:00
61810.4,61910.8,61679.0,61757.8,263206.3,2632.063,162651534.2671,1,2024-10-09 17:00:00
61757.8,61822.0,61132.9,61194.7,958696.5,9586.965,588862792.0639,1,2024-10-09 18:00:00
61194.7,61221.4,60832.2,61037.9,740556.9,7405.569,452068518.7278,1,2024-10-09 19:00:00
61037.9,61120.0,60300.0,60429.0,977447.4,9774.474,593216958.794,1,2024-10-09 20:00:00
60429.0,60964.7,60370.1,60901.7,455544.4,4555.444,276406180.7283,1,2024-10-09 21:00:00
60901.6,60911.0,60700.0,60801.1,217150.5,2171.505,132003403.7043,1,2024-10-09 22:00:00
60801.1,60839.8,60616.0,60646.9,196574.0,1965.74,119327191.5912,1,2024-10-09 23:00:00
60646.9,60705.3,60368.0,60450.4,477780.4,4777.804,289133084.1833,1,2024-10-10 00:00:00
60450.4,60860.8,60444.0,60805.0,324060.8,3240.608,196723038.8811,1,2024-10-10 01:00:00
60805.0,60930.0,60708.0,60870.0,251724.8,2517.248,153199267.5917,1,2024-10-10 02:00:00
60871.2,60956.0,60818.8,60864.5,160749.0,1607.49,97903243.6933,1,2024-10-10 03:00:00
60864.6,60950.0,60808.0,60858.4,142961.9,1429.619,87035557.5034,1,2024-10-10 04:00:00
60858.3,61047.7,60831.0,60930.5,259720.1,2597.201,158321409.8681,1,2024-10-10 05:00:00
60930.4,61147.6,60883.8,61135.2,245438.4,2454.384,149820635.187,1,2024-10-10 06:00:00
61135.2,61140.0,60888.0,60891.1,211563.2,2115.632,129067119.3616,1,2024-10-10 07:00:00
60891.1,61066.5,60800.0,60824.9,257172.0,2571.72,156669437.9572,1,2024-10-10 08:00:00
60824.9,60986.7,60626.4,60928.0,408188.7,4081.887,248234684.2777,1,2024-10-10 09:00:00
60927.9,61221.2,60927.9,61078.6,327456.5,3274.565,200033290.1107,1,2024-10-10 10:00:00
61078.5,61320.9,61050.0,61262.5,344685.6,3446.856,211033267.4083,1,2024-10-10 11:00:00
61262.5,61316.6,60760.0,60960.2,943602.3,9436.023,575803803.3138,1,2024-10-10 12:00:00
60960.3,61257.7,60618.0,60945.3,896964.7,8969.647,546644014.4861,1,2024-10-10 13:00:00
60945.4,61066.0,60480.7,60600.0,704122.5,7041.225,427660020.2215,1,2024-10-10 14:00:00
60600.1,60825.6,60444.0,60797.5,517239.3,5172.393,313586905.1502,1,2024-10-10 15:00:00
60797.5,61041.7,60232.0,60294.3,869346.8,8693.468,527084304.0564,1,2024-10-10 16:00:00
60295.5,60463.0,59566.0,59614.0,1335335.0,13353.35,801072608.4153,1,2024-10-10 17:00:00
59614.0,59614.0,58924.9,59500.0,1842703.1,18427.031,1090977445.2095,1,2024-10-10 18:00:00
59500.0,59776.0,59360.0,59736.8,443193.0,4431.93,264025782.0597,1,2024-10-10 19:00:00
59736.8,60025.0,59584.4,59811.6,666868.8,6668.688,398691033.6469,1,2024-10-10 20:00:00
59811.6,60192.0,59690.4,60188.2,298475.1,2984.751,178987253.6517,1,2024-10-10 21:00:00
60188.2,60249.3,59939.0,60137.8,307624.7,3076.247,184917086.7696,1,2024-10-10 22:00:00
60137.9,60317.3,60137.9,60317.3,197013.2,1970.132,118703926.4254,1,2024-10-10 23:00:00
60317.2,60363.6,60156.2,60182.6,249962.1,2499.621,150678438.5605,1,2024-10-11 00:00:00
60182.7,60784.9,60080.1,60577.2,550458.4,5504.584,332600666.0736,1,2024-10-11 01:00:00
60577.2,60664.8,60368.0,60548.5,285263.6,2852.636,172593219.9472,1,2024-10-11 02:00:00
60548.6,60718.0,60548.6,60605.7,211538.2,2115.382,128293444.1484,1,2024-10-11 03:00:00
60605.6,60741.7,60578.4,60710.0,183925.5,1839.255,111544536.3556,1,2024-10-11 04:00:00
60710.0,60782.9,60590.0,60601.0,206694.8,2066.948,125447898.1012,1,2024-10-11 05:00:00
60601.0,60932.0,60596.2,60796.2,285734.1,2857.341,173752627.5307,1,2024-10-11 06:00:00
60796.2,60918.0,60663.1,60673.5,235089.1,2350.891,142905597.2575,1,2024-10-11 07:00:00
60673.5,60819.0,60650.0,60669.2,183700.6,1837.006,111537859.6589,1,2024-10-11 08:00:00
60669.3,61118.0,60651.2,61076.8,475052.8,4750.528,289468341.8854,1,2024-10-11 09:00:00
61076.7,61244.0,61000.0,61154.8,542880.3,5428.803,331872729.7425,1,2024-10-11 10:00:00
61154.8,61272.0,61076.0,61180.9,263519.7,2635.197,161244014.6843,1,2024-10-11 11:00:00
61180.9,61500.0,61130.1,61379.9,766884.8,7668.848,470265375.5076,1,2024-10-11 12:00:00
61380.0,61867.0,61211.0,61680.0,1113195.3,11131.953,685619945.2141,1,2024-10-11 13:00:00
61679.9,61950.0,61635.0,61758.6,929486.1,9294.861,574508228.3389,1,2024-10-11 14:00:00
61758.6,62466.0,61758.6,62254.3,1315833.7,13158.337,817910290.0504,1,2024-10-11 15:00:00
62254.3,62450.0,62122.4,62276.0,810004.8,8100.048,504623601.813,1,2024-10-11 16:00:00
62276.1,62948.0,62168.0,62911.7,986659.1,9866.591,617987826.5237,1,2024-10-11 17:00:00
62911.7,62979.9,62710.1,62922.8,357124.9,3571.249,224422487.8294,1,2024-10-11 18:00:00
62922.8,63420.0,62814.0,63088.2,1106876.1,11068.761,698509046.8503,1,2024-10-11 19:00:00
63086.9,63096.7,62920.0,62996.4,187978.0,1879.78,118427941.2892,1,2024-10-11 20:00:00
62996.3,63172.4,62789.1,62847.5,238547.4,2385.474,150250740.0839,1,2024-10-11 21:00:00
62847.5,62917.9,62379.2,62458.8,471498.8,4714.988,295117124.8431,1,2024-10-11 22:00:00
62458.7,62676.2,62352.5,62539.3,253043.8,2530.438,158140130.6142,1,2024-10-11 23:00:00
62539.3,62932.0,62500.0,62832.8,378108.4,3781.084,237131060.4051,1,2024-10-12 00:00:00
62832.9,63083.3,62686.9,62738.0,320330.1,3203.301,201401849.5404,1,2024-10-12 01:00:00
62737.9,62766.4,62525.5,62565.0,192284.7,1922.847,120439056.0275,1,2024-10-12 02:00:00
62564.9,62642.3,62483.2,62569.8,176231.6,1762.316,110239583.8755,1,2024-10-12 03:00:00
62569.8,62762.6,62569.8,62595.1,224013.5,2240.135,140328087.2835,1,2024-10-12 04:00:00
62595.2,62808.0,62580.3,62777.6,137866.6,1378.666,86435813.5342,1,2024-10-12 05:00:00
62777.6,62777.6,62670.8,62691.9,72850.9,728.509,45687383.7222,1,2024-10-12 06:00:00
62691.8,62786.0,62647.1,62767.9,114741.7,1147.417,71971357.2111,1,2024-10-12 07:00:00
62767.9,62788.0,62693.8,62719.9,87446.7,874.467,54866993.0648,1,2024-10-12 08:00:00
62719.9,62848.0,62676.1,62846.8,116285.0,1162.85,72967370.0899,1,2024-10-12 09:00:00
62846.8,63056.7,62810.0,63044.1,287370.5,2873.705,180904902.8909,1,2024-10-12 10:00:00
63044.0,63281.5,62910.5,62939.9,432543.2,4325.432,272928693.7768,1,2024-10-12 11:00:00
62939.8,63070.0,62821.8,63054.1,218322.9,2183.229,137375099.3119,1,2024-10-12 12:00:00
63054.0,63161.3,62960.0,63067.7,191044.0,1910.44,120462681.5786,1,2024-10-12 13:00:00
63067.7,63416.0,63004.3,63231.9,411949.8,4119.498,260603814.3501,1,2024-10-12 14:00:00
63232.0,63480.2,63059.7,63166.0,483512.8,4835.128,305915167.1085,1,2024-10-12 15:00:00
63166.0,63400.0,63062.7,63062.7,274441.4,2744.414,173465068.2659,1,2024-10-12 16:00:00
63062.7,63266.0,63047.3,63100.0,147696.4,1476.964,93259755.3583,1,2024-10-12 17:00:00
63100.0,63187.0,62933.0,62940.4,170488.4,1704.884,107455355.9363,1,2024-10-12 18:00:00
62940.5,63087.6,62888.1,63004.2,117743.2,1177.432,74181110.6992,1,2024-10-12 19:00:00
63004.2,63120.0,63004.1,63042.3,61224.1,612.241,38619248.549,1,2024-10-12 20:00:00
63042.2,63238.4,63042.2,63220.1,73886.4,738.864,46669979.3764,1,2024-10-12 21:00:00
63220.1,63339.6,63135.7,63303.1,92027.5,920.275,58215925.4133,1,2024-10-12 22:00:00
63303.0,63389.0,63169.6,63210.3,113259.5,1132.595,71660220.0633,1,2024-10-12 23:00:00
63210.3,63300.0,63045.7,63190.3,126967.9,1269.679,80252799.5593,1,2024-10-13 00:00:00
63190.3,63190.3,62825.0,62889.2,306425.0,3064.25,192961032.9513,1,2024-10-13 01:00:00
62889.2,62931.4,62701.8,62877.1,228931.8,2289.318,143772542.8758,1,2024-10-13 02:00:00
62877.1,62917.9,62654.5,62720.0,176426.1,1764.261,110711983.6296,1,2024-10-13 03:00:00
62719.9,62875.8,62715.6,62826.5,101713.4,1017.134,63881749.6619,1,2024-10-13 04:00:00
62826.5,62978.0,62819.4,62861.9,105854.4,1058.544,66591009.3217,1,2024-10-13 05:00:00
62861.8,63007.5,62861.8,62874.1,91557.0,915.57,57613639.2893,1,2024-10-13 06:00:00
62874.2,62929.8,62730.0,62857.8,139272.8,1392.728,87461459.8551,1,2024-10-13 07:00:00
62857.8,62980.0,62810.0,62826.1,144048.0,1440.48,90586666.0665,1,2024-10-13 08:00:00
62826.1,62889.7,62777.8,62840.3,96978.9,969.789,60932136.8771,1,2024-10-13 09:00:00
62840.2,62844.3,62688.0,62708.7,121621.0,1216.21,76337898.8143,1,2024-10-13 10:00:00
62708.8,62799.9,62527.8,62567.4,318148.4,3181.484,199270871.2804,1,2024-10-13 11:00:00
62567.4,62748.7,62556.3,62677.3,169458.2,1694.582,106206712.2756,1,2024-10-13 12:00:00
62677.4,62838.0,62630.1,62663.3,119085.3,1190.853,74709516.8662,1,2024-10-13 13:00:00
62663.1,62667.7,62200.0,62250.0,598382.2,5983.822,373439399.3236,1,2024-10-13 14:00:00
62250.0,62349.0,62050.0,62231.3,591891.5,5918.915,368177722.9845,1,2024-10-13 15:00:00
62231.4,62719.3,62172.8,62624.5,477997.5,4779.975,298773992.2112,1,2024-10-13 16:00:00
62624.4,62888.0,62418.3,62516.2,446700.3,4467.003,279906490.7154,1,2024-10-13 17:00:00
62516.2,62641.8,62311.8,62418.4,232000.9,2320.009,144900677.9774,1,2024-10-13 18:00:00
62420.0,62753.9,62420.0,62737.9,114549.0,1145.49,71740968.9158,1,2024-10-13 19:00:00
62737.9,62773.7,62613.7,62771.7,95878.6,958.786,60096315.1408,1,2024-10-13 20:00:00
62771.7,63042.9,62681.8,62893.0,234358.9,2343.589,147404641.0117,1,2024-10-13 21:00:00
62892.9,63144.0,62730.1,62843.7,254801.4,2548.014,160335335.4638,1,2024-10-13 22:00:00
62843.7,62911.6,62635.0,62877.9,161346.7,1613.467,101252891.5934,1,2024-10-13 23:00:00
62877.8,62907.2,62457.4,62522.4,233296.9,2332.969,146123757.2662,1,2024-10-14 00:00:00
62520.8,62845.2,62510.9,62639.1,175198.4,1751.984,109807858.5562,1,2024-10-14 01:00:00
62639.1,62643.5,62486.2,62628.8,146287.1,1462.871,91546456.8429,1,2024-10-14 02:00:00
62628.8,64400.0,62621.5,64315.1,1889045.7,18890.457,1203603422.1451,1,2024-10-14 03:00:00
64315.1,64541.2,64105.3,64151.1,913930.5,9139.305,587811476.6335,1,2024-10-14 04:00:00
64151.1,64176.5,63777.2,63940.1,582295.6,5822.956,372460829.3513,1,2024-10-14 05:00:00
63940.0,64262.1,63810.0,64095.9,375548.5,3755.485,240621798.9284,1,2024-10-14 06:00:00
64095.8,64707.1,64030.9,64620.0,872263.7,8722.637,561821243.9135,1,2024-10-14 07:00:00
64620.1,64876.6,64373.7,64435.1,741735.9,7417.359,479171417.1317,1,2024-10-14 08:00:00
64435.0,64925.2,64346.8,64817.9,555403.8,5554.038,359178976.6751,1,2024-10-14 09:00:00
64818.0,65028.2,64705.0,64866.2,573001.8,5730.018,371849128.2238,1,2024-10-14 10:00:00
64866.0,65191.0,64800.0,64924.9,488053.4,4880.534,317086338.5862,1,2024-10-14 11:00:00
64924.8,65036.6,64750.0,64868.0,543780.1,5437.801,352947111.2916,1,2024-10-14 12:00:00
64868.1,65318.0,64658.0,65150.2,1115857.4,11158.574,725464095.0448,1,2024-10-14 13:00:00
65150.3,66313.0,65114.0,65928.1,2509223.0,25092.23,1650950071.2596,1,2024-10-14 14:00:00
65928.1,66136.5,65851.0,65892.8,743396.2,7433.962,490463835.7914,1,2024-10-14 15:00:00
65892.8,66040.0,65642.5,65725.8,778706.7,7787.067,512229186.3379,1,2024-10-14 16:00:00
65721.4,65867.5,65571.6,65647.0,433274.6,4332.746,284678624.1438,1,2024-10-14 17:00:00
65647.1,65976.1,65588.0,65774.3,421680.9,4216.809,277562037.7364,1,2024-10-14 18:00:00
65774.4,66086.6,65720.0,65937.5,535413.7,5354.137,353137113.435,1,2024-10-14 19:00:00
65937.6,66058.0,65813.3,65928.1,167722.5,1677.225,110609976.4691,1,2024-10-14 20:00:00
65930.1,66009.8,65742.1,65792.4,126639.2,1266.392,83402648.0888,1,2024-10-14 21:00:00
65792.3,66680.0,65779.4,66475.2,721589.2,7215.892,478245882.2976,1,2024-10-14 22:00:00
66475.2,66561.8,66056.7,66097.9,407966.4,4079.664,270259380.5455,1,2024-10-14 23:00:00
66097.9,66348.2,65876.0,65941.1,455751.0,4557.51,301121986.0799,1,2024-10-15 00:00:00
65941.1,66027.4,65772.2,65879.9,224754.2,2247.542,148105516.0715,1,2024-10-15 01:00:00
65880.0,65950.0,65720.0,65780.0,218827.3,2188.273,143989411.1769,1,2024-10-15 02:00:00
65780.0,65780.0,65355.0,65423.5,574800.3,5748.003,376735860.9749,1,2024-10-15 03:00:00
65423.5,65722.3,65343.0,65619.8,328454.5,3284.545,215365045.5034,1,2024-10-15 04:00:00
65619.8,65620.0,65236.4,65384.1,414313.4,4143.134,270943719.4513,1,2024-10-15 05:00:00
65384.2,65632.0,65300.2,65577.0,287729.0,2877.29,188426922.5111,1,2024-10-15 06:00:00
65577.1,65861.0,65575.8,65666.9,360925.6,3609.256,237266220.8343,1,2024-10-15 07:00:00
65666.9,65868.2,65638.5,65765.9,223516.9,2235.169,146993903.7355,1,2024-10-15 08:00:00
65766.0,65782.8,65591.5,65643.7,153633.4,1536.334,100912585.3535,1,2024-10-15 09:00:00
65643.6,65755.8,65577.4,65682.9,136738.9,1367.389,89822995.8959,1,2024-10-15 10:00:00
65682.9,65725.1,65280.0,65403.8,634729.9,6347.299,415647337.4591,1,2024-10-15 11:00:00
65403.7,65970.3,65389.3,65800.1,610712.8,6107.128,401367092.4429,1,2024-10-15 12:00:00
65800.1,67799.9,65762.9,67679.9,2413990.8,24139.908,1611640302.6935,1,2024-10-15 13:00:00
67679.9,67990.0,65139.8,65368.7,4788666.2,47886.662,3183496324.9142,1,2024-10-15 14:00:00
65368.8,66302.8,64765.0,66022.6,2600597.2,26005.972,1705259183.3157,1,2024-10-15 15:00:00
66022.7,67228.9,65979.2,66872.7,1585625.0,15856.25,1057364359.1146,1,2024-10-15 16:00:00
66872.7,67063.0,66478.9,66806.7,747750.2,7477.502,499371170.3588,1,2024-10-15 17:00:00
66806.8,67394.1,66750.0,66906.8,619278.3,6192.783,415691179.1985,1,2024-10-15 18:00:00
66906.9,67063.3,66562.1,66974.0,588603.5,5886.035,393230763.4491,1,2024-10-15 19:00:00
66974.1,67014.8,66400.0,66469.1,460782.2,4607.822,307193745.0721,1,2024-10-15 20:00:00
66468.8,66623.7,66125.4,66440.4,582164.3,5821.643,386340173.5153,1,2024-10-15 21:00:00
66440.3,67017.3,66419.8,66762.0,407879.4,4078.794,272328798.1089,1,2024-10-15 22:00:00
66762.0,67195.5,66687.6,67083.0,253759.6,2537.596,169976257.7171,1,2024-10-15 23:00:00
67082.9,67159.6,66761.0,66888.4,266688.5,2666.885,178458675.2498,1,2024-10-16 00:00:00
66888.3,67532.7,66766.0,67381.9,604586.6,6045.866,406578796.6161,1,2024-10-16 01:00:00
67381.9,67577.9,67241.6,67284.0,346722.8,3467.228,233708181.4106,1,2024-10-16 02:00:00
67283.9,67300.0,67082.3,67105.0,216452.9,2164.529,145400521.8218,1,2024-10-16 03:00:00
67103.2,67258.9,66884.3,66992.3,252069.0,2520.69,168952839.824,1,2024-10-16 04:00:00
66992.3,67361.3,66920.8,67213.1,257673.4,2576.734,173053688.1797,1,2024-10-16 05:00:00
67213.0,67304.4,66963.6,67048.1,239430.8,2394.308,160720883.676,1,2024-10-16 06:00:00
67048.1,67048.1,66760.4,66972.9,365161.4,3651.614,244303043.2295,1,2024-10-16 07:00:00
66973.0,67270.0,66912.2,67138.8,400175.6,4001.756,268684733.5917,1,2024-10-16 08:00:00
67138.9,67475.9,67088.0,67428.9,427321.2,4273.212,287738991.048,1,2024-10-16 09:00:00
67429.0,67833.4,67333.5,67746.2,841560.9,8415.609,569328128.8422,1,2024-10-16 10:00:00
67746.2,68432.5,67600.0,67908.7,1659966.7,16599.667,1130371656.6677,1,2024-10-16 11:00:00
67908.7,68085.4,67680.1,67845.5,739951.8,7399.518,502336542.7704,1,2024-10-16 12:00:00
67845.6,67980.0,67132.0,67395.2,1301650.0,13016.5,878817897.9027,1,2024-10-16 13:00:00
67395.2,68329.0,67358.0,67683.7,1526102.4,15261.024,1035127718.7363,1,2024-10-16 14:00:00
67683.8,68060.9,67404.8,67763.3,627944.3,6279.443,425601893.2002,1,2024-10-16 15:00:00
67763.3,67937.8,67488.0,67823.7,485623.0,4856.23,328695071.6506,1,2024-10-16 16:00:00
67823.7,68111.0,67686.0,67944.1,327675.7,3276.757,222530190.1939,1,2024-10-16 17:00:00
67944.1,68066.6,67779.8,67828.4,209886.8,2098.868,142548925.9337,1,2024-10-16 18:00:00
67828.3,67960.0,67633.1,67727.2,261872.0,2618.72,177508163.1231,1,2024-10-16 19:00:00
67727.1,67972.9,67624.8,67626.1,236432.5,2364.325,160343716.8339,1,2024-10-16 20:00:00
67625.7,67717.1,67504.0,67576.2,164465.2,1644.652,111167571.3652,1,2024-10-16 21:00:00
67576.2,67879.5,67576.2,67788.3,154592.2,1545.922,104679017.5263,1,2024-10-16 22:00:00
67788.3,67837.2,67606.0,67621.8,139327.7,1393.277,94334242.3472,1,2024-10-16 23:00:00
67621.8,67950.0,67586.0,67715.2,265800.2,2658.002,180181488.1167,1,2024-10-17 00:00:00
67716.8,67911.7,67407.8,67902.1,463655.5,4636.555,313728510.6968,1,2024-10-17 01:00:00
67902.1,67904.8,67410.0,67480.7,320975.9,3209.759,216955021.2142,1,2024-10-17 02:00:00
67480.7,67700.0,67440.0,67600.0,211833.7,2118.337,143122096.8219,1,2024-10-17 03:00:00
67600.1,67600.1,67259.0,67264.3,383655.4,3836.554,258562230.0306,1,2024-10-17 04:00:00
67264.3,67487.5,67260.0,67340.4,232511.0,2325.11,156639996.5308,1,2024-10-17 05:00:00
67340.5,67500.0,67121.2,67166.9,335725.1,3357.251,226068794.5153,1,2024-10-17 06:00:00
67167.0,67339.4,67082.0,67305.9,437278.1,4372.781,293817190.9909,1,2024-10-17 07:00:00
67305.9,67485.2,67188.0,67455.0,281172.0,2811.72,189378118.6889,1,2024-10-17 08:00:00
67455.0,67533.4,67182.3,67200.2,211713.6,2117.136,142645883.9676,1,2024-10-17 09:00:00
67200.2,67314.5,66822.0,67227.0,655769.5,6557.695,439819831.7263,1,2024-10-17 10:00:00
67227.0,67308.8,66827.3,66894.2,461509.0,4615.09,309161455.6701,1,2024-10-17 11:00:00
66894.2,67195.0,66828.0,67180.1,411269.2,4112.692,275771278.5078,1,2024-10-17 12:00:00
67180.0,67359.2,66674.8,67029.0,914776.0,9147.76,613327053.146,1,2024-10-17 13:00:00
67031.0,67287.7,66666.0,67117.0,1087062.0,10870.62,727548536.4549,1,2024-10-17 14:00:00
67116.9,67688.0,66956.1,67583.0,785324.2,7853.242,529063214.0354,1,2024-10-17 15:00:00
67583.0,67588.0,67111.7,67379.8,547658.4,5476.584,368837878.5591,1,2024-10-17 16:00:00
67379.8,67520.7,67145.0,67283.2,281961.3,2819.613,189900074.6514,1,2024-10-17 17:00:00
67283.2,67303.6,66713.0,66933.7,687111.9,6871.119,459751640.8408,1,2024-10-17 18:00:00
66933.8,67020.0,66781.1,66846.4,201082.4,2010.824,134527774.0326,1,2024-10-17 19:00:00
66846.3,67148.0,66822.5,66945.4,163663.7,1636.637,109681729.4196,1,2024-10-17 20:00:00
66945.4,67155.5,66941.5,67085.4,114109.8,1141.098,76538761.9589,1,2024-10-17 21:00:00
67085.4,67500.6,67085.4,67460.0,430721.2,4307.212,290080163.3903,1,2024-10-17 22:00:00
67460.0,67600.0,67300.0,67439.3,220866.8,2208.668,148920921.5016,1,2024-10-17 23:00:00
67439.3,67480.0,67200.0,67225.0,224921.8,2249.218,151449073.5557,1,2024-10-18 00:00:00
67225.1,68280.8,67205.0,68100.1,835113.5,8351.135,566518569.7433,1,2024-10-18 01:00:00
68100.0,68160.9,67810.0,68110.7,399260.8,3992.608,271442953.7829,1,2024-10-18 02:00:00
68110.6,68121.4,67512.0,67543.0,417733.1,4177.331,283221503.1797,1,2024-10-18 03:00:00
67543.0,67874.9,67540.0,67742.5,292178.3,2921.783,197857069.1863,1,2024-10-18 04:00:00
67742.5,68053.0,67642.9,67996.8,249638.2,2496.382,169421039.9052,1,2024-10-18 05:00:00
67996.8,68395.0,67920.0,68108.8,669731.1,6697.311,456446988.8591,1,2024-10-18 06:00:00
68108.7,68214.3,67864.8,67980.0,369933.6,3699.336,251698584.9923,1,2024-10-18 07:00:00
67980.0,68070.0,67832.0,67927.3,231697.6,2316.976,157388842.8603,1,2024-10-18 08:00:00
67927.6,68059.9,67765.1,67811.1,231824.7,2318.247,157380317.1328,1,2024-10-18 09:00:00
67811.1,67983.0,67784.0,67879.1,151525.8,1515.258,102860984.7252,1,2024-10-18 10:00:00
67879.0,68039.5,67673.0,67717.1,238854.3,2388.543,162043352.1729,1,2024-10-18 11:00:00
67717.2,67836.2,67645.9,67678.7,259668.6,2596.686,175842657.9454,1,2024-10-18 12:00:00
67678.7,68198.0,67660.0,68197.9,601584.3,6015.843,408932604.3022,1,2024-10-18 13:00:00
68197.9,68615.4,67925.2,68431.9,1946039.8,19460.398,1329773115.663,1,2024-10-18 14:00:00
68431.9,68876.0,68285.2,68741.8,1140273.3,11402.733,782875219.874,1,2024-10-18 15:00:00
68741.8,68920.0,68350.0,68792.6,780395.9,7803.959,535818376.9728,1,2024-10-18 16:00:00
68792.5,68906.6,68650.0,68701.2,293600.7,2936.007,201964867.8339,1,2024-10-18 17:00:00
68701.2,69061.2,68555.0,68899.9,475859.5,4758.595,327626787.9482,1,2024-10-18 18:00:00
68899.9,68979.1,68571.4,68603.7,317596.4,3175.964,218379975.0158,1,2024-10-18 19:00:00
68603.8,68698.4,68399.6,68433.2,222917.0,2229.17,152766603.8245,1,2024-10-18 20:00:00
68437.1,68503.3,68250.0,68420.0,159956.8,1599.568,109375122.1322,1,2024-10-18 21:00:00
68420.0,68427.8,68220.0,68221.9,199706.1,1997.061,136390383.4867,1,2024-10-18 22:00:00
68221.8,68487.8,68218.0,68437.2,143936.5,1439.365,98421861.4876,1,2024-10-18 23:00:00
68437.1,68494.1,68299.9,68340.1,117568.6,1175.686,80400405.6991,1,2024-10-19 00:00:00
68340.0,68470.0,68331.8,68350.1,109419.5,1094.195,74845690.4907,1,2024-10-19 01:00:00
68350.1,68488.0,68344.0,68464.7,181412.7,1814.127,124142861.8096,1,2024-10-19 02:00:00
68464.7,68712.3,68441.2,68454.1,266459.8,2664.598,182721693.451,1,2024-10-19 03:00:00
68454.1,68574.7,68333.4,68333.4,142916.1,1429.161,97795642.5889,1,2024-10-19 04:00:00
68333.5,68442.0,68314.8,68400.0,109933.7,1099.337,75187998.9039,1,2024-10-19 05:00:00
68400.1,68451.0,68340.3,68343.7,87229.0,872.29,59652611.0938,1,2024-10-19 06:00:00
68343.8,68417.9,68300.1,68359.2,102294.3,1022.943,69918088.6462,1,2024-10-19 07:00:00
68359.3,68482.7,68347.1,68415.3,86185.3,861.853,58957169.9089,1,2024-10-19 08:00:00
68415.2,68444.1,68343.2,68349.3,52539.5,525.395,35931542.9952,1,2024-10-19 09:00:00
68349.4,68387.3,68247.3,68253.1,188887.6,1888.876,129021856.1964,1,2024-10-19 10:00:00
68253.1,68310.0,68086.0,68090.8,288762.2,2887.622,196883203.3238,1,2024-10-19 11:00:00
68090.8,68281.4,68085.0,68226.1,147813.4,1478.134,100813707.5658,1,2024-10-19 12:00:00
68226.2,68227.7,68120.5,68124.1,103993.9,1039.939,70880611.1158,1,2024-10-19 13:00:00
68124.1,68372.4,68124.0,68300.0,220969.5,2209.695,150872891.0846,1,2024-10-19 14:00:00
68300.0,68339.9,68153.9,68223.5,130904.6,1309.046,89323316.7466,1,2024-10-19 15:00:00
68223.6,68227.7,68035.0,68041.3,352380.1,3523.801,240042427.3125,1,2024-10-19 16:00:00
68041.3,68150.0,68005.3,68132.9,107508.9,1075.089,73204169.4549,1,2024-10-19 17:00:00
68132.9,68204.5,68092.0,68180.5,55612.8,556.128,37909892.6997,1,2024-10-19 18:00:00
68180.5,68252.6,68152.3,68188.7,58490.4,584.904,39896102.9847,1,2024-10-19 19:00:00
68188.6,68270.0,68169.7,68245.7,60718.8,607.188,41431492.8192,1,2024-10-19 20:00:00
68245.6,68350.0,68216.2,68225.0,84053.6,840.536,57401297.5273,1,2024-10-19 21:00:00
68225.0,68422.0,68203.3,68331.7,117198.0,1171.98,80080882.5481,1,2024-10-19 22:00:00
68331.7,68432.4,68300.1,68377.1,97602.9,976.029,66731138.4136,1,2024-10-19 23:00:00
68377.0,68447.5,68228.4,68228.4,126981.3,1269.813,86771685.5009,1,2024-10-20 00:00:00
68228.5,68261.9,68153.8,68164.4,105667.8,1056.678,72072356.8946,1,2024-10-20 01:00:00
68164.5,68238.0,68115.0,68182.1,72362.1,723.621,49334156.7574,1,2024-10-20 02:00:00
68182.0,68210.0,68106.4,68193.3,83412.2,834.122,56851995.7477,1,2024-10-20 03:00:00
68193.3,68332.0,68191.0,68251.9,94390.8,943.908,64436821.4188,1,2024-10-20 04:00:00
68251.9,68300.0,68188.0,68224.1,61182.4,611.824,41747404.8677,1,2024-10-20 05:00:00
68224.1,68448.4,68180.0,68405.5,128618.0,1286.18,87853435.8269,1,2024-10-20 06:00:00
68405.4,68444.0,68352.3,68369.6,160865.7,1608.657,110022340.1359,1,2024-10-20 07:00:00
68369.6,68500.0,68348.1,68395.8,168093.3,1680.933,115014843.9331,1,2024-10-20 08:00:00
68395.8,68446.3,68349.7,68433.8,61400.2,614.002,42001365.5283,1,2024-10-20 09:00:00
68433.9,68460.3,68357.0,68370.0,83641.7,836.417,57226511.6684,1,2024-10-20 10:00:00
68370.0,68448.0,68370.0,68420.1,59953.6,599.536,41017620.5478,1,2024-10-20 11:00:00
68420.0,68440.1,68254.7,68262.0,164129.6,1641.296,112195216.5588,1,2024-10-20 12:00:00
68262.1,68495.0,68186.4,68460.6,320389.2,3203.892,218998738.393,1,2024-10-20 13:00:00
68460.5,68777.0,68460.5,68649.3,673055.3,6730.553,462054093.5896,1,2024-10-20 14:00:00
68649.3,68698.2,68358.9,68635.2,281975.8,2819.758,193199165.2755,1,2024-10-20 15:00:00
68635.2,68666.0,68502.1,68504.0,107950.9,1079.509,74030323.6504,1,2024-10-20 16:00:00
68504.0,68615.4,68413.7,68563.7,119056.3,1190.563,81574383.2567,1,2024-10-20 17:00:00
68563.8,68671.4,68560.9,68606.6,94336.3,943.363,64743948.8069,1,2024-10-20 18:00:00
68606.7,68613.5,68489.7,68517.8,70471.3,704.713,48304760.7215,1,2024-10-20 19:00:00
68517.7,68936.6,68472.8,68790.0,275767.4,2757.674,189664135.7577,1,2024-10-20 20:00:00
68789.9,68876.5,68662.0,68776.2,133806.2,1338.062,91996790.7685,1,2024-10-20 21:00:00
68776.3,69444.0,68605.3,69149.6,1006389.3,10063.893,695174962.4326,1,2024-10-20 22:00:00
69149.7,69215.9,68941.1,69050.1,275387.1,2753.871,190217878.4765,1,2024-10-20 23:00:00
69050.0,69572.0,68987.2,69183.4,527347.1,5273.471,365462047.5273,1,2024-10-21 00:00:00
69183.4,69509.5,69130.0,69229.9,276495.5,2764.955,191699284.4481,1,2024-10-21 01:00:00
69230.0,69289.6,68716.5,68740.0,410992.1,4109.921,283553678.7572,1,2024-10-21 02:00:00
68740.1,68955.0,68600.7,68942.1,352522.0,3525.22,242440210.8007,1,2024-10-21 03:00:00
68942.2,69043.5,68782.8,69037.0,167083.3,1670.833,115120751.7772,1,2024-10-21 04:00:00
69037.0,69204.6,68958.0,68982.4,229212.3,2292.123,158331136.6656,1,2024-10-21 05:00:00
68982.5,69150.0,68630.0,68688.5,268680.3,2686.803,185233016.2274,1,2024-10-21 06:00:00
68689.9,68809.5,68480.0,68510.6,437247.1,4372.471,300124802.2334,1,2024-10-21 07:00:00
68510.6,68670.0,68300.2,68310.0,408798.9,4087.989,279991051.3676,1,2024-10-21 08:00:00
68310.0,68444.2,68149.0,68398.2,417575.6,4175.756,285214334.3857,1,2024-10-21 09:00:00
68398.1,68500.0,68275.4,68296.0,179451.8,1794.518,122762394.4794,1,2024-10-21 10:00:00
68296.1,68476.4,68205.2,68266.0,242365.1,2423.651,165650439.2273,1,2024-10-21 11:00:00
68266.0,68363.1,68091.7,68237.7,369796.0,3697.96,252235694.5881,1,2024-10-21 12:00:00
68237.6,68274.0,67177.2,67336.0,2090207.2,20902.072,1414162191.9905,1,2024-10-21 13:00:00
67336.0,67621.0,67040.0,67292.8,1170080.8,11700.808,787931532.7255,1,2024-10-21 14:00:00
67292.8,67334.4,66856.2,67331.0,1189747.6,11897.476,797394491.6561,1,2024-10-21 15:00:00
67331.1,67332.9,66900.0,67332.9,536249.0,5362.49,360061673.8889,1,2024-10-21 16:00:00
67332.8,67658.9,67256.0,67517.0,490488.8,4904.888,331084337.4012,1,2024-10-21 17:00:00
67517.1,67517.1,67021.8,67325.7,385213.9,3852.139,259080133.0385,1,2024-10-21 18:00:00
67325.8,67924.5,67324.7,67752.6,504374.7,5043.747,341268107.9235,1,2024-10-21 19:00:00
67752.7,67806.0,67614.2,67737.0,179215.6,1792.156,121323518.4326,1,2024-10-21 20:00:00
67736.9,67923.9,67665.8,67789.6,152504.7,1525.047,103390317.2933,1,2024-10-21 21:00:00
67789.6,67871.0,67594.6,67777.8,195156.0,1951.56,132203585.2541,1,2024-10-21 22:00:00
67777.8,67777.8,67360.0,67378.7,294231.7,2942.317,198653552.2722,1,2024-10-21 23:00:00
67378.7,67405.7,66566.5,67145.9,1131307.9,11313.079,757282739.6203,1,2024-10-22 00:00:00
67145.9,67537.6,67041.0,67509.1,332011.3,3320.113,223649757.9452,1,2024-10-22 01:00:00
67509.2,67699.0,67275.0,67329.2,326094.8,3260.948,220218151.5022,1,2024-10-22 02:00:00
67329.2,67571.0,67300.1,67413.4,219237.0,2192.37,147777572.8276,1,2024-10-22 03:00:00
67413.4,67514.3,67300.2,67514.0,142541.8,1425.418,96089657.1017,1,2024-10-22 04:00:00
67513.9,67667.9,67466.1,67593.6,240516.6,2405.166,162582903.6038,1,2024-10-22 05:00:00
67593.6,67800.0,67567.7,67567.7,365218.2,3652.182,247311324.5842,1,2024-10-22 06:00:00
67567.7,67719.0,67372.6,67398.0,290337.9,2903.379,196096367.8034,1,2024-10-22 07:00:00
67398.0,67399.9,66902.0,66947.9,713847.2,7138.472,479185028.1891,1,2024-10-22 08:00:00
66948.7,67133.0,66757.7,66960.3,544746.7,5447.467,364523027.5665,1,2024-10-22 09:00:00
66960.2,67238.6,66866.5,67185.8,313500.6,3135.006,210255684.6439,1,2024-10-22 10:00:00
67185.9,67527.7,67156.8,67294.5,385229.1,3852.291,259486577.9872,1,2024-10-22 11:00:00
67294.5,67474.9,66854.1,66992.6,571776.2,5717.762,383752291.8074,1,2024-10-22 12:00:00
66992.6,67175.8,66645.9,66994.4,945105.8,9451.058,632359850.2107,1,2024-10-22 13:00:00
66994.3,67691.4,66822.1,67561.7,1391632.6,13916.326,937505566.1499,1,2024-10-22 14:00:00
67561.8,67695.0,67110.0,67290.0,647718.8,6477.188,436311669.0471,1,2024-10-22 15:00:00
67290.0,67290.1,66930.0,66976.7,428626.9,4286.269,287542560.03,1,2024-10-22 16:00:00
66976.7,67442.7,66950.1,67332.9,410683.0,4106.83,276307732.2843,1,2024-10-22 17:00:00
67333.0,67527.5,67243.8,67379.9,249986.4,2499.864,168527788.5233,1,2024-10-22 18:00:00
67380.2,67643.3,67340.0,67485.2,240729.7,2407.297,162573787.6512,1,2024-10-22 19:00:00
67485.2,67578.6,67420.0,67525.1,99164.1,991.641,66939054.1605,1,2024-10-22 20:00:00
67525.1,67557.8,67407.7,67528.4,64333.7,643.337,43405608.8798,1,2024-10-22 21:00:00
67528.5,67842.0,67480.2,67728.1,293819.3,2938.193,198915382.5129,1,2024-10-22 22:00:00
67728.0,67785.8,67274.5,67426.2,260693.0,2606.93,175953131.6628,1,2024-10-22 23:00:00
67426.2,67471.2,67128.6,67183.1,302639.9,3026.399,203482296.1358,1,2024-10-23 00:00:00
67183.1,67399.5,67180.0,67355.3,171462.6,1714.626,115381434.3561,1,2024-10-23 01:00:00
67355.2,67396.9,67060.0,67103.3,200203.4,2002.034,134496198.6974,1,2024-10-23 02:00:00
67103.3,67188.0,66891.3,67090.1,312564.6,3125.646,209462509.6635,1,2024-10-23 03:00:00
67090.1,67242.3,67004.5,67226.6,165256.5,1652.565,110954760.595,1,2024-10-23 04:00:00
67226.6,67235.0,67053.0,67096.2,139945.3,1399.453,93941363.5095,1,2024-10-23 05:00:00
67096.2,67312.0,66904.0,66923.9,286342.4,2863.424,192234607.2682,1,2024-10-23 06:00:00
66923.8,67010.4,66810.0,66868.0,323796.5,3237.965,216638043.6814,1,2024-10-23 07:00:00
66868.0,67056.0,66420.2,66544.7,873458.1,8734.581,582764881.7912,1,2024-10-23 08:00:00
66544.7,66619.5,66202.4,66506.3,869523.3,8695.233,577431427.4536,1,2024-10-23 09:00:00
66506.2,66647.4,66389.6,66411.3,281352.3,2813.523,187196261.3759,1,2024-10-23 10:00:00
66411.3,66605.2,66305.9,66430.0,276885.1,2768.851,184007533.6623,1,2024-10-23 11:00:00
66430.0,66512.8,66100.0,66412.0,764311.8,7643.118,506857972.2883,1,2024-10-23 12:00:00
66412.0,66899.9,66358.9,66794.8,708906.4,7089.064,472550870.0154,1,2024-10-23 13:00:00
66794.7,66875.0,66429.1,66491.2,468603.7,4686.037,312293769.6431,1,2024-10-23 14:00:00
66491.2,66491.3,65901.3,66228.7,1134412.5,11344.125,750580374.587,1,2024-10-23 15:00:00
66228.7,66300.8,65805.7,65885.1,846107.8,8461.078,558364146.0105,1,2024-10-23 16:00:00
65885.1,65999.9,65650.1,65732.7,858690.2,8586.902,564991444.2272,1,2024-10-23 17:00:00
65732.8,66075.6,65226.0,66058.9,1461933.0,14619.33,958667480.7671,1,2024-10-23 18:00:00
66058.8,66599.9,65867.9,66490.2,818345.2,8183.452,542419558.9654,1,2024-10-23 19:00:00
66490.2,66688.6,66349.8,66677.0,310982.3,3109.823,206870860.7251,1,2024-10-23 20:00:00
66675.5,66689.5,66355.0,66419.9,191306.8,1913.068,127222610.0013,1,2024-10-23 21:00:00
66420.0,66593.0,66362.8,66486.4,150597.7,1505.977,100129560.1246,1,2024-10-23 22:00:00
66486.4,66823.4,66470.1,66662.1,307861.5,3078.615,205322616.1682,1,2024-10-23 23:00:00
66662.2,67499.4,66508.0,67449.6,721287.1,7212.871,483262412.3953,1,2024-10-24 00:00:00
67449.7,67620.3,67074.5,67279.6,755380.0,7553.8,508934790.1314,1,2024-10-24 01:00:00
67279.6,67523.0,67157.5,67459.8,287702.3,2877.023,193758734.638,1,2024-10-24 02:00:00
67459.9,67480.2,67220.0,67220.0,167621.4,1676.214,112903038.983,1,2024-10-24 03:00:00
67220.1,67450.0,67220.0,67389.8,176875.3,1768.753,119094003.8177,1,2024-10-24 04:00:00
67389.8,67486.0,67340.8,67367.6,142084.1,1420.841,95784931.71,1,2024-10-24 05:00:00
67367.5,67485.7,67123.4,67130.2,274818.4,2748.184,185022947.6101,1,2024-10-24 06:00:00
67130.2,67333.0,67080.0,67134.4,269976.1,2699.761,181410936.6246,1,2024-10-24 07:00:00
67134.3,67263.2,66858.0,66863.7,363630.3,3636.303,243758812.4848,1,2024-10-24 08:00:00
66863.8,67020.0,66732.9,66892.6,449754.2,4497.542,300734385.0859,1,2024-10-24 09:00:00
66892.9,67139.7,66867.2,67016.0,300856.2,3008.562,201596311.5443,1,2024-10-24 10:00:00
67016.0,67350.0,67002.5,67294.4,297658.8,2976.588,200072150.0937,1,2024-10-24 11:00:00
67294.3,67617.3,67270.3,67519.9,492741.8,4927.418,332230945.2807,1,2024-10-24 12:00:00
67519.9,67986.0,67446.0,67900.9,1068905.4,10689.054,724103961.4696,1,2024-10-24 13:00:00
67901.0,67980.0,67525.5,67777.9,833152.1,8331.521,564453288.1232,1,2024-10-24 14:00:00
67777.8,67976.0,67600.0,67699.7,464734.9,4647.349,315008874.581,1,2024-10-24 15:00:00
67699.7,67796.0,67354.4,67582.7,539424.2,5394.242,364464555.2472,1,2024-10-24 16:00:00
67582.8,67854.0,67460.0,67651.1,282226.4,2822.264,190961917.822,1,2024-10-24 17:00:00
67651.1,67950.0,67617.6,67825.1,280919.4,2809.194,190532213.7155,1,2024-10-24 18:00:00
67825.1,68335.5,67720.0,68305.2,622985.3,6229.853,424404912.5141,1,2024-10-24 19:00:00
68305.2,68340.0,67978.1,68197.5,319849.9,3198.499,218011762.4739,1,2024-10-24 20:00:00
68197.5,68880.0,68197.5,68349.5,699316.7,6993.167,479365294.8035,1,2024-10-24 21:00:00
68349.5,68560.0,68181.0,68188.8,254369.5,2543.695,173938296.4829,1,2024-10-24 22:00:00
68188.1,68277.6,68052.3,68202.6,186781.9,1867.819,127343808.7939,1,2024-10-24 23:00:00
68202.7,68285.7,67891.8,67993.1,340740.2,3407.402,231935914.9754,1,2024-10-25 00:00:00
67993.0,68007.7,67835.5,67977.0,278094.7,2780.947,188867526.2629,1,2024-10-25 01:00:00
67977.2,68088.0,67830.2,68069.9,220206.8,2202.068,149738483.4394,1,2024-10-25 02:00:00
68069.9,68244.0,67977.0,68006.0,239354.4,2393.544,163039604.331,1,2024-10-25 03:00:00
68006.0,68046.4,67683.8,67741.7,422463.1,4224.631,286456709.5423,1,2024-10-25 04:00:00
67741.7,67887.9,67607.0,67765.9,265152.3,2651.523,179639745.837,1,2024-10-25 05:00:00
67765.8,67870.0,67600.5,67650.6,229736.0,2297.36,155552055.3654,1,2024-10-25 06:00:00
67650.6,67741.7,67248.3,67546.9,575075.5,5750.755,387882468.6562,1,2024-10-25 07:00:00
67546.8,67770.0,67319.2,67669.8,434992.7,4349.927,294006274.8341,1,2024-10-25 08:00:00
67669.7,67885.7,67535.0,67838.7,339245.1,3392.451,229676445.4242,1,2024-10-25 09:00:00
67838.7,67884.4,67674.0,67858.0,201620.4,2016.204,136726106.878,1,2024-10-25 10:00:00
67858.0,68184.3,67793.6,68104.3,360648.3,3606.483,245270648.7102,1,2024-10-25 11:00:00
68104.2,68299.9,67980.0,68063.9,453638.7,4536.387,309129001.1665,1,2024-10-25 12:00:00
68064.0,68450.1,67735.1,68347.8,655607.7,6556.077,446260432.8227,1,2024-10-25 13:00:00
68347.9,68776.9,68133.3,68313.1,1193985.8,11939.858,817772939.3097,1,2024-10-25 14:00:00
68313.2,68545.7,67433.0,67685.8,946604.4,9466.044,643287326.2207,1,2024-10-25 15:00:00
67684.8,67900.0,67340.2,67666.8,825404.3,8254.043,558412683.8744,1,2024-10-25 16:00:00
67666.8,67815.0,66773.0,66846.2,1213247.8,12132.478,815136825.4659,1,2024-10-25 17:00:00
66846.1,67582.3,65988.8,67039.1,2571485.5,25714.855,1719725185.087,1,2024-10-25 18:00:00
67039.1,67247.9,66622.0,66858.7,765391.7,7653.917,512353189.5051,1,2024-10-25 19:00:00
66858.7,67047.9,66626.6,66949.9,299495.1,2994.951,200199615.9359,1,2024-10-25 20:00:00
66950.0,67306.5,66950.0,67297.0,167940.5,1679.405,112782776.5453,1,2024-10-25 21:00:00
67297.0,67405.2,66600.0,66630.2,483917.8,4839.178,324421501.7484,1,2024-10-25 22:00:00
66630.3,66821.5,65588.0,66695.0,1926792.5,19267.925,1274712607.4449,1,2024-10-25 23:00:00
66695.0,66850.0,66542.0,66743.4,386675.2,3866.752,257967412.8578,1,2024-10-26 00:00:00
66743.3,66821.6,66503.2,66708.9,298911.7,2989.117,199243845.9072,1,2024-10-26 01:00:00
66708.9,67042.9,66427.5,66837.0,448711.4,4487.114,299535460.9682,1,2024-10-26 02:00:00
66837.0,66980.0,66663.0,66903.0,291358.3,2913.583,194696409.1021,1,2024-10-26 03:00:00
66903.0,66979.8,66759.4,66940.9,156021.7,1560.217,104384963.8441,1,2024-10-26 04:00:00
66940.9,67232.3,66937.3,67126.7,320187.3,3201.873,214898269.1717,1,2024-10-26 05:00:00
67126.7,67240.0,67039.8,67161.9,151510.1,1515.101,101724683.5169,1,2024-10-26 06:00:00
67161.9,67180.5,66972.2,67002.3,180032.8,1800.328,120727739.155,1,2024-10-26 07:00:00
67002.4,67172.0,66986.1,67127.4,100324.2,1003.242,67313470.8863,1,2024-10-26 08:00:00
67127.4,67286.0,67043.7,67043.8,170540.2,1705.402,114562179.3372,1,2024-10-26 09:00:00
67043.8,67179.9,66984.5,67047.0,143729.3,1437.293,96397197.5094,1,2024-10-26 10:00:00
67047.0,67168.0,66954.0,67131.3,126287.6,1262.876,84691579.5848,1,2024-10-26 11:00:00
67131.2,67182.0,67003.6,67039.8,109210.1,1092.101,73246262.6153,1,2024-10-26 12:00:00
67039.7,67124.1,66872.5,66900.1,314663.7,3146.637,210756885.5821,1,2024-10-26 13:00:00
66900.0,66966.9,66745.0,66810.9,348574.7,3485.747,232957773.9798,1,2024-10-26 14:00:00
66810.9,67015.0,66768.2,66887.9,279868.1,2798.681,187225845.2871,1,2024-10-26 15:00:00
66887.9,67065.0,66788.0,66986.6,189590.1,1895.901,126881200.9807,1,2024-10-26 16:00:00
66986.7,67153.3,66970.1,67063.9,153748.7,1537.487,103123599.3598,1,2024-10-26 17:00:00
67063.9,67147.5,67023.7,67036.3,68223.2,682.232,45772924.5499,1,2024-10-26 18:00:00
67036.3,67189.0,67032.3,67178.5,55821.5,558.215,37467268.5991,1,2024-10-26 19:00:00
67178.5,67479.9,67136.0,67272.7,261467.9,2614.679,176011255.7743,1,2024-10-26 20:00:00
67272.7,67279.7,67100.0,67178.6,85391.3,853.913,57376633.1679,1,2024-10-26 21:00:00
67178.5,67252.0,67110.6,67135.7,82692.9,826.929,55552835.2073,1,2024-10-26 22:00:00
67135.8,67162.0,67085.5,67100.0,70947.1,709.471,47616276.0834,1,2024-10-26 23:00:00
67100.0,67125.0,66975.0,67019.6,104388.7,1043.887,69982081.6085,1,2024-10-27 00:00:00
67019.6,67143.3,66933.3,67085.1,130693.7,1306.937,87588616.56,1,2024-10-27 01:00:00
67085.0,67120.0,67027.3,67060.4,57294.3,572.943,38424973.2574,1,2024-10-27 02:00:00
67060.4,67330.0,67000.0,67296.1,183516.1,1835.161,123318797.9317,1,2024-10-27 03:00:00
67296.0,67326.5,67118.0,67153.8,108052.6,1080.526,72639461.5553,1,2024-10-27 04:00:00
67153.8,67223.9,67144.0,67180.9,57297.4,572.974,38497112.5416,1,2024-10-27 05:00:00
67180.8,67190.8,67120.0,67188.9,68857.4,688.574,46239790.4547,1,2024-10-27 06:00:00
67188.8,67236.8,67165.9,67200.0,60736.1,607.361,40812935.562,1,2024-10-27 07:00:00
67200.0,67266.0,67158.3,67217.7,80236.5,802.365,53933325.2958,1,2024-10-27 08:00:00
67217.7,67217.7,67100.0,67141.0,85326.7,853.267,57287882.1206,1,2024-10-27 09:00:00
67141.0,67203.5,67066.0,67086.2,79036.1,790.361,53043608.5788,1,2024-10-27 10:00:00
67086.3,67187.3,67041.2,67125.2,78900.4,789.004,52954858.3066,1,2024-10-27 11:00:00
67125.2,67547.1,67122.0,67400.0,387571.5,3875.715,261171259.7275,1,2024-10-27 12:00:00
67400.0,67777.0,67390.2,67615.8,647298.2,6472.982,437789664.7333,1,2024-10-27 13:00:00
67615.8,67755.0,67610.0,67700.0,213171.9,2131.719,144283291.2771,1,2024-10-27 14:00:00
67700.0,67860.0,67688.9,67790.1,290263.4,2902.634,196736598.8537,1,2024-10-27 15:00:00
67790.0,67879.9,67670.0,67834.9,305866.6,3058.666,207302974.4992,1,2024-10-27 16:00:00
67834.9,68042.5,67728.7,67762.2,293985.5,2939.855,199592943.3596,1,2024-10-27 17:00:00
67762.1,67778.0,67556.0,67574.7,218136.4,2181.364,147603308.5084,1,2024-10-27 18:00:00
67574.8,67860.0,67563.9,67848.1,140528.1,1405.281,95175629.018,1,2024-10-27 19:00:00
67848.2,67928.1,67722.6,67769.6,111645.5,1116.455,75727699.8919,1,2024-10-27 20:00:00
67769.6,68197.9,67737.5,67937.1,276328.8,2763.288,187941768.9948,1,2024-10-27 21:00:00
67937.2,68346.6,67937.2,68121.7,452089.0,4520.89,308317285.2359,1,2024-10-27 22:00:00
68121.7,68300.0,67982.5,68028.2,189030.7,1890.307,128801099.3003,1,2024-10-27 23:00:00
68028.3,68128.6,67834.5,67865.9,251796.7,2517.967,171143745.23,1,2024-10-28 00:00:00
67866.0,67916.9,67734.8,67745.8,187728.0,1877.28,127304801.7428,1,2024-10-28 01:00:00
67745.8,67874.9,67666.9,67809.9,189340.0,1893.4,128308478.6623,1,2024-10-28 02:00:00
67809.9,67990.0,67700.0,67729.2,219368.7,2193.687,148836262.1919,1,2024-10-28 03:00:00
67729.1,67811.3,67642.9,67755.8,157352.7,1573.527,106554188.5947,1,2024-10-28 04:00:00
67755.7,67983.0,67619.7,67915.0,166472.7,1664.727,112870353.7448,1,2024-10-28 05:00:00
67915.0,67960.0,67802.3,67960.0,122661.8,1226.618,83279808.0433,1,2024-10-28 06:00:00
67960.0,68686.0,67959.9,68423.4,1129921.4,11299.214,773160750.1221,1,2024-10-28 07:00:00
68423.5,68606.0,68340.4,68340.4,297850.2,2978.502,203810887.2515,1,2024-10-28 08:00:00
68340.4,68625.6,68250.0,68574.5,350966.0,3509.66,240044158.9611,1,2024-10-28 09:00:00
68574.4,68846.6,68548.1,68637.6,465936.9,4659.369,320085332.1672,1,2024-10-28 10:00:00
68637.5,68776.9,68491.9,68764.2,264886.7,2648.867,181862780.2073,1,2024-10-28 11:00:00
68764.1,69099.9,68580.2,68919.6,948626.9,9486.269,653656455.1778,1,2024-10-28 12:00:00
68919.5,69293.6,68760.5,68829.9,1178927.7,11789.277,813986275.7856,1,2024-10-28 13:00:00
68830.0,69100.0,68685.0,68846.7,729315.7,7293.157,502332819.6724,1,2024-10-28 14:00:00
68848.3,68863.7,68424.0,68497.1,767402.6,7674.026,526577361.4991,1,2024-10-28 15:00:00
68496.6,68993.2,68449.9,68703.9,538167.8,5381.678,369908462.6189,1,2024-10-28 16:00:00
68704.0,69214.0,68509.4,68977.7,621713.9,6217.139,428590658.6804,1,2024-10-28 17:00:00
68977.8,69247.9,68830.2,69200.0,402269.6,4022.696,277719417.0027,1,2024-10-28 18:00:00
69200.1,69930.0,69137.9,69635.9,1574298.4,15742.984,1096121654.1291,1,2024-10-28 19:00:00
69635.9,69720.0,69427.0,69653.1,267908.0,2679.08,186311836.4732,1,2024-10-28 20:00:00
69653.2,69821.7,69512.0,69797.6,203803.1,2038.031,142046519.6478,1,2024-10-28 21:00:00
69797.9,70346.2,69797.9,69978.8,1000282.5,10002.825,700614513.3895,1,2024-10-28 22:00:00
69978.8,70167.9,69750.4,69971.9,274480.7,2744.807,192016733.6851,1,2024-10-28 23:00:00
69971.9,70029.7,69767.0,69966.8,265279.7,2652.797,185417960.4974,1,2024-10-29 00:00:00
69966.9,70399.9,69850.0,70314.2,369619.1,3696.191,259108296.263,1,2024-10-29 01:00:00
70314.1,71637.0,70224.3,71210.0,2345827.5,23458.275,1667426207.0822,1,2024-10-29 02:00:00
71210.0,71447.0,70905.0,70963.7,582115.6,5821.156,414273040.394,1,2024-10-29 03:00:00
70963.8,71150.5,70942.4,71097.3,247106.9,2471.069,175597217.2597,1,2024-10-29 04:00:00
71097.3,71119.6,70913.1,71045.0,204856.3,2048.563,145466403.7828,1,2024-10-29 05:00:00
71045.0,71399.4,71016.2,71250.0,424486.6,4244.866,302280789.7397,1,2024-10-29 06:00:00
71250.0,71280.9,70833.0,71025.9,466583.7,4665.837,331306419.2173,1,2024-10-29 07:00:00
71025.9,71228.1,70983.1,71137.8,236074.6,2360.746,167889408.0323,1,2024-10-29 08:00:00
71137.9,71366.0,71111.3,71300.0,293111.6,2931.116,208829166.2746,1,2024-10-29 09:00:00
71300.0,71350.0,71082.9,71176.4,193114.2,1931.142,137531984.5266,1,2024-10-29 10:00:00
71176.4,71589.0,71154.1,71457.5,485827.9,4858.279,347067114.6331,1,2024-10-29 11:00:00
71457.6,71518.8,71118.8,71126.8,367909.1,3679.091,262245539.8676,1,2024-10-29 12:00:00
71126.9,71821.9,70939.0,71797.9,1061193.4,10611.934,757973905.1377,1,2024-10-29 13:00:00
71798.0,72000.0,71335.3,71867.0,1360786.0,13607.86,976348582.1114,1,2024-10-29 14:00:00
71867.0,72450.0,71658.4,72410.9,1480958.6,14809.586,1067664872.9061,1,2024-10-29 15:00:00
72410.9,72998.0,72361.5,72762.7,1463789.1,14637.891,1063399511.7909,1,2024-10-29 16:00:00
72762.7,73079.2,72524.2,72737.8,1022145.4,10221.454,744127779.0888,1,2024-10-29 17:00:00
72737.8,73299.9,72676.5,73195.2,708849.9,7088.499,517675542.7091,1,2024-10-29 18:00:00
73195.2,73760.5,72536.4,72559.5,1860464.0,18604.64,1361002347.4466,1,2024-10-29 19:00:00
72559.6,72698.3,71911.0,72367.0,857369.3,8573.693,619877535.4531,1,2024-10-29 20:00:00
72364.3,72657.0,72250.0,72331.1,234156.6,2341.566,169625973.6082,1,2024-10-29 21:00:00
72331.0,73028.6,72229.8,72698.4,421155.1,4211.551,305931531.3116,1,2024-10-29 22:00:00
72698.4,72846.0,72527.6,72751.3,253490.2,2534.902,184229300.6636,1,2024-10-29 23:00:00
72751.4,72810.3,72127.5,72318.8,390538.6,3905.386,282847984.9718,1,2024-10-30 00:00:00
72318.8,72450.0,72030.6,72441.8,400568.9,4005.689,289302817.2933,1,2024-10-30 01:00:00
72441.8,72666.0,72349.0,72364.9,285577.1,2855.771,207080626.819,1,2024-10-30 02:00:00
72364.9,72512.4,72204.0,72271.7,212151.3,2121.513,153458118.8254,1,2024-10-30 03:00:00
72271.7,72388.0,72213.8,72309.1,128235.3,1282.353,92718762.0927,1,2024-10-30 04:00:00
72309.1,72548.0,72302.7,72526.6,203074.1,2030.741,147134535.3105,1,2024-10-30 05:00:00
72526.6,72654.1,72318.2,72318.3,236564.9,2365.649,171462559.4235,1,2024-10-30 06:00:00
72318.3,72475.2,72113.9,72244.8,283182.5,2831.825,204621260.1631,1,2024-10-30 07:00:00
72244.9,72570.1,72237.5,72267.7,271198.8,2711.988,196405229.7885,1,2024-10-30 08:00:00
72267.7,72614.0,72245.9,72594.4,269184.3,2691.843,195092626.3669,1,2024-10-30 09:00:00
72594.4,72625.0,72359.1,72375.9,182157.3,1821.573,132027554.4387,1,2024-10-30 10:00:00
72375.8,72375.9,71938.8,72010.7,477465.6,4774.656,344552334.4856,1,2024-10-30 11:00:00
72010.8,72162.2,71755.0,71900.1,832991.3,8329.913,599499142.793,1,2024-10-30 12:00:00
71900.1,72113.4,71458.1,71968.2,1007391.5,10073.915,723117929.02,1,2024-10-30 13:00:00
71965.8,72485.8,71931.6,72417.9,855802.3,8558.023,618255771.0361,1,2024-10-30 14:00:00
72418.0,72441.7,71702.8,72061.3,755961.0,7559.61,544180187.0641,1,2024-10-30 15:00:00
72061.2,72211.0,71810.0,72116.7,355264.2,3552.642,255859775.6556,1,2024-10-30 16:00:00
72116.5,72137.7,71661.8,71915.9,299058.7,2990.587,214913685.0269,1,2024-10-30 17:00:00
71915.8,72169.3,71868.4,71992.7,224877.0,2248.77,161927511.5638,1,2024-10-30 18:00:00
71992.5,72080.0,71800.0,71836.4,225870.5,2258.705,162451591.8976,1,2024-10-30 19:00:00
71836.4,72859.4,71647.9,72859.4,1282631.4,12826.314,926664066.999,1,2024-10-30 20:00:00
72859.3,72974.0,72112.5,72399.8,423456.8,4234.568,307188914.4298,1,2024-10-30 21:00:00
72399.7,72699.7,72260.4,72400.1,229718.5,2297.185,166468014.5763,1,2024-10-30 22:00:00
72400.0,72707.0,72343.1,72343.2,165839.1,1658.391,120276601.983,1,2024-10-30 23:00:00
72343.1,72420.0,72030.3,72168.2,300390.4,3003.904,216863384.2424,1,2024-10-31 00:00:00
72168.2,72464.5,72021.3,72378.1,218418.1,2184.181,157884385.2494,1,2024-10-31 01:00:00
72378.1,72583.2,72190.0,72559.5,197684.2,1976.842,143110280.9061,1,2024-10-31 02:00:00
72559.8,72598.3,72289.3,72356.2,177534.2,1775.342,128650607.937,1,2024-10-31 03:00:00
72356.2,72386.0,72212.1,72281.9,148250.1,1482.501,107176630.3237,1,2024-10-31 04:00:00
72281.9,72399.6,72209.9,72294.9,94144.9,941.449,68069398.6122,1,2024-10-31 05:00:00
72294.9,72337.3,72139.5,72209.3,128342.6,1283.426,92717394.7257,1,2024-10-31 06:00:00
72209.3,72487.6,72150.0,72414.9,190085.0,1900.85,137524068.2981,1,2024-10-31 07:00:00
72414.9,72450.0,72156.1,72287.7,184971.3,1849.713,133648181.6558,1,2024-10-31 08:00:00
72287.6,72400.0,72255.1,72304.2,157331.1,1573.311,113808899.5387,1,2024-10-31 09:00:00
72304.2,72700.0,72226.6,72635.7,366033.8,3660.338,265405053.7215,1,2024-10-31 10:00:00
72633.5,72664.8,72230.0,72230.5,336291.6,3362.916,243402420.9806,1,2024-10-31 11:00:00
72230.4,72299.1,71953.7,72127.1,541108.0,5411.08,390372614.5462,1,2024-10-31 12:00:00
72127.1,72195.5,71122.5,71328.6,1432871.1,14328.711,1026022147.4279,1,2024-10-31 13:00:00
71328.6,71387.4,70625.0,70766.6,2083314.3,20833.143,1479076241.0252,1,2024-10-31 14:00:00
70766.5,71089.9,70450.0,70637.2,1006243.0,10062.43,712047197.6514,1,2024-10-31 15:00:00
70637.1,70930.1,70380.0,70426.1,714191.7,7141.917,504135845.3031,1,2024-10-31 16:00:00
70426.1,70821.9,70364.3,70800.5,493592.4,4935.924,348576755.2001,1,2024-10-31 17:00:00
70800.5,70803.4,70122.1,70647.4,634586.5,6345.865,446852428.2201,1,2024-10-31 18:00:00
70647.5,70774.9,70053.5,70110.2,419445.2,4194.452,295367446.0935,1,2024-10-31 19:00:00
70110.3,70315.1,69680.1,70044.0,809072.4,8090.724,566430169.0791,1,2024-10-31 20:00:00
70044.0,70550.0,69868.5,70460.6,328280.9,3282.809,230608793.1388,1,2024-10-31 21:00:00
70460.6,70533.0,70164.5,70481.9,218612.6,2186.126,153827353.7504,1,2024-10-31 22:00:00
70481.9,70653.1,70300.0,70304.3,239858.9,2398.589,169139572.4649,1,2024-10-31 23:00:00
70304.4,70485.8,70150.8,70180.2,270011.3,2700.113,189879249.7106,1,2024-11-01 00:00:00
70180.3,70386.6,69300.0,69415.1,1096431.1,10964.311,764627993.8305,1,2024-11-01 01:00:00
69415.1,69600.0,68838.2,69572.5,1341848.6,13418.486,928333318.6404,1,2024-11-01 02:00:00
69572.5,69712.0,69327.1,69373.5,334132.7,3341.327,232337004.1141,1,2024-11-01 03:00:00
69373.6,69627.8,69345.0,69599.9,169781.8,1697.818,117991376.7171,1,2024-11-01 04:00:00
69600.0,69678.0,69521.7,69609.4,126592.3,1265.923,88114118.6698,1,2024-11-01 05:00:00
69609.4,69707.8,69220.0,69221.2,328584.1,3285.841,228100252.1942,1,2024-11-01 06:00:00
69221.2,69429.7,69078.0,69282.9,351136.4,3511.364,243159473.9022,1,2024-11-01 07:00:00
69282.9,69545.0,69231.9,69375.4,257773.8,2577.738,178899736.0162,1,2024-11-01 08:00:00
69375.5,69588.8,69322.0,69532.2,173425.6,1734.256,120490163.0948,1,2024-11-01 09:00:00
69532.2,70158.0,69520.1,69989.0,691175.2,6911.752,483104043.6564,1,2024-11-01 10:00:00
69989.0,70231.4,69984.0,70003.6,361700.6,3617.006,253611212.9515,1,2024-11-01 11:00:00
70003.6,70466.1,69890.1,70349.2,744662.9,7446.629,522848252.8927,1,2024-11-01 12:00:00
70349.3,71234.0,70144.0,71212.0,1318022.7,13180.227,932101383.9188,1,2024-11-01 13:00:00
71212.0,71644.3,70902.0,71278.4,1666619.5,16666.195,1188127441.6921,1,2024-11-01 14:00:00
71278.5,71368.0,69031.9,69393.8,2270299.6,22702.996,1589968809.0774,1,2024-11-01 15:00:00
69393.8,70529.5,69354.0,69924.0,1272982.8,12729.828,891275053.5467,1,2024-11-01 16:00:00
69924.1,70188.0,69455.7,69597.0,747804.6,7478.046,521999928.9726,1,2024-11-01 17:00:00
69597.0,69658.5,69077.8,69172.0,517315.6,5173.156,358937349.9358,1,2024-11-01 18:00:00
69172.0,69478.5,68826.2,69281.0,833933.9,8339.339,576417964.0793,1,2024-11-01 19:00:00
69281.0,69477.5,69170.4,69263.6,333925.4,3339.254,231488638.7128,1,2024-11-01 20:00:00
69265.6,69372.2,68851.8,69276.0,347699.8,3476.998,240218989.2999,1,2024-11-01 21:00:00
69275.9,69470.1,69240.7,69447.8,153138.0,1531.38,106219234.6776,1,2024-11-01 22:00:00
69447.8,69645.2,69367.2,69496.8,135738.9,1357.389,94378072.514,1,2024-11-01 23:00:00
69496.9,69691.6,69476.3,69671.0,182368.2,1823.682,126934718.9752,1,2024-11-02 00:00:00
69671.0,69715.9,69507.2,69667.3,141091.3,1410.913,98225446.9165,1,2024-11-02 01:00:00
69667.3,69927.5,69659.1,69659.1,183215.9,1832.159,127870536.2942,1,2024-11-02 02:00:00
69659.1,69793.9,69556.8,69598.9,134561.8,1345.618,93740442.5802,1,2024-11-02 03:00:00
69598.9,69636.0,69456.9,69569.9,136672.7,1366.727,95035284.9221,1,2024-11-02 04:00:00
69569.9,69744.2,69444.0,69717.7,135082.8,1350.828,94041384.6876,1,2024-11-02 05:00:00
69717.7,69762.8,69585.0,69762.8,89863.8,898.638,62613857.3138,1,2024-11-02 06:00:00
69762.7,69828.3,69684.8,69823.4,118849.1,1188.491,82914271.2185,1,2024-11-02 07:00:00
69823.4,69850.0,69578.3,69631.6,163277.6,1632.776,113819924.7932,1,2024-11-02 08:00:00
69631.7,69679.9,69516.6,69570.0,98972.6,989.726,68876394.1527,1,2024-11-02 09:00:00
69569.9,69633.0,69425.0,69628.8,164294.6,1642.946,114196336.1496,1,2024-11-02 10:00:00
69628.7,69703.6,69570.0,69606.0,84066.5,840.665,58538837.1927,1,2024-11-02 11:00:00
69606.1,69686.8,69383.6,69458.8,228979.9,2289.799,159184738.2652,1,2024-11-02 12:00:00
69458.8,69718.8,69358.4,69364.1,293058.4,2930.584,203751378.995,1,2024-11-02 13:00:00
69364.0,69441.8,69026.5,69279.7,520029.3,5200.293,359915886.462,1,2024-11-02 14:00:00
69279.7,69462.0,69127.6,69403.2,247767.3,2477.673,171745119.3766,1,2024-11-02 15:00:00
69403.2,69626.0,69321.5,69590.7,208053.4,2080.534,144584556.7514,1,2024-11-02 16:00:00
69590.6,69609.5,69337.7,69410.9,134689.0,1346.89,93540111.0408,1,2024-11-02 17:00:00
69410.8,69490.0,69223.2,69430.5,115767.0,1157.67,80287209.827,1,2024-11-02 18:00:00
69430.5,69572.9,69391.0,69508.1,69148.7,691.487,48061358.7523,1,2024-11-02 19:00:00
69508.2,69583.0,69465.0,69553.0,59969.3,599.693,41695621.404,1,2024-11-02 20:00:00
69553.0,69571.6,69439.1,69439.2,62818.9,628.189,43642495.149,1,2024-11-02 21:00:00
69439.2,69559.9,69343.5,69433.1,63153.6,631.536,43862812.8863,1,2024-11-02 22:00:00
69433.1,69455.3,69155.7,69382.9,189887.2,1898.872,131517493.8503,1,2024-11-02 23:00:00
69382.8,69402.0,69163.5,69163.5,113585.3,1135.853,78696751.1925,1,2024-11-03 00:00:00
69163.5,69254.6,69016.0,69026.5,246019.0,2460.19,170042375.5261,1,2024-11-03 01:00:00
69026.4,69048.8,67845.0,68210.7,1872510.1,18725.101,1280238432.0914,1,2024-11-03 02:00:00
68210.6,68466.0,68030.0,68387.1,479948.7,4799.487,327885344.9477,1,2024-11-03 03:00:00
68387.1,68717.0,68304.8,68603.6,401812.6,4018.126,275487046.1797,1,2024-11-03 04:00:00
68603.6,68717.4,68428.3,68442.4,225498.1,2254.981,154612133.1491,1,2024-11-03 05:00:00
68442.4,68794.0,68403.0,68589.4,209864.3,2098.643,143972918.6755,1,2024-11-03 06:00:00
68589.5,68715.3,68380.3,68407.8,172123.7,1721.237,117918599.1169,1,2024-11-03 07:00:00
68407.9,68623.0,68300.0,68483.9,251447.9,2514.479,172079742.4962,1,2024-11-03 08:00:00
68483.9,68540.6,68209.0,68244.7,228060.3,2280.603,155809666.2421,1,2024-11-03 09:00:00
68244.8,68571.2,68244.8,68437.4,194499.9,1944.999,133133203.7453,1,2024-11-03 10:00:00
68437.5,68588.7,68312.0,68353.0,151036.4,1510.364,103371428.6999,1,2024-11-03 11:00:00
68352.9,68560.0,68265.2,68479.4,178389.3,1783.893,122055048.2925,1,2024-11-03 12:00:00
68479.1,68507.7,67965.9,68047.3,510162.3,5101.623,347838316.2759,1,2024-11-03 13:00:00
68047.4,68208.4,67578.1,67786.9,1049588.8,10495.888,712165856.819,1,2024-11-03 14:00:00
67787.0,68232.0,67462.2,68102.3,898595.1,8985.951,609377312.2323,1,2024-11-03 15:00:00
68102.3,68555.4,68062.9,68152.6,823813.1,8238.131,562820145.079,1,2024-11-03 16:00:00
68152.6,68478.2,68133.3,68363.7,236249.7,2362.497,161528225.1148,1,2024-11-03 17:00:00
68363.6,68450.6,67679.3,68019.9,368642.4,3686.424,250737365.2218,1,2024-11-03 18:00:00
68019.9,68715.5,68000.0,68685.8,454116.1,4541.161,310952203.9878,1,2024-11-03 19:00:00
68685.7,68979.0,68488.1,68962.0,322022.4,3220.224,221466624.1223,1,2024-11-03 20:00:00
68962.1,69368.0,68956.0,69149.8,484621.2,4846.212,335205874.3206,1,2024-11-03 21:00:00
69149.8,69306.9,68779.0,68877.4,271592.2,2715.922,187465153.4873,1,2024-11-03 22:00:00
68877.4,68916.1,68510.2,68776.9,362999.6,3629.996,249491481.8336,1,2024-11-03 23:00:00
68776.9,68776.9,68220.7,68720.2,470322.4,4703.224,322234917.2806,1,2024-11-04 00:00:00
68721.2,69043.7,68570.0,68979.0,387715.4,3877.154,266902104.9997,1,2024-11-04 01:00:00
68979.0,69344.9,68881.8,69309.2,377586.3,3775.863,261088511.6476,1,2024-11-04 02:00:00
69309.3,69516.4,69010.0,69056.7,351114.2,3511.142,243153760.016,1,2024-11-04 03:00:00
69056.7,69404.6,69056.7,69154.1,204823.8,2048.238,141745229.3793,1,2024-11-04 04:00:00
69154.0,69188.0,68725.0,68826.8,285482.1,2854.821,196755340.8733,1,2024-11-04 05:00:00
68826.8,69174.0,68823.9,69132.0,228716.0,2287.16,157853304.0487,1,2024-11-04 06:00:00
69132.0,69186.1,68630.0,68630.5,275112.9,2751.129,189396997.6509,1,2024-11-04 07:00:00
68630.4,68771.1,68474.9,68700.0,342682.2,3426.822,235123522.711,1,2024-11-04 08:00:00
68700.1,68938.1,68484.0,68652.8,315069.8,3150.698,216519213.3269,1,2024-11-04 09:00:00
68652.8,68920.0,68615.4,68843.3,221626.9,2216.269,152555176.0154,1,2024-11-04 10:00:00
68843.2,69058.1,68706.0,68800.0,215749.1,2157.491,148611189.7489,1,2024-11-04 11:00:00
68800.1,69020.4,68749.2,68968.4,204580.2,2045.802,140999475.6211,1,2024-11-04 12:00:00
68968.4,69271.6,68662.8,68676.0,509156.0,5091.56,351332982.1264,1,2024-11-04 13:00:00
68675.9,68737.1,68200.1,68410.0,869428.2,8694.282,595164782.8119,1,2024-11-04 14:00:00
68410.1,68765.3,68248.2,68636.5,616997.7,6169.977,422431193.2403,1,2024-11-04 15:00:00
68636.5,68830.9,67618.0,67751.9,1005685.5,10056.855,684896783.684,1,2024-11-04 16:00:00
67751.8,67925.5,67222.0,67822.5,1092175.5,10921.755,738545252.6866,1,2024-11-04 17:00:00
67822.4,68044.7,67555.5,67655.0,374195.1,3741.951,253535319.8641,1,2024-11-04 18:00:00
67655.0,68068.0,67636.2,67851.6,249613.5,2496.135,169521859.8605,1,2024-11-04 19:00:00
67851.6,67851.6,67326.3,67360.0,337204.1,3372.041,227818651.7562,1,2024-11-04 20:00:00
67359.9,67643.0,66811.7,67115.3,881040.3,8810.403,591665772.9856,1,2024-11-04 21:00:00
67115.3,68111.0,67052.3,67924.2,492838.6,4928.386,333380910.8909,1,2024-11-04 22:00:00
67924.3,68037.9,67645.7,67858.8,317043.0,3170.43,215061273.7413,1,2024-11-04 23:00:00
67858.8,68188.0,67800.0,68034.3,337618.4,3376.184,229647256.5248,1,2024-11-05 00:00:00
68034.3,68102.0,67466.2,68000.0,512040.2,5120.402,347251500.3786,1,2024-11-05 01:00:00
68000.0,68080.0,67822.6,67882.3,189153.6,1891.536,128553223.4285,1,2024-11-05 02:00:00
67884.0,68280.0,67878.5,68237.1,202009.0,2020.09,137547552.8511,1,2024-11-05 03:00:00
68237.1,68508.8,68211.0,68319.2,339595.7,3395.957,232195408.9732,1,2024-11-05 04:00:00
68319.3,68830.0,68294.4,68749.8,364504.3,3645.043,249990250.9526,1,2024-11-05 05:00:00
68749.9,68800.0,68568.9,68770.1,266299.6,2662.996,182920842.365,1,2024-11-05 06:00:00
68770.0,68979.8,68572.0,68893.7,316154.2,3161.542,217529074.9437,1,2024-11-05 07:00:00
68893.7,69068.1,68775.1,69037.6,298814.3,2988.143,205939349.4496,1,2024-11-05 08:00:00
69037.6,69107.1,68740.0,68784.0,385541.3,3855.413,265689987.1523,1,2024-11-05 09:00:00
68784.0,68855.4,68622.0,68781.7,239914.1,2399.141,164892081.5521,1,2024-11-05 10:00:00
68781.7,68980.0,68770.0,68815.0,205362.0,2053.62,141425394.5976,1,2024-11-05 11:00:00
68815.1,68969.5,68674.6,68880.0,230543.7,2305.437,158699638.9866,1,2024-11-05 12:00:00
68880.0,68922.0,68683.4,68821.9,263114.8,2631.148,181007031.1633,1,2024-11-05 13:00:00
68822.0,70350.6,68773.0,69968.0,2101557.5,21015.575,1465633252.7068,1,2024-11-05 14:00:00
69967.9,70081.4,69217.0,69638.0,1412802.1,14128.021,983722506.661,1,2024-11-05 15:00:00
69638.0,70573.5,69533.5,70199.6,1091310.5,10913.105,765024590.7064,1,2024-11-05 16:00:00
70199.5,70485.3,69891.0,69960.4,581313.8,5813.138,408036032.3575,1,2024-11-05 17:00:00
69960.4,70269.9,69719.5,70232.2,474054.4,4740.544,331733847.5854,1,2024-11-05 18:00:00
70232.7,70272.5,68680.0,68998.7,1030358.0,10303.58,714715184.6525,1,2024-11-05 19:00:00
68998.6,69671.0,68832.9,69438.5,741464.9,7414.649,514254812.5591,1,2024-11-05 20:00:00
69438.6,69619.9,69081.3,69163.2,270064.7,2700.647,187362945.3391,1,2024-11-05 21:00:00
69163.1,69607.2,68890.0,69592.1,299214.1,2992.141,207146224.2954,1,2024-11-05 22:00:00
69592.1,69917.1,69291.6,69381.9,358514.5,3585.145,249504816.2454,1,2024-11-05 23:00:00
69382.0,71461.6,69300.0,71107.6,1682668.3,16826.683,1189759267.9882,1,2024-11-06 00:00:00
71102.3,71426.2,70595.2,71128.0,1296787.6,12967.876,921459372.8064,1,2024-11-06 01:00:00
71128.1,73357.9,70950.0,73116.2,2365912.2,23659.122,1711728496.0126,1,2024-11-06 02:00:00
73116.3,75423.4,73088.0,74378.0,4266312.9,42663.129,3165545484.5956,1,2024-11-06 03:00:00
74377.9,74998.0,73922.3,74281.0,1623154.2,16231.542,1210264112.4505,1,2024-11-06 04:00:00
74281.0,74890.1,73660.0,74802.0,1295681.4,12956.814,962151432.5841,1,2024-11-06 05:00:00
74801.9,75488.0,74203.3,74288.0,1867064.4,18670.644,1398212359.6154,1,2024-11-06 06:00:00
74288.1,74692.3,73012.7,73419.2,1747868.8,17478.688,1291750520.9186,1,2024-11-06 07:00:00
73419.2,73585.0,72716.0,73481.7,1498419.6,14984.196,1095964436.8075,1,2024-11-06 08:00:00
73481.7,74132.8,73481.7,73770.8,833703.3,8337.033,615361926.4012,1,2024-11-06 09:00:00
73770.8,73950.0,73388.0,73835.7,633644.5,6336.445,466736741.7786,1,2024-11-06 10:00:00
73835.7,74529.1,73621.8,74292.0,857479.5,8574.795,636326064.0542,1,2024-11-06 11:00:00
74292.0,74788.4,74170.1,74181.9,625475.2,6254.752,465836641.7563,1,2024-11-06 12:00:00
74181.9,74289.5,73579.2,73990.8,769025.1,7690.251,568587968.2546,1,2024-11-06 13:00:00
73990.9,74747.8,73485.0,73654.9,1480709.0,14807.09,1096619384.9731,1,2024-11-06 14:00:00
73654.8,74497.4,73520.0,74296.1,1177526.3,11775.263,873298177.7083,1,2024-11-06 15:00:00
74296.1,74575.0,74129.9,74342.9,568750.6,5687.506,422750159.5697,1,2024-11-06 16:00:00
74342.8,74672.0,74143.8,74456.8,452598.6,4525.986,337138528.9919,1,2024-11-06 17:00:00
74456.9,75240.4,74402.7,75237.7,692019.6,6920.196,518434870.0157,1,2024-11-06 18:00:00
75237.7,75850.0,75051.1,75830.3,1009701.8,10097.018,761786984.7351,1,2024-11-06 19:00:00
75830.2,76422.0,75515.0,76101.6,1188283.3,11882.833,902263385.6252,1,2024-11-06 20:00:00
76101.6,76183.3,75670.0,75902.7,443871.0,4438.71,336954675.539,1,2024-11-06 21:00:00
75902.7,76058.4,75550.0,75647.0,378251.1,3782.511,286607026.4585,1,2024-11-06 22:00:00
75647.1,75855.5,75578.0,75598.2,278325.9,2783.259,210571810.169,1,2024-11-06 23:00:00
75598.1,75666.0,75100.0,75379.9,514266.5,5142.665,387424714.9253,1,2024-11-07 00:00:00
75380.0,76050.0,75245.1,75412.4,808657.4,8086.574,611052754.7817,1,2024-11-07 01:00:00
75412.3,75481.7,75161.1,75294.4,375699.0,3756.99,282888845.562,1,2024-11-07 02:00:00
75296.4,75416.1,75018.0,75061.0,432054.6,4320.546,324905742.548,1,2024-11-07 03:00:00
75061.1,75077.2,74644.7,74764.2,527380.3,5273.803,394708238.919,1,2024-11-07 04:00:00
74764.1,74935.0,74720.0,74788.0,234888.5,2348.885,175788553.1396,1,2024-11-07 05:00:00
74788.0,74885.6,74450.0,74799.7,536862.4,5368.624,400757064.0688,1,2024-11-07 06:00:00
74799.7,74990.9,74701.1,74783.0,287868.3,2878.683,215547439.6138,1,2024-11-07 07:00:00
74783.1,75185.0,74701.0,75185.0,375273.1,3752.731,281616069.0477,1,2024-11-07 08:00:00
75185.0,75185.0,74832.9,74948.3,255725.3,2557.253,191857466.4737,1,2024-11-07 09:00:00
74948.3,75063.0,74776.2,75044.8,222075.4,2220.754,166327858.3906,1,2024-11-07 10:00:00
75044.9,75062.6,74722.9,74771.8,218319.0,2183.19,163403754.3889,1,2024-11-07 11:00:00
74771.8,75133.1,74744.0,75003.9,225989.9,2259.899,169451966.5438,1,2024-11-07 12:00:00
75004.0,75050.0,74608.0,74681.7,344184.6,3441.846,257414485.0503,1,2024-11-07 13:00:00
74681.8,75000.0,74508.1,74823.3,570155.7,5701.557,426290189.7603,1,2024-11-07 14:00:00
74823.2,76076.2,74684.2,76059.9,1123470.0,11234.7,848040772.0407,1,2024-11-07 15:00:00
76060.0,76214.0,75560.4,75888.5,719028.6,7190.286,545363169.7489,1,2024-11-07 16:00:00
75888.5,76498.9,75742.2,76265.5,721287.8,7212.878,549569212.4149,1,2024-11-07 17:00:00
76265.6,76750.0,75775.2,76590.1,829469.8,8294.698,633320148.1544,1,2024-11-07 18:00:00
76590.0,76605.7,75920.0,76520.0,1014596.3,10145.963,773800506.3202,1,2024-11-07 19:00:00
76520.0,76882.2,76275.6,76423.7,719279.7,7192.797,550717175.2202,1,2024-11-07 20:00:00
76423.7,76578.4,75858.0,75876.0,382482.7,3824.827,291435226.1151,1,2024-11-07 21:00:00
75876.0,76000.0,75484.9,75878.7,413464.1,4134.641,313053774.4573,1,2024-11-07 22:00:00
75878.7,76088.0,75687.2,75856.0,267875.8,2678.758,203285313.237,1,2024-11-07 23:00:00
75856.0,76378.8,75845.0,76017.7,412379.6,4123.796,313989135.2159,1,2024-11-08 00:00:00
76017.8,76336.0,75828.8,75990.2,302777.2,3027.772,230260381.1931,1,2024-11-08 01:00:00
75990.3,76031.9,75657.7,75730.1,302239.5,3022.395,229029355.7987,1,2024-11-08 02:00:00
75730.0,75903.5,75580.8,75903.5,280331.9,2803.319,212353464.8561,1,2024-11-08 03:00:00
75903.5,76049.7,75815.7,75839.0,181842.0,1818.42,138088915.3836,1,2024-11-08 04:00:00
75838.9,76164.5,75815.0,75992.0,195254.8,1952.548,148422012.4177,1,2024-11-08 05:00:00
75992.0,76020.0,75828.9,75878.1,168832.7,1688.327,128160147.4424,1,2024-11-08 06:00:00
75878.0,76248.4,75690.2,76177.5,429505.5,4295.055,326432682.0234,1,2024-11-08 07:00:00
76177.6,76188.0,75778.0,75822.1,293586.2,2935.862,222806827.8137,1,2024-11-08 08:00:00
75822.6,76091.5,75786.0,75954.0,184014.3,1840.143,139805664.2638,1,2024-11-08 09:00:00
75954.0,76344.0,75780.0,76248.5,258541.5,2585.415,196668828.6304,1,2024-11-08 10:00:00
76248.4,76298.0,75925.3,75948.3,196921.4,1969.214,149920907.9415,1,2024-11-08 11:00:00
75948.3,76195.7,75934.1,76073.1,242026.3,2420.263,184040708.003,1,2024-11-08 12:00:00
76073.0,76290.0,75858.0,76270.1,307958.1,3079.581,234187127.3401,1,2024-11-08 13:00:00
76270.0,76311.9,75600.1,75750.0,847215.8,8472.158,643414657.9772,1,2024-11-08 14:00:00
75750.0,76599.8,75622.1,76415.1,1160600.7,11606.007,884116178.9137,1,2024-11-08 15:00:00
76415.1,76533.2,75801.7,75912.1,646959.2,6469.592,492370275.7445,1,2024-11-08 16:00:00
75912.0,76528.0,75810.3,76381.0,544175.4,5441.754,414535842.511,1,2024-11-08 17:00:00
76381.0,77049.0,76340.0,76800.9,775148.7,7751.487,594651389.116,1,2024-11-08 18:00:00
76800.0,77198.1,76718.8,76902.1,534523.9,5345.239,411526490.3765,1,2024-11-08 19:00:00
76902.2,77088.0,76407.6,76570.5,733118.1,7331.181,562185162.2701,1,2024-11-08 20:00:00
76570.4,76688.0,76370.0,76472.0,223391.5,2233.915,170921348.8174,1,2024-11-08 21:00:00
76472.0,76627.0,76286.9,76371.0,213013.8,2130.138,162877853.9304,1,2024-11-08 22:00:00
76371.0,76520.3,76295.8,76501.6,122625.5,1226.255,93702195.2771,1,2024-11-08 23:00:00
76501.6,76631.5,76358.1,76430.0,186333.1,1863.331,142550016.789,1,2024-11-09 00:00:00
76429.7,76550.0,76260.0,76321.6,190818.1,1908.181,145732606.2445,1,2024-11-09 01:00:00
76321.5,76450.1,76150.0,76438.3,235416.6,2354.166,179579970.1361,1,2024-11-09 02:00:00
76438.3,76455.0,76250.0,76346.1,114970.9,1149.709,87744817.1893,1,2024-11-09 03:00:00
76346.2,76420.1,76301.6,76380.3,98542.4,985.424,75267405.2956,1,2024-11-09 04:00:00
76380.2,76666.0,76357.2,76550.0,274386.7,2743.867,210002339.7412,1,2024-11-09 05:00:00
76550.1,76800.0,76400.0,76519.9,360381.4,3603.814,276017738.871,1,2024-11-09 06:00:00
76519.9,76547.3,76361.6,76539.1,203499.8,2034.998,155572360.2372,1,2024-11-09 07:00:00
76539.2,76750.0,76434.4,76550.4,226507.2,2265.072,173472776.7876,1,2024-11-09 08:00:00
76550.4,76646.2,76501.1,76558.1,177788.3,1777.883,136149194.9416,1,2024-11-09 09:00:00
76558.1,76637.4,76412.0,76462.5,165112.0,1651.12,126316114.5533,1,2024-11-09 10:00:00
76462.5,76524.0,76383.0,76499.6,130522.7,1305.227,99781508.2027,1,2024-11-09 11:00:00
76499.6,76589.9,76283.8,76288.0,169149.8,1691.498,129195249.4093,1,2024-11-09 12:00:00
76287.9,76499.9,76287.9,76424.8,157573.6,1575.736,120360579.095,1,2024-11-09 13:00:00
76424.8,76448.9,76265.0,76361.1,205384.2,2053.842,156755578.7594,1,2024-11-09 14:00:00
76361.1,76418.0,76280.0,76313.8,111726.2,1117.262,85289313.6462,1,2024-11-09 15:00:00
76313.8,76333.3,76045.2,76102.0,313460.7,3134.607,238694022.0392,1,2024-11-09 16:00:00
76102.1,76245.3,75715.0,76238.3,536696.7,5366.967,407694551.3243,1,2024-11-09 17:00:00
76238.4,76400.0,76190.0,76361.0,181722.0,1817.22,138643801.4342,1,2024-11-09 18:00:00
76361.0,76765.2,76100.0,76216.1,482926.4,4829.264,369163709.832,1,2024-11-09 19:00:00
76216.1,76380.9,76188.0,76305.0,95555.4,955.554,72911780.4919,1,2024-11-09 20:00:00
76304.9,76512.0,76224.9,76469.4,134969.2,1349.692,103112352.8976,1,2024-11-09 21:00:00
76469.4,76635.7,76376.3,76527.9,217100.3,2171.003,166100848.3567,1,2024-11-09 22:00:00
76527.9,76946.4,76481.3,76688.0,479373.2,4793.732,367946804.6239,1,2024-11-09 23:00:00
76688.1,77132.9,76509.9,76890.1,432594.7,4325.947,332440415.5253,1,2024-11-10 00:00:00
76890.0,76974.3,76677.7,76706.4,231618.5,2316.185,177820566.9952,1,2024-11-10 01:00:00
76706.3,77556.0,76660.3,77044.1,1006961.0,10069.61,777989414.9518,1,2024-11-10 02:00:00
77044.1,77457.4,76990.0,77220.2,330065.4,3300.654,254928474.1775,1,2024-11-10 03:00:00
77220.1,79921.0,77150.0,79280.1,2157165.2,21571.652,1693643755.3171,1,2024-11-10 04:00:00
79279.0,79876.9,78885.1,79167.9,1747194.6,17471.946,1387540910.8548,1,2024-11-10 05:00:00
79168.0,79338.1,78666.7,78964.5,723996.5,7239.965,571928141.1161,1,2024-11-10 06:00:00
78964.5,79190.1,78755.3,78844.2,395577.1,3955.771,312449332.4348,1,2024-11-10 07:00:00
78844.3,79179.0,78839.9,79167.9,339253.5,3392.535,268053929.3536,1,2024-11-10 08:00:00
79168.0,79532.0,79150.0,79391.7,430925.7,4309.257,341944267.2278,1,2024-11-10 09:00:00
79391.8,79848.6,79300.0,79574.9,486205.1,4862.051,386790956.9207,1,2024-11-10 10:00:00
79574.9,80300.0,79570.4,79914.0,1116194.8,11161.948,892041421.468,1,2024-11-10 11:00:00
79913.9,80193.0,79300.0,79695.9,925058.4,9250.584,736548508.7346,1,2024-11-10 12:00:00
79695.9,79944.0,79560.5,79752.8,416216.6,4162.166,331982659.2867,1,2024-11-10 13:00:00
79752.8,80025.1,79187.1,79519.8,695560.7,6955.607,553151046.3115,1,2024-11-10 14:00:00
79519.7,79787.6,79360.0,79700.0,347176.7,3471.767,276420682.5604,1,2024-11-10 15:00:00
79700.1,79831.8,79510.0,79818.6,297376.1,2973.761,237026359.0147,1,2024-11-10 16:00:00
79818.7,80830.0,79666.0,80404.0,924016.1,9240.161,742288710.3424,1,2024-11-10 17:00:00
80403.9,81150.0,80400.0,80607.2,950762.0,9507.62,768538093.5957,1,2024-11-10 18:00:00
80608.8,80916.6,79355.3,79779.9,908945.0,9089.45,727791703.3771,1,2024-11-10 19:00:00
79779.9,79939.7,78988.0,79000.1,631710.9,6317.109,501436927.6198,1,2024-11-10 20:00:00
79000.0,80103.1,78520.1,79913.5,745569.1,7455.691,590950559.2555,1,2024-11-10 21:00:00
79913.5,81742.4,79820.1,80663.7,1274597.6,12745.976,1029682620.0649,1,2024-11-10 22:00:00
80663.6,80748.0,79972.8,80379.4,473855.9,4738.559,380739774.6532,1,2024-11-10 23:00:00
80379.5,80861.4,80235.7,80599.0,385384.5,3853.845,310430163.4378,1,2024-11-11 00:00:00
80599.1,81784.2,80380.0,81231.9,749589.6,7495.896,608320907.8525,1,2024-11-11 01:00:00
81232.0,81549.9,81040.7,81443.9,453500.7,4535.007,368713645.4123,1,2024-11-11 02:00:00
81444.0,81886.9,80953.1,81615.2,471387.4,4713.874,383786070.8895,1,2024-11-11 03:00:00
81615.2,81739.9,81172.2,81450.2,374104.3,3741.043,304728980.9133,1,2024-11-11 04:00:00
81450.1,81600.0,80450.0,80749.9,682547.3,6825.473,552630473.5291,1,2024-11-11 05:00:00
80749.9,81258.9,80600.2,80905.2,486162.3,4861.623,393481910.6347,1,2024-11-11 06:00:00
80905.2,81227.3,80764.0,81111.9,264913.6,2649.136,214487269.9997,1,2024-11-11 07:00:00
81114.7,81383.0,81032.1,81250.1,323834.7,3238.347,263007599.7761,1,2024-11-11 08:00:00
81250.1,81784.0,81166.7,81703.6,543300.5,5433.005,443023887.6328,1,2024-11-11 09:00:00
81703.5,82414.8,81667.7,81999.1,1026807.5,10268.075,842531259.378,1,2024-11-11 10:00:00
81999.2,82270.0,81839.5,82154.2,370277.9,3702.779,303888853.2031,1,2024-11-11 11:00:00
82154.1,82583.6,81705.8,82162.0,939760.7,9397.607,772101568.5202,1,2024-11-11 12:00:00
82162.0,82229.6,81473.6,81846.0,857899.0,8578.99,701771406.2227,1,2024-11-11 13:00:00
81845.9,82666.0,81550.0,82485.9,1697504.3,16975.043,1394555237.0235,1,2024-11-11 14:00:00
82486.0,84349.0,82348.9,84097.3,2882949.2,28829.492,2407400553.8779,1,2024-11-11 15:00:00
84097.3,84978.6,83880.0,84257.6,2088581.4,20885.814,1764808841.8322,1,2024-11-11 16:00:00
84256.1,84896.1,84234.8,84628.6,794833.0,7948.33,672450821.3736,1,2024-11-11 17:00:00
84628.7,85939.7,84221.4,85908.1,1415042.5,14150.425,1204922719.8146,1,2024-11-11 18:00:00
85908.2,87087.5,85467.7,86160.7,2081296.0,20812.96,1792916682.5043,1,2024-11-11 19:00:00
86160.7,87447.3,86112.3,86909.8,1720825.3,17208.253,1496266857.4865,1,2024-11-11 20:00:00
86912.3,88447.5,86694.3,87978.0,1618594.0,16185.94,1421704578.0682,1,2024-11-11 21:00:00
87978.1,88150.0,86500.1,88065.0,1488077.8,14880.778,1298403961.713,1,2024-11-11 22:00:00
88065.0,89800.0,88064.0,88700.1,2051157.7,20511.577,1824705768.8011,1,2024-11-11 23:00:00
88700.1,89060.3,86650.0,89044.1,1712454.8,17124.548,1505417404.8895,1,2024-11-12 00:00:00
89044.0,89555.0,88441.0,88596.1,1121399.2,11213.992,998502638.7033,1,2024-11-12 01:00:00
88596.1,88923.7,87050.0,87764.2,1106158.4,11061.584,972328342.3325,1,2024-11-12 02:00:00
87764.3,88328.1,87533.3,88135.1,605075.8,6050.758,531791912.6584,1,2024-11-12 03:00:00
88135.0,89068.1,87787.2,88472.6,699920.3,6999.203,619452528.2154,1,2024-11-12 04:00:00
88472.6,88874.7,88205.0,88448.8,470958.0,4709.58,416808555.8345,1,2024-11-12 05:00:00
88448.8,89912.9,88231.0,89587.8,1078335.0,10783.35,962286458.2834,1,2024-11-12 06:00:00
89587.8,89991.0,89024.5,89048.7,1002921.8,10029.218,897532865.2662,1,2024-11-12 07:00:00
89048.8,89476.6,88811.1,89438.1,567834.4,5678.344,505836903.913,1,2024-11-12 08:00:00
89435.1,89550.4,87717.6,87734.5,1206479.2,12064.792,1067404768.8571,1,2024-11-12 09:00:00
87734.6,88158.1,85466.1,86939.7,3014631.3,30146.313,2618184520.419,1,2024-11-12 10:00:00
86939.6,87949.9,86670.7,87232.0,1517948.2,15179.482,1325799143.7692,1,2024-11-12 11:00:00
87232.1,87947.2,86222.0,86412.6,972583.3,9725.833,846909377.436,1,2024-11-12 12:00:00
86412.8,86607.2,85149.4,86385.5,1762908.5,17629.085,1514086591.4755,1,2024-11-12 13:00:00
86385.4,87115.9,85235.1,86996.2,1311080.4,13110.804,1130613394.026,1,2024-11-12 14:00:00
86993.9,87499.9,86112.0,86600.0,1089929.2,10899.292,946702167.6292,1,2024-11-12 15:00:00
86600.0,87644.0,85737.0,87062.8,1017970.1,10179.701,882199206.291,1,2024-11-12 16:00:00
87062.1,87883.4,86850.0,86959.9,691593.6,6915.936,604661113.3736,1,2024-11-12 17:00:00
86960.0,88888.0,86907.9,88796.0,834064.6,8340.646,735433506.9325,1,2024-11-12 18:00:00
88796.0,89780.0,88618.5,88716.9,1030446.2,10304.462,919135042.0676,1,2024-11-12 19:00:00
88716.8,89888.0,88676.0,89455.6,621949.3,6219.493,555977633.8903,1,2024-11-12 20:00:00
89455.5,89693.2,88180.0,88260.0,707894.1,7078.941,628443593.7652,1,2024-11-12 21:00:00
88262.8,88706.0,87610.0,88607.9,452369.0,4523.69,398763640.4934,1,2024-11-12 22:00:00
88607.8,88607.8,87410.6,87948.8,475123.6,4751.236,417793708.5813,1,2024-11-12 23:00:00
87948.9,88490.0,87600.0,88057.2,466013.1,4660.131,410648646.7285,1,2024-11-13 00:00:00
88057.2,88594.5,87707.7,88274.0,485805.1,4858.051,428008435.4661,1,2024-11-13 01:00:00
88274.0,88350.0,87044.0,87901.6,660905.6,6609.056,578683899.8561,1,2024-11-13 02:00:00
87904.0,88195.2,87073.2,87159.9,455250.8,4552.508,398774121.3515,1,2024-11-13 03:00:00
87159.9,87714.8,86220.0,87172.2,869988.3,8699.883,755642491.7542,1,2024-11-13 04:00:00
87172.1,87454.9,86423.7,86554.7,449077.8,4490.778,390760019.8638,1,2024-11-13 05:00:00
86554.7,86979.2,86142.9,86507.6,461044.7,4610.447,398987964.1162,1,2024-11-13 06:00:00
86507.5,87501.0,86480.0,87367.9,512879.1,5128.791,446801320.3086,1,2024-11-13 07:00:00
87368.0,87700.0,87108.0,87244.7,374731.8,3747.318,327432362.3005,1,2024-11-13 08:00:00
87244.8,87566.0,87083.7,87405.9,319131.3,3191.313,278897095.5907,1,2024-11-13 09:00:00
87405.9,87562.6,87132.0,87544.3,236396.4,2363.964,206495753.2142,1,2024-11-13 10:00:00
87544.3,88175.0,87458.5,87668.2,518754.4,5187.544,455295099.3116,1,2024-11-13 11:00:00
87668.1,88016.0,87500.3,87635.9,300930.3,3009.303,264088073.5463,1,2024-11-13 12:00:00
87635.8,89743.4,87542.4,89176.6,1590703.9,15907.039,1413726527.4357,1,2024-11-13 13:00:00
89176.7,91971.1,88632.5,91535.9,3043800.1,30438.001,2752723684.996,1,2024-11-13 14:00:00
91536.0,92735.8,90500.0,92561.2,2299461.4,22994.614,2108867734.5908,1,2024-11-13 15:00:00
92561.1,93372.0,91500.1,92285.2,2023376.7,20233.767,1872635730.0993,1,2024-11-13 16:00:00
92285.2,92843.1,91800.0,92266.0,713301.5,7133.015,658435051.8702,1,2024-11-13 17:00:00
92266.0,93179.1,92068.0,92836.6,707887.5,7078.875,656107900.235,1,2024-11-13 18:00:00
92839.9,92899.9,89953.5,90200.1,2251722.8,22517.228,2046735931.6277,1,2024-11-13 19:00:00
90200.0,91189.8,89284.2,89716.0,1324245.4,13242.454,1194884244.5012,1,2024-11-13 20:00:00
89718.2,89809.7,87968.0,88544.0,1486898.9,14868.989,1320588213.5226,1,2024-11-13 21:00:00
88544.0,89872.3,88357.3,89728.0,458950.3,4589.503,410228337.576,1,2024-11-13 22:00:00
89727.9,90528.0,89257.5,90383.8,518197.5,5181.975,466618988.4952,1,2024-11-13 23:00:00
90383.8,90520.0,89722.0,90143.9,433323.3,4333.233,390437573.958,1,2024-11-14 00:00:00
90144.0,90510.9,89514.8,90408.1,487946.2,4879.462,439276989.9029,1,2024-11-14 01:00:00
90408.0,90629.1,89692.2,90138.0,365204.4,3652.044,329044822.9579,1,2024-11-14 02:00:00
90138.0,90265.7,89550.0,89979.9,325499.9,3254.999,292596644.5556,1,2024-11-14 03:00:00
89980.0,90236.2,89333.1,90148.8,351662.5,3516.625,315855819.3049,1,2024-11-14 04:00:00
90148.8,90148.9,89659.0,89984.4,269167.4,2691.674,242043775.8439,1,2024-11-14 05:00:00
89985.5,90315.4,89278.0,89313.9,376684.9,3766.849,338528712.1573,1,2024-11-14 06:00:00
89313.7,90887.3,89100.1,90800.0,673835.7,6738.357,606552992.4943,1,2024-11-14 07:00:00
90800.0,91446.5,90351.1,90576.0,858166.3,8581.663,780894499.5025,1,2024-11-14 08:00:00
90576.0,90946.1,90362.5,90937.1,363707.3,3637.073,329684605.8448,1,2024-11-14 09:00:00
90937.0,91436.0,90842.0,91127.9,541008.2,5410.082,493316946.6322,1,2024-11-14 10:00:00
91129.9,91703.8,90455.1,91499.9,789610.9,7896.109,719137333.7021,1,2024-11-14 11:00:00
91499.9,91618.0,90950.1,91242.5,523380.1,5233.801,477821555.4695,1,2024-11-14 12:00:00
91242.5,91399.9,90582.1,90773.9,482974.6,4829.746,439062552.2444,1,2024-11-14 13:00:00
90774.0,91823.7,88666.0,88744.5,2080039.5,20800.395,1874615707.2898,1,2024-11-14 14:00:00
88744.5,89620.0,87837.6,87965.9,1921529.4,19215.294,1704524252.9439,1,2024-11-14 15:00:00
87965.9,89262.7,87526.6,89200.0,1286968.4,12869.684,1136514398.3101,1,2024-11-14 16:00:00
89200.0,89400.0,88584.6,89258.1,480628.9,4806.289,427804885.6133,1,2024-11-14 17:00:00
89258.2,89711.9,88915.2,89129.2,452996.7,4529.967,404782083.7156,1,2024-11-14 18:00:00
89129.2,89688.9,89129.2,89481.3,255694.7,2556.947,228771041.297,1,2024-11-14 19:00:00
89481.2,89481.2,87571.8,87624.1,877232.7,8772.327,774527375.9288,1,2024-11-14 20:00:00
87624.1,88308.4,87000.0,88235.1,885176.6,8851.766,776925308.7199,1,2024-11-14 21:00:00
88235.2,88370.1,87050.0,87637.8,490550.6,4905.506,430540509.2882,1,2024-11-14 22:00:00
87637.8,87788.2,86666.0,87349.4,834498.9,8344.989,727117722.9908,1,2024-11-14 23:00:00
87349.4,88449.6,87267.9,87884.0,586703.8,5867.038,516296695.7252,1,2024-11-15 00:00:00
87884.0,88198.8,87388.0,88112.0,403206.0,4032.06,354289979.5865,1,2024-11-15 01:00:00
88111.9,88459.0,87740.0,88366.1,278202.1,2782.021,245260733.1153,1,2024-11-15 02:00:00
88366.1,88488.4,88120.0,88205.8,209427.7,2094.277,184906454.9063,1,2024-11-15 03:00:00
88205.9,88245.7,87080.2,87473.4,612003.5,6120.035,535860540.6711,1,2024-11-15 04:00:00
87473.5,87886.9,87282.9,87732.7,309701.6,3097.016,271492543.4169,1,2024-11-15 05:00:00
87732.8,88195.9,87606.1,88189.5,263582.2,2635.822,231791141.2184,1,2024-11-15 06:00:00
88189.6,88427.9,87610.0,87650.1,356693.8,3566.938,314123000.5227,1,2024-11-15 07:00:00
87650.1,88188.0,87396.7,88101.2,374625.1,3746.251,328920751.407,1,2024-11-15 08:00:00
88101.3,89363.0,88019.8,89200.0,912314.0,9123.14,811116806.6398,1,2024-11-15 09:00:00
89200.0,89472.8,88952.2,89361.0,318585.4,3185.854,284332367.6286,1,2024-11-15 10:00:00
89361.0,89776.6,89160.0,89742.0,385299.4,3852.994,344725358.988,1,2024-11-15 11:00:00
89741.9,90740.0,89589.3,89772.0,1019386.7,10193.867,918634124.1026,1,2024-11-15 12:00:00
89772.0,90488.0,89300.5,90158.7,656350.0,6563.5,589975456.3052,1,2024-11-15 13:00:00
90158.7,90217.7,88598.1,89125.0,1254549.5,12545.495,1120856975.8859,1,2024-11-15 14:00:00
89124.9,89154.9,87766.6,88441.6,1368003.7,13680.037,1208607169.8318,1,2024-11-15 15:00:00
88441.6,89804.8,88376.2,89368.6,1113662.3,11136.623,993864335.2202,1,2024-11-15 16:00:00
89372.0,89968.0,89214.5,89489.6,610060.7,6100.607,546634787.2492,1,2024-11-15 17:00:00
89489.6,89814.4,89219.4,89390.9,321119.2,3211.192,287568638.0894,1,2024-11-15 18:00:00
89390.8,90856.0,89256.0,90393.8,762046.2,7620.462,687290557.1256,1,2024-11-15 19:00:00
90393.8,91485.0,90340.1,91457.5,658054.7,6580.547,598818789.4331,1,2024-11-15 20:00:00
91457.5,91858.4,91068.4,91683.4,488305.5,4883.055,446346576.8213,1,2024-11-15 21:00:00
91683.4,91874.6,91071.8,91227.3,308322.9,3083.229,281798921.7998,1,2024-11-15 22:00:00
91227.3,91469.0,90879.2,91050.0,246896.1,2468.961,225089050.8478,1,2024-11-15 23:00:00
91050.1,91362.6,90843.0,91024.3,264155.2,2641.552,240526350.3091,1,2024-11-16 00:00:00
91024.3,91463.6,90963.6,91245.6,211236.6,2112.366,192790128.9053,1,2024-11-16 01:00:00
91245.7,91730.8,91155.0,91410.0,229409.1,2294.091,209872875.0694,1,2024-11-16 02:00:00
91410.0,91597.2,91043.8,91265.8,215047.7,2150.477,196336032.1533,1,2024-11-16 03:00:00
91265.7,91416.8,91080.9,91295.5,168487.5,1684.875,153694710.8825,1,2024-11-16 04:00:00
91295.5,91819.7,91170.0,91353.7,257031.8,2570.318,235212229.5341,1,2024-11-16 05:00:00
91353.8,91466.8,91160.0,91200.1,168636.2,1686.362,153944597.132,1,2024-11-16 06:00:00
91200.1,91422.3,91080.0,91143.9,184274.3,1842.743,168121704.0838,1,2024-11-16 07:00:00
91143.9,91440.0,91045.0,91429.1,167184.0,1671.84,152594631.573,1,2024-11-16 08:00:00
91429.2,91474.4,91230.1,91250.0,130067.8,1300.678,118826475.8448,1,2024-11-16 09:00:00
91250.1,91620.7,91234.8,91405.0,172234.5,1722.345,157522418.0582,1,2024-11-16 10:00:00
91405.0,91432.8,91000.9,91190.6,349223.5,3492.235,318352003.9059,1,2024-11-16 11:00:00
91190.1,91334.2,90500.1,90909.1,562046.7,5620.467,510632531.5852,1,2024-11-16 12:00:00
90909.0,91218.4,90696.0,90779.1,291234.3,2912.343,264962300.66,1,2024-11-16 13:00:00
90779.2,91100.0,90631.0,90990.4,208602.1,2086.021,189648439.1296,1,2024-11-16 14:00:00
90990.3,91038.0,90066.0,90527.4,592838.8,5928.388,536348688.6682,1,2024-11-16 15:00:00
90527.4,90866.0,90205.0,90631.4,391040.8,3910.408,354205819.4213,1,2024-11-16 16:00:00
90631.4,91044.0,90530.0,90930.0,196922.8,1969.228,178905814.7469,1,2024-11-16 17:00:00
90930.0,91426.0,90858.1,91319.4,244695.0,2446.95,223218824.9929,1,2024-11-16 18:00:00
91319.4,91347.8,90976.2,91150.0,140020.5,1400.205,127600222.2847,1,2024-11-16 19:00:00
91149.9,91218.8,90700.0,90777.3,145705.7,1457.057,132452344.5382,1,2024-11-16 20:00:00
90777.4,91107.3,90720.1,91031.4,91540.0,915.4,83264115.6777,1,2024-11-16 21:00:00
91031.5,91037.8,90308.3,90340.0,162485.6,1624.856,147246930.7954,1,2024-11-16 22:00:00
90340.0,90654.6,90328.9,90575.4,213595.4,2135.954,193341673.7887,1,2024-11-16 23:00:00
90576.4,90896.2,90568.1,90813.8,146624.6,1466.246,133057949.2505,1,2024-11-17 00:00:00
90813.7,90877.5,90000.0,90267.9,379688.1,3796.881,342982546.8516,1,2024-11-17 01:00:00
90267.9,90287.0,89343.2,90020.0,718451.4,7184.514,644864361.9976,1,2024-11-17 02:00:00
90020.1,90275.0,89768.0,90250.0,242392.4,2423.924,218292256.0476,1,2024-11-17 03:00:00
90250.0,90700.0,90146.2,90592.9,360784.7,3607.847,326307447.07,1,2024-11-17 04:00:00
90592.8,90912.6,90394.9,90482.3,246808.2,2468.082,223793814.054,1,2024-11-17 05:00:00
90482.4,90799.9,90387.8,90661.6,129894.5,1298.945,117721730.7547,1,2024-11-17 06:00:00
90661.6,90688.0,90366.1,90568.0,121654.3,1216.543,110135948.777,1,2024-11-17 07:00:00
90567.9,91099.8,90500.0,91016.3,309367.8,3093.678,280950937.1452,1,2024-11-17 08:00:00
91016.3,91500.0,90992.0,91339.8,427423.8,4274.238,390179176.0091,1,2024-11-17 09:00:00
91339.9,91382.7,90924.6,91100.0,169487.8,1694.878,154507539.1518,1,2024-11-17 10:00:00
91100.0,91126.7,90535.5,90702.9,364675.8,3646.758,330965850.022,1,2024-11-17 11:00:00
90702.9,91222.1,90655.0,91100.1,268973.7,2689.737,244720404.677,1,2024-11-17 12:00:00
91100.1,91134.0,90265.1,90512.4,445647.2,4456.472,403945063.2782,1,2024-11-17 13:00:00
90512.5,90786.2,89900.7,90319.9,450692.6,4506.926,406841001.8668,1,2024-11-17 14:00:00
90320.0,90614.7,90124.0,90262.4,255268.5,2552.685,230687886.9286,1,2024-11-17 15:00:00
90262.5,90567.8,90085.7,90487.9,271726.8,2717.268,245390818.8827,1,2024-11-17 16:00:00
90487.9,90699.7,90161.1,90620.2,233904.4,2339.044,211627665.048,1,2024-11-17 17:00:00
90620.1,90667.0,89818.6,89950.3,264337.1,2643.371,238248627.2935,1,2024-11-17 18:00:00
89950.1,90181.6,89715.0,90086.8,218936.8,2189.368,196940864.3537,1,2024-11-17 19:00:00
90086.7,90260.0,89504.0,89676.0,263237.4,2632.374,236427402.6379,1,2024-11-17 20:00:00
89675.9,89766.8,89014.9,89158.1,334938.7,3349.387,299382367.7768,1,2024-11-17 21:00:00
89158.2,89645.3,88700.0,89563.0,422238.9,4222.389,376780401.1268,1,2024-11-17 22:00:00
89562.3,89878.4,89330.0,89860.0,245317.6,2453.176,219911953.7926,1,2024-11-17 23:00:00
89860.0,90135.6,89634.7,89950.9,273370.5,2733.705,245850462.6591,1,2024-11-18 00:00:00
89950.9,90987.2,89896.5,90788.1,482169.6,4821.696,436642682.3566,1,2024-11-18 01:00:00
90788.1,90888.0,90440.0,90529.9,183715.9,1837.159,166490320.7239,1,2024-11-18 02:00:00
90530.0,90724.0,90315.2,90709.0,184006.3,1840.063,166521752.6115,1,2024-11-18 03:00:00
90709.1,90757.0,90468.1,90478.2,98789.0,987.89,89514362.1526,1,2024-11-18 04:00:00
90480.0,90873.0,90480.0,90664.6,128478.1,1284.781,116519974.3618,1,2024-11-18 05:00:00
90664.7,92223.0,90664.6,92172.0,838296.6,8382.966,766340798.5284,1,2024-11-18 06:00:00
92170.3,92370.6,91465.0,91739.4,790754.4,7907.544,726558302.0896,1,2024-11-18 07:00:00
91739.5,92222.0,91598.6,91850.1,340427.0,3404.27,312960538.7129,1,2024-11-18 08:00:00
91850.1,92280.0,91680.0,91768.1,363249.1,3632.491,333965479.2986,1,2024-11-18 09:00:00
91768.0,92084.4,91712.3,91811.0,248027.6,2480.276,227999858.7126,1,2024-11-18 10:00:00
91811.1,91865.6,90053.3,90296.0,1270144.2,12701.442,1153495217.957,1,2024-11-18 11:00:00
90295.9,90774.4,90120.9,90524.0,526207.4,5262.074,476271153.195,1,2024-11-18 12:00:00
90524.1,90608.0,89400.0,89511.7,1052611.5,10526.115,945220636.7659,1,2024-11-18 13:00:00
89511.8,91085.3,89438.2,90308.3,1066410.2,10664.102,963476748.0532,1,2024-11-18 14:00:00
90308.3,92666.0,90229.1,92367.9,1714884.8,17148.848,1571663918.7259,1,2024-11-18 15:00:00
92368.0,92636.2,91141.8,91453.9,1187528.6,11875.286,1090735853.734,1,2024-11-18 16:00:00
91453.9,92228.4,90904.8,91588.1,1122048.0,11220.48,1027273231.8356,1,2024-11-18 17:00:00
91588.1,91695.0,90080.8,90374.1,677967.9,6779.679,615853819.9384,1,2024-11-18 18:00:00
90380.1,90655.0,89688.0,90621.4,672217.1,6722.171,605709097.0077,1,2024-11-18 19:00:00
90621.4,92036.6,90413.3,91494.4,1056600.8,10566.008,965982493.4417,1,2024-11-18 20:00:00
91497.1,92015.1,91181.8,91314.2,471739.9,4717.399,432489286.7609,1,2024-11-18 21:00:00
91313.6,91499.9,91000.2,91183.5,184512.3,1845.123,168383716.4515,1,2024-11-18 22:00:00
91183.5,91252.6,90236.3,90472.9,427047.3,4270.473,386936272.9951,1,2024-11-18 23:00:00
90472.9,91238.6,90367.2,91064.1,374903.1,3749.031,340350359.3904,1,2024-11-19 00:00:00
91064.1,91271.9,90647.0,90738.2,260964.7,2609.647,237329431.973,1,2024-11-19 01:00:00
90738.2,91296.4,90720.0,91259.5,230403.8,2304.038,209962753.7203,1,2024-11-19 02:00:00
91260.0,91623.7,91176.6,91466.0,253436.2,2534.362,231677245.7776,1,2024-11-19 03:00:00
91466.0,91849.8,91261.3,91550.0,315869.9,3158.699,289120864.7895,1,2024-11-19 04:00:00
91550.0,91932.4,91258.7,91908.1,255361.5,2553.615,233855107.6736,1,2024-11-19 05:00:00
91908.1,92000.0,91623.0,91974.9,295422.0,2954.22,271350161.7337,1,2024-11-19 06:00:00
91975.0,92066.0,91593.2,91650.0,325703.9,3257.039,299038295.6129,1,2024-11-19 07:00:00
91649.9,91826.6,91422.0,91807.9,341486.1,3414.861,312966572.1426,1,2024-11-19 08:00:00
91807.9,91981.0,91192.0,91732.2,446617.4,4466.174,408884092.0696,1,2024-11-19 09:00:00
91728.6,91950.0,91507.7,91784.9,205975.6,2059.756,188998416.161,1,2024-11-19 10:00:00
91784.8,91888.0,91538.1,91678.5,145287.4,1452.874,133220161.4094,1,2024-11-19 11:00:00
91678.5,92571.0,91678.5,92501.7,827676.3,8276.763,763540066.6634,1,2024-11-19 12:00:00
92501.7,92838.0,91020.2,91128.9,1345974.4,13459.744,1237197208.4658,1,2024-11-19 13:00:00
91128.9,92349.7,90951.1,91842.5,1798447.2,17984.472,1647263450.2277,1,2024-11-19 14:00:00
91842.6,92450.6,91489.2,92398.0,784646.4,7846.464,722192530.8516,1,2024-11-19 15:00:00
92398.0,92630.0,92137.9,92553.3,451463.3,4514.633,417181337.9452,1,2024-11-19 16:00:00
92552.0,93300.0,92345.0,92858.0,1018176.8,10181.768,945195781.317,1,2024-11-19 17:00:00
92858.0,93925.9,92700.0,93661.9,1264843.5,12648.435,1181728990.7411,1,2024-11-19 18:00:00
93661.9,93949.0,93100.9,93240.0,620586.2,6205.862,580352460.3848,1,2024-11-19 19:00:00
93240.1,93588.0,92153.2,92459.0,749933.8,7499.338,696286548.573,1,2024-11-19 20:00:00
92459.0,92766.3,91804.9,92207.9,609517.4,6095.174,562148580.9046,1,2024-11-19 21:00:00
92207.8,92447.1,91281.9,91833.1,506872.1,5068.721,464951073.93,1,2024-11-19 22:00:00
91834.5,92309.8,91596.4,92302.1,342928.5,3429.285,315380461.6593,1,2024-11-19 23:00:00
92304.9,92447.4,92000.0,92050.5,217908.6,2179.086,200962546.9077,1,2024-11-20 00:00:00
92050.0,92277.0,91725.0,91988.5,279361.4,2793.614,256868125.3967,1,2024-11-20 01:00:00
91988.5,92077.1,91590.0,91763.4,270152.7,2701.527,248020253.894,1,2024-11-20 02:00:00
91763.4,92100.0,91480.0,92051.4,366957.0,3669.57,336703328.7715,1,2024-11-20 03:00:00
92051.4,92278.1,91863.4,92119.0,183612.8,1836.128,169149257.2561,1,2024-11-20 04:00:00
92119.0,92527.5,91951.9,92522.9,281845.1,2818.451,260270523.5036,1,2024-11-20 05:00:00
92523.0,92666.0,92358.7,92385.1,231989.1,2319.891,214665003.1251,1,2024-11-20 06:00:00
92385.1,92858.0,92306.3,92847.9,304756.7,3047.567,282463719.6194,1,2024-11-20 07:00:00
92848.0,93352.0,92717.0,93204.2,534073.7,5340.737,497052999.495,1,2024-11-20 08:00:00
93204.2,93697.0,92968.1,93100.1,707449.4,7074.494,660148726.0535,1,2024-11-20 09:00:00
93100.2,93530.0,93025.7,93292.6,301497.0,3014.97,281431349.6049,1,2024-11-20 10:00:00
93292.5,93660.0,92820.0,93479.9,579222.7,5792.227,540099932.6284,1,2024-11-20 11:00:00
93479.9,93750.0,93309.9,93543.8,524133.5,5241.335,490362402.2337,1,2024-11-20 12:00:00
93543.7,94637.5,93543.7,94390.6,1303943.7,13039.437,1228135289.4888,1,2024-11-20 13:00:00
94390.6,94800.0,93825.1,94615.3,1307764.8,13077.648,1234321320.8398,1,2024-11-20 14:00:00
94615.3,94829.9,94026.6,94721.6,917367.4,9173.674,866962018.4841,1,2024-11-20 15:00:00
94721.7,94837.8,93300.0,94041.1,1562786.9,15627.869,1467928221.8267,1,2024-11-20 16:00:00
94041.0,94352.8,93573.0,93907.0,646989.7,6469.897,608510493.2078,1,2024-11-20 17:00:00
93907.1,94285.0,93127.1,93680.7,875186.8,8751.868,819993089.9211,1,2024-11-20 18:00:00
93680.5,94020.0,93250.0,94019.9,346958.8,3469.588,324894328.8974,1,2024-11-20 19:00:00
94019.9,94618.0,93834.5,94260.9,423584.1,4235.841,399287903.6665,1,2024-11-20 20:00:00
94260.9,94500.0,93888.0,94355.6,224273.9,2242.739,211408062.1254,1,2024-11-20 21:00:00
94355.6,94475.2,93930.4,94147.3,176013.5,1760.135,165730009.5054,1,2024-11-20 22:00:00
94147.3,94299.0,93703.0,94299.0,262125.2,2621.252,246411920.1289,1,2024-11-20 23:00:00
94298.9,94964.5,94193.1,94722.7,594238.4,5942.384,562738504.4182,1,2024-11-21 00:00:00
94722.7,94986.6,94605.0,94710.0,303928.0,3039.28,288147013.5459,1,2024-11-21 01:00:00
94708.7,94770.0,94029.5,94397.3,542099.7,5420.997,511460640.2892,1,2024-11-21 02:00:00
94397.4,95950.0,94376.0,95800.1,1336456.1,13364.561,1275082069.6608,1,2024-11-21 03:00:00
95800.1,97745.0,95796.0,97579.8,1881183.5,18811.835,1819736600.3339,1,2024-11-21 04:00:00
97579.7,97884.5,96716.0,97335.9,1139572.8,11395.728,1110158743.3838,1,2024-11-21 05:00:00
97336.0,97441.6,96810.1,97028.5,501768.9,5017.689,487531308.2589,1,2024-11-21 06:00:00
97028.5,97399.0,96930.7,96935.8,320466.8,3204.668,311271604.0698,1,2024-11-21 07:00:00
96935.8,97184.7,96760.0,97135.7,401346.8,4013.468,389067616.3893,1,2024-11-21 08:00:00
97135.8,97740.0,97043.7,97627.3,571895.8,5718.958,557512974.4435,1,2024-11-21 09:00:00
97627.3,97790.0,97288.0,97756.0,372163.5,3721.635,363136650.9057,1,2024-11-21 10:00:00
97756.0,98442.9,97724.4,97999.8,1084688.9,10846.889,1063956732.3164,1,2024-11-21 11:00:00
97999.9,98280.0,97299.9,97323.1,1055411.9,10554.119,1032842234.5562,1,2024-11-21 12:00:00
97323.2,97785.0,97073.3,97554.0,691252.0,6912.52,673693555.8937,1,2024-11-21 13:00:00
97554.0,97711.3,96555.0,97070.4,1073395.9,10733.959,1042656642.99,1,2024-11-21 14:00:00
97070.5,97170.0,95620.0,96687.4,1911896.0,19118.96,1843838050.8226,1,2024-11-21 15:00:00
96687.5,97449.9,96320.1,97178.8,774143.9,7741.439,750624244.519,1,2024-11-21 16:00:00
97178.8,98120.3,96936.2,98113.8,579619.3,5796.193,565520181.2317,1,2024-11-21 17:00:00
98113.7,98531.7,97690.0,98283.6,717132.0,7171.32,703742678.7325,1,2024-11-21 18:00:00
98283.6,99076.6,97743.4,97863.8,1094140.1,10941.401,1078127257.9158,1,2024-11-21 19:00:00
97863.8,98724.2,97622.7,98137.5,567373.2,5673.732,557037729.3174,1,2024-11-21 20:00:00
98137.5,98201.8,97501.1,97978.5,458971.3,4589.713,449149267.9806,1,2024-11-21 21:00:00
97978.5,98445.1,97847.1,98368.0,205609.9,2056.099,201815865.4235,1,2024-11-21 22:00:00
98367.9,98752.3,98302.8,98338.5,265933.4,2659.334,261966230.6259,1,2024-11-21 23:00:00
98338.6,98548.5,97858.0,98027.8,316919.4,3169.194,311267076.1681,1,2024-11-22 00:00:00
98027.8,98410.0,97837.8,98076.8,309150.3,3091.503,303140377.6619,1,2024-11-22 01:00:00
98076.9,98817.7,98035.9,98637.0,376483.3,3764.833,370725609.7675,1,2024-11-22 02:00:00
98637.0,99383.7,98435.2,98872.9,856067.7,8560.677,846874134.6816,1,2024-11-22 03:00:00
98872.9,99150.0,98679.3,98825.4,376559.6,3765.596,372482171.7069,1,2024-11-22 04:00:00
98825.4,99030.0,98512.4,98815.0,318252.3,3182.523,314455221.2424,1,2024-11-22 05:00:00
98815.0,99116.7,98666.3,99050.0,287122.2,2871.222,283932359.8389,1,2024-11-22 06:00:00
99049.9,99490.0,98913.2,99232.0,667678.6,6676.786,662760392.5875,1,2024-11-22 07:00:00
99231.9,99325.0,98814.0,98880.1,432880.2,4328.802,428793358.9454,1,2024-11-22 08:00:00
98880.1,98920.3,98400.1,98750.0,498008.6,4980.086,491213114.1126,1,2024-11-22 09:00:00
98750.1,98831.9,98312.7,98426.6,361952.4,3619.524,356442212.9589,1,2024-11-22 10:00:00
98426.6,98967.0,98257.6,98899.0,340873.6,3408.736,336516604.1122,1,2024-11-22 11:00:00
98898.9,98988.0,98507.7,98653.2,266041.7,2660.417,262726009.2341,1,2024-11-22 12:00:00
98653.1,98664.2,97321.5,97762.2,1449437.4,14494.374,1419173556.4791,1,2024-11-22 13:00:00
97762.2,98151.0,97139.8,97316.0,899502.4,8995.024,877927894.6592,1,2024-11-22 14:00:00
97316.0,98775.5,97180.0,98650.9,951269.1,9512.691,934335987.2426,1,2024-11-22 15:00:00
98651.0,99000.0,98235.0,98867.8,601570.2,6015.702,593266842.4558,1,2024-11-22 16:00:00
98867.8,99309.4,98750.0,98798.0,620906.9,6209.069,614991639.9013,1,2024-11-22 17:00:00
98794.1,99180.0,98670.0,99116.8,324327.3,3243.273,320976667.2723,1,2024-11-22 18:00:00
99116.8,99640.8,98860.7,99089.4,759789.2,7597.892,754821920.2174,1,2024-11-22 19:00:00
99089.4,99466.0,98924.0,99162.8,400569.3,4005.693,397159496.8527,1,2024-11-22 20:00:00
99162.9,99300.0,98715.0,99287.6,324580.6,3245.806,321317700.7705,1,2024-11-22 21:00:00
99287.1,99389.0,98552.6,98626.1,262401.1,2624.011,259407940.8713,1,2024-11-22 22:00:00
98626.1,98936.2,98626.1,98899.5,143705.7,1437.057,141977434.1507,1,2024-11-22 23:00:00
98899.5,98932.9,98555.6,98653.6,212297.0,2122.97,209601025.961,1,2024-11-23 00:00:00
98653.6,98680.0,98322.0,98609.1,226570.6,2265.706,223195846.4651,1,2024-11-23 01:00:00
98609.2,98651.8,98303.8,98513.4,189322.6,1893.226,186401387.834,1,2024-11-23 02:00:00
98513.3,98818.0,98418.0,98672.5,166584.1,1665.841,164364124.7878,1,2024-11-23 03:00:00
98672.5,98728.6,98300.0,98578.1,291759.6,2917.596,287457747.6901,1,2024-11-23 04:00:00
98578.1,98777.0,98404.9,98756.0,161671.6,1616.716,159404314.3132,1,2024-11-23 05:00:00
98756.0,98840.0,98589.5,98730.3,129792.7,1297.927,128154186.5817,1,2024-11-23 06:00:00
98730.3,98755.9,98400.0,98577.4,210321.6,2103.216,207241544.2554,1,2024-11-23 07:00:00
98577.4,98651.2,98380.6,98488.8,200237.9,2002.379,197192228.1527,1,2024-11-23 08:00:00
98488.8,98567.9,98375.0,98479.7,169870.7,1698.707,167239600.0462,1,2024-11-23 09:00:00
98479.7,98600.0,98301.7,98452.0,179113.6,1791.136,176335756.0157,1,2024-11-23 10:00:00
98452.0,98555.0,98404.7,98443.9,104041.5,1040.415,102474217.3142,1,2024-11-23 11:00:00
98443.9,98653.0,98430.0,98624.9,158872.0,1588.72,156557110.0231,1,2024-11-23 12:00:00
98624.8,98887.9,98525.0,98550.4,246770.4,2467.704,243623969.7712,1,2024-11-23 13:00:00
98550.4,98828.0,98474.0,98774.9,239095.6,2390.956,235909429.5346,1,2024-11-23 14:00:00
98774.9,98809.7,98394.1,98404.6,256473.0,2564.73,252840969.2528,1,2024-11-23 15:00:00
98404.7,98483.3,97535.2,97721.9,901112.2,9011.122,881931197.6324,1,2024-11-23 16:00:00
97722.0,98088.0,97340.1,97923.2,421611.0,4216.11,411944990.4035,1,2024-11-23 17:00:00
97923.2,98016.5,97651.5,97863.6,146752.2,1467.522,143541374.5723,1,2024-11-23 18:00:00
97863.6,97863.6,97367.6,97530.0,194103.8,1941.038,189363135.7989,1,2024-11-23 19:00:00
97530.1,97749.7,97170.0,97736.2,279360.9,2793.609,272228395.4529,1,2024-11-23 20:00:00
97736.2,98045.7,97579.8,97978.4,132178.6,1321.786,129310095.683,1,2024-11-23 21:00:00
97978.4,98034.8,97530.5,97662.2,101071.1,1010.711,98821881.7695,1,2024-11-23 22:00:00
97662.3,97766.0,97402.8,97692.1,138425.4,1384.254,135081696.2389,1,2024-11-23 23:00:00
97692.0,98020.0,97639.6,97938.5,159932.1,1599.321,156539651.9689,1,2024-11-24 00:00:00
97938.5,98438.0,97938.5,98211.5,215393.7,2153.937,211527530.9993,1,2024-11-24 01:00:00
98211.6,98588.0,98211.6,98409.9,189936.6,1899.366,187005078.3152,1,2024-11-24 02:00:00
98410.0,98471.2,98126.7,98230.9,171858.0,1718.58,168946246.1233,1,2024-11-24 03:00:00
98230.9,98300.0,97907.3,98204.9,139204.1,1392.041,136565413.1724,1,2024-11-24 04:00:00
98205.0,98318.0,97944.0,98292.3,170457.9,1704.579,167331130.4677,1,2024-11-24 05:00:00
98292.2,98441.7,98060.0,98377.8,129816.2,1298.162,127600794.5869,1,2024-11-24 06:00:00
98377.8,98432.0,98180.1,98420.0,102461.2,1024.612,100743633.1454,1,2024-11-24 07:00:00
98420.0,98468.8,97958.3,98092.1,179635.2,1796.352,176416609.2677,1,2024-11-24 08:00:00
98092.0,98229.3,97831.0,97979.9,155356.8,1553.568,152245015.0743,1,2024-11-24 09:00:00
97979.9,98018.8,97461.5,97700.0,241854.1,2418.541,236400980.9241,1,2024-11-24 10:00:00
97700.0,97780.0,97250.0,97291.0,359406.7,3594.067,350255388.7049,1,2024-11-24 11:00:00
97291.0,97437.3,96425.5,96936.5,964211.7,9642.117,934380617.1745,1,2024-11-24 12:00:00
96932.0,97646.0,96768.0,97240.8,501631.4,5016.314,488088373.6798,1,2024-11-24 13:00:00
97240.8,97250.3,96597.0,97079.9,498188.4,4981.884,482675098.6761,1,2024-11-24 14:00:00
97079.9,97137.7,95902.4,95956.1,680124.2,6801.242,655601043.766,1,2024-11-24 15:00:00
95956.1,96802.8,95794.9,96456.7,665456.3,6654.563,640608561.8044,1,2024-11-24 16:00:00
96456.6,96466.2,95810.4,95962.6,427110.2,4271.102,410125311.5217,1,2024-11-24 17:00:00
95962.7,96625.6,95900.0,96575.6,272257.5,2722.575,262152580.0524,1,2024-11-24 18:00:00
96575.6,96575.6,96144.0,96356.1,157685.0,1576.85,151911421.2946,1,2024-11-24 19:00:00
96356.1,96849.9,96225.3,96836.2,174589.9,1745.899,168663989.7178,1,2024-11-24 20:00:00
96836.3,96999.0,96598.0,96975.4,152669.8,1526.698,147772138.376,1,2024-11-24 21:00:00
96975.4,98043.0,96975.4,98040.9,601187.5,6011.875,586541437.9546,1,2024-11-24 22:00:00
98040.9,98401.6,97526.7,97909.0,553868.4,5538.684,542870307.4317,1,2024-11-24 23:00:00
97909.0,98081.0,97533.3,97729.7,275748.5,2757.485,269753048.858,1,2024-11-25 00:00:00
97729.2,97864.8,96888.0,97213.6,492874.4,4928.744,479276449.3606,1,2024-11-25 01:00:00
97213.7,97729.0,97203.0,97370.3,230686.0,2306.86,224937110.5746,1,2024-11-25 02:00:00
97370.4,97918.4,97335.0,97902.0,203055.1,2030.551,198380500.7546,1,2024-11-25 03:00:00
97902.1,98066.0,97558.5,97823.9,259209.6,2592.096,253608590.1535,1,2024-11-25 04:00:00
97824.0,98264.9,97800.0,98089.2,246015.2,2460.152,241264497.1772,1,2024-11-25 05:00:00
98089.2,98384.8,98050.0,98093.8,250025.2,2500.252,245580905.9746,1,2024-11-25 06:00:00
98093.9,98284.4,97755.0,98081.4,261118.3,2611.183,255927462.3466,1,2024-11-25 07:00:00
98081.4,98325.0,97876.4,98250.5,300609.5,3006.095,295174852.3571,1,2024-11-25 08:00:00
98250.4,98954.4,98235.0,98544.5,678826.0,6788.26,669766094.4563,1,2024-11-25 09:00:00
98544.5,98740.0,98255.0,98377.7,326622.1,3266.221,321531437.5186,1,2024-11-25 10:00:00
98377.8,98631.0,98084.3,98239.4,303448.9,3034.489,298445100.9706,1,2024-11-25 11:00:00
98239.4,98378.1,97890.2,97952.1,352041.2,3520.412,345271307.822,1,2024-11-25 12:00:00
97952.0,97993.8,97269.8,97501.0,704805.7,7048.057,687716232.9384,1,2024-11-25 13:00:00
97501.0,97683.0,95326.4,95422.3,1623931.7,16239.317,1566406043.7674,1,2024-11-25 14:00:00
95422.2,96513.9,94605.2,96000.1,2260470.6,22604.706,2161141286.5845,1,2024-11-25 15:00:00
96000.1,96533.1,95716.8,95953.8,820963.2,8209.632,788579051.6591,1,2024-11-25 16:00:00
95953.7,95959.4,94888.1,95261.4,813611.0,8136.11,775203939.2409,1,2024-11-25 17:00:00
95261.4,95940.0,94880.0,95180.0,522603.5,5226.035,498212731.7754,1,2024-11-25 18:00:00
95180.0,95316.7,94338.1,94679.1,740263.2,7402.632,702005092.0175,1,2024-11-25 19:00:00
94679.1,95343.5,94521.0,94991.9,493636.9,4936.369,468358104.825,1,2024-11-25 20:00:00
94991.8,95191.1,93562.8,93782.2,786818.3,7868.183,741204182.7244,1,2024-11-25 21:00:00
93782.2,94487.9,92600.0,94411.9,1427198.0,14271.98,1334630419.1907,1,2024-11-25 22:00:00
94412.0,94417.9,92835.5,93034.1,751053.9,7510.539,702422178.0161,1,2024-11-25 23:00:00
93034.1,94388.8,92799.0,93872.5,772054.9,7720.549,723477012.0208,1,2024-11-26 00:00:00
93872.5,94899.9,93855.9,94896.0,524884.1,5248.841,496011345.8055,1,2024-11-26 01:00:00
94895.9,94966.0,94455.8,94631.4,281055.6,2810.556,266166975.48,1,2024-11-26 02:00:00
94631.3,94762.9,94288.0,94514.4,225663.2,2256.632,213321036.9863,1,2024-11-26 03:00:00
94514.3,94587.6,94072.1,94329.3,234405.4,2344.054,221101644.4182,1,2024-11-26 04:00:00
94329.3,94698.7,94213.0,94668.0,197861.7,1978.617,186952554.6755,1,2024-11-26 05:00:00
94668.0,95000.0,94444.4,94500.0,262696.4,2626.964,248947148.3592,1,2024-11-26 06:00:00
94500.0,94527.3,93500.1,93792.0,598406.0,5984.06,561972199.5981,1,2024-11-26 07:00:00
93792.0,93800.0,92341.0,93171.6,1522757.4,15227.574,1413805871.0283,1,2024-11-26 08:00:00
93171.5,93770.5,93091.4,93552.0,659525.9,6595.259,616285675.1008,1,2024-11-26 09:00:00
93552.1,93785.0,92342.4,92388.3,655593.7,6555.937,609064258.9267,1,2024-11-26 10:00:00
92388.3,92750.0,91500.0,92402.1,1436297.3,14362.973,1322300717.2219,1,2024-11-26 11:00:00
92400.7,92712.6,91834.2,92200.2,756665.7,7566.657,697889707.6372,1,2024-11-26 12:00:00
92200.1,92951.9,91960.4,92205.0,619015.1,6190.151,572641332.815,1,2024-11-26 13:00:00
92204.9,93537.9,91761.6,93280.7,1155522.8,11555.228,1071195395.5005,1,2024-11-26 14:00:00
93280.7,93568.0,92295.1,92813.8,969878.0,9698.78,902348776.89,1,2024-11-26 15:00:00
92812.1,94674.0,92704.2,94039.4,1271924.4,12719.244,1196004992.6798,1,2024-11-26 16:00:00
94039.5,94064.0,93436.1,93571.8,564521.5,5645.215,529091412.5238,1,2024-11-26 17:00:00
93571.8,93659.2,92000.1,92130.8,1016068.8,10160.688,940596616.3201,1,2024-11-26 18:00:00
92135.9,92699.0,91609.5,91724.5,736949.5,7369.495,678034803.2495,1,2024-11-26 19:00:00
91724.2,92073.9,90825.0,91068.1,1154826.4,11548.264,1055774175.8698,1,2024-11-26 20:00:00
91068.1,91946.0,90880.1,91703.1,446226.1,4462.261,408102270.7961,1,2024-11-26 21:00:00
91705.3,92380.0,91550.1,91841.0,432659.9,4326.599,398404673.1508,1,2024-11-26 22:00:00
91840.9,92090.6,91605.0,91976.1,223005.9,2230.059,204898836.9795,1,2024-11-26 23:00:00
91976.0,92448.0,91819.1,91978.5,408207.8,4082.078,376071607.6971,1,2024-11-27 00:00:00
91978.5,92831.1,91855.0,92768.2,461278.5,4612.785,426650193.0432,1,2024-11-27 01:00:00
92768.1,93100.0,92291.9,92956.1,399830.5,3998.305,370936796.8924,1,2024-11-27 02:00:00
92956.1,92966.6,92505.5,92612.9,292245.0,2922.45,271018568.6767,1,2024-11-27 03:00:00
92613.0,93247.0,92513.1,92599.0,550829.0,5508.29,511662067.5394,1,2024-11-27 04:00:00
92599.0,92859.5,92371.3,92795.7,283225.4,2832.254,262304097.7863,1,2024-11-27 05:00:00
92795.7,93428.0,92795.7,93075.0,485703.9,4857.039,452518029.3527,1,2024-11-27 06:00:00
93074.9,93675.0,93022.3,93602.5,359555.7,3595.557,336053121.9762,1,2024-11-27 07:00:00
93602.4,93620.0,93239.6,93444.1,265969.3,2659.693,248488834.8335,1,2024-11-27 08:00:00
93444.1,93500.0,93106.9,93420.0,250122.4,2501.224,233330885.8426,1,2024-11-27 09:00:00
93420.0,93890.0,93359.6,93815.8,391420.2,3914.202,366741103.2419,1,2024-11-27 10:00:00
93815.8,93828.2,93309.2,93369.9,300147.8,3001.478,280665989.4236,1,2024-11-27 11:00:00
93370.0,93528.8,92850.1,93524.1,567403.8,5674.038,528699795.781,1,2024-11-27 12:00:00
93524.0,94274.0,93392.3,94274.0,671528.1,6715.281,630067519.8174,1,2024-11-27 13:00:00
94274.0,94900.0,94108.3,94849.9,1070621.2,10706.212,1011664360.6597,1,2024-11-27 14:00:00
94845.8,95880.0,94305.9,95560.3,1391507.6,13915.076,1323815383.1033,1,2024-11-27 15:00:00
95560.3,96342.9,95200.0,95678.3,997319.7,9973.197,955441597.0677,1,2024-11-27 16:00:00
95678.3,96297.0,95316.7,96241.2,554610.6,5546.106,531429132.4622,1,2024-11-27 17:00:00
96241.2,96563.0,96017.6,96121.3,532647.0,5326.47,512851472.5616,1,2024-11-27 18:00:00
96121.2,96664.5,95901.6,96649.5,362084.8,3620.848,348705402.808,1,2024-11-27 19:00:00
96649.5,97200.0,96310.0,96499.3,740258.3,7402.583,716853960.5147,1,2024-11-27 20:00:00
96500.0,96614.7,96071.4,96278.2,308199.1,3081.991,296852254.6692,1,2024-11-27 21:00:00
96278.3,96525.7,96030.0,96049.1,231021.6,2310.216,222346346.4212,1,2024-11-27 22:00:00
96049.1,96185.0,95740.2,95868.0,279046.5,2790.465,267670649.1518,1,2024-11-27 23:00:00
95868.0,96580.0,95740.5,96554.4,308008.0,3080.08,296031238.1344,1,2024-11-28 00:00:00
96554.5,96564.0,96085.2,96280.0,207282.1,2072.821,199495977.9651,1,2024-11-28 01:00:00
96280.0,96457.0,95622.4,95708.0,309558.7,3095.587,297437698.2543,1,2024-11-28 02:00:00
95708.0,95804.8,94811.0,95471.9,793109.2,7931.092,755696768.7884,1,2024-11-28 03:00:00
95471.9,95837.9,95347.7,95750.1,287795.7,2877.957,275223462.1623,1,2024-11-28 04:00:00
95750.0,95931.0,95351.1,95466.0,232903.6,2329.036,222742509.9178,1,2024-11-28 05:00:00
95465.9,95719.2,95062.6,95492.2,303862.6,3038.626,289815253.3675,1,2024-11-28 06:00:00
95492.2,95784.3,95226.6,95322.5,166249.0,1662.49,158807485.3435,1,2024-11-28 07:00:00
95322.6,95638.0,95104.0,95476.0,219198.1,2191.981,209022316.7356,1,2024-11-28 08:00:00
95476.0,95535.7,94951.8,94984.0,230433.8,2304.338,219440752.0739,1,2024-11-28 09:00:00
94984.0,95183.8,94650.7,94980.0,554403.6,5544.036,526192328.6584,1,2024-11-28 10:00:00
94980.0,95819.9,94770.2,95462.4,479918.3,4799.183,457535515.309,1,2024-11-28 11:00:00
95462.4,95667.7,95200.0,95491.6,373193.2,3731.932,356146610.8077,1,2024-11-28 12:00:00
95491.7,95796.0,95032.6,95725.0,372093.6,3720.936,354988245.9126,1,2024-11-28 13:00:00
95725.0,96249.9,95350.0,95384.8,604117.6,6041.176,578521943.591,1,2024-11-28 14:00:00
95384.7,95524.0,94895.1,95011.7,378490.4,3784.904,360281027.0395,1,2024-11-28 15:00:00
95012.6,95330.0,94834.0,94974.0,267181.8,2671.818,254110673.5839,1,2024-11-28 16:00:00
94973.9,95284.6,94856.0,94896.3,164735.2,1647.352,156608381.3404,1,2024-11-28 17:00:00
94896.2,95366.0,94880.1,95333.6,137363.0,1373.63,130708640.1476,1,2024-11-28 18:00:00
95333.6,95476.9,95055.1,95159.7,110743.2,1107.432,105469570.8522,1,2024-11-28 19:00:00
95159.7,95176.1,94732.5,94845.3,127793.8,1277.938,121283165.3424,1,2024-11-28 20:00:00
94845.4,95210.0,94829.1,95163.2,120183.3,1201.833,114255761.3059,1,2024-11-28 21:00:00
95163.1,95688.7,95050.7,95670.0,212174.1,2121.741,202532036.9613,1,2024-11-28 22:00:00
95670.0,96047.1,95541.5,95659.2,241987.9,2419.879,231762787.8219,1,2024-11-28 23:00:00
95659.2,95840.0,95361.0,95480.5,194164.7,1941.647,185597961.1843,1,2024-11-29 00:00:00
95480.6,95988.0,95424.8,95922.0,175459.4,1754.594,167972280.7722,1,2024-11-29 01:00:00
95922.0,96887.8,95916.6,96765.9,669156.0,6691.56,645705464.7339,1,2024-11-29 02:00:00
96766.3,96832.9,96456.0,96607.9,226445.5,2264.455,218847949.0662,1,2024-11-29 03:00:00
96608.0,96644.8,96257.9,96282.0,206692.6,2066.926,199237179.2158,1,2024-11-29 04:00:00
96282.0,96556.0,96175.0,96184.0,158691.3,1586.913,152930386.1894,1,2024-11-29 05:00:00
96184.1,96398.4,96015.1,96293.6,178552.9,1785.529,171762815.0303,1,2024-11-29 06:00:00
96293.6,96448.8,95619.5,95649.2,334193.4,3341.934,320799591.7569,1,2024-11-29 07:00:00
95649.1,96023.0,95649.1,95999.8,223082.9,2230.829,213839945.4519,1,2024-11-29 08:00:00
95999.9,96494.9,95873.2,96373.9,278818.8,2788.188,268284890.2324,1,2024-11-29 09:00:00
96374.0,96864.0,96311.4,96863.8,332654.8,3326.548,321580947.6864,1,2024-11-29 10:00:00
96863.8,97387.4,96546.9,97259.6,555618.4,5556.184,539101210.423,1,2024-11-29 11:00:00
97259.7,97530.0,96888.0,96954.3,484826.1,4848.261,471415866.6263,1,2024-11-29 12:00:00
96954.3,97287.6,96780.3,97235.0,295342.7,2953.427,286436036.3574,1,2024-11-29 13:00:00
97235.0,98088.4,96921.9,98023.8,709174.0,7091.74,691858587.2659,1,2024-11-29 14:00:00
98023.8,98657.4,97703.0,98026.0,1281763.3,12817.633,1258868480.9422,1,2024-11-29 15:00:00
98026.0,98500.0,97711.0,97808.0,797826.6,7978.266,782614753.0433,1,2024-11-29 16:00:00
97808.7,97842.1,96961.1,96985.3,776406.7,7764.067,755325800.3951,1,2024-11-29 17:00:00
96985.2,97377.1,96870.8,97193.9,242909.4,2429.094,235972433.7795,1,2024-11-29 18:00:00
97193.9,97457.7,96883.7,97347.8,234277.1,2342.771,227604169.1419,1,2024-11-29 19:00:00
97347.7,97665.9,97200.0,97318.9,171337.4,1713.374,166925668.9084,1,2024-11-29 20:00:00
97318.9,97447.2,97000.0,97404.8,116655.5,1166.555,113459203.5393,1,2024-11-29 21:00:00
97404.9,97505.3,97228.2,97301.3,138755.6,1387.556,135121475.5055,1,2024-11-29 22:00:00
97301.4,97500.0,97111.1,97465.9,99628.6,996.286,96947368.4901,1,2024-11-29 23:00:00
97466.0,97478.8,96968.7,96990.0,195826.6,1958.266,190251924.9818,1,2024-11-30 00:00:00
96990.0,96990.0,96400.1,96433.3,610851.7,6108.517,590541286.7182,1,2024-11-30 01:00:00
96433.2,96709.6,96270.3,96605.5,403911.4,4039.114,389673106.9523,1,2024-11-30 02:00:00
96605.5,96699.0,96317.4,96644.8,311655.6,3116.556,300894490.7539,1,2024-11-30 03:00:00
96644.8,96733.8,96470.8,96677.5,143706.8,1437.068,138890227.588,1,2024-11-30 04:00:00
96677.6,97251.9,96677.5,97106.9,423825.6,4238.256,410854423.6479,1,2024-11-30 05:00:00
97106.9,97270.8,95214.1,96647.2,854462.4,8544.624,826853911.0783,1,2024-11-30 06:00:00
96647.2,96928.9,96560.0,96791.0,157050.2,1570.502,151974075.3078,1,2024-11-30 07:00:00
96791.0,96988.7,96700.3,96950.5,118769.0,1187.69,115052395.423,1,2024-11-30 08:00:00
96950.5,96950.5,96608.9,96781.0,143650.3,1436.503,138936419.3263,1,2024-11-30 09:00:00
96781.1,96814.0,96112.5,96136.0,297349.2,2973.492,286538530.3128,1,2024-11-30 10:00:00
96136.0,96465.4,96088.0,96270.6,169960.4,1699.604,163657203.9572,1,2024-11-30 11:00:00
96270.6,96571.2,96252.1,96554.9,120968.4,1209.684,116689996.5254,1,2024-11-30 12:00:00
96554.9,96700.3,96396.3,96406.0,135701.7,1357.017,131067468.8618,1,2024-11-30 13:00:00
96406.1,96768.5,96295.3,96461.4,249832.0,2498.32,241270575.756,1,2024-11-30 14:00:00
96461.4,96762.6,96407.2,96667.3,136241.0,1362.41,131659605.9442,1,2024-11-30 15:00:00
96667.3,96979.1,96538.1,96887.5,155473.4,1554.734,150399168.4149,1,2024-11-30 16:00:00
96887.5,96979.0,96779.0,96797.2,116283.4,1162.834,112656801.813,1,2024-11-30 17:00:00
96797.3,97059.6,96778.0,96978.1,79461.9,794.619,77005646.8839,1,2024-11-30 18:00:00
96978.1,97085.7,96881.4,97020.3,69723.1,697.231,67628509.9367,1,2024-11-30 19:00:00
97020.3,97048.2,96834.5,96985.0,51841.5,518.415,50256249.7491,1,2024-11-30 20:00:00
96985.0,96998.1,96782.1,96793.6,50454.3,504.543,48869295.2478,1,2024-11-30 21:00:00
96793.6,96837.5,96346.4,96480.9,180758.2,1807.582,174520750.4664,1,2024-11-30 22:00:00
96481.0,96600.0,96332.0,96430.0,109688.1,1096.881,105792974.5084,1,2024-11-30 23:00:00
96430.0,96700.0,96268.2,96343.4,177881.7,1778.817,171601993.4176,1,2024-12-01 00:00:00
96343.4,96538.1,96050.0,96114.4,248383.7,2483.837,239190557.4492,1,2024-12-01 01:00:00
96114.3,96666.7,95706.1,95806.5,1622201.3,16222.013,1560326636.1182,1,2024-12-01 02:00:00
95806.5,96450.0,95795.5,96349.9,189617.4,1896.174,182395355.7248,1,2024-12-01 03:00:00
96350.0,96526.5,96200.0,96519.0,163306.2,1633.062,157316716.3505,1,2024-12-01 04:00:00
96519.0,96525.0,96293.3,96324.2,131033.2,1310.332,126370551.5131,1,2024-12-01 05:00:00
96324.3,96500.0,96300.2,96336.5,83236.8,832.368,80253123.3456,1,2024-12-01 06:00:00
96336.6,96537.9,96312.7,96486.7,136893.5,1368.935,132028888.4672,1,2024-12-01 07:00:00
96486.6,98400.0,96434.5,97064.1,2570240.6,25702.406,2494119867.976,1,2024-12-01 08:00:00
97064.1,97130.2,96860.5,97050.4,304429.9,3044.299,295250472.5279,1,2024-12-01 09:00:00
97050.3,97066.0,96540.2,96829.6,374960.1,3749.601,362840480.2383,1,2024-12-01 10:00:00
96829.6,97172.9,96829.5,97130.9,227726.4,2277.264,220974866.6248,1,2024-12-01 11:00:00
97130.9,97148.2,96790.0,96790.0,233523.0,2335.23,226433797.0942,1,2024-12-01 12:00:00
96790.0,97428.9,96685.1,97100.0,353640.4,3536.404,343548562.222,1,2024-12-01 13:00:00
97099.9,97367.3,96979.5,97309.6,267670.8,2676.708,260074584.9421,1,2024-12-01 14:00:00
97309.6,97330.0,96960.5,97042.8,168808.1,1688.081,163985434.6459,1,2024-12-01 15:00:00
97042.8,97369.8,97007.3,97232.6,222189.8,2221.898,216088364.9573,1,2024-12-01 16:00:00
97232.6,97332.8,97045.5,97332.8,85623.8,856.238,83204850.8424,1,2024-12-01 17:00:00
97332.7,97560.0,97112.6,97146.8,159105.9,1591.059,154921304.4392,1,2024-12-01 18:00:00
97146.7,97340.0,96982.7,97199.3,136245.7,1362.457,132321692.5879,1,2024-12-01 19:00:00
97199.3,97226.4,96800.0,97120.0,134810.3,1348.103,130701376.8143,1,2024-12-01 20:00:00
97120.0,97823.2,97070.7,97805.4,164981.8,1649.818,160828847.9483,1,2024-12-01 21:00:00
97805.4,97875.7,97409.0,97600.0,203914.8,2039.148,199001626.662,1,2024-12-01 22:00:00
97600.0,97809.6,97170.3,97197.4,663290.5,6632.905,646806803.8535,1,2024-12-01 23:00:00
97197.4,97662.7,97090.6,97485.0,389610.0,3896.1,379316674.868,1,2024-12-02 00:00:00
97485.1,98249.9,97436.4,98058.5,445567.6,4455.676,436270098.1784,1,2024-12-02 01:00:00
98058.5,98143.9,97508.0,97708.9,261060.0,2610.6,255159023.9948,1,2024-12-02 02:00:00
97708.9,97728.0,96375.0,96512.3,572470.9,5724.709,555365961.6818,1,2024-12-02 03:00:00
96512.3,96867.2,96102.4,96728.7,778216.5,7782.165,750584036.0527,1,2024-12-02 04:00:00
96728.8,96941.0,96366.9,96393.6,233139.9,2331.399,225347219.0826,1,2024-12-02 05:00:00
96393.6,96478.7,96150.0,96294.8,350959.3,3509.593,337919572.7126,1,2024-12-02 06:00:00
96294.8,96481.9,95757.5,96009.3,506630.1,5066.301,486460497.2968,1,2024-12-02 07:00:00
96009.4,96144.7,94879.0,95055.9,947846.3,9478.463,903606953.8639,1,2024-12-02 08:00:00
95055.9,95555.0,94973.2,95504.1,442688.6,4426.886,421786253.3746,1,2024-12-02 09:00:00
95504.1,95516.0,94833.0,94980.3,363029.2,3630.292,345207258.4678,1,2024-12-02 10:00:00
94980.3,95342.2,94883.2,95132.2,249056.3,2490.563,236926058.8502,1,2024-12-02 11:00:00
95132.2,95443.9,94787.9,94988.2,384979.0,3849.79,366185449.789,1,2024-12-02 12:00:00
94988.1,95820.0,94850.1,95699.5,490501.0,4905.01,468448548.2002,1,2024-12-02 13:00:00
95699.5,96843.9,95518.6,96346.2,834426.5,8344.265,803319011.0067,1,2024-12-02 14:00:00
96346.3,97230.0,95740.7,97049.5,801600.2,8016.002,775438437.3624,1,2024-12-02 15:00:00
97048.3,97382.7,96012.0,96190.3,816832.0,8168.32,790124711.0495,1,2024-12-02 16:00:00
96190.3,96600.0,94391.7,94611.9,1001010.6,10010.106,955278717.5269,1,2024-12-02 17:00:00
94612.0,95850.0,94500.0,95650.0,521504.4,5215.044,497221345.0616,1,2024-12-02 18:00:00
95650.0,95873.1,95162.1,95832.0,365437.9,3654.379,348998660.0486,1,2024-12-02 19:00:00
95832.0,96347.0,95475.9,95689.4,247925.2,2479.252,237822642.8083,1,2024-12-02 20:00:00
95684.0,95781.0,95360.0,95425.7,148081.9,1480.819,141510386.4651,1,2024-12-02 21:00:00
95425.7,95563.5,95122.1,95399.7,240290.7,2402.907,229207261.1025,1,2024-12-02 22:00:00
95399.6,95866.0,95350.0,95833.2,171950.6,1719.506,164490940.0314,1,2024-12-02 23:00:00
95833.2,96127.0,95695.1,95825.8,215749.2,2157.492,206923622.6597,1,2024-12-03 00:00:00
95825.8,95950.0,95471.4,95548.7,162277.0,1622.77,155254939.9494,1,2024-12-03 01:00:00
95548.7,96340.9,95414.0,96073.1,253996.7,2539.967,243700221.5815,1,2024-12-03 02:00:00
96073.0,96236.0,95930.0,96090.1,114825.6,1148.256,110333144.2291,1,2024-12-03 03:00:00
96090.2,96249.9,95932.6,95944.3,140611.0,1406.11,135120034.5266,1,2024-12-03 04:00:00
95944.3,96200.0,95888.0,96178.0,99873.5,998.735,95926333.6057,1,2024-12-03 05:00:00
96178.0,96279.5,95560.0,95660.3,203288.6,2032.886,195214851.1821,1,2024-12-03 06:00:00
95660.1,95763.2,95288.5,95565.7,354010.3,3540.103,338194569.9907,1,2024-12-03 07:00:00
95565.6,95688.0,95319.9,95549.9,170464.0,1704.64,162772993.4474,1,2024-12-03 08:00:00
95550.0,95559.5,95168.1,95278.0,155648.7,1556.487,148332745.4632,1,2024-12-03 09:00:00
95278.1,95505.7,94671.1,94721.4,347079.5,3470.795,329873212.3031,1,2024-12-03 10:00:00
94721.4,95057.5,94623.9,95010.0,342501.7,3425.017,324851325.528,1,2024-12-03 11:00:00
95010.1,95010.1,94700.0,94830.9,234819.8,2348.198,222751469.3551,1,2024-12-03 12:00:00
94829.8,94888.0,93680.1,93734.7,1029695.3,10296.953,971025801.8945,1,2024-12-03 13:00:00
93734.7,95462.5,93606.0,95248.0,1561557.8,15615.578,1474181367.3408,1,2024-12-03 14:00:00
95248.1,96264.0,95128.9,95703.1,1304822.6,13048.226,1249982168.4406,1,2024-12-03 15:00:00
95703.0,96193.2,94888.1,95150.5,643467.6,6434.676,614763174.299,1,2024-12-03 16:00:00
95150.5,95945.8,94915.0,95869.5,394560.6,3945.606,376297041.921,1,2024-12-03 17:00:00
95868.0,95868.0,95312.0,95524.1,200301.8,2003.018,191471701.7515,1,2024-12-03 18:00:00
95524.1,95548.8,94980.0,95475.2,249652.9,2496.529,237805587.9161,1,2024-12-03 19:00:00
95475.2,95707.4,95289.2,95621.8,195984.3,1959.843,187221675.7157,1,2024-12-03 20:00:00
95620.7,96144.8,95553.3,96034.7,268656.1,2686.561,257687536.1499,1,2024-12-03 21:00:00
96034.7,96142.0,95678.0,96134.0,210567.8,2105.678,202000596.9856,1,2024-12-03 22:00:00
96133.9,96144.0,95816.1,95860.2,165179.7,1651.797,158502556.5469,1,2024-12-03 23:00:00
95860.2,96055.9,95596.6,95774.6,196889.7,1968.897,188666864.0091,1,2024-12-04 00:00:00
95774.6,96666.6,95514.8,96262.5,483181.1,4831.811,464835617.0305,1,2024-12-04 01:00:00
96262.7,96271.1,95242.4,95813.7,374543.1,3745.431,358366477.7591,1,2024-12-04 02:00:00
95813.7,95935.0,95608.1,95814.9,131574.3,1315.743,126078405.2292,1,2024-12-04 03:00:00
95814.9,96045.6,95744.5,96042.4,125502.0,1255.02,120322800.964,1,2024-12-04 04:00:00
96042.4,96500.0,96031.5,96499.9,244895.3,2448.953,235855915.5433,1,2024-12-04 05:00:00
96499.9,96746.0,96284.5,96562.3,330002.0,3300.02,318578311.9714,1,2024-12-04 06:00:00
96562.2,96718.9,96426.0,96617.9,149766.1,1497.661,144612710.418,1,2024-12-04 07:00:00
96618.0,96859.3,96550.0,96715.0,295922.6,2959.226,286200973.5533,1,2024-12-04 08:00:00
96715.1,97000.0,96679.4,96856.0,204695.7,2046.957,198310595.8546,1,2024-12-04 09:00:00
96857.2,96883.6,96480.0,96566.5,215201.4,2152.014,208036376.8534,1,2024-12-04 10:00:00
96566.6,96566.6,96228.0,96240.0,216398.8,2163.988,208627536.3286,1,2024-12-04 11:00:00
96240.0,96335.0,95715.3,95998.0,390846.1,3908.461,375204356.7107,1,2024-12-04 12:00:00
95998.1,96048.0,95400.1,95707.1,399926.7,3999.267,382796953.6445,1,2024-12-04 13:00:00
95707.1,96593.8,95506.7,95844.1,754252.0,7542.52,724694496.1589,1,2024-12-04 14:00:00
95844.1,96434.6,95436.0,95769.9,744526.5,7445.265,714320943.2734,1,2024-12-04 15:00:00
95769.9,95852.1,94596.3,94836.1,1381602.1,13816.021,1313330568.1216,1,2024-12-04 16:00:00
94836.1,95603.3,94684.0,95562.1,583815.5,5838.155,555387749.0696,1,2024-12-04 17:00:00
95562.4,96266.4,95460.5,96129.6,543601.5,5436.015,521178837.4646,1,2024-12-04 18:00:00
96129.4,97266.0,96053.4,97241.2,801704.7,8017.047,775496839.838,1,2024-12-04 19:00:00
97243.9,99073.2,97144.0,98780.9,1961004.1,19610.041,1927962069.1554,1,2024-12-04 20:00:00
98780.1,98940.0,97500.1,97776.0,784394.3,7843.943,770660636.034,1,2024-12-04 21:00:00
97775.9,98644.3,97621.0,98210.0,329779.2,3297.792,324014175.9746,1,2024-12-04 22:00:00
98210.0,99083.2,98204.6,98628.2,479973.8,4799.738,474188899.4557,1,2024-12-04 23:00:00
98628.2,98865.1,98255.5,98355.2,393839.1,3938.391,388179586.3087,1,2024-12-05 00:00:00
98355.2,98694.6,97941.5,98217.5,426513.5,4265.135,419269587.5219,1,2024-12-05 01:00:00
98217.4,102470.5,98179.8,101500.0,3013848.0,30138.48,3028112751.0678,1,2024-12-05 02:00:00
101499.9,104547.0,101499.9,103104.3,2355219.0,23552.19,2428661063.3966,1,2024-12-05 03:00:00
103104.4,103680.0,102607.5,103456.0,785532.2,7855.322,809520572.4113,1,2024-12-05 04:00:00
103456.0,103598.4,101950.1,102603.1,732114.1,7321.141,752475961.5351,1,2024-12-05 05:00:00
102603.1,102843.0,101582.1,102000.3,628577.0,6285.77,641547535.8775,1,2024-12-05 06:00:00
102000.3,102631.7,101408.7,102294.9,706944.0,7069.44,721683615.8396,1,2024-12-05 07:00:00
102295.0,102989.0,102295.0,102855.8,425444.9,4254.449,436915690.6916,1,2024-12-05 08:00:00
102855.9,103222.6,102632.4,102791.7,409414.0,4094.14,421298189.933,1,2024-12-05 09:00:00
102791.7,103000.0,102355.2,102377.8,285646.1,2856.461,293292327.7923,1,2024-12-05 10:00:00
102377.8,102795.0,102343.2,102657.9,232355.4,2323.554,238265958.9557,1,2024-12-05 11:00:00
102658.0,103499.6,102535.6,102929.3,501970.4,5019.704,516909398.2159,1,2024-12-05 12:00:00
102929.3,103333.0,102769.3,102851.0,343567.0,3435.67,354117973.0807,1,2024-12-05 13:00:00
102851.1,103620.8,102365.1,103558.0,731441.9,7314.419,753955442.8439,1,2024-12-05 14:00:00
103558.0,103564.0,100966.0,101344.2,1849832.0,18498.32,1888258215.6529,1,2024-12-05 15:00:00
101344.2,102163.7,100666.0,101124.5,1095197.6,10951.976,1110490973.0619,1,2024-12-05 16:00:00
101124.5,101433.5,100624.9,101357.1,554849.1,5548.491,560544564.3244,1,2024-12-05 17:00:00
101357.2,101594.1,100257.8,100257.9,639987.7,6399.877,646311481.5064,1,2024-12-05 18:00:00
100257.8,101013.4,98565.4,99100.0,1379055.6,13790.556,1376176967.7171,1,2024-12-05 19:00:00
99100.1,99458.0,97888.0,99069.6,1435462.8,14354.628,1415675252.8459,1,2024-12-05 20:00:00
99069.5,99480.0,98831.0,98899.0,496684.2,4966.842,492572988.9388,1,2024-12-05 21:00:00
98899.1,99043.7,88664.7,96500.3,4792012.0,47920.12,4549899751.4332,1,2024-12-05 22:00:00
96500.3,97448.4,95246.1,96931.8,1538247.8,15382.478,1484712029.8345,1,2024-12-05 23:00:00
96931.8,97796.4,96344.6,97564.0,982056.9,9820.569,953285137.6621,1,2024-12-06 00:00:00
97564.0,98822.0,97136.7,98133.9,815904.8,8159.048,799900994.2014,1,2024-12-06 01:00:00
98134.0,98188.7,97480.0,97611.8,436020.1,4360.201,426662740.9633,1,2024-12-06 02:00:00
97611.8,97795.0,97190.8,97768.9,346717.1,3467.171,337896327.526,1,2024-12-06 03:00:00
97769.0,97995.7,97372.7,97898.2,224971.3,2249.713,219922500.3604,1,2024-12-06 04:00:00
97898.3,98299.9,97652.0,97889.9,279156.6,2791.566,273521017.9813,1,2024-12-06 05:00:00
97890.0,98294.4,97771.9,98097.2,216486.8,2164.868,212273417.3642,1,2024-12-06 06:00:00
98097.1,98290.0,97758.8,98152.9,223711.6,2237.116,219267119.7856,1,2024-12-06 07:00:00
98152.8,98715.7,98031.2,98342.5,370633.7,3706.337,364902818.5949,1,2024-12-06 08:00:00
98342.4,98469.3,97917.7,97984.0,378217.8,3782.178,371357208.2655,1,2024-12-06 09:00:00
97984.1,98205.0,97651.2,98133.4,287250.9,2872.509,281275770.5137,1,2024-12-06 10:00:00
98133.3,98347.6,97805.1,98070.2,167732.7,1677.327,164411148.7974,1,2024-12-06 11:00:00
98070.2,98389.0,97505.0,97638.8,291666.0,2916.66,285737484.4942,1,2024-12-06 12:00:00
97638.8,98934.5,97508.1,98595.9,652823.8,6528.238,642096741.2481,1,2024-12-06 13:00:00
98596.0,99540.8,98367.9,99486.3,897097.9,8970.979,888149865.6099,1,2024-12-06 14:00:00
99486.3,99515.3,98576.4,99326.8,655558.1,6555.581,649650023.768,1,2024-12-06 15:00:00
99326.9,99520.0,98777.0,99026.3,408201.5,4082.015,404804845.9607,1,2024-12-06 16:00:00
99026.3,101315.0,98899.8,100871.6,1038921.4,10389.214,1042401255.0383,1,2024-12-06 17:00:00
100872.8,101783.6,100619.2,101391.3,835522.2,8355.222,846606381.3467,1,2024-12-06 18:00:00
101391.3,101842.5,101215.8,101482.3,312629.7,3126.297,317295671.0512,1,2024-12-06 19:00:00
101482.4,102000.0,101079.8,101399.4,437826.6,4378.266,444872605.4632,1,2024-12-06 20:00:00
101399.9,101480.0,100338.9,100416.0,381782.0,3817.82,385082832.8331,1,2024-12-06 21:00:00
100416.1,100821.4,100373.2,100533.5,203440.8,2034.408,204637433.8046,1,2024-12-06 22:00:00
100533.6,100600.0,98916.0,99745.6,615771.7,6157.717,614345294.515,1,2024-12-06 23:00:00
99745.6,100432.8,99546.1,100300.7,337276.1,3372.761,337594572.3629,1,2024-12-07 00:00:00
100300.6,100460.0,99851.0,100065.8,176100.2,1761.002,176316431.8206,1,2024-12-07 01:00:00
100065.7,100180.0,99884.6,99940.1,114035.1,1140.351,114110400.1969,1,2024-12-07 02:00:00
99940.1,99944.4,99247.8,99304.9,418071.8,4180.718,416091397.0162,1,2024-12-07 03:00:00
99304.8,99677.2,98964.1,99494.9,439059.6,4390.596,436050073.7597,1,2024-12-07 04:00:00
99494.8,99638.0,98824.6,99144.6,264147.5,2641.475,262180525.8297,1,2024-12-07 05:00:00
99144.6,99382.6,99055.1,99330.0,123321.8,1233.218,122376754.1736,1,2024-12-07 06:00:00
99329.9,99496.2,99070.5,99400.8,162053.5,1620.535,160935335.9622,1,2024-12-07 07:00:00
99400.7,99565.0,99261.3,99417.0,140438.1,1404.381,139663757.3067,1,2024-12-07 08:00:00
99417.1,99831.1,99414.6,99670.6,192925.2,1929.252,192212230.1519,1,2024-12-07 09:00:00
99670.6,99700.7,99431.0,99528.1,95852.5,958.525,95414307.63,1,2024-12-07 10:00:00
99528.1,99757.4,99409.5,99610.2,102351.4,1023.514,101899776.227,1,2024-12-07 11:00:00
99610.1,99707.9,99352.8,99417.4,88988.4,889.884,88574925.316,1,2024-12-07 12:00:00
99417.4,99521.0,99300.0,99350.0,96691.4,966.914,96097040.6426,1,2024-12-07 13:00:00
99350.0,99799.7,99014.1,99452.1,358552.7,3585.527,356303123.9951,1,2024-12-07 14:00:00
99452.3,99825.2,99308.5,99739.5,375326.5,3753.265,373568196.9117,1,2024-12-07 15:00:00
99739.6,99799.2,99461.8,99630.0,109745.8,1097.458,109326512.151,1,2024-12-07 16:00:00
99630.0,99730.4,99439.5,99642.5,97620.0,976.2,97195694.5936,1,2024-12-07 17:00:00
99642.4,100277.4,99577.3,100125.4,203252.1,2032.521,203204017.5909,1,2024-12-07 18:00:00
100125.5,100280.2,99916.1,100083.3,161695.7,1616.957,161872197.4555,1,2024-12-07 19:00:00
100083.4,100378.6,100081.3,100319.3,88739.5,887.395,88948751.5039,1,2024-12-07 20:00:00
100319.3,100465.3,99678.9,99882.6,153403.6,1534.036,153471092.2816,1,2024-12-07 21:00:00
99882.6,100063.6,99582.3,99598.2,107483.5,1074.835,107340809.9202,1,2024-12-07 22:00:00
99598.2,100273.9,99596.2,99853.4,130231.2,1302.312,130162676.6791,1,2024-12-07 23:00:00
99853.3,99989.5,99653.2,99989.4,78260.3,782.603,78124010.045,1,2024-12-08 00:00:00
99989.4,100150.0,99684.3,99857.9,127091.1,1270.911,127008305.3849,1,2024-12-08 01:00:00
99857.8,100340.2,99758.0,100153.8,137525.0,1375.25,137679266.8433,1,2024-12-08 02:00:00
100153.8,100275.0,99912.1,99940.0,82515.9,825.159,82579761.1653,1,2024-12-08 03:00:00
99939.9,100045.5,99704.0,99760.0,130193.5,1301.935,129999951.3353,1,2024-12-08 04:00:00
99760.0,99798.5,99360.0,99545.3,218630.3,2186.303,217690788.6614,1,2024-12-08 05:00:00
99545.4,99812.9,99336.5,99678.6,144076.4,1440.764,143512459.784,1,2024-12-08 06:00:00
99678.7,99868.7,99610.1,99669.4,70698.5,706.985,70519623.4069,1,2024-12-08 07:00:00
99669.4,99699.2,98941.4,98985.2,274665.2,2746.652,272713378.1655,1,2024-12-08 08:00:00
98985.1,99320.0,98650.0,98900.0,321678.3,3216.783,318543895.8224,1,2024-12-08 09:00:00
98900.0,99442.1,98888.8,99248.3,216346.6,2163.466,214700491.1172,1,2024-12-08 10:00:00
99248.4,99867.9,99118.4,99698.7,237091.9,2370.919,236079476.5827,1,2024-12-08 11:00:00
99698.8,100276.2,99456.0,99916.3,431490.3,4314.903,431011122.8624,1,2024-12-08 12:00:00
99916.4,100568.8,99791.4,100411.8,318362.2,3183.622,318992717.2912,1,2024-12-08 13:00:00
100411.9,100430.0,99730.3,99746.5,246220.5,2462.205,246420333.9539,1,2024-12-08 14:00:00
99746.4,99986.0,99353.1,99915.2,396428.8,3964.288,395110611.1729,1,2024-12-08 15:00:00
99915.3,100124.0,99725.2,99841.0,241423.5,2414.235,241149057.0559,1,2024-12-08 16:00:00
99841.1,100030.7,99634.6,99959.9,120178.9,1201.789,120003542.9779,1,2024-12-08 17:00:00
99960.0,100027.9,99571.5,99666.9,85377.7,853.777,85195806.6236,1,2024-12-08 18:00:00
99666.9,100274.7,99480.0,100134.9,206827.7,2068.277,206571449.3956,1,2024-12-08 19:00:00
100134.9,100188.0,99803.0,99820.0,125069.3,1250.693,125048683.3669,1,2024-12-08 20:00:00
99820.0,100092.4,99753.7,100050.6,77402.4,774.024,77347302.2319,1,2024-12-08 21:00:00
100050.1,100333.4,99889.0,100247.9,104104.8,1041.048,104202977.9413,1,2024-12-08 22:00:00
100247.8,101432.4,100118.2,101144.9,532037.3,5320.373,536424949.8184,1,2024-12-08 23:00:00
101145.0,101241.0,99333.3,99656.1,1025068.3,10250.683,1025307026.5558,1,2024-12-09 00:00:00
99656.0,99870.0,99390.0,99533.1,255504.3,2555.043,254578116.3057,1,2024-12-09 01:00:00
99532.1,99728.0,99016.0,99208.5,455860.5,4558.605,452669594.1753,1,2024-12-09 02:00:00
99208.5,99389.1,98377.0,99110.0,511618.5,5116.185,506109289.9786,1,2024-12-09 03:00:00
99110.0,99487.1,98812.7,99454.0,438884.9,4388.849,435572837.2619,1,2024-12-09 04:00:00
99453.9,99567.0,99326.4,99443.1,135688.8,1356.888,134962113.391,1,2024-12-09 05:00:00
99443.1,99488.0,98858.5,99052.6,219297.9,2192.979,217444257.8391,1,2024-12-09 06:00:00
99052.7,99750.0,98254.5,99595.0,818545.7,8185.457,810068228.8699,1,2024-12-09 07:00:00
99595.0,99706.9,98826.0,98924.0,447932.9,4479.329,444931241.7724,1,2024-12-09 08:00:00
98921.0,99131.1,98400.1,98416.9,450700.4,4507.004,444881425.9563,1,2024-12-09 09:00:00
98416.8,98801.9,98281.5,98721.5,360014.5,3600.145,354599434.1446,1,2024-12-09 10:00:00
98721.5,98721.6,98050.0,98104.4,415511.1,4155.111,408267631.4187,1,2024-12-09 11:00:00
98104.3,98640.4,97890.3,98592.7,402754.0,4027.54,395988389.3728,1,2024-12-09 12:00:00
98592.7,99238.6,98250.0,99003.2,476861.6,4768.616,471250418.3905,1,2024-12-09 13:00:00
99003.2,100420.0,98860.0,100150.1,829452.3,8294.523,826316887.4833,1,2024-12-09 14:00:00
100150.1,100434.3,97500.0,97813.8,1725450.4,17254.504,1700089883.2136,1,2024-12-09 15:00:00
97814.8,98383.0,97466.0,97831.5,748372.0,7483.72,733305510.9273,1,2024-12-09 16:00:00
97830.1,98247.9,97333.0,97348.6,439370.9,4393.709,429536414.7132,1,2024-12-09 17:00:00
97348.6,98300.0,97348.6,97786.8,410047.9,4100.479,401529071.8476,1,2024-12-09 18:00:00
97786.8,97786.9,96980.0,97071.9,477743.9,4777.439,465019000.8246,1,2024-12-09 19:00:00
97071.8,97338.9,96100.1,96252.0,774793.7,7747.937,749506426.5531,1,2024-12-09 20:00:00
96252.1,97564.0,93925.5,96907.8,2120844.2,21208.442,2035620311.6761,1,2024-12-09 21:00:00
96907.8,97395.4,94811.0,96997.4,1135986.9,11359.869,1096004768.3388,1,2024-12-09 22:00:00
96997.3,97542.0,96700.1,97279.5,407785.8,4077.858,396711644.4736,1,2024-12-09 23:00:00
97279.6,98155.3,96993.5,97860.0,472400.9,4724.009,461121791.7417,1,2024-12-10 00:00:00
97860.0,98073.6,97464.8,97936.0,281756.9,2817.569,275574125.5418,1,2024-12-10 01:00:00
97936.1,97949.0,96606.9,96665.1,449433.8,4494.338,437415836.2469,1,2024-12-10 02:00:00
96665.2,96955.0,95555.8,96920.6,929484.1,9294.841,895153038.8276,1,2024-12-10 03:00:00
96920.5,97139.2,95886.0,97042.7,582174.9,5821.749,562411688.6615,1,2024-12-10 04:00:00
97042.8,97065.5,96510.0,96931.9,272857.0,2728.57,264110824.5782,1,2024-12-10 05:00:00
96931.9,97497.8,96796.2,97456.6,268468.2,2684.682,260921612.3432,1,2024-12-10 06:00:00
97456.6,97490.0,96892.8,97190.1,250849.1,2508.491,243710548.1459,1,2024-12-10 07:00:00
97190.1,97531.6,96928.8,97383.5,224941.4,2249.414,218775225.9891,1,2024-12-10 08:00:00
97383.6,97722.9,97222.0,97499.8,258489.3,2584.893,251997754.8746,1,2024-12-10 09:00:00
97499.8,97925.6,97499.7,97685.0,275290.7,2752.907,269046372.7788,1,2024-12-10 10:00:00
97685.0,97936.9,97433.3,97724.2,170279.1,1702.791,166316830.3988,1,2024-12-10 11:00:00
97724.2,97837.8,96852.5,97166.8,441617.2,4416.172,429590688.1218,1,2024-12-10 12:00:00
97166.9,97922.2,97132.8,97728.1,368530.1,3685.301,359710258.0071,1,2024-12-10 13:00:00
97728.0,98280.9,97122.0,97828.4,884846.5,8848.465,865292681.199,1,2024-12-10 14:00:00
97828.3,98120.0,95646.0,95672.0,1268176.4,12681.764,1227065031.2533,1,2024-12-10 15:00:00
95672.0,96500.0,94533.0,96317.5,1717738.0,17177.38,1639653900.1539,1,2024-12-10 16:00:00
96317.6,96461.7,94371.0,94492.4,1218241.0,12182.41,1158462419.899,1,2024-12-10 17:00:00
94492.4,95539.1,94240.6,95131.3,649350.4,6493.504,616319145.994,1,2024-12-10 18:00:00
95131.3,96185.0,94980.0,95843.9,345972.8,3459.728,331111977.3016,1,2024-12-10 19:00:00
95843.9,96700.0,95592.3,96424.1,409851.0,4098.51,394320246.7381,1,2024-12-10 20:00:00
96424.1,97230.5,96382.7,96847.9,327801.9,3278.019,317338869.5644,1,2024-12-10 21:00:00
96848.0,97090.0,96579.9,96844.8,179604.3,1796.043,173934294.1748,1,2024-12-10 22:00:00
96844.2,97127.6,96426.1,96601.5,236904.4,2369.044,229316971.4091,1,2024-12-10 23:00:00
96601.5,96852.7,95785.4,96424.4,412406.6,4124.066,397356663.1097,1,2024-12-11 00:00:00
96424.4,96645.9,95668.0,95767.3,344073.7,3440.737,330819564.5169,1,2024-12-11 01:00:00
95767.3,97466.0,95668.8,97212.7,504934.5,5049.345,488353823.7205,1,2024-12-11 02:00:00
97211.1,97642.2,97109.2,97389.1,354165.1,3541.651,344756656.5692,1,2024-12-11 03:00:00
97389.2,97596.9,97162.0,97533.8,192825.6,1928.256,187774512.4335,1,2024-12-11 04:00:00
97533.7,97700.0,97295.3,97493.7,177248.9,1772.489,172764491.618,1,2024-12-11 05:00:00
97493.7,97787.0,97383.6,97679.9,179132.0,1791.32,174895089.6479,1,2024-12-11 06:00:00
97680.0,97794.6,97230.5,97339.8,222899.7,2228.997,217278085.9868,1,2024-12-11 07:00:00
97339.8,98480.0,97315.8,98109.9,586208.4,5862.084,574539188.8128,1,2024-12-11 08:00:00
98110.0,98173.7,97753.2,98009.9,216166.7,2161.667,211678906.6002,1,2024-12-11 09:00:00
98009.9,98298.0,97857.6,98207.3,158304.6,1583.046,155266258.3938,1,2024-12-11 10:00:00
98207.4,98480.0,98145.0,98302.4,229036.3,2290.363,225179104.6225,1,2024-12-11 11:00:00
98302.4,98500.0,98159.9,98227.9,227709.4,2277.094,223941148.9852,1,2024-12-11 12:00:00
98228.0,98865.8,98049.5,98731.9,694708.1,6947.081,684684761.5772,1,2024-12-11 13:00:00
98731.8,99545.5,98368.1,99519.9,742277.2,7422.772,734860957.1358,1,2024-12-11 14:00:00
99520.0,100822.8,99405.5,100367.9,1357040.6,13570.406,1359036084.9007,1,2024-12-11 15:00:00
100368.0,101072.0,100296.0,100579.3,647769.8,6477.698,652299837.059,1,2024-12-11 16:00:00
100579.3,101000.0,99656.0,99778.9,550390.4,5503.904,552588439.0567,1,2024-12-11 17:00:00
99778.9,100779.7,99620.3,100383.0,521497.0,5214.97,522646338.183,1,2024-12-11 18:00:00
100383.0,101164.8,100383.0,101136.5,385331.9,3853.319,388609450.5771,1,2024-12-11 19:00:00
101136.5,101697.2,101022.0,101270.6,535512.7,5355.127,542777458.4013,1,2024-12-11 20:00:00
101270.5,101527.3,100857.1,101510.4,232963.0,2329.63,235615935.5036,1,2024-12-11 21:00:00
101510.4,101899.8,101172.3,101201.1,305637.2,3056.372,310359231.7022,1,2024-12-11 22:00:00
101201.0,101490.3,101060.6,101131.4,142676.1,1426.761,144468854.3637,1,2024-12-11 23:00:00
101132.4,101214.6,100566.0,100770.7,216657.9,2166.579,218573056.5129,1,2024-12-12 00:00:00
100770.7,100881.0,100300.2,100508.9,200134.7,2001.347,201278265.1082,1,2024-12-12 01:00:00
100508.8,101857.4,100508.8,101842.5,386394.2,3863.942,390750280.6495,1,2024-12-12 02:00:00
101844.8,101846.6,100775.7,101027.5,492390.1,4923.901,498582305.464,1,2024-12-12 03:00:00
101027.5,101196.0,100555.0,100697.1,251305.6,2513.056,253426421.954,1,2024-12-12 04:00:00
100697.3,101120.1,100605.5,100620.5,222737.1,2227.371,224582599.868,1,2024-12-12 05:00:00
100620.6,100700.0,100400.1,100591.1,192939.0,1929.39,194034016.8901,1,2024-12-12 06:00:00
100591.2,100836.5,100500.0,100507.1,136501.1,1365.011,137364352.8876,1,2024-12-12 07:00:00
100507.1,101135.8,100460.9,100989.4,201299.9,2012.999,203014001.1267,1,2024-12-12 08:00:00
100989.4,101145.0,100789.7,100811.5,164863.9,1648.639,166434572.4835,1,2024-12-12 09:00:00
100811.5,100814.8,100475.0,100585.1,241095.9,2410.959,242543247.5202,1,2024-12-12 10:00:00
100585.0,100644.0,100200.0,100372.2,236243.0,2362.43,237068210.5677,1,2024-12-12 11:00:00
100372.2,100949.1,100372.1,100834.8,229826.3,2298.263,231484078.3385,1,2024-12-12 12:00:00
100835.3,101557.9,100500.0,100910.1,756179.6,7561.796,764142966.2284,1,2024-12-12 13:00:00
100910.2,101714.5,100620.3,101699.9,774176.5,7741.765,783466611.3421,1,2024-12-12 14:00:00
101699.8,101887.9,100712.0,101798.0,732727.5,7327.275,742739166.452,1,2024-12-12 15:00:00
101798.1,102576.2,101453.2,101470.0,1037191.2,10371.912,1058558792.696,1,2024-12-12 16:00:00
101470.0,101731.4,101234.5,101619.4,379496.1,3794.961,385135571.0048,1,2024-12-12 17:00:00
101619.2,101673.6,100828.8,100860.4,271552.2,2715.522,274765783.3671,1,2024-12-12 18:00:00
100860.5,101070.6,99312.0,99472.5,1001489.5,10014.895,1001411534.4151,1,2024-12-12 19:00:00
99472.6,100426.0,99454.8,100017.6,543022.9,5430.229,542442332.4766,1,2024-12-12 20:00:00
100017.5,100121.5,99678.6,99750.0,211496.6,2114.966,211270904.845,1,2024-12-12 21:00:00
99750.1,100493.0,99502.5,100444.8,260264.9,2602.649,260387069.1524,1,2024-12-12 22:00:00
100444.9,100492.9,99888.0,100010.6,148943.5,1489.435,149158762.2079,1,2024-12-12 23:00:00
100010.5,100354.0,99940.0,100079.8,136144.6,1361.446,136367132.0043,1,2024-12-13 00:00:00
100079.9,100148.0,99191.7,99328.6,466144.4,4661.444,464322597.5276,1,2024-12-13 01:00:00
99328.6,99746.1,99182.0,99495.6,311392.5,3113.925,309731593.0897,1,2024-12-13 02:00:00
99495.6,99817.9,99495.5,99729.9,153665.4,1536.654,153185682.7555,1,2024-12-13 03:00:00
99730.0,100070.5,99651.2,100010.0,193244.3,1932.443,193049793.3807,1,2024-12-13 04:00:00
100010.1,100173.9,99846.9,99895.2,173629.0,1736.29,173634746.6907,1,2024-12-13 05:00:00
99895.2,100089.9,99658.8,99686.9,152257.8,1522.578,152098772.9578,1,2024-12-13 06:00:00
99686.9,100236.0,99484.4,100127.0,312382.7,3123.827,311958282.9223,1,2024-12-13 07:00:00
100127.0,100360.0,99881.8,100273.0,253057.7,2530.577,253499494.5551,1,2024-12-13 08:00:00
100273.0,100344.9,99905.0,100112.7,148635.0,1486.35,148812236.0208,1,2024-12-13 09:00:00
100112.7,100572.8,99916.9,100466.7,225236.2,2252.362,225889133.1187,1,2024-12-13 10:00:00
100466.7,100808.9,100320.0,100350.8,236686.4,2366.864,237922180.7906,1,2024-12-13 11:00:00
100350.9,100474.8,100148.1,100300.0,143778.7,1437.787,144204799.064,1,2024-12-13 12:00:00
100300.0,100533.3,99950.0,100294.1,225981.0,2259.81,226425819.0833,1,2024-12-13 13:00:00
100294.1,101018.0,100223.7,101018.0,346739.8,3467.398,349066225.623,1,2024-12-13 14:00:00
101018.0,101379.9,99642.1,99867.6,950477.1,9504.771,957029843.3763,1,2024-12-13 15:00:00
99865.1,101280.0,99787.8,100987.9,709253.9,7092.539,713250785.3097,1,2024-12-13 16:00:00
100988.0,101816.5,100773.0,101748.1,618954.2,6189.542,627406079.3666,1,2024-12-13 17:00:00
101745.2,101956.2,101272.4,101500.0,484995.7,4849.957,493093773.9691,1,2024-12-13 18:00:00
101500.0,101634.2,101207.6,101477.4,248888.1,2488.881,252381516.2757,1,2024-12-13 19:00:00
101477.5,101867.9,101221.1,101668.1,297817.4,2978.174,302376623.7735,1,2024-12-13 20:00:00
101667.0,101684.5,101248.0,101302.0,107191.5,1071.915,108714625.7199,1,2024-12-13 21:00:00
101301.9,101413.5,101090.8,101240.7,100245.2,1002.452,101480766.222,1,2024-12-13 22:00:00
101240.7,101559.1,101138.5,101422.7,95848.6,958.486,97094706.3047,1,2024-12-13 23:00:00
101422.7,101530.5,101155.0,101306.4,109863.3,1098.633,111337478.8666,1,2024-12-14 00:00:00
101303.7,102673.7,101303.7,102156.9,871882.5,8718.825,890401254.0541,1,2024-12-14 01:00:00
102156.9,102287.9,101670.0,102032.3,279647.9,2796.479,285053318.2729,1,2024-12-14 02:00:00
102032.1,102363.1,102026.1,102073.2,110852.9,1108.529,113285154.4188,1,2024-12-14 03:00:00
102073.3,102150.0,101568.4,101662.9,326847.2,3268.472,332621427.9017,1,2024-12-14 04:00:00
101662.9,101822.2,101603.4,101722.2,147948.2,1479.482,150496186.9906,1,2024-12-14 05:00:00
101722.3,101995.0,101680.0,101898.0,112044.9,1120.449,114169464.2977,1,2024-12-14 06:00:00
101898.2,101928.0,101620.0,101824.8,121535.1,1215.351,123695779.6039,1,2024-12-14 07:00:00
101824.8,101877.7,101577.0,101800.5,79507.9,795.079,80895182.6446,1,2024-12-14 08:00:00
101800.6,101800.6,101446.7,101556.8,99207.8,992.078,100807099.0909,1,2024-12-14 09:00:00
101556.7,101604.0,101325.7,101557.5,150151.8,1501.518,152336506.4355,1,2024-12-14 10:00:00
101557.6,101725.0,101468.6,101590.3,85362.6,853.626,86738671.0625,1,2024-12-14 11:00:00
101589.5,101663.4,101214.3,101302.0,229666.6,2296.666,232906724.6294,1,2024-12-14 12:00:00
101301.9,101424.9,100801.0,101180.7,441413.9,4414.139,446292626.8065,1,2024-12-14 13:00:00
101182.0,101546.8,101163.4,101424.2,168410.6,1684.106,170766668.245,1,2024-12-14 14:00:00
101424.2,101748.1,101329.3,101620.1,166982.3,1669.823,169648455.9296,1,2024-12-14 15:00:00
101620.1,101701.7,101389.4,101660.2,152054.4,1520.544,154388499.7363,1,2024-12-14 16:00:00
101660.1,101739.0,100880.0,100980.1,250379.4,2503.794,253478778.9516,1,2024-12-14 17:00:00
100980.1,101188.0,100833.4,100906.7,186197.9,1861.979,188036280.2514,1,2024-12-14 18:00:00
100906.7,101364.4,100864.7,101336.4,151358.3,1513.583,153125579.4908,1,2024-12-14 19:00:00
101336.4,101430.1,100600.0,100765.7,205833.0,2058.33,207733932.5634,1,2024-12-14 20:00:00
100766.5,101200.0,100760.0,101078.6,87973.2,879.732,88895778.8364,1,2024-12-14 21:00:00
101078.6,101272.2,100900.0,101117.1,74748.1,747.481,75578995.0016,1,2024-12-14 22:00:00
101117.2,101532.1,101046.4,101416.2,158511.1,1585.111,160692893.328,1,2024-12-14 23:00:00
101416.2,101579.3,101236.3,101454.4,88573.9,885.739,89837698.3313,1,2024-12-15 00:00:00
101454.3,102210.0,101425.7,102123.1,320575.0,3205.75,326531637.5,1,2024-12-15 01:00:00
102123.1,102154.8,101770.0,101837.0,150999.7,1509.997,153913207.0537,1,2024-12-15 02:00:00
101837.0,101950.0,101728.1,101737.7,91484.6,914.846,93153486.6506,1,2024-12-15 03:00:00
101737.8,102863.0,101737.7,102357.2,656897.3,6568.973,673190591.4334,1,2024-12-15 04:00:00
102357.2,102508.0,102090.9,102152.9,248141.4,2481.414,253848442.2848,1,2024-12-15 05:00:00
102152.9,102163.0,101753.8,101753.8,155858.1,1558.581,158924695.4245,1,2024-12-15 06:00:00
101753.9,101943.0,101528.8,101734.8,227479.3,2274.793,231437253.4944,1,2024-12-15 07:00:00
101734.8,102020.0,101581.7,102020.0,131741.1,1317.411,134162684.9091,1,2024-12-15 08:00:00
102019.9,102285.0,101912.1,102265.0,166735.2,1667.352,170268864.1927,1,2024-12-15 09:00:00
102265.0,102466.2,102135.9,102280.1,154445.0,1544.45,158001551.0418,1,2024-12-15 10:00:00
102280.0,102688.0,102225.3,102657.8,201154.1,2011.541,206156626.3417,1,2024-12-15 11:00:00
102657.9,103398.9,102540.1,102958.8,757749.7,7577.497,780063842.9349,1,2024-12-15 12:00:00
102958.8,103000.0,102470.0,102783.8,383265.1,3832.651,393660984.48,1,2024-12-15 13:00:00
102783.8,103068.0,102644.0,103001.2,176029.5,1760.295,181087237.548,1,2024-12-15 14:00:00
103001.3,103062.3,102639.5,102683.1,206092.8,2060.928,211977304.8351,1,2024-12-15 15:00:00
102683.1,103555.0,102561.0,103124.0,537907.1,5379.071,554620745.4093,1,2024-12-15 16:00:00
103124.0,103364.4,102980.0,103148.0,146997.9,1469.979,151601309.6132,1,2024-12-15 17:00:00
103148.0,103375.0,102975.6,103200.2,103554.8,1035.548,106826283.3537,1,2024-12-15 18:00:00
103200.3,103470.3,103184.0,103267.0,113494.1,1134.941,117279383.5552,1,2024-12-15 19:00:00
103266.8,103420.0,103070.3,103155.4,87803.5,878.035,90625131.4561,1,2024-12-15 20:00:00
103155.4,103215.4,102650.0,102861.7,200026.0,2000.26,205840586.8429,1,2024-12-15 21:00:00
102861.7,103410.0,102629.1,103275.0,185518.2,1855.182,191236286.0492,1,2024-12-15 22:00:00
103275.0,105404.0,103236.2,104507.9,1440388.3,14403.883,1504580514.6665,1,2024-12-15 23:00:00
104508.0,106684.2,104373.1,105478.3,1347447.5,13474.475,1424277485.5895,1,2024-12-16 00:00:00
105478.3,105656.2,105021.0,105561.4,401175.0,4011.75,422666318.3845,1,2024-12-16 01:00:00
105561.4,105677.7,104470.6,104604.0,495354.7,4953.547,519732322.338,1,2024-12-16 02:00:00
104604.0,105032.6,104281.7,104598.4,352821.0,3528.21,369417102.7139,1,2024-12-16 03:00:00
104598.4,104827.8,104482.6,104691.4,151437.0,1514.37,158487825.1329,1,2024-12-16 04:00:00
104690.3,105075.2,104503.3,105029.8,230345.6,2303.456,241525683.9228,1,2024-12-16 05:00:00
105029.9,105392.2,104955.7,105160.0,267667.6,2676.676,281482491.2586,1,2024-12-16 06:00:00
105159.9,105428.8,104900.0,104992.3,168245.1,1682.451,176964561.026,1,2024-12-16 07:00:00
104992.2,105036.3,104539.5,104564.5,257234.0,2572.34,269518903.4796,1,2024-12-16 08:00:00
104564.6,104967.0,104520.0,104699.8,187264.8,1872.648,196099730.9222,1,2024-12-16 09:00:00
104699.8,104749.8,104351.1,104718.2,243068.8,2430.688,254232466.7232,1,2024-12-16 10:00:00
104718.2,104866.0,103648.0,103779.7,575426.3,5754.263,599077672.8198,1,2024-12-16 11:00:00
103779.8,104196.8,103324.0,103656.7,618441.7,6184.417,641862300.5127,1,2024-12-16 12:00:00
103656.6,104137.8,103480.5,103901.4,310941.2,3109.412,323099609.1797,1,2024-12-16 13:00:00
103900.1,106000.0,103870.0,105511.9,1074772.7,10747.727,1130042634.1372,1,2024-12-16 14:00:00
105511.9,106500.0,105254.5,106319.4,1071715.3,10717.153,1136875283.6323,1,2024-12-16 15:00:00
106319.3,107237.9,106111.6,106828.0,1052339.6,10523.396,1123202530.0919,1,2024-12-16 16:00:00
106828.1,107199.8,106689.0,107074.8,400307.1,4003.071,428146387.4578,1,2024-12-16 17:00:00
107074.8,107833.1,106873.7,107100.0,724137.6,7241.376,778143719.5763,1,2024-12-16 18:00:00
107100.0,107113.5,105819.2,106600.1,633639.2,6336.392,673813451.6607,1,2024-12-16 19:00:00
106600.1,106662.1,105776.1,105804.2,369809.0,3698.09,392761370.6083,1,2024-12-16 20:00:00
105804.3,106289.9,105691.5,106055.3,259888.2,2598.882,275292608.4646,1,2024-12-16 21:00:00
106055.3,106310.7,105698.7,105830.2,186900.7,1869.007,198198543.3447,1,2024-12-16 22:00:00
105830.1,106100.1,105463.1,106078.2,312849.3,3128.493,330977918.6327,1,2024-12-16 23:00:00
106078.1,106300.0,105675.1,105867.5,384878.8,3848.788,408075094.3439,1,2024-12-17 00:00:00
105867.6,106476.6,105760.0,106377.6,252104.2,2521.042,267642558.2127,1,2024-12-17 01:00:00
106377.5,106631.1,106195.6,106255.5,212682.6,2126.826,226378441.5011,1,2024-12-17 02:00:00
106255.4,107100.0,106229.6,106863.1,255582.9,2555.829,272834078.8421,1,2024-12-17 03:00:00
106863.1,106863.1,106412.0,106502.1,172200.7,1722.007,183593948.6271,1,2024-12-17 04:00:00
106502.1,106841.0,106450.0,106824.2,132439.8,1324.398,141231164.9491,1,2024-12-17 05:00:00
106824.2,106868.3,106356.1,106555.3,159110.1,1591.101,169585933.2206,1,2024-12-17 06:00:00
106555.3,107148.2,106455.3,106831.1,296336.0,2963.36,316806683.6674,1,2024-12-17 07:00:00
106831.0,107539.0,106774.4,107405.2,326826.1,3268.261,350574586.0608,1,2024-12-17 08:00:00
107405.1,107485.0,107086.0,107310.0,235413.8,2354.138,252554958.8851,1,2024-12-17 09:00:00
107310.0,107358.0,106953.3,107222.5,164840.7,1648.407,176560812.9304,1,2024-12-17 10:00:00
107222.4,107347.6,106713.2,106820.6,194827.6,1948.276,208513694.2379,1,2024-12-17 11:00:00
106820.5,107194.9,106550.0,107141.8,311197.6,3111.976,332466530.8348,1,2024-12-17 12:00:00
107141.8,107640.0,106988.0,107302.4,319697.4,3196.974,343157764.2362,1,2024-12-17 13:00:00
107302.3,108416.9,107061.5,108254.4,1052310.6,10523.106,1133595154.0097,1,2024-12-17 14:00:00
108254.3,108254.4,105720.7,106475.9,1681790.3,16817.903,1792762787.0928,1,2024-12-17 15:00:00
106476.0,107099.0,106145.0,107076.9,575516.5,5755.165,614225900.5889,1,2024-12-17 16:00:00
107076.9,107635.8,106700.0,107500.0,444018.9,4440.189,476527947.1025,1,2024-12-17 17:00:00
107500.0,107647.6,106427.3,106570.4,368813.5,3688.135,394596938.1574,1,2024-12-17 18:00:00
106570.4,107026.6,106233.4,106501.7,313499.8,3134.998,334136585.9176,1,2024-12-17 19:00:00
106501.6,106923.1,106164.2,106732.5,262897.2,2628.972,280195578.5513,1,2024-12-17 20:00:00
106732.5,106819.0,106250.0,106414.5,111638.3,1116.383,118895774.7119,1,2024-12-17 21:00:00
106414.4,106435.5,105329.5,105962.9,393382.5,3933.825,416169287.2565,1,2024-12-17 22:00:00
105962.9,106334.8,105550.0,106120.9,311315.7,3113.157,329959637.197,1,2024-12-17 23:00:00
106120.8,106465.0,105623.7,106110.0,312210.4,3122.104,331117739.8567,1,2024-12-18 00:00:00
106110.0,106519.7,104942.2,105360.0,502010.5,5020.105,530253873.4608,1,2024-12-18 01:00:00
105360.8,105667.3,105018.0,105301.4,375887.9,3758.879,396112204.3142,1,2024-12-18 02:00:00
105301.4,105323.9,104566.0,104752.3,467357.8,4673.578,490175812.0542,1,2024-12-18 03:00:00
104752.4,104752.4,103560.9,103868.3,905501.8,9055.018,942054165.5297,1,2024-12-18 04:00:00
103868.3,104132.4,103255.8,103572.0,590359.5,5903.595,612334152.9217,1,2024-12-18 05:00:00
103572.0,103999.0,103100.1,103780.0,457741.2,4577.412,474300028.811,1,2024-12-18 06:00:00
103780.0,104312.0,103687.9,104232.1,400896.1,4008.961,417376709.8411,1,2024-12-18 07:00:00
104232.1,104377.4,103710.0,103785.0,320427.7,3204.277,333214634.5342,1,2024-12-18 08:00:00
103785.0,104408.0,103779.3,104030.1,246117.2,2461.172,256360289.045,1,2024-12-18 09:00:00
104030.0,104681.9,103966.6,104530.7,276678.5,2766.785,288735057.6665,1,2024-12-18 10:00:00
104530.6,105027.9,104489.5,105006.4,304829.9,3048.299,319419381.1865,1,2024-12-18 11:00:00
105006.4,105344.9,104678.0,104910.0,465951.2,4659.512,489292419.951,1,2024-12-18 12:00:00
104910.0,105253.0,104524.5,104577.5,250065.7,2500.657,262337475.5495,1,2024-12-18 13:00:00
104577.5,104874.6,103852.3,104014.9,659929.7,6599.297,688522830.0167,1,2024-12-18 14:00:00
104014.9,104561.5,103630.0,104413.7,551555.4,5515.554,574054456.2252,1,2024-12-18 15:00:00
104417.4,104472.0,103383.8,104197.0,484566.7,4845.667,503172133.0991,1,2024-12-18 16:00:00
104196.9,104833.6,103867.1,104648.6,249971.7,2499.717,261045511.8752,1,2024-12-18 17:00:00
104648.7,104988.0,104140.4,104810.6,291984.5,2919.845,305423543.6265,1,2024-12-18 18:00:00
104810.5,104815.7,102800.0,102801.0,1051056.2,10510.562,1089356885.8899,1,2024-12-18 19:00:00
102801.1,102989.5,100333.4,100843.4,3016452.7,30164.527,3063389280.6124,1,2024-12-18 20:00:00
100842.3,101747.9,100466.0,101014.8,753852.6,7538.526,762104238.1685,1,2024-12-18 21:00:00
101014.6,101624.5,100661.5,101164.1,447173.0,4471.73,451736787.2235,1,2024-12-18 22:00:00
101164.2,101200.0,99999.0,100203.9,617076.2,6170.762,620093587.8063,1,2024-12-18 23:00:00
100203.9,101010.5,100101.5,100832.5,462698.6,4626.986,465811755.4894,1,2024-12-19 00:00:00
100833.0,100931.8,99614.3,99782.0,512729.2,5127.292,513917147.3489,1,2024-12-19 01:00:00
99782.1,100547.0,98776.5,100529.8,1326783.5,13267.835,1320163902.2225,1,2024-12-19 02:00:00
100529.9,101288.0,100441.6,101172.7,651766.1,6517.661,657845281.8737,1,2024-12-19 03:00:00
101172.6,101223.9,100640.0,100668.0,267007.7,2670.077,269631701.959,1,2024-12-19 04:00:00
100668.0,101413.6,100668.0,101285.8,258221.2,2582.212,261307235.1348,1,2024-12-19 05:00:00
101285.8,101390.0,101001.5,101188.6,201850.3,2018.503,204261787.6589,1,2024-12-19 06:00:00
101188.6,101700.0,101119.0,101641.8,290458.4,2904.584,294827994.0818,1,2024-12-19 07:00:00
101641.8,101831.7,101367.0,101628.1,268942.4,2689.424,273281924.2403,1,2024-12-19 08:00:00
101628.2,101873.5,101522.5,101801.4,159527.0,1595.27,162285194.7334,1,2024-12-19 09:00:00
101801.3,102611.8,101741.9,102410.3,511017.5,5110.175,522448725.8547,1,2024-12-19 10:00:00
102410.2,102500.0,102162.0,102449.8,235134.6,2351.346,240653089.8175,1,2024-12-19 11:00:00
102449.9,102570.4,101886.0,102005.6,295161.2,2951.612,301586371.378,1,2024-12-19 12:00:00
102005.7,102228.0,101663.0,101960.0,355225.1,3552.251,362199019.7978,1,2024-12-19 13:00:00
101961.2,102800.0,100705.3,100968.0,1069007.5,10690.075,1087004454.8621,1,2024-12-19 14:00:00
100968.1,101097.5,99500.0,100671.0,1584679.8,15846.798,1588966359.5976,1,2024-12-19 15:00:00
100671.0,101199.6,99881.7,100711.6,722935.1,7229.351,727035577.3098,1,2024-12-19 16:00:00
100711.7,100745.6,97396.7,98817.5,1728565.6,17285.656,1709069358.5644,1,2024-12-19 17:00:00
98817.5,98975.3,96884.3,98927.4,1576030.0,15760.3,1544782840.2948,1,2024-12-19 18:00:00
98924.3,99066.6,96233.0,97204.0,1361752.2,13617.522,1324515021.2246,1,2024-12-19 19:00:00
97204.0,97324.5,95700.3,96434.1,1455899.6,14558.996,1404029041.392,1,2024-12-19 20:00:00
96434.1,98119.9,95840.8,97398.3,777960.3,7779.603,756899335.9596,1,2024-12-19 21:00:00
97398.2,98399.0,97200.0,98350.0,325815.9,3258.159,318299459.3248,1,2024-12-19 22:00:00
98350.0,98360.0,97450.0,97451.1,311690.1,3116.901,304836322.0669,1,2024-12-19 23:00:00
97451.1,97818.2,96628.6,97235.7,555434.4,5554.344,540032848.2478,1,2024-12-20 00:00:00
97235.6,97533.3,96162.9,96333.3,583404.2,5834.042,564562305.4486,1,2024-12-20 01:00:00
96333.2,97739.4,96000.0,97637.9,627400.5,6274.005,608305052.0388,1,2024-12-20 02:00:00
97637.9,97797.9,96960.1,97103.3,264670.6,2646.706,257737108.0222,1,2024-12-20 03:00:00
97103.4,97857.6,96864.2,97299.9,416579.3,4165.793,406092293.5099,1,2024-12-20 04:00:00
97299.9,97490.9,96667.1,96750.9,292731.3,2927.313,284203607.5915,1,2024-12-20 05:00:00
96750.9,97325.6,96364.1,97290.9,463887.2,4638.872,449167443.1078,1,2024-12-20 06:00:00
97291.0,98241.2,97285.5,97825.0,634965.9,6349.659,621685759.1445,1,2024-12-20 07:00:00
97824.9,97861.7,95313.9,95492.7,1213309.0,12133.09,1166970880.511,1,2024-12-20 08:00:00
95492.8,95757.6,94700.0,94822.1,1173527.5,11735.275,1116856670.5132,1,2024-12-20 09:00:00
94822.1,95150.0,93928.6,94381.9,1396283.4,13962.834,1320615196.4191,1,2024-12-20 10:00:00
94382.0,94682.6,92605.1,92733.4,1983963.6,19839.636,1854010758.1331,1,2024-12-20 11:00:00
92733.5,94248.9,92280.0,93932.6,1563377.3,15633.773,1457009621.5351,1,2024-12-20 12:00:00
93932.5,95799.4,93580.0,95197.0,1448242.8,14482.428,1374646427.8804,1,2024-12-20 13:00:00
95196.9,96181.7,94716.0,95617.0,972975.6,9729.756,928849643.4008,1,2024-12-20 14:00:00
95617.0,97549.6,95582.1,96977.5,1207539.1,12075.391,1168488088.3019,1,2024-12-20 15:00:00
96977.5,97707.1,96281.5,96728.4,918142.6,9181.426,891587037.7089,1,2024-12-20 16:00:00
96728.6,97377.5,96424.4,97207.1,466588.0,4665.88,452425125.2454,1,2024-12-20 17:00:00
97202.9,97310.4,96583.3,96988.1,321287.5,3212.875,311407622.3909,1,2024-12-20 18:00:00
96988.1,97738.4,96841.1,97108.0,303392.6,3033.926,295514246.2741,1,2024-12-20 19:00:00
97108.1,97243.0,96410.6,96449.1,313521.0,3135.21,303684594.2677,1,2024-12-20 20:00:00
96449.0,96656.8,95429.8,96634.2,482297.1,4822.971,463347137.4863,1,2024-12-20 21:00:00
96634.2,97500.0,96460.4,97447.8,205274.1,2052.741,199157805.6443,1,2024-12-20 22:00:00
97447.8,97825.3,97371.7,97794.8,209913.6,2099.136,204940487.2771,1,2024-12-20 23:00:00
97794.9,97799.0,97209.1,97525.7,270135.6,2701.356,263316456.5095,1,2024-12-21 00:00:00
97525.6,97650.0,97200.0,97355.1,184749.3,1847.493,179972673.5543,1,2024-12-21 01:00:00
97355.1,97610.8,97186.0,97391.1,138852.8,1388.528,135249472.8783,1,2024-12-21 02:00:00
97391.0,97500.0,97240.5,97500.0,137488.5,1374.885,133847699.3658,1,2024-12-21 03:00:00
97499.9,97637.4,97378.1,97574.4,110257.2,1102.572,107522080.9743,1,2024-12-21 04:00:00
97574.4,98681.8,97524.2,98675.8,524435.5,5244.355,514382824.4563,1,2024-12-21 05:00:00
98675.7,98811.2,98309.1,98715.0,551189.7,5511.897,543355888.9104,1,2024-12-21 06:00:00
98715.0,99574.8,98480.7,99025.8,656458.9,6564.589,650644101.295,1,2024-12-21 07:00:00
99025.8,99184.5,98460.0,98658.1,383330.4,3833.304,378534303.1052,1,2024-12-21 08:00:00
98658.2,98693.9,98301.0,98560.1,185902.6,1859.026,183039110.8713,1,2024-12-21 09:00:00
98560.0,98642.5,98040.5,98131.5,224875.1,2248.751,221125740.5996,1,2024-12-21 10:00:00
98131.5,98421.6,97799.0,98262.6,300608.9,3006.089,294949261.1744,1,2024-12-21 11:00:00
98262.7,98286.3,97078.3,97147.3,517696.7,5176.967,505600465.6788,1,2024-12-21 12:00:00
97147.3,97519.5,96408.6,97342.3,726159.7,7261.597,704909616.1085,1,2024-12-21 13:00:00
97342.3,97750.0,97060.1,97096.0,355987.9,3559.879,346979625.4647,1,2024-12-21 14:00:00
97096.0,97722.8,97070.8,97517.4,195186.6,1951.866,190187203.6931,1,2024-12-21 15:00:00
97517.4,97720.0,96919.7,97291.9,356999.1,3569.991,347534151.9288,1,2024-12-21 16:00:00
97291.9,97699.0,97031.1,97600.6,194797.6,1947.976,189746933.9436,1,2024-12-21 17:00:00
97600.7,97735.3,97288.0,97415.5,99393.6,993.936,96909324.6256,1,2024-12-21 18:00:00
97416.1,97448.4,96820.1,97283.9,187433.5,1874.335,181911448.2826,1,2024-12-21 19:00:00
97283.9,98062.4,97231.4,97456.9,250184.4,2501.844,244394372.9977,1,2024-12-21 20:00:00
97456.9,97583.7,96508.5,96877.3,280715.0,2807.15,272311234.7861,1,2024-12-21 21:00:00
96877.3,97398.3,96612.9,97129.4,120445.4,1204.454,116852087.0095,1,2024-12-21 22:00:00
97129.3,97313.6,96889.6,97286.2,78793.8,787.938,76503825.8426,1,2024-12-21 23:00:00
97286.2,97461.0,97054.5,97248.3,147627.0,1476.27,143577141.3563,1,2024-12-22 00:00:00
97248.3,97447.7,96710.0,97057.3,192201.3,1922.013,186568565.7975,1,2024-12-22 01:00:00
97057.2,97249.8,96602.7,96730.1,135498.1,1354.981,131258610.5342,1,2024-12-22 02:00:00
96730.1,97328.7,96556.6,96996.0,204950.1,2049.501,198780569.3154,1,2024-12-22 03:00:00
96996.0,97088.2,96067.9,96082.3,262400.3,2624.003,253146365.9204,1,2024-12-22 04:00:00
96082.3,96417.0,95873.1,96168.8,333805.4,3338.054,320928732.9643,1,2024-12-22 05:00:00
96168.8,96748.5,96121.0,96740.0,189027.5,1890.275,182363782.0115,1,2024-12-22 06:00:00
96739.9,96849.3,96084.7,96219.9,196378.6,1963.786,189391859.775,1,2024-12-22 07:00:00
96220.0,96702.6,96200.0,96520.0,216691.7,2166.917,209074177.4241,1,2024-12-22 08:00:00
96520.0,97286.9,96312.5,96933.4,342483.0,3424.83,332019200.1001,1,2024-12-22 09:00:00
96933.3,97355.0,96843.6,97005.1,186187.6,1861.876,180820084.3774,1,2024-12-22 10:00:00
97005.1,97333.0,96981.5,97086.5,111482.5,1114.825,108333458.8817,1,2024-12-22 11:00:00
97086.6,97313.7,96833.0,96990.8,158489.2,1584.892,153843788.8142,1,2024-12-22 12:00:00
96990.8,97257.4,96842.0,96986.5,138287.3,1382.873,134222637.265,1,2024-12-22 13:00:00
96986.5,97067.9,95301.0,95385.4,810567.7,8105.677,777955430.1915,1,2024-12-22 14:00:00
95385.4,95661.6,95122.4,95373.5,442976.1,4429.761,422599472.1988,1,2024-12-22 15:00:00
95373.5,95868.6,95197.2,95706.9,358268.6,3582.686,342547069.2405,1,2024-12-22 16:00:00
95706.9,95860.0,95433.5,95608.5,163724.9,1637.249,156616725.6641,1,2024-12-22 17:00:00
95608.7,96439.1,95360.0,95944.6,375897.5,3758.975,360731664.987,1,2024-12-22 18:00:00
95945.0,96141.1,94670.3,94825.3,329660.2,3296.602,314163116.2872,1,2024-12-22 19:00:00
94828.2,95631.6,94406.6,95605.3,406738.4,4067.384,385755553.7235,1,2024-12-22 20:00:00
95605.4,95750.0,95058.6,95207.1,167183.7,1671.837,159580591.6527,1,2024-12-22 21:00:00
95207.1,95632.4,94255.0,95548.3,401642.1,4016.421,381139012.7645,1,2024-12-22 22:00:00
95548.2,95828.1,95025.0,95189.4,214709.9,2147.099,204752051.1541,1,2024-12-22 23:00:00
95189.5,95420.0,94337.8,94411.5,366956.9,3669.569,347718725.374,1,2024-12-23 00:00:00
94411.5,95131.0,93766.6,94467.2,678163.4,6781.634,640430208.8936,1,2024-12-23 01:00:00
94467.3,94783.8,93688.1,94729.1,482495.2,4824.952,454603737.6423,1,2024-12-23 02:00:00
94729.1,96029.5,94612.8,96011.0,598781.2,5987.812,571685725.2891,1,2024-12-23 03:00:00
96011.0,96519.5,95635.1,95835.0,528127.6,5281.276,507591812.8625,1,2024-12-23 04:00:00
95834.9,95963.2,95334.3,95612.5,253774.5,2537.745,242720698.6698,1,2024-12-23 05:00:00
95612.5,95655.9,94680.4,94820.0,364302.7,3643.027,346390451.264,1,2024-12-23 06:00:00
94820.0,95594.5,94820.0,95399.8,306334.6,3063.346,291737041.6558,1,2024-12-23 07:00:00
95399.8,95580.5,95029.6,95496.9,206896.7,2068.967,197249239.7357,1,2024-12-23 08:00:00
95496.9,96170.6,95493.3,96003.8,312648.3,3126.483,299995952.7547,1,2024-12-23 09:00:00
96003.8,96430.0,95950.6,96369.9,212965.7,2129.657,204780882.5094,1,2024-12-23 10:00:00
96370.0,96544.7,95818.0,95928.0,230685.2,2306.852,221713922.4128,1,2024-12-23 11:00:00
95928.0,96423.9,95866.7,96310.3,269768.1,2697.681,259491645.7142,1,2024-12-23 12:00:00
96310.2,96364.3,94821.7,94923.4,536939.5,5369.395,512462490.7723,1,2024-12-23 13:00:00
94923.5,95635.2,93720.0,94413.6,1175624.8,11756.248,1112526665.9351,1,2024-12-23 14:00:00
94415.7,94462.8,93101.5,93260.0,1082887.8,10828.878,1013599910.3847,1,2024-12-23 15:00:00
93259.9,94260.0,92906.1,93972.8,859232.1,8592.321,803132274.1263,1,2024-12-23 16:00:00
93972.8,94145.0,93210.4,93376.3,555773.7,5557.737,519967015.9908,1,2024-12-23 17:00:00
93376.4,93750.0,92678.0,92746.1,444439.9,4444.399,413815505.258,1,2024-12-23 18:00:00
92746.1,93699.8,92690.2,93032.3,423030.6,4230.306,394497387.8303,1,2024-12-23 19:00:00
93032.0,93538.3,92500.1,93205.2,594400.5,5944.005,552186776.7489,1,2024-12-23 20:00:00
93207.3,94311.2,93194.5,93953.9,406976.1,4069.761,382344086.1848,1,2024-12-23 21:00:00
93953.9,95176.1,93896.7,95176.1,363439.7,3634.397,343924354.1193,1,2024-12-23 22:00:00
95176.1,95500.0,94671.3,94886.4,336357.5,3363.575,319853089.6565,1,2024-12-23 23:00:00
94886.3,94886.4,94114.6,94549.8,309734.8,3097.348,292587277.4742,1,2024-12-24 00:00:00
94549.8,94668.8,94015.6,94129.0,200842.0,2008.42,189391523.5339,1,2024-12-24 01:00:00
94128.9,94328.0,93552.0,93951.3,345985.8,3459.858,324925692.6184,1,2024-12-24 02:00:00
93951.4,94408.4,93817.4,94351.6,195054.2,1950.542,183614586.3017,1,2024-12-24 03:00:00
94351.7,94432.4,94058.6,94428.5,156150.7,1561.507,147189357.6301,1,2024-12-24 04:00:00
94429.4,94683.7,94317.4,94596.8,193158.0,1931.58,182595395.9893,1,2024-12-24 05:00:00
94596.9,94600.0,93840.0,93933.4,244890.8,2448.908,230768976.4194,1,2024-12-24 06:00:00
93933.4,94320.0,93815.8,94243.5,210288.8,2102.888,197876548.393,1,2024-12-24 07:00:00
94243.4,94647.6,94126.8,94496.5,298579.5,2985.795,282019154.1214,1,2024-12-24 08:00:00
94496.4,94544.6,93950.0,94068.0,201011.8,2010.118,189279769.0545,1,2024-12-24 09:00:00
94068.0,94199.9,93831.3,93975.9,186343.4,1863.434,175107969.521,1,2024-12-24 10:00:00
93975.9,94423.0,93936.3,94387.4,166684.9,1666.849,157102488.5666,1,2024-12-24 11:00:00
94387.4,94411.0,94066.0,94298.9,184083.4,1840.834,173448892.3139,1,2024-12-24 12:00:00
94299.8,96080.4,94285.9,96069.1,798496.0,7984.96,760658225.0255,1,2024-12-24 13:00:00
96069.0,97500.0,95848.0,97442.8,1418935.2,14189.352,1372609150.796,1,2024-12-24 14:00:00
97442.8,98324.6,97224.8,98303.8,1216488.5,12164.885,1189488301.2982,1,2024-12-24 15:00:00
98303.8,98680.0,97970.0,98470.9,820198.4,8201.984,806273244.4872,1,2024-12-24 16:00:00
98470.9,99049.9,98312.1,98795.4,673811.3,6738.113,665065821.568,1,2024-12-24 17:00:00
98795.4,99500.0,98401.4,98600.5,652890.6,6528.906,645801587.2677,1,2024-12-24 18:00:00
98600.4,98728.0,97556.0,97584.0,371701.8,3717.018,364651003.3961,1,2024-12-24 19:00:00
97584.0,98064.9,97196.2,97303.3,446664.5,4466.645,436038636.2836,1,2024-12-24 20:00:00
97303.3,98471.7,97280.0,98400.8,370913.0,3709.13,363691611.6123,1,2024-12-24 21:00:00
98400.8,99102.5,98348.3,98774.3,315642.2,3156.422,311682904.0309,1,2024-12-24 22:00:00
98774.4,99039.8,98505.3,98655.9,160638.1,1606.381,158686161.4406,1,2024-12-24 23:00:00
98655.4,98899.3,98401.4,98418.5,232425.0,2324.25,229212310.7412,1,2024-12-25 00:00:00
98418.6,98611.7,97909.3,98000.7,263796.4,2637.964,259104078.0004,1,2024-12-25 01:00:00
98000.7,98381.5,97732.0,98143.0,241883.5,2418.835,237185133.6121,1,2024-12-25 02:00:00
98143.0,98290.9,97927.3,98042.5,158165.9,1581.659,155187395.8405,1,2024-12-25 03:00:00
98042.5,98367.5,97890.5,98226.1,122385.4,1223.854,120142542.4121,1,2024-12-25 04:00:00
98226.2,98366.0,98150.0,98276.5,72459.4,724.594,71196524.0861,1,2024-12-25 05:00:00
98276.4,98617.4,97851.3,97900.3,233647.6,2336.476,229485371.7774,1,2024-12-25 06:00:00
97900.2,98380.0,97864.8,98101.5,177311.2,1773.112,173961498.5249,1,2024-12-25 07:00:00
98101.6,98288.0,97950.0,98098.0,134122.3,1341.223,131585888.8139,1,2024-12-25 08:00:00
98098.0,98293.0,98024.5,98205.8,98003.5,980.035,96171093.0878,1,2024-12-25 09:00:00
98205.9,99366.8,98138.4,98453.1,752753.9,7527.539,744033374.2323,1,2024-12-25 10:00:00
98453.1,98887.0,97770.0,97919.9,350968.1,3509.681,345419181.8303,1,2024-12-25 11:00:00
97919.9,98647.7,97639.0,98165.7,551360.9,5513.609,540884608.8498,1,2024-12-25 12:00:00
98165.7,98637.5,98116.7,98469.8,250072.7,2500.727,246138657.3864,1,2024-12-25 13:00:00
98469.9,98844.0,98270.5,98709.9,224912.4,2249.124,221855483.6699,1,2024-12-25 14:00:00
98709.9,98736.0,98200.0,98526.4,259410.0,2594.1,255482137.7025,1,2024-12-25 15:00:00
98526.5,98723.6,98155.0,98454.0,238644.2,2386.442,234785222.4779,1,2024-12-25 16:00:00
98454.1,98682.0,98205.4,98584.1,168095.6,1680.956,165491759.8443,1,2024-12-25 17:00:00
98584.2,98996.0,98566.4,98766.4,185723.7,1857.237,183589018.9411,1,2024-12-25 18:00:00
98766.5,99300.0,98742.6,99032.2,187401.7,1874.017,185700640.6567,1,2024-12-25 19:00:00
99032.2,99443.0,98885.4,99156.1,215331.1,2153.311,213575708.9318,1,2024-12-25 20:00:00
99156.2,99599.0,98375.3,98522.7,327239.6,3272.396,323729400.2082,1,2024-12-25 21:00:00
98522.8,99124.9,98440.0,98821.0,153743.2,1537.432,151894649.0113,1,2024-12-25 22:00:00
98821.0,99588.0,98813.5,99430.1,247212.4,2472.124,245421933.3436,1,2024-12-25 23:00:00
99430.0,99995.8,98945.7,99034.6,537548.6,5375.486,535029534.9628,1,2024-12-26 00:00:00
99034.6,99276.1,98564.9,99066.1,308036.6,3080.366,304581806.3087,1,2024-12-26 01:00:00
99066.0,99211.9,98469.7,98749.0,237274.0,2372.74,234554162.2744,1,2024-12-26 02:00:00
98749.0,99168.0,98570.0,98995.3,195407.8,1954.078,193125184.7317,1,2024-12-26 03:00:00
98995.4,98995.4,98233.3,98303.0,342503.4,3425.034,337420394.3211,1,2024-12-26 04:00:00
98303.0,98469.5,98050.4,98372.1,245847.4,2458.474,241581073.8135,1,2024-12-26 05:00:00
98372.1,98478.0,98023.6,98125.7,144461.2,1444.612,141836185.491,1,2024-12-26 06:00:00
98122.6,98308.8,97700.1,97725.5,311896.8,3118.968,305575702.2959,1,2024-12-26 07:00:00
97725.4,97783.2,95616.0,95880.0,1620558.3,16205.583,1564075725.5415,1,2024-12-26 08:00:00
95880.0,95990.6,95314.5,95444.0,587205.1,5872.051,561667972.1202,1,2024-12-26 09:00:00
95443.9,95782.6,95178.6,95507.9,429992.3,4299.923,410399182.7708,1,2024-12-26 10:00:00
95507.8,96039.8,95464.2,95688.0,291838.5,2918.385,279528860.5587,1,2024-12-26 11:00:00
95688.0,95887.2,95442.8,95669.0,247329.3,2473.293,236537586.2051,1,2024-12-26 12:00:00
95669.0,95800.0,95271.9,95697.4,331741.8,3317.418,316822324.2879,1,2024-12-26 13:00:00
95697.2,96284.1,95231.6,95466.9,666892.0,6668.92,638696554.1876,1,2024-12-26 14:00:00
95466.9,96220.0,95255.1,96033.3,469703.5,4697.035,450145317.7994,1,2024-12-26 15:00:00
96030.0,96619.9,95812.0,96509.2,517103.7,5171.037,497724555.6669,1,2024-12-26 16:00:00
96509.3,96547.3,95666.1,95808.1,363176.6,3631.766,348784881.9744,1,2024-12-26 17:00:00
95808.1,95990.2,95483.4,95735.9,199353.4,1993.534,190808887.5114,1,2024-12-26 18:00:00
95736.0,96199.8,95436.0,96103.0,174406.2,1744.062,166963284.729,1,2024-12-26 19:00:00
96103.0,96111.0,95385.0,95592.7,229204.6,2292.046,219205558.8211,1,2024-12-26 20:00:00
95592.7,95937.4,95280.0,95815.9,213669.6,2136.696,204353924.4059,1,2024-12-26 21:00:00
95815.9,95976.6,95635.2,95831.9,89034.2,890.342,85305382.2775,1,2024-12-26 22:00:00
95832.0,95893.5,95370.0,95783.7,163781.1,1637.811,156637238.4501,1,2024-12-26 23:00:00
95784.1,95939.6,95408.8,95795.6,224702.4,2247.024,214994228.228,1,2024-12-27 00:00:00
95795.7,96250.0,95563.0,95922.8,262722.8,2627.228,252119435.4536,1,2024-12-27 01:00:00
95922.8,96461.8,95709.9,96072.0,269351.2,2693.512,258997716.5919,1,2024-12-27 02:00:00
96072.0,96452.0,95989.0,96420.2,236010.1,2360.101,227248963.8424,1,2024-12-27 03:00:00
96420.2,96587.5,96213.8,96297.6,187900.8,1879.008,181203754.9415,1,2024-12-27 04:00:00
96297.7,96339.3,95987.0,96257.2,173808.2,1738.082,167117591.8165,1,2024-12-27 05:00:00
96257.2,96600.0,96123.7,96600.0,152067.1,1520.671,146576833.6706,1,2024-12-27 06:00:00
96600.0,96616.4,94633.3,95115.7,1066784.7,10667.847,1016859612.7352,1,2024-12-27 07:00:00
95115.6,96429.9,95115.6,95728.6,794722.3,7947.223,762223871.7995,1,2024-12-27 08:00:00
95728.6,97592.0,95655.4,96792.2,962912.9,9629.129,933294642.8852,1,2024-12-27 09:00:00
96792.1,97026.1,96181.8,96606.8,383634.8,3836.348,370344353.2392,1,2024-12-27 10:00:00
96606.8,96972.4,96382.9,96951.3,256941.5,2569.415,248322820.8443,1,2024-12-27 11:00:00
96951.3,97088.0,96620.0,96689.1,278621.1,2786.211,269812785.4456,1,2024-12-27 12:00:00
96686.4,96686.4,96268.0,96430.3,245316.8,2453.168,236619397.272,1,2024-12-27 13:00:00
96430.2,96500.0,95164.7,95686.8,724865.2,7248.652,694192704.0147,1,2024-12-27 14:00:00
95686.8,95720.0,94018.0,94571.9,1230529.4,12305.294,1164194202.6147,1,2024-12-27 15:00:00
94571.9,95018.2,94103.7,94178.7,585935.6,5859.356,553627565.7691,1,2024-12-27 16:00:00
94178.6,94364.0,93468.4,94286.5,802406.0,8024.06,753818533.8514,1,2024-12-27 17:00:00
94286.4,94758.7,94215.0,94555.9,318703.8,3187.038,301258989.9054,1,2024-12-27 18:00:00
94554.2,94790.4,94251.0,94743.0,208168.2,2081.682,196691644.2699,1,2024-12-27 19:00:00
94742.9,94769.4,94311.0,94581.4,167908.3,1679.083,158720460.3335,1,2024-12-27 20:00:00
94582.2,94828.8,94380.0,94531.1,160998.5,1609.985,152321420.0548,1,2024-12-27 21:00:00
94531.0,94678.6,94171.2,94425.6,142960.3,1429.603,135020366.5126,1,2024-12-27 22:00:00
94425.6,94529.9,94150.0,94306.4,167045.1,1670.451,157545434.1088,1,2024-12-27 23:00:00
94306.4,94549.0,94264.0,94403.6,143562.6,1435.626,135530306.4705,1,2024-12-28 00:00:00
94403.6,94622.0,94137.5,94540.8,181617.3,1816.173,171419600.5521,1,2024-12-28 01:00:00
94540.8,94620.0,94280.0,94335.4,92154.1,921.541,87076433.801,1,2024-12-28 02:00:00
94335.3,94716.9,94335.3,94577.9,109780.4,1097.804,103833052.0131,1,2024-12-28 03:00:00
94577.9,94642.8,94492.1,94512.0,62848.6,628.486,59437405.7308,1,2024-12-28 04:00:00
94512.0,94789.9,94512.0,94620.0,136477.9,1364.779,129220488.4074,1,2024-12-28 05:00:00
94620.0,94715.0,94396.2,94465.3,121306.7,1213.067,114657416.1315,1,2024-12-28 06:00:00
94465.3,94672.3,94300.1,94380.9,119100.0,1191.0,112506707.0689,1,2024-12-28 07:00:00
94380.9,94541.0,94305.0,94486.2,70294.8,702.948,66386301.761,1,2024-12-28 08:00:00
94486.1,94686.0,94475.5,94568.0,131243.6,1312.436,124175605.0944,1,2024-12-28 09:00:00
94568.0,94709.2,94482.7,94613.4,118333.5,1183.335,111970444.9424,1,2024-12-28 10:00:00
94613.4,94920.9,94581.8,94747.3,190501.9,1905.019,180473968.3606,1,2024-12-28 11:00:00
94747.1,94887.1,94600.1,94601.0,131367.7,1313.677,124443679.327,1,2024-12-28 12:00:00
94600.0,94750.0,94491.6,94668.1,160273.9,1602.739,151688301.2296,1,2024-12-28 13:00:00
94668.0,95360.2,94403.2,94590.5,510971.4,5109.714,484805113.0896,1,2024-12-28 14:00:00
94590.5,94824.0,94366.0,94442.5,206501.1,2065.011,195377264.1896,1,2024-12-28 15:00:00
94442.6,94925.0,94390.0,94870.0,155872.7,1558.727,147576207.6823,1,2024-12-28 16:00:00
94870.0,95248.4,94808.3,95016.5,329185.8,3291.858,312913286.7377,1,2024-12-28 17:00:00
95016.4,95100.0,94710.3,94841.3,129495.2,1294.952,122913661.7189,1,2024-12-28 18:00:00
94841.3,95148.5,94840.0,95027.9,73439.6,734.396,69781597.6448,1,2024-12-28 19:00:00
95028.0,95170.4,94867.1,95082.5,52032.4,520.324,49423647.1681,1,2024-12-28 20:00:00
95082.5,95218.0,94944.5,95155.7,64394.9,643.949,61225301.6724,1,2024-12-28 21:00:00
95155.8,95806.2,95026.6,95320.3,246796.0,2467.96,235541396.0088,1,2024-12-28 22:00:00
95320.3,95432.0,95110.0,95306.3,118892.9,1188.929,113284005.171,1,2024-12-28 23:00:00
95306.3,95349.2,95052.0,95160.2,73156.2,731.562,69616930.0108,1,2024-12-29 00:00:00
95160.2,95219.8,94808.0,94865.1,131196.3,1311.963,124605121.7802,1,2024-12-29 01:00:00
94865.1,95222.0,94850.1,95152.9,119148.1,1191.481,113290197.3389,1,2024-12-29 02:00:00
95152.9,95232.0,94982.4,95174.8,86073.9,860.739,81863515.6641,1,2024-12-29 03:00:00
95174.8,95276.3,95055.0,95127.0,57632.3,576.323,54841013.2127,1,2024-12-29 04:00:00
95127.0,95198.0,95052.4,95115.9,44811.4,448.114,42619621.3459,1,2024-12-29 05:00:00
95115.9,95227.1,94956.0,95178.5,76944.6,769.446,73188758.4308,1,2024-12-29 06:00:00
95178.5,95276.1,95068.7,95271.2,113972.5,1139.725,108478435.4773,1,2024-12-29 07:00:00
95271.3,95315.0,95063.0,95116.5,83934.6,839.346,79871387.8449,1,2024-12-29 08:00:00
95116.5,95211.0,95056.0,95187.7,71494.9,714.949,68018089.7467,1,2024-12-29 09:00:00
95187.8,95280.0,95103.1,95161.4,67273.7,672.737,64031799.8443,1,2024-12-29 10:00:00
95161.4,95187.4,95000.5,95020.1,55377.9,553.779,52658775.5535,1,2024-12-29 11:00:00
95020.1,95138.0,94894.1,94903.3,130857.2,1308.572,124309337.6163,1,2024-12-29 12:00:00
94903.2,95020.0,94700.1,94939.0,139327.4,1393.274,132217917.3251,1,2024-12-29 13:00:00
94939.0,95250.2,94005.1,94616.0,765400.7,7654.007,723482431.4707,1,2024-12-29 14:00:00
94615.9,94798.8,94400.0,94514.8,192022.6,1920.226,181710674.829,1,2024-12-29 15:00:00
94514.9,94583.0,93600.0,93899.9,535313.6,5353.136,503052942.1259,1,2024-12-29 16:00:00
93899.9,94115.0,93800.0,93940.1,152898.9,1528.989,143652297.9827,1,2024-12-29 17:00:00
93940.1,93946.5,93561.6,93656.6,172094.1,1720.941,161304000.362,1,2024-12-29 18:00:00
93656.6,93872.8,93400.0,93605.5,218883.9,2188.839,204846843.1529,1,2024-12-29 19:00:00
93605.5,93869.0,93331.0,93844.1,215068.4,2150.684,201166650.6277,1,2024-12-29 20:00:00
93844.1,93946.0,93068.4,93342.7,344237.5,3442.375,321514451.9879,1,2024-12-29 21:00:00
93342.8,93765.2,93073.6,93144.0,359171.2,3591.712,335193955.1562,1,2024-12-29 22:00:00
93143.9,93870.0,93011.1,93740.0,344531.5,3445.315,321598502.4447,1,2024-12-29 23:00:00
93740.0,93909.6,93500.0,93587.6,253188.1,2531.881,237055670.8298,1,2024-12-30 00:00:00
93587.6,94287.2,93360.3,93939.9,527652.9,5276.529,495028376.2001,1,2024-12-30 01:00:00
93939.9,93950.0,93421.0,93898.5,239532.0,2395.32,224362324.6166,1,2024-12-30 02:00:00
93898.5,94089.9,93646.3,93708.0,229919.7,2299.197,215921192.8157,1,2024-12-30 03:00:00
93708.0,93972.1,93266.3,93280.1,239333.0,2393.33,223930419.446,1,2024-12-30 04:00:00
93280.1,93594.0,93235.0,93594.0,190793.7,1907.937,178159757.7013,1,2024-12-30 05:00:00
93593.9,94050.0,93518.0,93897.0,283226.1,2832.261,265830062.0682,1,2024-12-30 06:00:00
93896.9,93947.4,93330.5,93734.6,241475.1,2414.751,225980253.8821,1,2024-12-30 07:00:00
93734.6,93985.4,93715.8,93845.7,178203.9,1782.039,167247737.8077,1,2024-12-30 08:00:00
93845.6,94035.7,93681.2,93888.5,181368.6,1813.686,170258906.8112,1,2024-12-30 09:00:00
93888.5,94050.0,93721.6,93793.0,148562.6,1485.626,139481771.9147,1,2024-12-30 10:00:00
93793.0,93950.0,93485.4,93933.0,255412.6,2554.126,239329179.4866,1,2024-12-30 11:00:00
93932.9,94279.0,93710.8,93762.5,360422.4,3604.224,338729931.9485,1,2024-12-30 12:00:00
93762.5,93856.1,92551.2,92687.0,1069595.7,10695.957,995472372.656,1,2024-12-30 13:00:00
92687.1,93132.0,91821.7,91885.1,1350468.2,13504.682,1248433432.8732,1,2024-12-30 14:00:00
91885.1,92468.0,91535.5,92118.6,1050220.7,10502.207,964845116.0845,1,2024-12-30 15:00:00
92118.6,92238.1,91810.0,92119.7,372162.9,3721.629,342495531.4968,1,2024-12-30 16:00:00
92119.7,94220.0,91973.0,93836.5,1170412.1,11704.121,1092053922.3502,1,2024-12-30 17:00:00
93836.5,94727.5,93562.8,94594.3,853921.9,8539.219,805926547.5716,1,2024-12-30 18:00:00
94594.3,94630.8,93945.9,94423.9,365977.1,3659.771,345116468.2512,1,2024-12-30 19:00:00
94424.0,95060.0,94287.2,94344.8,471429.1,4714.291,446204199.4532,1,2024-12-30 20:00:00
94344.9,94386.7,91900.1,92073.9,957016.2,9570.162,889865706.9918,1,2024-12-30 21:00:00
92073.9,93042.1,91930.1,92799.9,369411.6,3694.116,341864548.1848,1,2024-12-30 22:00:00
92799.9,92893.3,92383.3,92797.0,233995.0,2339.95,216774561.8722,1,2024-12-30 23:00:00
92796.9,92907.8,92375.3,92469.0,219159.9,2191.599,202984417.3442,1,2024-12-31 00:00:00
92469.0,92603.9,92024.1,92445.2,298704.8,2987.048,275775729.8852,1,2024-12-31 01:00:00
92445.3,92719.8,92292.1,92478.5,149915.0,1499.15,138730816.797,1,2024-12-31 02:00:00
92478.4,92649.4,92240.2,92515.9,210351.2,2103.512,194492133.305,1,2024-12-31 03:00:00
92515.9,92833.0,92366.4,92466.0,179602.6,1796.026,166369713.4271,1,2024-12-31 04:00:00
92466.0,92750.0,92356.6,92602.5,132816.2,1328.162,123001670.998,1,2024-12-31 05:00:00
92602.5,93030.0,92569.7,92816.1,215610.4,2156.104,200126608.2222,1,2024-12-31 06:00:00
92816.1,92897.9,92763.0,92854.1,113663.8,1136.638,105533883.959,1,2024-12-31 07:00:00
92854.1,94767.4,92832.8,93933.3,1267105.6,12671.056,1190654304.3741,1,2024-12-31 08:00:00
93933.3,94180.0,93832.0,94036.7,251430.0,2514.3,236354254.195,1,2024-12-31 09:00:00
94036.7,94282.6,93674.4,94113.3,271839.0,2718.39,255464561.7831,1,2024-12-31 10:00:00
94113.3,94296.0,94000.0,94242.3,139350.6,1393.506,131208748.8538,1,2024-12-31 11:00:00
94242.3,94950.0,94242.3,94543.8,481802.6,4818.026,455903030.9188,1,2024-12-31 12:00:00
94543.9,96103.7,94516.7,95586.7,1188555.6,11885.556,1135311025.6856,1,2024-12-31 13:00:00
95586.6,96289.0,95385.0,95698.4,687965.1,6879.651,658806677.1646,1,2024-12-31 14:00:00
95698.3,96017.9,94921.9,95428.1,794066.3,7940.663,758214014.0788,1,2024-12-31 15:00:00
95428.2,95614.5,94622.0,94870.3,520962.0,5209.62,495257941.9303,1,2024-12-31 16:00:00
94870.3,95075.3,93188.0,94113.0,937674.6,9376.746,881144096.6794,1,2024-12-31 17:00:00
94113.1,94423.0,93780.3,93887.1,448305.0,4483.05,421778635.4804,1,2024-12-31 18:00:00
93887.1,94296.9,93683.6,94181.1,201040.5,2010.405,188987370.6631,1,2024-12-31 19:00:00
94181.0,94229.7,93461.0,93582.4,233963.9,2339.639,219532537.4133,1,2024-12-31 20:00:00
93581.6,93980.0,93522.0,93906.2,131781.7,1317.817,123544091.6299,1,2024-12-31 21:00:00
93906.1,93906.1,93376.0,93500.3,111916.4,1119.164,104799110.448,1,2024-12-31 22:00:00
93500.4,93775.2,93388.1,93579.1,149196.4,1491.964,139604491.8402,1,2024-12-31 23:00:00
93579.1,94500.0,93492.1,94394.8,287625.4,2876.254,270308842.2287,1,2025-01-01 00:00:00
94394.9,94411.1,93570.1,93607.1,224706.0,2247.06,211073678.6978,1,2025-01-01 01:00:00
93607.1,94101.6,93578.7,94097.2,116471.3,1164.713,109322990.0324,1,2025-01-01 02:00:00
94097.2,94099.0,93711.7,93833.1,116184.0,1161.84,109073576.4217,1,2025-01-01 03:00:00
93833.1,93833.1,93525.0,93557.5,123472.4,1234.724,115660146.3886,1,2025-01-01 04:00:00
93557.6,93945.2,93535.1,93780.1,124197.5,1241.975,116465478.2683,1,2025-01-01 05:00:00
93780.1,93790.0,93560.0,93759.9,104663.4,1046.634,98023046.1444,1,2025-01-01 06:00:00
93759.9,93816.1,93642.7,93689.6,74108.9,741.089,69464340.0372,1,2025-01-01 07:00:00
93689.6,93758.0,93270.9,93435.8,197729.4,1977.294,184829707.1762,1,2025-01-01 08:00:00
93435.9,93489.5,92899.1,93406.8,381849.8,3818.498,355817776.6472,1,2025-01-01 09:00:00
93406.7,93550.0,93276.9,93334.2,160533.4,1605.334,149991509.0197,1,2025-01-01 10:00:00
93334.2,93750.0,93191.5,93443.6,225490.7,2254.907,210883369.0711,1,2025-01-01 11:00:00
93443.6,93989.6,93404.0,93825.0,284624.5,2846.245,266848790.3312,1,2025-01-01 12:00:00
93825.0,94073.0,93614.0,94048.3,209232.6,2092.326,196307814.3517,1,2025-01-01 13:00:00
94048.3,94475.0,93685.7,94188.0,572334.9,5723.349,538778838.7868,1,2025-01-01 14:00:00
94188.0,94554.0,93914.4,94459.2,248902.1,2489.021,234614881.4799,1,2025-01-01 15:00:00
94459.1,94519.9,93936.7,94111.5,197670.4,1976.704,186165953.3086,1,2025-01-01 16:00:00
94111.4,94206.7,93777.0,94155.0,166306.5,1663.065,156279925.7176,1,2025-01-01 17:00:00
94155.0,94391.9,93953.0,94342.3,117018.6,1170.186,110267144.7201,1,2025-01-01 18:00:00
94342.3,94834.0,94155.0,94629.9,203111.2,2031.112,192010370.9119,1,2025-01-01 19:00:00
94629.9,94876.5,94589.0,94787.7,116721.6,1167.216,110601356.1444,1,2025-01-01 20:00:00
94787.7,95203.7,94689.7,94980.0,196662.5,1966.625,186684750.4437,1,2025-01-01 21:00:00
94979.9,95000.0,94690.0,94802.4,159483.5,1594.835,151235059.5396,1,2025-01-01 22:00:00
94802.4,94959.1,94534.2,94600.0,210978.6,2109.786,199778892.6071,1,2025-01-01 23:00:00
94600.0,95390.0,94405.2,95127.9,404966.9,4049.669,384529998.201,1,2025-01-02 00:00:00
95127.9,95549.8,94732.2,94879.7,346083.1,3460.831,329410869.4634,1,2025-01-02 01:00:00
94879.8,95254.3,94815.3,95250.7,197161.8,1971.618,187389186.1891,1,2025-01-02 02:00:00
95250.6,95312.1,94920.2,95016.6,117127.3,1171.273,111366211.7953,1,2025-01-02 03:00:00
95016.6,96035.1,95000.0,95719.0,494543.2,4945.432,472908468.481,1,2025-01-02 04:00:00
95719.0,95817.2,95400.0,95612.0,296460.3,2964.603,283424112.316,1,2025-01-02 05:00:00
95612.0,95724.1,95368.6,95597.8,173835.5,1738.355,166033607.5822,1,2025-01-02 06:00:00
95597.8,95894.9,95508.7,95838.0,183804.4,1838.044,176042247.2467,1,2025-01-02 07:00:00
95838.0,96241.8,95630.9,96140.0,375426.6,3754.266,360161277.4451,1,2025-01-02 08:00:00
96140.0,96836.0,96032.5,96736.3,458925.0,4589.25,442456836.0142,1,2025-01-02 09:00:00
96741.8,96806.9,96526.0,96718.9,243375.1,2433.751,235266678.496,1,2025-01-02 10:00:00
96718.9,96888.0,96464.5,96735.9,232637.2,2326.372,224926958.5064,1,2025-01-02 11:00:00
96736.0,96933.2,96593.3,96853.3,275586.6,2755.866,266640509.9774,1,2025-01-02 12:00:00
96853.4,96999.0,96432.0,96459.4,338660.3,3386.603,327448865.3734,1,2025-01-02 13:00:00
96459.4,97440.0,95921.6,97247.6,1319016.5,13190.165,1275797873.9625,1,2025-01-02 14:00:00
97245.4,97309.2,96140.0,96463.2,641486.9,6414.869,620225803.6261,1,2025-01-02 15:00:00
96463.3,97666.6,96016.1,97235.2,749280.9,7492.809,727806738.5557,1,2025-01-02 16:00:00
97235.2,97590.0,96333.0,96767.6,527424.0,5274.24,510832463.9806,1,2025-01-02 17:00:00
96767.5,97368.3,96405.0,97328.5,364945.6,3649.456,353756707.8362,1,2025-01-02 18:00:00
97328.5,97799.9,97200.0,97327.9,350851.2,3508.512,342133024.8298,1,2025-01-02 19:00:00
97327.9,97850.0,97294.4,97306.3,331719.7,3317.197,323716543.1387,1,2025-01-02 20:00:00
97306.4,97364.6,97051.0,97219.2,119847.0,1198.47,116496671.7185,1,2025-01-02 21:00:00
97219.2,97219.3,96681.1,96912.5,177640.2,1776.402,172170871.7359,1,2025-01-02 22:00:00
96912.5,97100.0,96788.1,97010.0,153478.5,1534.785,148771990.1431,1,2025-01-02 23:00:00
97010.0,97089.9,96800.4,96845.6,144163.4,1441.634,139764184.441,1,2025-01-03 00:00:00
96845.5,97030.9,96666.8,97000.1,141146.3,1411.463,136671368.2793,1,2025-01-03 01:00:00
97000.0,97368.4,96852.8,96973.6,215349.9,2153.499,209179172.1278,1,2025-01-03 02:00:00
96973.6,97118.3,96827.6,97070.2,81438.7,814.387,78975506.0823,1,2025-01-03 03:00:00
97070.3,97082.1,96755.0,96817.3,149392.0,1493.92,144740555.1025,1,2025-01-03 04:00:00
96817.3,96872.4,96588.8,96771.7,169403.6,1694.036,163836836.9553,1,2025-01-03 05:00:00
96771.8,96938.6,96501.1,96553.4,158908.7,1589.087,153675075.3544,1,2025-01-03 06:00:00
96553.4,96666.7,96298.1,96334.0,289772.0,2897.72,279463774.3268,1,2025-01-03 07:00:00
96334.0,96545.5,96123.0,96144.1,287261.6,2872.616,276636402.8204,1,2025-01-03 08:00:00
96144.1,96730.0,96121.0,96566.0,247667.3,2476.673,239023322.1474,1,2025-01-03 09:00:00
96566.0,96663.5,96416.4,96502.3,103357.8,1033.578,99763426.9992,1,2025-01-03 10:00:00
96502.2,96849.0,96497.1,96765.5,176582.3,1765.823,170779425.5448,1,2025-01-03 11:00:00
96765.6,96936.0,96660.0,96660.0,199469.8,1994.698,193086844.5847,1,2025-01-03 12:00:00
96660.0,96850.2,96480.0,96518.2,233658.0,2336.58,225762926.9906,1,2025-01-03 13:00:00
96518.2,97358.0,96503.3,97026.7,618978.2,6189.782,600252419.6331,1,2025-01-03 14:00:00
97026.7,97677.1,96760.0,97513.6,635826.3,6358.263,618597193.3559,1,2025-01-03 15:00:00
97513.6,98447.9,97400.0,97864.9,743512.3,7435.123,728683033.0977,1,2025-01-03 16:00:00
97864.9,98296.9,97823.4,98022.8,221900.6,2219.006,217629975.9821,1,2025-01-03 17:00:00
98022.8,98699.8,97990.0,98530.3,324754.2,3247.542,319630311.4874,1,2025-01-03 18:00:00
98530.3,98986.0,98479.4,98597.3,313610.4,3136.104,309696791.9851,1,2025-01-03 19:00:00
98597.3,98766.1,98300.0,98303.9,239550.0,2395.5,235954375.9856,1,2025-01-03 20:00:00
98303.9,98431.5,98188.0,98263.1,124387.1,1243.871,122248765.4283,1,2025-01-03 21:00:00
98263.1,98539.9,98245.8,98310.2,72237.8,722.378,71070211.1331,1,2025-01-03 22:00:00
98312.0,98395.0,98076.5,98195.2,124572.7,1245.727,122349908.2973,1,2025-01-03 23:00:00
98195.3,98308.8,97906.8,97968.6,194302.0,1943.02,190585492.8277,1,2025-01-04 00:00:00
97968.6,98122.4,97800.6,98034.9,139881.5,1398.815,137019500.6797,1,2025-01-04 01:00:00
98035.0,98317.7,97850.0,98309.1,126470.3,1264.703,124036563.8065,1,2025-01-04 02:00:00
98309.2,98309.2,98043.2,98193.9,97232.0,972.32,95461856.4712,1,2025-01-04 03:00:00
98193.8,98193.9,97877.0,98018.5,110098.2,1100.982,107888658.5475,1,2025-01-04 04:00:00
98018.5,98200.0,98000.0,98122.7,94087.6,940.876,92310693.6129,1,2025-01-04 05:00:00
98122.7,98222.0,98050.0,98139.8,55959.5,559.595,54899495.9585,1,2025-01-04 06:00:00
98139.9,98369.4,98073.6,98275.0,124649.6,1246.496,122448748.0608,1,2025-01-04 07:00:00
98275.1,98303.9,97900.0,97912.9,126539.9,1265.399,124125601.9415,1,2025-01-04 08:00:00
97913.0,97996.0,97556.0,97706.1,259354.1,2593.541,253639960.8591,1,2025-01-04 09:00:00
97706.0,97876.3,97612.2,97797.6,143044.6,1430.446,139819160.4473,1,2025-01-04 10:00:00
97797.7,97952.6,97685.9,97899.9,134715.6,1347.156,131764519.7696,1,2025-01-04 11:00:00
97899.9,98024.6,97768.0,97896.0,190536.8,1905.368,186525291.151,1,2025-01-04 12:00:00
97896.1,98078.9,97750.1,97978.4,146786.7,1467.867,143718865.8953,1,2025-01-04 13:00:00
97978.4,98074.0,97822.8,98033.4,121979.3,1219.793,119512509.1722,1,2025-01-04 14:00:00
98033.5,98173.1,97522.0,97660.2,308709.0,3087.09,301817881.8175,1,2025-01-04 15:00:00
97660.2,97872.0,97581.5,97722.6,130686.5,1306.865,127704449.5233,1,2025-01-04 16:00:00
97722.7,98063.0,97695.0,98035.5,91987.0,919.87,90027690.839,1,2025-01-04 17:00:00
98035.6,98166.4,97909.3,97978.8,109871.6,1098.716,107722870.0044,1,2025-01-04 18:00:00
97978.8,98384.9,97934.7,98173.9,124674.7,1246.747,122432838.0552,1,2025-01-04 19:00:00
98173.9,98694.6,98173.9,98614.2,186003.6,1860.036,183151631.5361,1,2025-01-04 20:00:00
98614.2,98799.9,98336.4,98379.0,132297.7,1322.977,130377795.6848,1,2025-01-04 21:00:00
98379.0,98499.8,98261.6,98420.5,49111.9,491.119,48315706.857,1,2025-01-04 22:00:00
98420.5,98435.0,98143.5,98220.8,77351.4,773.514,76002996.7895,1,2025-01-04 23:00:00
98222.0,98408.1,98153.0,98226.4,65315.3,653.153,64195850.8997,1,2025-01-05 00:00:00
98226.4,98339.3,98043.5,98140.0,85493.6,854.936,83918298.2316,1,2025-01-05 01:00:00
98139.9,98243.6,98110.0,98243.6,56097.3,560.973,55073003.922,1,2025-01-05 02:00:00
98243.6,98247.0,98068.9,98197.7,52415.0,524.15,51447955.4389,1,2025-01-05 03:00:00
98197.7,98559.9,98197.7,98376.0,155627.2,1556.272,153135154.8905,1,2025-01-05 04:00:00
98375.9,98517.9,98270.0,98350.5,72890.2,728.902,71704016.0923,1,2025-01-05 05:00:00
98350.5,98503.8,98297.9,98458.1,59409.8,594.098,58452937.2038,1,2025-01-05 06:00:00
98458.1,98477.2,98258.8,98258.8,57902.8,579.028,56955655.5924,1,2025-01-05 07:00:00
98258.9,98258.9,97753.0,97860.2,341705.2,3417.052,334722497.0149,1,2025-01-05 08:00:00
97860.1,97947.0,97625.2,97650.0,169277.1,1692.771,165535361.4281,1,2025-01-05 09:00:00
97649.9,97793.6,97583.0,97737.6,151537.9,1515.379,148033637.9853,1,2025-01-05 10:00:00
97737.6,97832.0,97610.3,97636.1,98103.5,981.035,95859135.2305,1,2025-01-05 11:00:00
97636.1,97958.6,97555.9,97755.6,178749.8,1787.498,174770197.2899,1,2025-01-05 12:00:00
97755.7,98035.1,97670.0,97689.0,115014.5,1150.145,112558019.7102,1,2025-01-05 13:00:00
97689.1,97977.2,97262.2,97855.6,423893.2,4238.932,413436071.9441,1,2025-01-05 14:00:00
97855.6,98291.3,97700.0,98029.9,297882.3,2978.823,292052487.3273,1,2025-01-05 15:00:00
98029.9,98342.0,97907.0,98036.6,204354.4,2043.544,200470860.9905,1,2025-01-05 16:00:00
98036.7,98088.5,97666.0,97744.9,135665.4,1356.654,132760393.0305,1,2025-01-05 17:00:00
97744.9,97953.3,97570.3,97927.1,137448.2,1374.482,134332056.183,1,2025-01-05 18:00:00
97927.1,98142.2,97854.1,98087.9,83868.1,838.681,82211412.396,1,2025-01-05 19:00:00
98087.9,98700.0,98024.9,98288.3,262959.2,2629.592,258702344.3912,1,2025-01-05 20:00:00
98288.3,98534.0,98223.7,98508.0,69140.4,691.404,68025128.5127,1,2025-01-05 21:00:00
98508.0,98750.0,98340.2,98687.4,161895.6,1618.956,159593624.8327,1,2025-01-05 22:00:00
98687.5,98850.0,98311.9,98369.5,198311.9,1983.119,195514146.4151,1,2025-01-05 23:00:00
98369.6,98789.4,98196.6,98224.5,242761.4,2427.614,239011796.9291,1,2025-01-06 00:00:00
98224.6,98838.8,97930.0,98764.1,337023.1,3370.231,331426893.1041,1,2025-01-06 01:00:00
98764.1,99400.0,98649.2,98828.4,757025.5,7570.255,749520752.3634,1,2025-01-06 02:00:00
98828.3,99248.9,98762.6,99037.9,161335.1,1613.351,159818521.7372,1,2025-01-06 03:00:00
99038.0,99508.6,99038.0,99473.6,315257.9,3152.579,313144873.7081,1,2025-01-06 04:00:00
99473.6,99924.5,99408.9,99615.9,469805.9,4698.059,468352489.5379,1,2025-01-06 05:00:00
99615.9,99770.0,99399.3,99500.0,273400.0,2734.0,272204803.1215,1,2025-01-06 06:00:00
99500.1,99538.9,99159.4,99317.8,241091.4,2410.914,239500703.4628,1,2025-01-06 07:00:00
99317.8,99644.8,99000.1,99060.0,298307.0,2983.07,296179449.5553,1,2025-01-06 08:00:00
99060.0,99273.0,98950.4,99021.9,149430.9,1494.309,148090532.5543,1,2025-01-06 09:00:00
99021.9,99086.4,98700.0,98777.5,261872.8,2618.728,258909623.177,1,2025-01-06 10:00:00
98777.4,99415.6,98700.1,99259.6,276908.2,2769.082,274420121.0046,1,2025-01-06 11:00:00
99259.6,99736.4,99134.8,99157.9,306571.5,3065.715,304829991.2653,1,2025-01-06 12:00:00
99157.9,99580.0,98900.0,99495.9,288565.7,2885.657,286230660.7974,1,2025-01-06 13:00:00
99495.8,101321.7,98712.0,100728.9,1779281.2,17792.812,1781812419.1729,1,2025-01-06 14:00:00
100728.9,102490.8,100480.0,102149.8,1677380.1,16773.801,1704286247.6123,1,2025-01-06 15:00:00
102149.9,102489.0,101712.1,102160.8,938993.1,9389.931,959425471.8129,1,2025-01-06 16:00:00
102160.8,102160.9,101236.6,101831.9,561067.5,5610.675,570752257.185,1,2025-01-06 17:00:00
101832.0,102062.2,101563.6,101745.0,233102.8,2331.028,237480683.1568,1,2025-01-06 18:00:00
101745.1,102034.7,101627.7,101806.2,136215.9,1362.159,138745738.1616,1,2025-01-06 19:00:00
101806.2,102339.1,101800.0,102105.2,332138.9,3321.389,339043949.8865,1,2025-01-06 20:00:00
102105.2,102330.0,101574.0,101608.0,182591.0,1825.91,186166066.9865,1,2025-01-06 21:00:00
101608.0,102089.7,101600.6,102000.8,108992.4,1089.924,111020644.8144,1,2025-01-06 22:00:00
102000.8,102240.3,101884.8,102223.3,94729.8,947.298,96703651.4053,1,2025-01-06 23:00:00
102223.2,102817.8,101941.2,102039.6,495923.7,4959.237,507821604.7061,1,2025-01-07 00:00:00
102039.7,102068.9,101688.0,101916.6,199925.1,1999.251,203667961.5387,1,2025-01-07 01:00:00
101916.5,102027.5,101642.4,101672.1,205850.7,2058.507,209620291.3936,1,2025-01-07 02:00:00
101672.1,101824.0,101507.0,101700.0,193819.3,1938.193,197085537.2553,1,2025-01-07 03:00:00
101700.1,101916.4,101650.0,101650.1,106283.1,1062.831,108198851.8631,1,2025-01-07 04:00:00
101650.0,101794.1,101572.2,101730.1,134780.9,1347.809,137056517.722,1,2025-01-07 05:00:00
101730.1,101890.0,101636.9,101813.1,108542.9,1085.429,110475284.0933,1,2025-01-07 06:00:00
101813.0,102018.7,101642.7,101687.8,162667.8,1626.678,165609185.7442,1,2025-01-07 07:00:00
101687.9,102013.8,101625.6,101903.2,155389.3,1553.893,158209496.7159,1,2025-01-07 08:00:00
101903.3,101930.0,101650.0,101729.4,112979.1,1129.791,114957230.6061,1,2025-01-07 09:00:00
101729.4,101729.4,101380.1,101420.0,287592.5,2875.925,291951858.2171,1,2025-01-07 10:00:00
101420.0,101478.0,100501.0,100854.4,866449.1,8664.491,874533728.9938,1,2025-01-07 11:00:00
100854.5,100992.0,100644.0,100770.1,358635.9,3586.359,361608327.9699,1,2025-01-07 12:00:00
100770.1,100960.0,100610.0,100640.3,251283.9,2512.839,253185601.9421,1,2025-01-07 13:00:00
100640.2,100885.0,99745.8,99998.7,1006458.7,10064.587,1010027711.7837,1,2025-01-07 14:00:00
99998.6,100160.0,97156.6,97932.1,3875305.3,38753.053,3814507788.8612,1,2025-01-07 15:00:00
97932.1,98350.0,97578.0,97732.1,955092.8,9550.928,935443742.4754,1,2025-01-07 16:00:00
97732.2,97800.0,96500.1,97266.7,1204081.4,12040.814,1170086500.9434,1,2025-01-07 17:00:00
97266.7,97540.0,96600.1,96760.1,503721.5,5037.215,488886584.8375,1,2025-01-07 18:00:00
96760.0,97198.0,96300.0,96464.7,538551.1,5385.511,520783650.9565,1,2025-01-07 19:00:00
96464.7,96866.0,96167.1,96531.5,575309.0,5753.09,554822833.5936,1,2025-01-07 20:00:00
96531.4,97080.0,96373.4,96487.0,361394.6,3613.946,349666943.8534,1,2025-01-07 21:00:00
96487.0,97217.3,96386.5,97156.1,207393.7,2073.937,201021461.6154,1,2025-01-07 22:00:00
97156.1,97165.0,96772.6,96944.0,193454.5,1934.545,187578419.0363,1,2025-01-07 23:00:00
96944.0,97260.0,96691.8,97251.7,265210.3,2652.103,257222012.6619,1,2025-01-08 00:00:00
97251.8,97251.8,96612.6,96908.4,212765.4,2127.654,206157605.7881,1,2025-01-08 01:00:00
96908.5,97176.0,96776.8,96866.2,201883.9,2018.839,195879831.2224,1,2025-01-08 02:00:00
96866.2,96866.2,96228.0,96540.5,469305.3,4693.053,452897029.3694,1,2025-01-08 03:00:00
96540.5,96649.9,96005.2,96288.1,385441.5,3854.415,371226583.5077,1,2025-01-08 04:00:00
96288.1,96661.9,96101.7,96493.0,242076.0,2420.76,233507593.1933,1,2025-01-08 05:00:00
96493.0,96648.0,95262.4,95293.5,858504.5,8585.045,821748451.6444,1,2025-01-08 06:00:00
95293.4,95816.5,95251.4,95657.1,387250.4,3872.504,369975545.9557,1,2025-01-08 07:00:00
95657.0,96143.1,95516.3,95940.5,283181.3,2831.813,271501118.8325,1,2025-01-08 08:00:00
95940.4,96100.0,95400.0,95425.5,284121.0,2841.21,272175169.9415,1,2025-01-08 09:00:00
95425.6,95993.0,95384.9,95946.3,308647.3,3086.473,295346558.2167,1,2025-01-08 10:00:00
95946.4,96100.0,94532.0,95139.6,864220.4,8642.204,821933212.3001,1,2025-01-08 11:00:00
95139.7,95382.6,94856.0,94892.0,348127.8,3481.278,331123524.9546,1,2025-01-08 12:00:00
94892.0,95678.0,94891.9,95378.2,467200.1,4672.001,445693826.1051,1,2025-01-08 13:00:00
95378.2,95875.4,94890.0,95294.8,661741.1,6617.411,630869355.7327,1,2025-01-08 14:00:00
95294.7,96079.9,94618.3,95492.3,975097.2,9750.972,928667748.3126,1,2025-01-08 15:00:00
95492.3,95492.9,94558.0,94788.0,436660.2,4366.602,414578557.8383,1,2025-01-08 16:00:00
94788.1,94865.1,92500.0,94009.0,1921052.0,19210.52,1798218652.5931,1,2025-01-08 17:00:00
94008.9,95110.0,93750.0,94240.0,739938.7,7399.387,698680163.6485,1,2025-01-08 18:00:00
94240.0,94857.1,94051.1,94246.7,409305.3,4093.053,386469434.1791,1,2025-01-08 19:00:00
94244.6,94409.1,93751.6,93983.1,263709.7,2637.097,248025050.6029,1,2025-01-08 20:00:00
93985.0,94577.0,93592.1,94450.3,235724.1,2357.241,221891943.9718,1,2025-01-08 21:00:00
94450.4,95280.0,94440.5,95280.0,236211.0,2362.11,224165842.1256,1,2025-01-08 22:00:00
95279.9,95285.7,94885.7,95050.1,111195.2,1111.952,105695708.8669,1,2025-01-08 23:00:00
95050.0,95157.2,94800.0,95142.1,143901.8,1439.018,136666004.502,1,2025-01-09 00:00:00
95142.0,95396.7,94970.1,94992.0,177892.4,1778.924,169292265.5831,1,2025-01-09 01:00:00
94992.0,95040.0,93442.6,94777.5,1151654.5,11516.545,1085288848.12,1,2025-01-09 02:00:00
94777.5,94800.0,94030.0,94030.4,320011.0,3200.11,301680823.2636,1,2025-01-09 03:00:00
94030.4,94500.0,93804.9,94414.6,247211.7,2472.117,232669553.246,1,2025-01-09 04:00:00
94414.6,94570.0,94276.1,94473.1,96544.1,965.441,91170650.5231,1,2025-01-09 05:00:00
94473.2,94623.9,94023.6,94101.0,179099.7,1790.997,168921344.6,1,2025-01-09 06:00:00
94100.9,94311.1,93165.0,93238.5,478405.5,4784.055,447805521.9872,1,2025-01-09 07:00:00
93238.4,93402.2,92734.5,93041.9,737113.0,7371.13,685960502.4517,1,2025-01-09 08:00:00
93042.0,93728.6,92982.2,93511.7,273694.1,2736.941,255776159.8183,1,2025-01-09 09:00:00
93511.7,93660.0,93004.1,93451.9,234024.3,2340.243,218417137.9669,1,2025-01-09 10:00:00
93451.8,93883.3,93210.0,93455.9,277430.4,2774.304,259560939.5104,1,2025-01-09 11:00:00
93456.0,93690.0,93160.0,93418.0,194770.3,1947.703,182035512.8925,1,2025-01-09 12:00:00
93418.1,93486.0,91888.0,91991.9,994128.5,9941.285,919213206.5178,1,2025-01-09 13:00:00
91992.0,92899.8,91777.8,92859.9,660481.7,6604.817,609933290.8219,1,2025-01-09 14:00:00
92859.9,94586.0,92666.0,94244.1,905214.0,9052.14,847593841.6869,1,2025-01-09 15:00:00
94242.8,94698.9,93839.6,94252.1,597602.0,5976.02,563051491.2103,1,2025-01-09 16:00:00
94252.2,94293.6,92327.0,92698.0,640646.6,6406.466,596938912.8221,1,2025-01-09 17:00:00
92698.0,93236.0,92404.2,93017.7,506255.0,5062.55,469907057.0637,1,2025-01-09 18:00:00
93017.7,93318.5,91900.2,91907.8,512209.4,5122.094,474019336.6723,1,2025-01-09 19:00:00
91907.5,92381.0,91201.0,91903.3,922224.4,9222.244,845489190.5809,1,2025-01-09 20:00:00
91903.3,92498.6,91800.0,92113.2,304968.6,3049.686,281050171.0706,1,2025-01-09 21:00:00
92113.2,92718.0,91619.6,92449.9,256411.3,2564.113,236579375.4193,1,2025-01-09 22:00:00
92450.0,92693.9,92002.0,92554.9,270493.3,2704.933,249771028.5568,1,2025-01-09 23:00:00
92554.8,92853.4,92463.4,92778.2,255869.8,2558.698,237058957.6369,1,2025-01-10 00:00:00
92778.1,93171.8,92590.9,93109.9,236965.7,2369.657,220111773.4906,1,2025-01-10 01:00:00
93110.0,93722.0,93032.1,93360.7,296123.4,2961.234,276501419.2009,1,2025-01-10 02:00:00
93360.8,93743.4,93307.7,93708.4,156531.5,1565.315,146420551.4753,1,2025-01-10 03:00:00
93708.5,93935.8,93494.9,93832.1,215708.6,2157.086,202130046.7536,1,2025-01-10 04:00:00
93832.1,94266.0,93642.4,93976.1,283700.0,2837.0,266622354.3992,1,2025-01-10 05:00:00
93976.2,94338.0,93732.2,94251.9,266942.9,2669.429,251004544.2443,1,2025-01-10 06:00:00
94254.0,94988.0,94067.8,94498.2,566202.0,5662.02,535517890.1996,1,2025-01-10 07:00:00
94498.1,94758.4,94380.4,94670.3,248473.2,2484.732,235040696.6904,1,2025-01-10 08:00:00
94670.4,94967.2,94566.8,94786.4,242525.6,2425.256,229987328.0031,1,2025-01-10 09:00:00
94786.4,95279.7,94738.9,95200.0,275450.1,2754.501,261644866.534,1,2025-01-10 10:00:00
95200.1,95242.2,94607.0,95072.9,319127.6,3191.276,302842341.1502,1,2025-01-10 11:00:00
95072.9,95121.0,94709.7,95027.8,229872.5,2298.725,218204119.382,1,2025-01-10 12:00:00
95027.9,95032.0,92748.5,93571.9,1829678.5,18296.785,1714274388.1446,1,2025-01-10 13:00:00
93568.1,94717.6,93420.2,94120.0,1078548.4,10785.484,1014824440.6132,1,2025-01-10 14:00:00
94112.0,94538.9,92222.0,93746.2,1643129.1,16431.291,1534563489.2372,1,2025-01-10 15:00:00
93746.2,94050.9,93194.7,93661.9,658741.3,6587.413,616808096.0909,1,2025-01-10 16:00:00
93662.0,95854.9,93333.0,95800.4,1002686.6,10026.866,949627165.3896,1,2025-01-10 17:00:00
95800.4,95800.5,94582.5,94864.0,595716.5,5957.165,567167730.288,1,2025-01-10 18:00:00
94864.0,95385.0,94403.0,95320.0,321176.9,3211.769,304882787.7833,1,2025-01-10 19:00:00
95319.9,95454.5,94580.0,94668.1,328671.6,3286.716,311932284.4117,1,2025-01-10 20:00:00
94675.0,94939.1,94601.3,94632.8,179310.6,1793.106,169891523.9956,1,2025-01-10 21:00:00
94632.7,95021.3,94591.5,94780.9,166710.2,1667.102,157913623.4248,1,2025-01-10 22:00:00
94781.0,94906.7,94659.6,94728.6,79489.5,794.895,75339993.7128,1,2025-01-10 23:00:00
94728.5,94755.4,94355.9,94603.1,158235.8,1582.358,149573085.1224,1,2025-01-11 00:00:00
94603.0,94710.7,94221.3,94441.4,125942.7,1259.427,118960308.6188,1,2025-01-11 01:00:00
94441.4,94500.0,94169.2,94426.0,117785.0,1177.85,111110647.8175,1,2025-01-11 02:00:00
94426.0,94439.5,94083.9,94214.2,152134.7,1521.347,143357226.2339,1,2025-01-11 03:00:00
94214.2,94324.9,93840.8,94068.0,166851.5,1668.515,156892807.1742,1,2025-01-11 04:00:00
94068.1,94383.6,94014.1,94358.5,126233.7,1262.337,118962883.3772,1,2025-01-11 05:00:00
94358.6,94442.0,94205.1,94205.3,88666.0,886.66,83659216.803,1,2025-01-11 06:00:00
94205.2,94348.8,94139.3,94257.9,63240.8,632.408,59592812.1071,1,2025-01-11 07:00:00
94257.9,94418.9,94023.1,94078.0,130433.4,1304.334,122911159.1972,1,2025-01-11 08:00:00
94078.0,94350.5,94049.0,94350.4,91247.7,912.477,85977019.1254,1,2025-01-11 09:00:00
94350.4,94537.9,94310.4,94496.3,104560.3,1045.603,98738137.39,1,2025-01-11 10:00:00
94496.3,94822.3,94455.3,94632.0,179084.0,1790.84,169505828.0752,1,2025-01-11 11:00:00
94631.9,94668.3,94525.7,94558.6,82999.3,829.993,78505845.4999,1,2025-01-11 12:00:00
94558.6,94626.2,94336.5,94400.0,141908.1,1419.081,134024994.1969,1,2025-01-11 13:00:00
94400.0,94653.1,94304.0,94617.9,140044.4,1400.444,132336968.3013,1,2025-01-11 14:00:00
94617.9,94659.0,94371.1,94414.1,79301.7,793.017,74919134.9853,1,2025-01-11 15:00:00
94414.1,94739.9,94311.6,94451.4,145824.5,1458.245,137835657.3764,1,2025-01-11 16:00:00
94451.4,94452.0,93977.1,94172.2,208511.9,2085.119,196409221.7634,1,2025-01-11 17:00:00
94174.7,94324.3,94119.7,94279.7,56266.3,562.663,53019659.4846,1,2025-01-11 18:00:00
94279.7,94349.1,94080.0,94246.4,57038.4,570.384,53738199.2251,1,2025-01-11 19:00:00
94246.4,94688.0,94196.0,94606.6,114630.6,1146.306,108299775.2167,1,2025-01-11 20:00:00
94606.6,95045.0,94572.8,94939.6,180930.5,1809.305,171536713.9625,1,2025-01-11 21:00:00
94939.7,94999.3,94560.1,94595.6,93072.8,930.728,88183102.2736,1,2025-01-11 22:00:00
94595.7,94779.8,94541.1,94615.1,93413.5,934.135,88412526.9965,1,2025-01-11 23:00:00
94615.1,94670.5,94413.0,94462.1,88517.9,885.179,83682919.8977,1,2025-01-12 00:00:00
94462.0,94617.3,94315.7,94596.2,85926.5,859.265,81159290.0089,1,2025-01-12 01:00:00
94596.2,94689.9,94500.0,94641.5,53008.6,530.086,50140464.3635,1,2025-01-12 02:00:00
94641.6,94717.3,94425.8,94646.3,102633.6,1026.336,97059726.4547,1,2025-01-12 03:00:00
94646.2,94668.8,94500.0,94580.6,77707.6,777.076,73507453.73,1,2025-01-12 04:00:00
94580.6,94634.6,94500.9,94575.4,35472.5,354.725,33546717.1405,1,2025-01-12 05:00:00
94575.3,94628.4,94352.4,94367.5,74896.2,748.962,70749952.1144,1,2025-01-12 06:00:00
94367.5,94449.1,94262.1,94337.5,87339.2,873.392,82406475.7619,1,2025-01-12 07:00:00
94337.5,94408.8,94111.0,94177.8,113866.6,1138.666,107300930.435,1,2025-01-12 08:00:00
94177.7,94235.9,93701.0,93908.1,251078.9,2510.789,235863135.7821,1,2025-01-12 09:00:00
93908.1,94069.7,93825.7,94016.2,140850.7,1408.507,132334572.2026,1,2025-01-12 10:00:00
94016.2,94369.6,94006.9,94259.2,153909.9,1539.099,145030438.1899,1,2025-01-12 11:00:00
94259.2,94630.0,94176.0,94335.5,180004.2,1800.042,169992242.5891,1,2025-01-12 12:00:00
94335.5,94751.9,94300.1,94681.4,246074.3,2460.743,232838471.3545,1,2025-01-12 13:00:00
94681.5,95011.0,94681.4,94819.9,222069.4,2220.694,210693727.1064,1,2025-01-12 14:00:00
94820.0,95482.3,94686.0,95080.7,412791.2,4127.912,392828231.9144,1,2025-01-12 15:00:00
95082.0,95147.5,94809.5,95065.0,173962.1,1739.621,165218540.7106,1,2025-01-12 16:00:00
95065.0,95290.1,94973.6,95136.2,121951.0,1219.51,116040397.9833,1,2025-01-12 17:00:00
95136.1,95317.8,94900.3,94994.7,88096.6,880.966,83779395.1325,1,2025-01-12 18:00:00
94994.7,95072.9,94568.5,94663.3,114851.4,1148.514,108840846.5355,1,2025-01-12 19:00:00
94663.2,94809.3,94606.8,94697.8,52955.1,529.551,50161713.3497,1,2025-01-12 20:00:00
94697.8,94736.0,94290.9,94338.3,153797.2,1537.972,145301988.5096,1,2025-01-12 21:00:00
94338.2,94365.2,93790.6,93964.2,268797.6,2687.976,252774566.364,1,2025-01-12 22:00:00
93964.2,94580.0,93943.0,94550.0,234123.6,2341.236,220728610.9064,1,2025-01-12 23:00:00
94550.0,95970.0,94454.8,95337.6,683114.9,6831.149,651849794.4236,1,2025-01-13 00:00:00
95337.6,95429.8,94076.0,94220.0,666757.1,6667.571,631529309.3868,1,2025-01-13 01:00:00
94220.1,94515.0,93900.0,94218.0,476481.4,4764.814,448740387.5128,1,2025-01-13 02:00:00
94218.1,94433.6,93968.9,94261.4,220219.7,2202.197,207470376.146,1,2025-01-13 03:00:00
94261.3,94930.0,94191.0,94505.9,453839.0,4538.39,429329346.5142,1,2025-01-13 04:00:00
94505.9,94547.1,94037.6,94180.0,247706.5,2477.065,233472790.3125,1,2025-01-13 05:00:00
94180.1,94359.8,93253.5,93635.0,624572.9,6245.729,585246159.7276,1,2025-01-13 06:00:00
93634.9,93958.5,93468.0,93592.7,308765.4,3087.654,289302065.4566,1,2025-01-13 07:00:00
93592.6,93662.5,92900.0,93060.1,471899.0,4718.99,439798001.9451,1,2025-01-13 08:00:00
93060.1,93215.7,92641.7,92842.3,491578.5,4915.785,456891906.9576,1,2025-01-13 09:00:00
92842.3,92901.4,91385.2,91642.0,1221052.3,12210.523,1123327356.2909,1,2025-01-13 10:00:00
91642.1,91798.2,90846.6,90870.1,1024766.5,10247.665,935377485.4495,1,2025-01-13 11:00:00
90870.1,91353.3,90300.1,90742.7,1137740.5,11377.405,1033058016.3017,1,2025-01-13 12:00:00
90742.7,91779.9,90593.6,91118.1,940067.1,9400.671,858412572.6614,1,2025-01-13 13:00:00
91118.2,92294.0,89037.0,91831.0,2683039.8,26830.398,2433206097.293,1,2025-01-13 14:00:00
91831.0,93088.0,91557.3,92126.0,1323614.5,13236.145,1222948269.206,1,2025-01-13 15:00:00
92126.1,92296.5,91250.0,91348.5,803063.3,8030.633,736978964.6439,1,2025-01-13 16:00:00
91348.4,92328.3,91186.0,91976.4,583432.1,5834.321,535500523.0897,1,2025-01-13 17:00:00
91976.5,92399.0,91585.9,92072.1,526263.9,5262.639,484090595.752,1,2025-01-13 18:00:00
92072.0,92540.9,91588.0,92311.9,424306.0,4243.06,390913000.1929,1,2025-01-13 19:00:00
92311.9,93810.0,91905.3,93595.9,633497.5,6334.975,589288056.937,1,2025-01-13 20:00:00
93597.9,94481.8,93406.1,94211.9,518380.7,5183.807,487093820.8896,1,2025-01-13 21:00:00
94211.9,94733.0,94145.8,94411.9,378757.8,3787.578,357759361.3403,1,2025-01-13 22:00:00
94412.0,94634.3,94156.5,94539.9,199221.1,1992.211,188026012.0079,1,2025-01-13 23:00:00
94539.9,94889.0,94350.8,94480.9,281141.6,2811.416,265929581.34,1,2025-01-14 00:00:00
94480.8,95074.4,94470.0,94838.4,312544.2,3125.442,296367408.7805,1,2025-01-14 01:00:00
94838.3,95302.0,94755.0,94899.8,435073.0,4350.73,413570555.4797,1,2025-01-14 02:00:00
94899.9,95136.1,94822.1,94879.9,155976.2,1559.762,148102965.0234,1,2025-01-14 03:00:00
94880.0,95170.9,94849.7,95132.1,175983.6,1759.836,167225141.6784,1,2025-01-14 04:00:00
95132.1,95498.0,94860.0,94930.0,303199.8,3031.998,288721053.2488,1,2025-01-14 05:00:00
94930.0,95053.1,94755.0,95053.1,198149.7,1981.497,188016387.4039,1,2025-01-14 06:00:00
95053.1,95184.1,94857.6,94875.8,150395.4,1503.954,142895413.4568,1,2025-01-14 07:00:00
94875.8,95838.2,94875.8,95486.6,615609.5,6156.095,587817118.9847,1,2025-01-14 08:00:00
95486.7,97376.0,95460.0,97179.3,1343614.7,13436.147,1297820890.8646,1,2025-01-14 09:00:00
97179.4,97200.0,96575.6,96694.5,618605.6,6186.056,598855368.0006,1,2025-01-14 10:00:00
96694.5,96726.1,96360.5,96568.3,345483.1,3454.831,333551819.8591,1,2025-01-14 11:00:00
96568.3,96740.0,96004.6,96010.0,382876.2,3828.762,368673683.8616,1,2025-01-14 12:00:00
96010.1,97299.3,95747.9,96345.5,1086760.8,10867.608,1049185668.5105,1,2025-01-14 13:00:00
96340.3,97266.1,96026.7,96303.8,911605.8,9116.058,881168230.0849,1,2025-01-14 14:00:00
96305.7,96980.0,96188.8,96466.0,499341.7,4993.417,482472550.7673,1,2025-01-14 15:00:00
96466.1,96466.1,95345.4,95744.0,867843.6,8678.436,831912439.65,1,2025-01-14 16:00:00
95743.9,96603.6,95560.3,96538.1,402296.6,4022.966,386561974.8906,1,2025-01-14 17:00:00
96538.1,96970.9,96282.9,96779.9,257361.9,2573.619,248793124.798,1,2025-01-14 18:00:00
96779.9,97109.5,96481.0,96548.1,258018.0,2580.18,249841496.8222,1,2025-01-14 19:00:00
96548.0,96930.6,96140.1,96514.7,294174.4,2941.744,283973565.6004,1,2025-01-14 20:00:00
96506.0,96685.8,96318.0,96482.2,95145.2,951.452,91799663.2335,1,2025-01-14 21:00:00
96482.2,96739.0,96448.1,96684.1,65767.6,657.676,63532831.5972,1,2025-01-14 22:00:00
96684.0,96785.7,96490.1,96562.0,92707.9,927.079,89578368.5782,1,2025-01-14 23:00:00
96561.9,97345.0,96488.3,96891.8,328995.4,3289.954,319045238.4112,1,2025-01-15 00:00:00
96891.7,97566.0,96784.9,97347.5,370562.5,3705.625,360356617.858,1,2025-01-15 01:00:00
97347.5,97450.0,96740.0,96822.0,243534.0,2435.34,236286550.4251,1,2025-01-15 02:00:00
96822.1,97334.6,96754.7,97332.2,182689.5,1826.895,177299386.7378,1,2025-01-15 03:00:00
97332.3,97731.0,97068.1,97191.9,387386.6,3873.866,377447375.2188,1,2025-01-15 04:00:00
97191.9,97252.0,96751.1,97045.0,241629.9,2416.299,234257896.703,1,2025-01-15 05:00:00
97045.0,97171.1,96868.6,97116.1,116982.7,1169.827,113477648.538,1,2025-01-15 06:00:00
97116.2,97618.9,97116.1,97311.7,249750.4,2497.504,243175953.457,1,2025-01-15 07:00:00
97311.8,97538.0,97153.8,97215.5,166418.2,1664.182,162017336.2705,1,2025-01-15 08:00:00
97215.4,97371.1,96766.9,96830.1,248996.6,2489.966,241506666.5157,1,2025-01-15 09:00:00
96830.0,97155.0,96730.0,96950.3,166109.9,1661.099,161056529.7672,1,2025-01-15 10:00:00
96950.3,96959.7,96540.3,96787.3,271402.9,2714.029,262464121.1027,1,2025-01-15 11:00:00
96787.2,97227.0,96545.6,96952.1,239194.3,2391.943,231645736.9238,1,2025-01-15 12:00:00
96952.0,99039.0,96860.0,98954.9,1714481.7,17144.817,1685347872.8906,1,2025-01-15 13:00:00
98955.0,99523.7,98608.2,99437.9,1192670.0,11926.7,1181401270.1396,1,2025-01-15 14:00:00
99437.9,99786.5,98972.0,98989.6,769297.9,7692.979,765009717.2869,1,2025-01-15 15:00:00
98989.7,99485.0,98890.0,99009.9,377082.0,3770.82,373926060.5093,1,2025-01-15 16:00:00
99009.8,99344.9,98605.3,98650.1,303226.0,3032.26,300213948.2623,1,2025-01-15 17:00:00
98650.1,99460.9,98650.1,99446.7,297077.5,2970.775,294503696.0526,1,2025-01-15 18:00:00
99446.7,99998.0,99284.9,99850.6,367793.8,3677.938,366346168.85,1,2025-01-15 19:00:00
99850.7,100710.2,99455.0,99558.8,877606.4,8776.064,878383351.7696,1,2025-01-15 20:00:00
99558.9,99850.0,99464.1,99667.9,167577.2,1675.772,167036662.0853,1,2025-01-15 21:00:00
99667.9,99849.9,99555.0,99715.9,125841.7,1258.417,125441483.221,1,2025-01-15 22:00:00
99716.0,100563.4,99621.0,100510.8,304321.5,3043.215,304629781.2676,1,2025-01-15 23:00:00
100510.9,100888.0,99666.0,99885.3,664227.2,6642.272,665391725.0835,1,2025-01-16 00:00:00
99885.3,100222.2,99814.1,100085.9,242391.5,2423.915,242471094.1637,1,2025-01-16 01:00:00
100085.9,100137.9,99474.0,99632.7,251071.6,2510.716,250392175.4975,1,2025-01-16 02:00:00
99632.7,99865.0,99168.0,99485.0,341192.4,3411.924,339469854.2124,1,2025-01-16 03:00:00
99485.0,99720.0,99484.9,99632.9,138553.0,1385.53,138035136.1941,1,2025-01-16 04:00:00
99633.0,99650.0,99378.8,99400.1,129082.3,1290.823,128420390.8625,1,2025-01-16 05:00:00
99400.0,99956.2,99335.5,99814.0,219420.0,2194.2,218808338.0918,1,2025-01-16 06:00:00
99814.1,99874.9,99655.0,99812.6,106830.0,1068.3,106561561.8113,1,2025-01-16 07:00:00
99812.6,99844.1,98618.4,98985.1,532727.6,5327.276,527972051.0341,1,2025-01-16 08:00:00
98985.0,99395.6,98660.7,99177.1,446918.7,4469.187,442259832.2768,1,2025-01-16 09:00:00
99177.2,99434.6,99130.1,99221.5,138308.0,1383.08,137324823.8545,1,2025-01-16 10:00:00
99221.5,99350.0,98732.7,99171.4,343655.9,3436.559,340381437.7671,1,2025-01-16 11:00:00
99171.4,99528.0,98897.9,99382.0,330633.3,3306.333,328281742.493,1,2025-01-16 12:00:00
99382.1,99441.1,98769.3,99079.6,434209.7,4342.097,430264325.5891,1,2025-01-16 13:00:00
99079.6,99400.0,97513.9,97630.0,1278578.5,12785.785,1256148533.3685,1,2025-01-16 14:00:00
97630.0,99305.9,97285.5,99298.1,1073535.1,10735.351,1053957489.9,1,2025-01-16 15:00:00
99298.0,99895.6,99070.0,99360.6,843686.6,8436.866,839299912.7381,1,2025-01-16 16:00:00
99360.6,100378.1,99190.9,99828.1,585823.6,5858.236,585066667.3033,1,2025-01-16 17:00:00
99828.2,100070.8,99260.0,99585.1,266351.0,2663.51,265218797.5658,1,2025-01-16 18:00:00
99585.0,100455.0,99406.2,100420.0,263744.7,2637.447,263690937.125,1,2025-01-16 19:00:00
100420.0,100659.9,100263.2,100341.4,351360.1,3513.601,353027717.2987,1,2025-01-16 20:00:00
100343.2,100382.9,99716.2,100155.6,250233.1,2502.331,250360341.8948,1,2025-01-16 21:00:00
100155.6,100155.6,99373.9,99835.5,175351.3,1753.513,174815875.6868,1,2025-01-16 22:00:00
99835.6,100123.7,99745.8,99999.6,212928.0,2129.28,212812181.4364,1,2025-01-16 23:00:00
99999.7,100460.1,99963.6,100145.1,210226.4,2102.264,210734456.3854,1,2025-01-17 00:00:00
100145.1,101870.1,100053.6,101679.9,964384.7,9643.847,975497222.2882,1,2025-01-17 01:00:00
101679.9,102200.0,100800.0,101121.4,777851.5,7778.515,790480147.2036,1,2025-01-17 02:00:00
101121.4,101294.7,100960.0,101068.4,201455.4,2014.554,203681519.1092,1,2025-01-17 03:00:00
101068.4,101499.0,100966.3,101479.3,205074.3,2050.743,207563114.3817,1,2025-01-17 04:00:00
101479.3,101777.0,101300.2,101348.9,268440.6,2684.406,272627625.487,1,2025-01-17 05:00:00
101348.9,101605.9,101310.3,101413.0,105078.5,1050.785,106611514.3313,1,2025-01-17 06:00:00
101413.0,101953.8,101402.6,101450.1,219076.8,2190.768,222621320.9267,1,2025-01-17 07:00:00
101450.2,102222.0,101450.1,102139.5,473303.0,4733.03,482393392.0748,1,2025-01-17 08:00:00
102139.5,102297.6,101750.0,101865.6,298906.2,2989.062,305006678.0686,1,2025-01-17 09:00:00
101865.7,102644.5,101800.0,102342.0,380306.2,3803.062,389017073.9113,1,2025-01-17 10:00:00
102342.0,102461.9,102088.5,102230.9,180099.0,1800.99,184200602.9801,1,2025-01-17 11:00:00
102231.0,102989.8,102187.4,102757.9,446008.8,4460.088,457996047.2333,1,2025-01-17 12:00:00
102757.9,102975.6,102400.0,102472.2,396219.2,3962.192,406885888.4675,1,2025-01-17 13:00:00
102472.2,103382.6,102260.0,103382.6,863100.5,8631.005,887755253.8096,1,2025-01-17 14:00:00
103382.5,104228.0,103277.0,104000.0,1386972.1,13869.721,1440568837.0539,1,2025-01-17 15:00:00
104000.0,105021.0,103833.3,104992.1,742300.2,7423.002,776337834.4304,1,2025-01-17 16:00:00
104992.1,105339.9,104023.2,104151.2,807634.5,8076.345,845638374.4856,1,2025-01-17 17:00:00
104151.9,104943.7,104050.0,104839.8,333339.5,3333.395,348631546.7643,1,2025-01-17 18:00:00
104839.8,105840.6,104670.5,105824.9,658899.9,6588.999,694646774.3138,1,2025-01-17 19:00:00
105825.0,105837.5,104541.4,104693.6,534405.1,5344.051,562034055.3705,1,2025-01-17 20:00:00
104693.6,105050.0,104388.5,104616.9,372485.7,3724.857,390080308.8877,1,2025-01-17 21:00:00
104616.8,104699.0,104210.0,104430.1,194129.3,1941.293,202799450.9021,1,2025-01-17 22:00:00
104430.1,104544.8,104100.0,104100.1,157694.6,1576.946,164505965.814,1,2025-01-17 23:00:00
104100.1,104678.0,104089.0,104668.1,177841.9,1778.419,185615451.738,1,2025-01-18 00:00:00
104668.1,104668.1,104111.1,104269.9,173305.2,1733.052,180888002.0576,1,2025-01-18 01:00:00
104269.9,104520.0,104252.6,104336.6,89257.3,892.573,93175823.9013,1,2025-01-18 02:00:00
104336.6,104488.0,103044.8,103573.6,757780.1,7577.801,785811798.108,1,2025-01-18 03:00:00
103573.7,103718.7,102680.3,103605.0,672647.2,6726.472,694551122.8458,1,2025-01-18 04:00:00
103605.1,103779.0,102806.6,102834.1,454473.5,4544.735,469788660.1717,1,2025-01-18 05:00:00
102834.2,103665.6,102828.5,103464.4,415182.3,4151.823,428885889.3432,1,2025-01-18 06:00:00
103464.4,103516.6,102615.6,102840.0,360076.1,3600.761,370798518.9092,1,2025-01-18 07:00:00
102840.0,103353.4,102285.7,103282.2,541037.0,5410.37,555892391.3137,1,2025-01-18 08:00:00
103282.2,103473.8,103049.0,103170.6,197906.1,1979.061,204365372.226,1,2025-01-18 09:00:00
103170.6,103320.5,102832.0,103189.2,285067.5,2850.675,293850687.7795,1,2025-01-18 10:00:00
103189.1,103899.0,102940.0,103590.2,329903.0,3299.03,341334034.3929,1,2025-01-18 11:00:00
103590.2,104069.5,103364.7,103444.6,261157.7,2611.577,270702464.676,1,2025-01-18 12:00:00
103444.5,104420.7,103134.5,104366.6,357853.6,3578.536,371449329.7255,1,2025-01-18 13:00:00
104366.0,104599.1,103707.7,103983.4,420104.5,4201.045,437575644.0799,1,2025-01-18 14:00:00
103983.5,104995.9,103747.8,104556.0,381585.0,3815.85,398735183.9181,1,2025-01-18 15:00:00
104556.0,104722.8,103138.3,103256.1,629584.1,6295.841,653865986.0762,1,2025-01-18 16:00:00
103256.2,104228.3,103256.2,103820.0,263547.2,2635.472,273698609.7633,1,2025-01-18 17:00:00
103819.9,104423.8,103784.5,104100.2,257006.4,2570.064,267544918.4414,1,2025-01-18 18:00:00
104100.3,104500.0,104091.6,104411.9,143362.4,1433.624,149584029.812,1,2025-01-18 19:00:00
104411.9,104515.0,103786.5,104040.1,176335.6,1763.356,183543597.967,1,2025-01-18 20:00:00
104040.1,104296.9,103903.0,103910.9,119252.0,1192.52,124123948.2268,1,2025-01-18 21:00:00
103910.9,104332.5,103874.3,104311.6,78198.7,781.987,81428240.3935,1,2025-01-18 22:00:00
104311.6,104772.6,104311.5,104560.6,189887.2,1898.872,198538755.2946,1,2025-01-18 23:00:00
104560.6,104569.0,104131.6,104131.6,120705.1,1207.051,125954630.5581,1,2025-01-19 00:00:00
104131.7,104697.9,104020.9,104510.5,189439.1,1894.391,197836032.66,1,2025-01-19 01:00:00
104510.5,105482.4,104497.0,104884.4,463373.7,4633.737,486662159.2376,1,2025-01-19 02:00:00
104884.5,105198.4,104550.6,104991.0,190359.8,1903.598,199583603.623,1,2025-01-19 03:00:00
104991.0,105286.8,104676.0,105042.0,238382.9,2383.829,250259628.9705,1,2025-01-19 04:00:00
105042.0,105140.7,104245.2,105129.0,316101.7,3161.017,330956274.3329,1,2025-01-19 05:00:00
105129.0,105641.0,105022.3,105567.8,306660.2,3066.602,322943476.7299,1,2025-01-19 06:00:00
105567.7,105601.2,104969.5,105180.6,221743.4,2217.434,233389633.8481,1,2025-01-19 07:00:00
105180.6,105180.6,104337.5,104446.3,427587.6,4275.876,447560247.7436,1,2025-01-19 08:00:00
104446.3,105499.8,103400.2,105324.0,895501.7,8955.017,934679202.6372,1,2025-01-19 09:00:00
105323.9,105329.9,104405.1,104850.3,384103.5,3841.035,402805925.1032,1,2025-01-19 10:00:00
104850.4,105372.8,104198.7,104374.7,390053.0,3900.53,408650476.5519,1,2025-01-19 11:00:00
104374.8,105067.9,104315.5,104953.0,395437.4,3954.374,413963188.459,1,2025-01-19 12:00:00
104953.1,105333.0,104852.8,104979.0,317669.1,3176.691,333904728.0251,1,2025-01-19 13:00:00
104979.1,105750.0,104800.0,105178.0,491074.1,4910.741,516615778.2009,1,2025-01-19 14:00:00
105178.0,105261.2,104500.0,104941.2,345288.6,3452.886,362047535.3975,1,2025-01-19 15:00:00
104941.2,105248.0,104727.4,104968.5,181282.1,1812.821,190271041.7464,1,2025-01-19 16:00:00
104968.5,105184.3,104536.7,105149.7,219107.5,2191.075,229624410.5603,1,2025-01-19 17:00:00
105149.6,105288.0,104920.0,105048.2,116675.3,1166.753,122637311.0074,1,2025-01-19 18:00:00
105048.1,106288.0,104982.3,106262.5,297541.5,2975.415,314319168.234,1,2025-01-19 19:00:00
106262.5,106488.0,105511.4,106322.1,348604.2,3486.042,369899625.6337,1,2025-01-19 20:00:00
106322.2,106433.8,103700.0,103704.0,865229.5,8652.295,905819893.3387,1,2025-01-19 21:00:00
103704.0,104525.7,101050.0,103411.6,1486796.7,14867.967,1530854362.069,1,2025-01-19 22:00:00
103411.7,103421.7,99666.0,101326.8,2651430.6,26514.306,2678551793.2284,1,2025-01-19 23:00:00
101331.8,101685.0,99500.1,99800.0,1434377.7,14343.777,1442252688.0808,1,2025-01-20 00:00:00
99800.0,100999.9,99626.1,100705.8,938645.8,9386.458,940921497.2408,1,2025-01-20 01:00:00
100705.8,102358.0,100603.9,101955.3,786632.3,7866.323,798721668.6756,1,2025-01-20 02:00:00
101955.4,102245.0,101431.3,101921.8,436604.3,4366.043,444269425.7565,1,2025-01-20 03:00:00
101921.7,102883.8,101555.0,102241.7,355268.5,3552.685,362927168.0869,1,2025-01-20 04:00:00
102241.7,102855.0,102142.9,102376.1,262151.3,2621.513,268809618.1568,1,2025-01-20 05:00:00
102376.2,109998.9,102231.8,107591.5,2957515.0,29575.15,3163484077.1863,1,2025-01-20 06:00:00
107586.3,109634.4,107000.0,107215.1,2297501.8,22975.018,2492371814.1283,1,2025-01-20 07:00:00
107205.8,108467.3,107198.0,108374.9,484065.3,4840.653,522713530.8815,1,2025-01-20 08:00:00
108374.9,109299.1,107612.8,108199.9,768215.6,7682.156,833480379.0023,1,2025-01-20 09:00:00
108200.0,108804.6,107810.0,108024.2,389777.7,3897.777,422248120.4196,1,2025-01-20 10:00:00
108024.2,108614.2,107851.5,108279.3,338768.8,3387.688,366726985.3513,1,2025-01-20 11:00:00
108279.4,108750.0,105539.0,106960.5,1566651.3,15666.513,1673497669.7164,1,2025-01-20 12:00:00
106961.7,108165.5,106687.2,108000.0,654614.4,6546.144,703762145.5281,1,2025-01-20 13:00:00
108000.0,108184.1,107268.2,107887.0,396725.9,3967.259,427578061.964,1,2025-01-20 14:00:00
107887.0,108020.0,104365.3,104956.9,1784738.2,17847.382,1895842115.3592,1,2025-01-20 15:00:00
104957.0,107067.2,103669.3,106681.1,1743185.9,17431.859,1837533309.1272,1,2025-01-20 16:00:00
106681.0,106790.4,100544.2,102978.2,4884685.7,48846.857,5047875974.0306,1,2025-01-20 17:00:00
102970.0,104485.9,102725.5,103919.1,733735.0,7337.35,760938311.2569,1,2025-01-20 18:00:00
103916.8,103960.5,102722.5,103683.0,476285.8,4762.858,492570700.4466,1,2025-01-20 19:00:00
103688.5,104346.7,103347.2,103635.8,246839.5,2468.395,256329463.337,1,2025-01-20 20:00:00
103635.8,104095.3,102546.9,102618.8,231861.7,2318.617,239833151.9824,1,2025-01-20 21:00:00
102618.8,103833.3,101846.5,103600.0,426742.0,4267.42,438618708.4191,1,2025-01-20 22:00:00
103600.0,103700.0,101736.4,102269.9,526232.1,5262.321,540464349.9908,1,2025-01-20 23:00:00
102269.9,102691.7,101048.4,101195.4,604089.7,6040.897,615701091.9707,1,2025-01-21 00:00:00
101195.4,102241.1,100113.0,101495.2,940851.3,9408.513,951491234.3558,1,2025-01-21 01:00:00
101493.9,102760.0,101052.9,102533.7,443834.6,4438.346,453464270.0098,1,2025-01-21 02:00:00
102533.7,103281.2,102300.0,102925.1,396850.1,3968.501,408288299.8118,1,2025-01-21 03:00:00
102925.1,102978.2,101913.5,102334.3,397227.1,3972.271,407011727.8887,1,2025-01-21 04:00:00
102334.2,102520.0,101330.1,101375.6,362188.7,3621.887,368596002.2402,1,2025-01-21 05:00:00
101378.6,102187.9,101120.0,102176.6,314623.5,3146.235,320010465.3709,1,2025-01-21 06:00:00
102176.6,102480.4,101808.8,101990.6,256441.8,2564.418,262092984.5547,1,2025-01-21 07:00:00
101988.1,102500.0,101732.5,102456.1,245115.2,2451.152,250569708.6019,1,2025-01-21 08:00:00
102456.1,102892.8,102065.1,102699.9,289480.1,2894.801,296849935.1834,1,2025-01-21 09:00:00
102700.0,103493.0,102560.0,103168.5,404306.5,4043.065,416625334.3853,1,2025-01-21 10:00:00
103168.4,103986.5,103073.4,103760.1,466369.7,4663.697,483428490.1262,1,2025-01-21 11:00:00
103760.1,104725.2,103606.5,104511.7,572599.6,5725.996,597474081.271,1,2025-01-21 12:00:00
104512.0,104966.0,104135.2,104458.9,422217.9,4222.179,441737432.5202,1,2025-01-21 13:00:00
104458.9,105364.5,103032.1,103285.2,1196233.0,11962.33,1244527426.9087,1,2025-01-21 14:00:00
103288.0,104128.0,102798.5,103953.8,705763.4,7057.634,730133574.7202,1,2025-01-21 15:00:00
103953.8,106590.6,103803.9,104996.4,1666818.2,16668.182,1759266799.0811,1,2025-01-21 16:00:00
104996.4,106442.4,104916.5,106181.0,448574.1,4485.741,474387598.2515,1,2025-01-21 17:00:00
106181.0,107333.3,105874.6,106895.0,825452.5,8254.525,880599932.2559,1,2025-01-21 18:00:00
106895.1,107190.3,106302.7,107050.4,375076.7,3750.767,400349700.2359,1,2025-01-21 19:00:00
107050.4,107222.0,105917.8,106136.5,411262.3,4112.623,438050160.0977,1,2025-01-21 20:00:00
106140.0,106824.8,105724.9,106779.8,254836.9,2548.369,270751943.8073,1,2025-01-21 21:00:00
106778.1,106785.2,105982.2,106008.9,149500.9,1495.009,159072283.8676,1,2025-01-21 22:00:00
106009.0,106316.7,105423.0,106161.9,333877.9,3338.779,353548603.161,1,2025-01-21 23:00:00
106161.8,106353.3,105809.0,105961.4,204340.9,2043.409,216655072.1563,1,2025-01-22 00:00:00
105961.5,106438.8,105466.0,105811.7,223270.4,2232.704,236326236.0911,1,2025-01-22 01:00:00
105811.7,106222.0,105495.5,105586.4,215644.7,2156.447,228306252.963,1,2025-01-22 02:00:00
105586.4,105918.9,105586.3,105604.0,136577.6,1365.776,144405769.4648,1,2025-01-22 03:00:00
105603.9,105815.6,105285.4,105580.1,167237.7,1672.377,176571515.9995,1,2025-01-22 04:00:00
105580.1,105881.2,105500.5,105705.2,140456.2,1404.562,148448764.3752,1,2025-01-22 05:00:00
105705.1,105987.9,105170.0,105387.7,293715.18,2937.1518,310066098.99141,1,2025-01-22 06:00:00
105387.6,105680.0,105000.0,105087.1,217249.11,2172.4911,228730017.46178,1,2025-01-22 07:00:00
105087.2,105360.0,104709.4,105271.1,359705.98,3597.0598,377746998.00981,1,2025-01-22 08:00:00
105271.2,105271.2,104905.0,104991.2,177152.24,1771.5224,186098847.82069,1,2025-01-22 09:00:00
104991.1,105171.3,104621.7,105121.8,209326.79,2093.2679,219602469.94752,1,2025-01-22 10:00:00
105121.9,105549.6,104750.0,105120.4,282401.65,2824.0165,296911556.44851,1,2025-01-22 11:00:00
105120.6,105623.7,105068.4,105273.7,230366.6,2303.666,242732894.53464,1,2025-01-22 12:00:00
105273.6,105366.5,103797.8,104074.3,641545.61,6415.4561,670155778.11425,1,2025-01-22 13:00:00
104074.2,104942.4,103618.1,104402.8,869437.98,8694.3798,906097195.98316,1,2025-01-22 14:00:00
104403.9,105165.8,103969.1,104184.9,575859.48,5758.5948,601908738.80457,1,2025-01-22 15:00:00
104184.9,104239.0,103261.7,103693.9,781367.3,7813.673,810776343.92006,1,2025-01-22 16:00:00
103694.4,104610.3,103618.3,104336.9,381987.15,3819.8715,398050345.5864,1,2025-01-22 17:00:00
104336.9,104688.0,103724.5,103887.3,263672.71,2636.7271,274937880.09997,1,2025-01-22 18:00:00
103887.4,104760.0,103842.8,104625.2,254043.58,2540.4358,265420807.00733,1,2025-01-22 19:00:00
104625.2,104828.0,104068.4,104311.1,277260.86,2772.6086,289505957.05485,1,2025-01-22 20:00:00
104311.1,104374.5,103610.0,104086.5,174794.1,1747.941,181703933.73964,1,2025-01-22 21:00:00
104085.9,104515.0,103780.1,103876.6,104428.55,1044.2855,108741276.57533,1,2025-01-22 22:00:00
103876.6,104156.5,103659.4,103718.0,127562.28,1275.6228,132497641.53488,1,2025-01-22 23:00:00
103717.9,103820.0,103057.6,103310.1,310132.51,3101.3251,320654523.51052,1,2025-01-23 00:00:00
103310.2,103678.0,102589.6,102958.3,393649.04,3936.4904,405777021.38261,1,2025-01-23 01:00:00
102958.3,103015.0,102120.0,102651.8,513952.07,5139.5207,526596371.30379,1,2025-01-23 02:00:00
102651.8,102992.0,102132.1,102454.2,291694.93,2916.9493,299523119.47768,1,2025-01-23 03:00:00
102454.2,102491.1,101575.0,102059.3,459321.93,4593.2193,468410142.4013,1,2025-01-23 04:00:00
102058.1,102632.0,101983.1,102525.4,274356.66,2743.5666,280728149.00714,1,2025-01-23 05:00:00
102525.3,102970.0,102202.8,102252.8,284019.34,2840.1934,291461699.51185,1,2025-01-23 06:00:00
102252.8,102799.9,102071.8,102699.9,225754.8,2257.548,231236963.11616,1,2025-01-23 07:00:00
102700.0,102700.0,102029.5,102212.1,195628.13,1956.2813,200309328.45479,1,2025-01-23 08:00:00
102212.1,102500.0,101640.0,101673.9,257309.2,2573.092,262477710.67781,1,2025-01-23 09:00:00
101673.9,102089.1,101222.0,101694.9,389551.82,3895.5182,395939864.76972,1,2025-01-23 10:00:00
101694.9,102200.0,101692.0,101946.3,261578.37,2615.7837,266780877.81121,1,2025-01-23 11:00:00
101946.3,102143.0,101417.4,101650.5,265582.27,2655.8227,270164983.4323,1,2025-01-23 12:00:00
101650.5,102720.0,101291.8,102510.0,435630.62,4356.3062,444462301.93905,1,2025-01-23 13:00:00
102510.0,106080.3,101978.5,105230.8,2119791.92,21197.9192,2216154992.41387,1,2025-01-23 14:00:00
105231.0,105800.0,102633.3,105276.7,3219722.7,32197.227,3351621955.27158,1,2025-01-23 15:00:00
105276.7,106869.9,105032.2,105152.3,1745266.62,17452.6662,1847539525.62006,1,2025-01-23 16:00:00
105152.3,106266.0,104200.4,105944.7,915292.31,9152.9231,962009993.32834,1,2025-01-23 17:00:00
105944.8,106156.8,105107.5,105427.1,457066.48,4570.6648,482520883.64438,1,2025-01-23 18:00:00
105427.1,105523.2,103360.1,103754.3,906645.66,9066.4566,946834465.40944,1,2025-01-23 19:00:00
103754.3,106450.0,102555.0,103263.5,3641119.45,36411.1945,3813959158.12198,1,2025-01-23 20:00:00
103262.7,103396.0,102202.6,103065.3,700077.74,7000.7774,719937783.78932,1,2025-01-23 21:00:00
103067.2,104838.5,102966.1,103997.5,880975.91,8809.7591,916154396.37521,1,2025-01-23 22:00:00
103997.4,104578.1,103791.7,103925.7,235406.92,2354.0692,245306961.80349,1,2025-01-23 23:00:00
103925.7,104177.8,103434.0,103472.8,224732.12,2247.3212,233162446.94986,1,2025-01-24 00:00:00
103472.7,103938.8,103071.1,103250.0,222128.78,2221.2878,229866736.53948,1,2025-01-24 01:00:00
103250.0,103545.5,102964.7,103019.4,207036.25,2070.3625,213753332.06774,1,2025-01-24 02:00:00
103019.4,104311.1,102755.7,103895.0,449384.8,4493.848,465864371.79212,1,2025-01-24 03:00:00
103895.0,104940.8,103805.6,104612.8,327527.95,3275.2795,341631830.85718,1,2025-01-24 04:00:00
104612.7,105265.1,104529.6,105215.8,314629.2,3146.292,330082951.07408,1,2025-01-24 05:00:00
105215.8,105357.2,104616.7,104999.9,224399.52,2243.9952,235497299.84738,1,2025-01-24 06:00:00
104999.9,105184.4,104666.7,105042.0,218292.62,2182.9262,228983937.77516,1,2025-01-24 07:00:00
105042.0,105677.9,104913.7,105492.4,303685.55,3036.8555,319977048.13954,1,2025-01-24 08:00:00
105492.5,105766.0,105064.5,105162.4,261173.19,2611.7319,275299265.01742,1,2025-01-24 09:00:00
105162.3,105441.0,105050.1,105421.8,201706.67,2017.0667,212299184.57457,1,2025-01-24 10:00:00
105421.7,105569.7,105197.6,105412.4,144990.51,1449.9051,152791586.20011,1,2025-01-24 11:00:00
105412.4,105600.0,105173.1,105531.8,195509.62,1955.0962,206030832.4133,1,2025-01-24 12:00:00
105531.8,105828.0,104964.0,105113.4,390626.2,3906.262,411168058.87627,1,2025-01-24 13:00:00
105113.5,106350.1,104650.0,105760.0,816222.59,8162.2259,861742953.38073,1,2025-01-24 14:00:00
105760.1,106011.2,105256.0,105867.6,494981.27,4949.8127,523343628.60616,1,2025-01-24 15:00:00
105867.5,106199.9,105575.4,105657.4,453034.34,4530.3434,480161813.68344,1,2025-01-24 16:00:00
105657.4,106716.1,105620.1,106459.1,492354.43,4923.5443,523112214.83072,1,2025-01-24 17:00:00
106459.1,107164.1,106069.2,106336.6,536277.27,5362.7727,572490757.70646,1,2025-01-24 18:00:00
106336.2,106630.0,105700.0,105772.8,305448.35,3054.4835,324047519.44996,1,2025-01-24 19:00:00
105772.7,105789.3,104725.1,104857.1,448873.45,4488.7345,472379647.72173,1,2025-01-24 20:00:00
104857.1,105400.0,104857.1,105132.0,217432.68,2174.3268,228648659.9123,1,2025-01-24 21:00:00
105131.9,105549.8,104710.0,104779.2,187541.69,1875.4169,197300285.96757,1,2025-01-24 22:00:00
104779.3,104933.2,104450.0,104868.6,296263.71,2962.6371,310050595.40995,1,2025-01-24 23:00:00
104868.7,104886.7,104368.0,104430.1,230491.64,2304.9164,241185085.77973,1,2025-01-25 00:00:00
104430.0,104853.9,104400.0,104736.7,140676.64,1406.7664,147281401.80991,1,2025-01-25 01:00:00
104736.7,104850.0,104480.0,104573.7,134395.85,1343.9585,140621391.46421,1,2025-01-25 02:00:00
104573.8,105293.9,104468.0,105220.0,259052.82,2590.5282,271763670.57811,1,2025-01-25 03:00:00
105219.9,105220.1,104602.6,104670.4,125321.95,1253.2195,131438752.4163,1,2025-01-25 04:00:00
104670.3,104713.4,104220.2,104366.0,236663.81,2366.6381,247271356.81758,1,2025-01-25 05:00:00
104365.9,104479.9,104208.9,104312.0,128708.54,1287.0854,134275440.65423,1,2025-01-25 06:00:00
104312.1,104534.1,104288.0,104388.8,80232.01,802.3201,83785047.09913,1,2025-01-25 07:00:00
104388.8,104509.2,104101.9,104349.9,119765.66,1197.6566,124922787.36424,1,2025-01-25 08:00:00
104349.8,104462.9,104265.8,104366.6,64648.09,646.4809,67470209.03134,1,2025-01-25 09:00:00
104366.6,104658.0,104110.4,104525.6,174686.86,1746.8686,182323678.0352,1,2025-01-25 10:00:00
104525.6,104744.8,104377.0,104675.3,162666.91,1626.6691,170090015.62784,1,2025-01-25 11:00:00
104675.4,104789.0,104463.6,104742.8,85590.99,855.9099,89547912.04778,1,2025-01-25 12:00:00
104742.9,104869.9,104626.5,104718.3,132584.81,1325.8481,138914487.06779,1,2025-01-25 13:00:00
104718.2,104734.9,104462.5,104600.0,87088.18,870.8818,91069772.51746,1,2025-01-25 14:00:00
104600.0,105130.0,104600.0,104889.8,238292.39,2382.9239,249960686.65066,1,2025-01-25 15:00:00
104889.8,104988.0,104549.2,104653.4,223941.18,2239.4118,234565886.12324,1,2025-01-25 16:00:00
104653.4,104935.2,104409.1,104887.5,234305.63,2343.0563,245205553.45781,1,2025-01-25 17:00:00
104887.4,105322.9,104829.2,104985.9,191530.19,1915.3019,201220997.36262,1,2025-01-25 18:00:00
104986.0,105199.9,104904.2,105048.6,116773.84,1167.7384,122686404.00434,1,2025-01-25 19:00:00
105048.7,105200.0,104955.8,104968.5,57757.22,577.5722,60700822.26009,1,2025-01-25 20:00:00
104968.5,105150.0,104850.0,105107.5,80087.88,800.8788,84063036.99102,1,2025-01-25 21:00:00
105107.6,105272.5,105022.0,105085.8,58771.17,587.7117,61807010.25657,1,2025-01-25 22:00:00
105085.8,105144.9,104670.5,104759.2,90971.83,909.7183,95420305.35023,1,2025-01-25 23:00:00
104759.1,104862.0,104523.0,104615.9,85035.7,850.357,89041758.76613,1,2025-01-26 00:00:00
104616.0,104803.3,104523.1,104624.5,96625.62,966.2562,101109536.70994,1,2025-01-26 01:00:00
104624.5,104716.9,104508.5,104700.0,57834.69,578.3469,60498074.92274,1,2025-01-26 02:00:00
104699.9,105250.0,104699.9,105069.5,152719.32,1527.1932,160337640.5073,1,2025-01-26 03:00:00
105069.5,105546.6,104976.6,105179.2,166209.94,1662.0994,174923181.53087,1,2025-01-26 04:00:00
105179.1,105210.2,105007.5,105094.5,55996.91,559.9691,58854456.58001,1,2025-01-26 05:00:00
105094.5,105115.0,104959.7,104999.9,39959.87,399.5987,41974052.01173,1,2025-01-26 06:00:00
104999.8,105134.5,104937.5,104996.2,71126.54,711.2654,74702344.62259,1,2025-01-26 07:00:00
104996.3,105237.0,104857.5,105027.7,92798.19,927.9819,97460123.93535,1,2025-01-26 08:00:00
105027.7,105033.5,104423.5,104618.7,251295.38,2512.9538,262966912.53843,1,2025-01-26 09:00:00
104618.7,104710.0,104475.2,104709.9,126308.98,1263.0898,132116617.03849,1,2025-01-26 10:00:00
104710.0,104865.4,104664.4,104821.3,86514.6,865.146,90648539.44146,1,2025-01-26 11:00:00
104821.3,104904.1,104700.0,104904.1,50723.73,507.2373,53150073.64005,1,2025-01-26 12:00:00
104904.1,105068.4,104837.9,104972.3,107101.7,1071.017,112400691.98531,1,2025-01-26 13:00:00
104972.3,105017.9,104792.0,104945.8,70324.96,703.2496,73780143.75581,1,2025-01-26 14:00:00
104945.8,105120.7,104877.1,104990.1,111690.57,1116.9057,117316795.91296,1,2025-01-26 15:00:00
104990.0,105049.0,104906.0,104943.6,68448.58,684.4858,71854047.03827,1,2025-01-26 16:00:00
104943.6,105069.0,104929.1,104952.9,54901.45,549.0145,57642117.30483,1,2025-01-26 17:00:00
104953.0,105280.7,104910.6,105185.9,99361.8,993.618,104488698.16927,1,2025-01-26 18:00:00
105185.9,105251.5,105050.0,105093.0,39596.27,395.9627,41625966.31915,1,2025-01-26 19:00:00
105093.0,105221.1,104937.6,104976.5,52430.88,524.3088,55083023.57355,1,2025-01-26 20:00:00
104976.5,105000.0,104506.6,104550.1,171025.14,1710.2514,179138848.69678,1,2025-01-26 21:00:00
104550.1,104722.1,104301.0,104332.9,169903.49,1699.0349,177561665.03162,1,2025-01-26 22:00:00
104332.8,104332.9,102500.1,102611.6,1010346.55,10103.4655,1042606570.16609,1,2025-01-26 23:00:00
102611.6,103288.5,101582.0,101737.2,769364.67,7693.6467,788688912.32779,1,2025-01-27 00:00:00
101737.2,102069.7,101147.0,101300.0,663385.64,6633.8564,674180200.45024,1,2025-01-27 01:00:00
101300.0,101690.5,100801.4,100990.0,772144.04,7721.4404,781252564.01846,1,2025-01-27 02:00:00
100990.0,101850.0,100629.1,101377.3,455019.85,4550.1985,460822208.51131,1,2025-01-27 03:00:00
101377.3,101393.3,100250.0,100410.2,579167.11,5791.6711,583289834.50595,1,2025-01-27 04:00:00
100410.1,100744.6,99712.5,100362.4,639431.76,6394.3176,640612752.69294,1,2025-01-27 05:00:00
100362.4,100486.2,98696.5,98959.0,989550.04,9895.5004,983977473.56628,1,2025-01-27 06:00:00
98959.0,99397.6,97737.7,99026.0,1369380.48,13693.8048,1350370746.95913,1,2025-01-27 07:00:00
99026.0,99390.1,98676.2,99022.8,493012.9,4930.129,488142961.11699,1,2025-01-27 08:00:00
99022.8,99521.1,98789.3,99422.1,413663.42,4136.6342,410394821.41553,1,2025-01-27 09:00:00
99422.0,99450.0,98256.7,98393.1,458564.19,4585.6419,453079395.34177,1,2025-01-27 10:00:00
98393.1,99363.2,98317.6,98750.0,379736.13,3797.3613,375500200.01497,1,2025-01-27 11:00:00
98750.1,100915.6,98715.9,100626.4,777278.21,7772.7821,776660304.59771,1,2025-01-27 12:00:00
100626.4,101666.0,99943.2,100497.9,1053303.36,10533.0336,1062149743.9926,1,2025-01-27 13:00:00
100497.9,102322.5,100109.8,101905.6,1118763.89,11187.6389,1132763041.22389,1,2025-01-27 14:00:00
101905.5,102120.8,100854.7,101108.9,933680.17,9336.8017,948000755.88649,1,2025-01-27 15:00:00
101108.9,101269.0,99548.1,99738.1,874918.29,8749.1829,877294951.62527,1,2025-01-27 16:00:00
99738.0,100052.7,99029.4,99162.1,661626.62,6616.2662,658577350.69593,1,2025-01-27 17:00:00
99162.0,99760.1,98838.0,99190.0,288820.65,2888.2065,286701181.7872,1,2025-01-27 18:00:00
99190.0,99963.3,99180.0,99697.3,310964.53,3109.6453,309624751.22425,1,2025-01-27 19:00:00
99697.2,101764.7,99588.6,101385.7,488438.38,4884.3838,491940110.31236,1,2025-01-27 20:00:00
101385.6,102447.4,100951.7,101352.4,571054.19,5710.5419,581600077.08395,1,2025-01-27 21:00:00
101352.4,101942.4,101262.2,101627.6,154157.35,1541.5735,156649296.54174,1,2025-01-27 22:00:00
101627.7,102180.0,101627.6,102075.7,204730.69,2047.3069,208644074.85133,1,2025-01-27 23:00:00
102075.7,102894.6,101753.6,101854.8,399908.6,3999.086,409334282.8038,1,2025-01-28 00:00:00
101854.8,102000.0,101380.0,101380.1,282956.34,2829.5634,287726153.43905,1,2025-01-28 01:00:00
101380.1,102460.6,101329.1,102412.7,368685.15,3686.8515,375905966.1606,1,2025-01-28 02:00:00
102412.7,102913.3,102048.1,102640.0,346810.18,3468.1018,355463596.0188,1,2025-01-28 03:00:00
102640.0,103387.9,102593.3,102914.2,342547.9,3425.479,352880796.27973,1,2025-01-28 04:00:00
102914.3,103347.3,102820.0,103013.9,207302.14,2073.0214,213722528.30032,1,2025-01-28 05:00:00
103013.9,103209.6,102620.4,102754.0,170588.72,1705.8872,175454057.85887,1,2025-01-28 06:00:00
102753.9,103343.0,102518.2,102807.0,343839.14,3438.3914,354051684.07982,1,2025-01-28 07:00:00
102807.8,103053.3,102622.0,102868.9,189676.14,1896.7614,195045925.04029,1,2025-01-28 08:00:00
102868.9,102986.0,102400.0,102980.1,232786.79,2327.8679,239092691.64521,1,2025-01-28 09:00:00
102980.0,103222.0,102604.6,102762.2,195674.54,1956.7454,201435532.21614,1,2025-01-28 10:00:00
102762.1,102950.0,102577.0,102774.9,128968.89,1289.6889,132531230.33646,1,2025-01-28 11:00:00
102775.0,103000.0,102471.5,102608.6,204689.62,2046.8962,210257299.61027,1,2025-01-28 12:00:00
102608.6,102954.2,102477.8,102602.4,142981.19,1429.8119,146853953.76487,1,2025-01-28 13:00:00
102602.4,102918.2,101805.0,102645.1,827224.86,8272.2486,846770886.26836,1,2025-01-28 14:00:00
102645.1,103888.5,102486.0,102765.8,861448.43,8614.4843,888578550.36982,1,2025-01-28 15:00:00
102765.9,102914.9,101925.0,102265.2,586560.53,5865.6053,600153455.56904,1,2025-01-28 16:00:00
102265.1,103117.4,102217.5,102574.5,423088.89,4230.8889,434645402.72881,1,2025-01-28 17:00:00
102574.5,103112.3,102150.0,102204.1,375524.64,3755.2464,385566374.33062,1,2025-01-28 18:00:00
102204.1,102668.8,101800.2,102420.6,306274.02,3062.7402,312836820.63921,1,2025-01-28 19:00:00
102420.6,102544.0,101214.8,101260.0,302391.5,3023.915,307844771.45151,1,2025-01-28 20:00:00
101259.9,101539.3,100270.9,100334.1,378996.19,3789.9619,382583654.19487,1,2025-01-28 21:00:00
100334.1,101414.9,100271.7,101270.7,304423.83,3044.2383,306867142.95042,1,2025-01-28 22:00:00
101270.7,101458.4,100740.3,101343.0,195775.12,1957.7512,198074354.33251,1,2025-01-28 23:00:00
101343.0,101833.3,101330.2,101708.8,201845.57,2018.4557,205004234.71741,1,2025-01-29 00:00:00
101708.8,102000.0,101439.5,101842.1,176708.78,1767.0878,179799076.06727,1,2025-01-29 01:00:00
101844.8,102332.7,101688.5,101797.6,168048.76,1680.4876,171355952.28946,1,2025-01-29 02:00:00
101797.5,102172.8,101777.0,102049.2,148808.43,1488.0843,151760353.45711,1,2025-01-29 03:00:00
102048.5,102198.0,101970.3,102010.1,85759.67,857.5967,87553242.55562,1,2025-01-29 04:00:00
102010.1,102425.5,102000.0,102272.0,119251.84,1192.5184,121920666.81228,1,2025-01-29 05:00:00
102272.1,102875.5,102244.4,102814.6,217464.45,2174.6445,223101429.02437,1,2025-01-29 06:00:00
102814.6,102820.0,102474.0,102758.9,125859.1,1258.591,129159317.72438,1,2025-01-29 07:00:00
102758.9,103057.8,102686.7,102755.8,199990.76,1999.9076,205687965.99754,1,2025-01-29 08:00:00
102755.9,102791.9,102320.0,102350.0,200230.77,2002.3077,205280922.44045,1,2025-01-29 09:00:00
102350.1,102739.6,102200.2,102550.7,150506.91,1505.0691,154276580.15828,1,2025-01-29 10:00:00
102550.7,102831.3,102410.7,102635.2,110029.69,1100.2969,112878689.80105,1,2025-01-29 11:00:00
102635.1,102821.2,102227.2,102253.9,189106.71,1891.0671,193832496.58788,1,2025-01-29 12:00:00
102253.9,102353.6,101691.7,101834.0,368311.81,3683.1181,375578489.3341,1,2025-01-29 13:00:00
101834.0,102399.8,101580.0,102035.6,414520.3,4145.203,422772363.36794,1,2025-01-29 14:00:00
102035.6,102541.9,101788.2,101986.6,293345.74,2933.4574,299659961.84606,1,2025-01-29 15:00:00
101986.6,102168.6,101684.7,102100.1,211766.55,2117.6655,215888989.44846,1,2025-01-29 16:00:00
102100.1,102828.3,101971.5,102419.9,260387.96,2603.8796,266738230.49367,1,2025-01-29 17:00:00
102419.8,103024.0,102000.0,102841.2,349288.11,3492.8811,358376259.45542,1,2025-01-29 18:00:00
102841.3,104110.0,101402.2,103615.6,1853500.83,18535.0083,1906161566.56825,1,2025-01-29 19:00:00
103615.5,104826.1,102876.7,104204.1,879890.56,8798.9056,915020865.53933,1,2025-01-29 20:00:00
104201.0,104414.8,103724.2,103743.1,356600.74,3566.0074,371100930.8381,1,2025-01-29 21:00:00
103743.1,104040.6,103411.0,103490.0,184974.85,1849.7485,191725127.53606,1,2025-01-29 22:00:00
103490.0,104378.0,103470.0,103747.5,184526.69,1845.2669,191848003.5509,1,2025-01-29 23:00:00
103747.5,104154.2,103282.0,104042.4,256153.85,2561.5385,265631750.86182,1,2025-01-30 00:00:00
104042.4,104565.0,103930.0,104277.8,207287.31,2072.8731,216148853.54149,1,2025-01-30 01:00:00
104277.8,104699.6,103988.0,104690.0,205566.95,2055.6695,214508994.33208,1,2025-01-30 02:00:00
104690.0,105345.3,104511.7,105207.2,357931.88,3579.3188,375620160.27601,1,2025-01-30 03:00:00
105207.2,105653.8,104875.9,105500.0,313654.88,3136.5488,330002455.0504,1,2025-01-30 04:00:00
105500.1,105540.0,105022.3,105394.5,241212.22,2412.1222,253978288.46829,1,2025-01-30 05:00:00
105394.6,105588.0,105167.2,105198.9,157883.55,1578.8355,166343211.03995,1,2025-01-30 06:00:00
105199.0,105370.2,104830.7,105158.1,207304.88,2073.0488,217692318.16091,1,2025-01-30 07:00:00
105158.1,105368.0,104952.3,105079.3,160428.34,1604.2834,168765749.95632,1,2025-01-30 08:00:00
105079.3,105587.9,105028.6,105429.3,167267.33,1672.6733,176239505.34309,1,2025-01-30 09:00:00
105429.3,105429.4,105136.0,105359.8,131894.57,1318.9457,138822843.85677,1,2025-01-30 10:00:00
105359.8,105410.0,105079.0,105320.0,139584.23,1395.8423,146917087.72496,1,2025-01-30 11:00:00
105319.9,105333.2,104875.2,105033.3,133985.94,1339.8594,140742211.14898,1,2025-01-30 12:00:00
105033.3,105366.0,104857.1,104892.3,253894.22,2538.9422,266905964.40685,1,2025-01-30 13:00:00
104889.9,106228.0,104649.0,105920.0,866849.03,8668.4903,914741136.16638,1,2025-01-30 14:00:00
105920.1,106460.0,105379.0,105563.6,705118.3,7051.183,746732253.41101,1,2025-01-30 15:00:00
105563.6,106000.0,105450.0,105702.4,241225.37,2412.2537,255104125.35288,1,2025-01-30 16:00:00
105702.4,105702.4,104901.7,105286.1,356804.11,3568.0411,375423254.01793,1,2025-01-30 17:00:00
105286.0,105581.6,104748.6,105570.9,289639.35,2896.3935,304706982.3816,1,2025-01-30 18:00:00
105571.0,105793.0,105221.9,105712.3,147504.51,1475.0451,155608280.68939,1,2025-01-30 19:00:00
105712.2,105817.8,104825.1,104895.3,375688.63,3756.8863,395527618.08822,1,2025-01-30 20:00:00
104895.2,105242.1,104788.0,105057.8,170592.49,1705.9249,179194554.71805,1,2025-01-30 21:00:00
105057.7,105368.4,104974.9,105109.3,48408.33,484.0833,50904437.41774,1,2025-01-30 22:00:00
105109.3,105271.6,104700.0,104742.3,115133.35,1151.3335,120915671.38141,1,2025-01-30 23:00:00
104742.4,105055.0,104410.0,104909.2,248909.19,2489.0919,260638613.78302,1,2025-01-31 00:00:00
104909.3,104931.5,104430.4,104752.1,153454.58,1534.5458,160617092.96902,1,2025-01-31 01:00:00
104752.1,104875.5,104266.5,104346.0,206556.41,2065.5641,215862690.7635,1,2025-01-31 02:00:00
104346.1,104399.4,103909.3,104338.4,308801.83,3088.0183,321595378.06226,1,2025-01-31 03:00:00
104338.4,104563.0,103968.4,104021.0,185729.38,1857.2938,193684273.51285,1,2025-01-31 04:00:00
104021.0,104500.0,104014.8,104312.0,148107.64,1481.0764,154513947.8186,1,2025-01-31 05:00:00
104312.0,104752.5,104288.2,104505.3,185352.52,1853.5252,193778195.18965,1,2025-01-31 06:00:00
104505.3,104800.0,104000.1,104185.8,335152.31,3351.5231,349732845.62097,1,2025-01-31 07:00:00
104185.9,104327.2,104010.6,104012.1,220550.81,2205.5081,229694063.40447,1,2025-01-31 08:00:00
104012.1,104318.3,103922.0,104260.1,192484.67,1924.8467,200419991.28609,1,2025-01-31 09:00:00
104260.0,104438.3,104067.4,104275.7,116036.84,1160.3684,120966428.71741,1,2025-01-31 10:00:00
104275.6,104857.8,104275.6,104724.1,263831.99,2638.3199,276102134.16409,1,2025-01-31 11:00:00
104724.1,104931.3,104550.0,104701.4,187827.97,1878.2797,196680241.39376,1,2025-01-31 12:00:00
104701.4,105031.4,104555.2,104660.8,262581.91,2625.8191,275206168.77885,1,2025-01-31 13:00:00
104660.7,104876.0,104104.0,104471.1,361323.01,3613.2301,377412240.90702,1,2025-01-31 14:00:00
104471.2,106047.0,104454.1,105460.2,886747.73,8867.4773,934023831.3592,1,2025-01-31 15:00:00
105460.2,105597.4,104686.3,105091.8,441161.88,4411.6188,463726740.71615,1,2025-01-31 16:00:00
105091.9,105093.8,104500.1,104590.1,238086.61,2380.8661,249456620.71234,1,2025-01-31 17:00:00
104590.2,104828.5,102580.3,102634.0,1021891.39,10218.9139,1057611133.85617,1,2025-01-31 18:00:00
102634.0,103034.1,102122.7,102300.2,700354.23,7003.5423,717888880.53675,1,2025-01-31 19:00:00
102300.2,102327.3,101561.1,101674.9,621981.18,6219.8118,634044151.45794,1,2025-01-31 20:00:00
101674.8,102141.5,101500.0,102126.0,335585.11,3355.8511,341545988.16428,1,2025-01-31 21:00:00
102126.0,102470.0,101908.0,102256.5,197952.32,1979.5232,202305149.68067,1,2025-01-31 22:00:00
102256.4,102439.7,101939.9,102433.5,126508.2,1265.082,129281021.65941,1,2025-01-31 23:00:00
102433.5,102583.2,102200.0,102490.1,136525.24,1365.2524,139845580.29976,1,2025-02-01 00:00:00
102490.2,102777.4,102465.2,102567.8,130611.69,1306.1169,134054984.82023,1,2025-02-01 01:00:00
102567.9,102791.8,102369.8,102447.9,127269.93,1272.6993,130548469.187,1,2025-02-01 02:00:00
102447.8,102518.6,102165.1,102243.3,113200.35,1132.0035,115823928.30244,1,2025-02-01 03:00:00
102243.3,102490.0,102112.0,102311.8,148067.18,1480.6718,151455362.32372,1,2025-02-01 04:00:00
102311.9,102600.0,102198.0,102488.8,90260.52,902.6052,92452080.5365,1,2025-02-01 05:00:00
102488.7,102571.9,102157.7,102406.3,77499.86,774.9986,79308843.1531,1,2025-02-01 06:00:00
102406.4,102500.1,102165.2,102175.4,85725.32,857.2532,87702596.60327,1,2025-02-01 07:00:00
102175.4,102295.0,101828.5,102024.0,201531.66,2015.3166,205607811.57329,1,2025-02-01 08:00:00
102023.9,102024.0,101368.0,101680.0,291218.67,2912.1867,296082479.8415,1,2025-02-01 09:00:00
101680.0,101982.0,101627.0,101643.9,186300.32,1863.0032,189692010.64417,1,2025-02-01 10:00:00
101643.9,102064.0,101643.8,102029.1,118985.9,1189.859,121288805.73204,1,2025-02-01 11:00:00
102029.1,102328.3,102000.1,102276.0,188245.94,1882.4594,192351246.29915,1,2025-02-01 12:00:00
102276.0,102290.0,101815.4,101875.6,148024.1,1480.241,151134546.81448,1,2025-02-01 13:00:00
101875.7,102184.2,101816.0,101818.2,133450.19,1334.5019,136070624.33366,1,2025-02-01 14:00:00
101818.3,102200.0,101724.4,102080.1,173684.11,1736.8411,177141448.49666,1,2025-02-01 15:00:00
102080.1,102236.8,101861.3,101889.6,141859.98,1418.5998,144749149.79701,1,2025-02-01 16:00:00
101889.6,102282.2,101889.6,102254.9,110443.92,1104.4392,112840149.68909,1,2025-02-01 17:00:00
102255.0,102276.2,101967.1,102000.0,64322.17,643.2217,65691143.50693,1,2025-02-01 18:00:00
102000.0,102030.6,101435.0,101673.4,186078.59,1860.7859,189278775.38367,1,2025-02-01 19:00:00
101673.5,101673.5,100911.1,101328.2,395036.91,3950.3691,400016021.51181,1,2025-02-01 20:00:00
101328.2,101576.3,100978.2,101190.0,171199.1,1711.991,173493353.09887,1,2025-02-01 21:00:00
101189.9,101425.0,100500.0,100650.5,337084.15,3370.8415,339880178.12735,1,2025-02-01 22:00:00
100650.5,100866.6,100254.1,100633.9,275727.67,2757.2767,277179239.28389,1,2025-02-01 23:00:00
100633.9,101289.0,100464.1,101241.9,216577.45,2165.7745,218688304.04923,1,2025-02-02 00:00:00
101241.9,101477.0,101158.3,101249.9,109494.85,1094.9485,110931591.33216,1,2025-02-02 01:00:00
101250.0,101275.8,100422.0,100450.1,211173.08,2111.7308,212865586.50123,1,2025-02-02 02:00:00
100450.0,100766.0,99143.1,99208.1,774593.44,7745.9344,773062462.4924,1,2025-02-02 03:00:00
99208.1,99869.7,99031.8,99533.9,369977.0,3699.77,367965832.08343,1,2025-02-02 04:00:00
99533.9,100341.7,99484.7,100245.0,250215.63,2502.1563,250215787.08309,1,2025-02-02 05:00:00
100245.0,100500.0,100085.9,100264.9,199943.13,1999.4313,200566417.13739,1,2025-02-02 06:00:00
100265.0,100272.5,99600.0,99625.2,232565.38,2325.6538,232352294.08298,1,2025-02-02 07:00:00
99625.3,100118.3,99321.3,99824.1,282890.69,2828.9069,282094021.58536,1,2025-02-02 08:00:00
99824.1,99865.6,99322.5,99682.9,217715.34,2177.1534,216901293.18001,1,2025-02-02 09:00:00
99683.0,99688.0,99228.0,99412.9,181541.74,1815.4174,180464575.84618,1,2025-02-02 10:00:00
99413.5,99588.5,98612.9,98872.1,527339.94,5273.3994,522149595.00821,1,2025-02-02 11:00:00
98872.1,99166.0,98155.2,98182.8,510228.84,5102.2884,503365385.88301,1,2025-02-02 12:00:00
98182.9,98848.0,98164.0,98813.9,353511.26,3535.1126,348590500.37638,1,2025-02-02 13:00:00
98814.0,99433.0,98715.2,99205.9,361621.49,3616.2149,358677300.81575,1,2025-02-02 14:00:00
99205.9,99414.0,98700.1,99343.1,252821.9,2528.219,250516063.20268,1,2025-02-02 15:00:00
99343.0,99364.0,98066.8,98267.6,478172.59,4781.7259,471588835.028,1,2025-02-02 16:00:00
98267.6,98588.2,97023.5,97250.5,1033055.31,10330.5531,1010093907.17697,1,2025-02-02 17:00:00
97251.6,97947.4,96827.7,97102.0,817434.43,8174.3443,795431337.93143,1,2025-02-02 18:00:00
97102.1,98726.5,96852.1,98269.9,640633.35,6406.3335,626739890.20265,1,2025-02-02 19:00:00
98269.9,98656.2,97636.0,97804.2,289032.44,2890.3244,283669134.9183,1,2025-02-02 20:00:00
97804.2,97985.4,96554.1,97029.9,468444.94,4684.4494,454812127.55415,1,2025-02-02 21:00:00
97030.0,98054.4,96130.5,98011.5,664480.73,6644.8073,645317865.16427,1,2025-02-02 22:00:00
98011.4,98011.5,96550.0,97701.9,666864.43,6668.6443,648947689.02589,1,2025-02-02 23:00:00
97702.0,97786.8,95403.0,96504.2,1441739.29,14417.3929,1391959490.48342,1,2025-02-03 00:00:00
96504.3,96939.8,91922.0,93454.5,3263698.01,32636.9801,3067170238.03303,1,2025-02-03 01:00:00
93454.7,94978.4,91255.0,93566.1,2423467.56,24234.6756,2264337689.83192,1,2025-02-03 02:00:00
93566.1,94696.5,93413.4,94048.0,617670.01,6176.7001,581858060.14252,1,2025-02-03 03:00:00
94048.1,94499.8,92640.1,92787.3,667656.47,6676.5647,624212164.19908,1,2025-02-03 04:00:00
92787.4,94278.2,92754.0,94206.0,533618.41,5336.1841,498630265.44755,1,2025-02-03 05:00:00
94206.0,94605.7,93617.6,93901.2,466339.94,4663.3994,438728535.53446,1,2025-02-03 06:00:00
93901.2,95400.0,93826.7,95305.0,464238.52,4642.3852,439609877.00825,1,2025-02-03 07:00:00
95305.1,95609.7,94827.1,95320.1,467785.38,4677.8538,445446445.37192,1,2025-02-03 08:00:00
95320.0,95943.9,95220.5,95272.1,509472.04,5094.7204,487209797.01064,1,2025-02-03 09:00:00
95272.2,95731.2,94764.5,95710.2,375515.67,3755.1567,357354573.54253,1,2025-02-03 10:00:00
95710.3,95710.6,94943.6,95109.9,224871.94,2248.7194,214254625.10387,1,2025-02-03 11:00:00
95110.0,95621.6,94765.9,94770.1,325902.03,3259.0203,310125149.39122,1,2025-02-03 12:00:00
94770.1,95388.0,94368.0,94664.8,408319.03,4083.1903,387256007.28972,1,2025-02-03 13:00:00
94664.7,96710.0,94151.3,96587.6,1421871.15,14218.7115,1359901329.03464,1,2025-02-03 14:00:00
96587.6,99499.8,96181.1,98838.8,1839691.55,18396.9155,1804957205.09096,1,2025-02-03 15:00:00
98838.9,99046.7,98138.3,98540.0,730251.72,7302.5172,720034251.20727,1,2025-02-03 16:00:00
98540.0,99331.8,98030.7,99182.3,608997.31,6089.9731,600543320.22078,1,2025-02-03 17:00:00
99184.9,99941.7,98937.5,99811.4,553465.98,5534.6598,550544470.17672,1,2025-02-03 18:00:00
99811.5,101915.5,99594.9,101915.0,1413119.9,14131.199,1423630128.01387,1,2025-02-03 19:00:00
101915.0,101966.0,101010.6,101102.0,683736.64,6837.3664,694176143.59152,1,2025-02-03 20:00:00
101101.9,101985.4,100939.4,101810.4,422417.82,4224.1782,428419102.38215,1,2025-02-03 21:00:00
101812.5,102551.0,101485.2,101703.9,349494.76,3494.9476,356419210.12286,1,2025-02-03 22:00:00
101704.0,101847.0,101266.7,101358.2,200219.93,2002.1993,203292224.33884,1,2025-02-03 23:00:00
101358.3,101680.0,101055.8,101077.9,205211.88,2052.1188,208046027.73572,1,2025-02-04 00:00:00
101077.9,101754.4,100759.3,101395.1,278562.27,2785.6227,282029064.53786,1,2025-02-04 01:00:00
101395.1,101449.3,100818.9,100854.1,148393.56,1483.9356,150063153.08966,1,2025-02-04 02:00:00
100854.0,101048.0,100567.0,100640.4,158327.42,1583.2742,159513087.55044,1,2025-02-04 03:00:00
100640.4,100786.2,100028.2,100075.0,292861.06,2928.6106,293794859.8448,1,2025-02-04 04:00:00
100074.9,100119.5,98250.0,98872.5,1162967.89,11629.6789,1151281712.53929,1,2025-02-04 05:00:00
98872.5,99648.3,98827.7,99373.9,413935.77,4139.3577,410918237.4471,1,2025-02-04 06:00:00
99374.0,99484.5,98321.1,98451.6,307022.44,3070.2244,303518687.37572,1,2025-02-04 07:00:00
98451.5,98726.3,97850.0,98300.1,451525.9,4515.259,443590383.17629,1,2025-02-04 08:00:00
98300.0,98829.5,98262.1,98339.3,234830.48,2348.3048,231458437.35665,1,2025-02-04 09:00:00
98339.2,98985.0,98332.3,98776.9,212445.24,2124.4524,209748389.01197,1,2025-02-04 10:00:00
98776.9,99417.0,98739.3,98961.4,324683.55,3246.8355,322048938.69996,1,2025-02-04 11:00:00
98961.4,99813.5,98961.4,99362.0,359351.23,3593.5123,357184904.53373,1,2025-02-04 12:00:00
99362.0,99550.0,98962.0,99013.5,292165.42,2921.6542,290209648.63469,1,2025-02-04 13:00:00
99013.5,100446.9,98568.7,99983.5,913947.59,9139.4759,911063869.79599,1,2025-02-04 14:00:00
99983.4,100232.7,98255.0,99351.8,1012938.22,10129.3822,1004542351.0835,1,2025-02-04 15:00:00
99351.8,99970.0,99032.8,99062.3,328428.07,3284.2807,326745255.79574,1,2025-02-04 16:00:00
99062.3,99628.4,98828.4,99181.6,257966.57,2579.6657,255866709.01202,1,2025-02-04 17:00:00
99181.5,99588.8,98768.0,99415.1,146126.89,1461.2689,144995513.34071,1,2025-02-04 18:00:00
99415.0,100799.0,98794.7,98863.5,744607.88,7446.0788,743916267.67145,1,2025-02-04 19:00:00
98862.7,99450.0,97962.0,98636.0,830222.51,8302.2251,818791586.98662,1,2025-02-04 20:00:00
98636.1,98661.8,96424.6,96510.0,851700.09,8517.0009,829490393.6056,1,2025-02-04 21:00:00
96509.9,97957.9,96129.0,97689.9,527119.89,5271.1989,510642097.50911,1,2025-02-04 22:00:00
97689.9,98210.7,97476.0,97759.9,270303.67,2703.0367,264364487.46727,1,2025-02-04 23:00:00
97760.0,98399.9,97695.6,98256.3,222255.96,2222.5596,217910454.55375,1,2025-02-05 00:00:00
98256.2,98954.1,97680.0,97842.9,406909.93,4069.0993,400112339.66184,1,2025-02-05 01:00:00
97842.9,98231.0,97148.4,98000.0,458274.48,4582.7448,447521846.55056,1,2025-02-05 02:00:00
98000.0,98327.0,97768.0,98045.4,157429.29,1574.2929,154375129.93158,1,2025-02-05 03:00:00
98045.4,98344.6,97896.8,98049.9,113599.52,1135.9952,111460170.6241,1,2025-02-05 04:00:00
98050.0,98333.1,97703.2,98150.5,182258.08,1822.5808,178659232.93224,1,2025-02-05 05:00:00
98150.5,98240.0,97543.2,97674.6,197185.29,1971.8529,192944856.77311,1,2025-02-05 06:00:00
97675.6,97986.0,97368.5,97863.3,228027.84,2280.2784,222597268.56552,1,2025-02-05 07:00:00
97863.3,98047.9,97572.1,97638.1,154428.81,1544.2881,151005098.99456,1,2025-02-05 08:00:00
97638.0,97969.9,97260.5,97416.2,203293.61,2032.9361,198369833.02048,1,2025-02-05 09:00:00
97416.1,98040.3,97380.0,97739.9,185051.52,1850.5152,180960430.98321,1,2025-02-05 10:00:00
97739.9,98224.4,97704.4,98205.7,208423.16,2084.2316,204342105.19343,1,2025-02-05 11:00:00
98205.7,98728.5,98001.0,98064.0,350301.66,3503.0166,344694122.06565,1,2025-02-05 12:00:00
98064.0,98691.0,97960.0,98569.0,214579.49,2145.7949,211045476.62686,1,2025-02-05 13:00:00
98568.9,99183.5,98110.7,98301.5,440918.41,4409.1841,434992684.49753,1,2025-02-05 14:00:00
98301.6,98574.3,97760.0,98122.0,444115.12,4441.1512,435832725.09326,1,2025-02-05 15:00:00
98122.0,98300.0,97325.0,97978.1,416654.36,4166.5436,407369852.43803,1,2025-02-05 16:00:00
97980.0,98260.1,97340.6,97556.1,255133.61,2551.3361,249183121.15617,1,2025-02-05 17:00:00
97556.0,97717.6,96508.0,96719.9,393604.22,3936.0422,381887779.01819,1,2025-02-05 18:00:00
96719.9,97522.0,96485.4,97387.8,242293.04,2422.9304,235120673.78236,1,2025-02-05 19:00:00
97387.8,97716.9,96876.1,97310.1,228730.76,2287.3076,222810072.37445,1,2025-02-05 20:00:00
97310.1,97554.7,96745.3,96924.6,177197.24,1771.9724,172168517.30748,1,2025-02-05 21:00:00
96925.1,97066.6,96264.1,96461.4,206623.17,2066.2317,199618451.97694,1,2025-02-05 22:00:00
96461.5,96875.9,96138.5,96618.3,234093.03,2340.9303,225886094.27412,1,2025-02-05 23:00:00
96618.3,96988.9,96422.1,96817.3,206927.38,2069.2738,200142181.996,1,2025-02-06 00:00:00
96817.4,97253.1,96628.0,97161.4,205592.18,2055.9218,199521735.93892,1,2025-02-06 01:00:00
97161.3,97466.7,97094.4,97369.6,115138.87,1151.3887,112007361.26106,1,2025-02-06 02:00:00
97369.6,97500.0,97068.5,97356.2,146474.13,1464.7413,142505264.41413,1,2025-02-06 03:00:00
97356.2,97855.0,97281.5,97624.8,189101.53,1891.0153,184561299.17286,1,2025-02-06 04:00:00
97624.9,97899.6,97600.6,97833.2,105411.54,1054.1154,103052041.76437,1,2025-02-06 05:00:00
97833.2,98464.0,97711.3,98387.5,278557.6,2785.576,273376457.94597,1,2025-02-06 06:00:00
98387.5,98387.6,98029.0,98219.9,168566.35,1685.6635,165512244.4008,1,2025-02-06 07:00:00
98219.9,98358.8,97925.2,98132.7,150759.09,1507.5909,147963977.96932,1,2025-02-06 08:00:00
98132.8,98730.0,98107.3,98609.6,290441.21,2904.4121,286223592.08159,1,2025-02-06 09:00:00
98609.5,99088.1,98608.8,99021.1,266985.51,2669.8551,263883551.19668,1,2025-02-06 10:00:00
99021.0,99146.0,98389.0,98863.9,372149.24,3721.4924,367635835.37416,1,2025-02-06 11:00:00
98863.9,99043.8,98279.0,98359.1,261133.6,2611.336,257416616.75414,1,2025-02-06 12:00:00
98359.2,98800.0,98175.0,98618.2,349726.28,3497.2628,344408060.54714,1,2025-02-06 13:00:00
98618.1,98920.5,97793.6,97842.9,683952.42,6839.5242,672326051.53695,1,2025-02-06 14:00:00
97842.9,98068.0,96926.0,97334.0,696195.6,6961.956,678517095.95896,1,2025-02-06 15:00:00
97334.0,97545.5,96369.9,96582.4,596298.6,5962.986,578132943.95056,1,2025-02-06 16:00:00
96582.6,97200.0,96379.0,96710.9,408929.47,4089.2947,395703293.20818,1,2025-02-06 17:00:00
96710.9,96860.5,95872.1,96315.0,527690.35,5276.9035,508268622.67167,1,2025-02-06 18:00:00
96314.9,96939.0,95669.8,95991.4,461009.9,4610.099,443645108.52588,1,2025-02-06 19:00:00
95991.4,97099.5,95781.1,96929.2,323322.91,3233.2291,311983262.46541,1,2025-02-06 20:00:00
96929.1,96952.9,96102.4,96818.8,236528.36,2365.2836,228540645.14785,1,2025-02-06 21:00:00
96818.8,96955.7,96159.3,96955.7,166502.97,1665.0297,160693095.92444,1,2025-02-06 22:00:00
96955.8,96967.6,96190.9,96555.9,190392.48,1903.9248,183850209.62727,1,2025-02-06 23:00:00
96555.9,96942.7,96408.9,96508.8,213261.67,2132.6167,206171684.93621,1,2025-02-07 00:00:00
96508.1,97827.4,96508.0,97386.7,266796.82,2667.9682,259358078.95468,1,2025-02-07 01:00:00
97386.7,97637.2,97067.8,97580.0,246072.83,2460.7283,239709321.57624,1,2025-02-07 02:00:00
97580.0,97768.8,97233.6,97460.8,144755.71,1447.5571,141080426.22183,1,2025-02-07 03:00:00
97460.9,97883.9,97375.6,97421.6,179872.61,1798.7261,175611373.65267,1,2025-02-07 04:00:00
97421.7,97543.4,97134.0,97348.8,137837.11,1378.3711,134121010.09239,1,2025-02-07 05:00:00
97348.8,97360.0,96577.9,96754.4,277010.89,2770.1089,268328335.80153,1,2025-02-07 06:00:00
96754.3,97233.7,96647.1,96748.9,243234.87,2432.3487,235766338.35626,1,2025-02-07 07:00:00
96748.8,97266.7,96600.6,97032.5,174722.02,1747.2202,169381803.28484,1,2025-02-07 08:00:00
97032.4,97397.2,97032.4,97290.0,150848.85,1508.4885,146734925.11189,1,2025-02-07 09:00:00
97290.0,97497.6,97253.4,97269.5,108852.54,1088.5254,105980298.25188,1,2025-02-07 10:00:00
97269.6,97766.0,97269.5,97750.2,162962.0,1629.62,159094203.16189,1,2025-02-07 11:00:00
97750.2,98050.0,97516.0,97971.4,265375.42,2653.7542,259570508.56304,1,2025-02-07 12:00:00
97971.3,98854.7,97158.0,98829.2,1006910.38,10069.1038,987454232.29754,1,2025-02-07 13:00:00
98829.2,100144.0,98685.1,99736.2,1284507.98,12845.0798,1279441564.62185,1,2025-02-07 14:00:00
99736.2,99736.2,97600.0,98307.0,1553612.72,15536.1272,1531223621.67272,1,2025-02-07 15:00:00
98310.2,98599.0,97633.2,97836.4,705582.82,7055.8282,691574876.63442,1,2025-02-07 16:00:00
97836.4,98205.3,97130.0,97435.9,464649.55,4646.4955,453526727.43516,1,2025-02-07 17:00:00
97436.0,98381.4,97300.0,97759.2,339512.81,3395.1281,332466523.13913,1,2025-02-07 18:00:00
97759.5,97843.6,96880.8,96894.7,297007.33,2970.0733,288913998.95517,1,2025-02-07 19:00:00
96894.8,96940.0,95550.8,95752.5,579533.82,5795.3382,557247538.6252,1,2025-02-07 20:00:00
95752.5,96158.7,95675.2,96000.1,278557.47,2785.5747,267127346.41657,1,2025-02-07 21:00:00
96000.0,96114.7,95615.7,96057.7,168770.21,1687.7021,161676395.79087,1,2025-02-07 22:00:00
96057.8,96519.1,95852.5,96490.8,202866.03,2028.6603,195136213.24317,1,2025-02-07 23:00:00
96490.7,96873.0,96323.2,96648.9,199056.75,1990.5675,192262356.58543,1,2025-02-08 00:00:00
96648.9,96777.0,96359.4,96524.3,122471.45,1224.7145,118325902.54345,1,2025-02-08 01:00:00
96524.3,96829.0,96406.8,96765.3,141361.23,1413.6123,136569909.70907,1,2025-02-08 02:00:00
96765.3,96909.8,96531.9,96710.3,133039.86,1330.3986,128682654.10061,1,2025-02-08 03:00:00
96710.3,96710.3,96227.0,96320.9,168823.94,1688.2394,162822275.74635,1,2025-02-08 04:00:00
96320.9,96387.5,96067.7,96230.3,174333.04,1743.3304,167756959.24788,1,2025-02-08 05:00:00
96230.2,96239.0,95878.2,96006.0,127769.01,1277.6901,122766039.4006,1,2025-02-08 06:00:00
96006.0,96323.5,95777.0,96210.5,181434.31,1814.3431,174280426.53752,1,2025-02-08 07:00:00
96210.5,96309.1,95889.0,95907.9,122740.92,1227.4092,117926838.66395,1,2025-02-08 08:00:00
95908.0,96213.3,95907.9,96177.8,65882.33,658.8233,63314316.96458,1,2025-02-08 09:00:00
96177.7,96300.0,95997.3,96036.5,106826.46,1068.2646,102732340.49087,1,2025-02-08 10:00:00
96036.5,96140.0,95850.3,96132.2,105379.57,1053.7957,101160128.85164,1,2025-02-08 11:00:00
96132.2,96275.0,95907.0,96069.3,146639.31,1466.3931,140883863.19724,1,2025-02-08 12:00:00
96069.3,96517.5,96016.9,96236.2,170949.88,1709.4988,164611617.81871,1,2025-02-08 13:00:00
96236.3,96373.5,95943.5,96112.2,146505.85,1465.0585,140781541.76008,1,2025-02-08 14:00:00
96113.0,96226.4,95668.2,95856.0,198596.98,1985.9698,190378882.72043,1,2025-02-08 15:00:00
95855.9,96152.0,95755.0,96133.5,177175.86,1771.7586,170014546.23023,1,2025-02-08 16:00:00
96133.5,96399.9,96133.5,96373.1,177072.2,1770.722,170479410.80606,1,2025-02-08 17:00:00
96373.2,96544.0,96230.3,96507.2,96416.41,964.1641,92947064.78752,1,2025-02-08 18:00:00
96507.2,96764.6,96389.9,96587.7,146929.37,1469.2937,141934689.87989,1,2025-02-08 19:00:00
96587.8,96638.3,96363.6,96469.2,61323.39,613.2339,59149521.33626,1,2025-02-08 20:00:00
96469.2,96619.2,96353.5,96539.9,51355.81,513.5581,49551256.9843,1,2025-02-08 21:00:00
96539.9,96713.7,96384.6,96482.2,49379.95,493.7995,47673706.26206,1,2025-02-08 22:00:00
96482.3,96690.0,96426.7,96449.5,55895.21,558.9521,53981503.68944,1,2025-02-08 23:00:00
96449.5,96590.0,96351.9,96564.1,62673.1,626.731,60460527.21326,1,2025-02-09 00:00:00
96564.1,96999.0,96475.9,96976.1,186543.91,1865.4391,180522463.37091,1,2025-02-09 01:00:00
96975.5,97065.8,96680.0,96729.9,123273.81,1232.7381,119421063.23544,1,2025-02-09 02:00:00
96730.0,97318.0,96694.2,97317.9,237104.7,2371.047,230095358.73204,1,2025-02-09 03:00:00
97317.9,97333.0,96934.0,97221.2,119608.42,1196.0842,116197953.60574,1,2025-02-09 04:00:00
97221.3,97236.0,97002.0,97036.5,58666.87,586.6687,56963051.95872,1,2025-02-09 05:00:00
97036.4,97081.8,96775.0,97009.0,111528.26,1115.2826,108090266.74142,1,2025-02-09 06:00:00
97009.1,97122.0,96924.3,97063.5,51133.25,511.3325,49622846.19213,1,2025-02-09 07:00:00
97063.5,97324.0,97058.0,97082.1,159132.11,1591.3211,154665909.77235,1,2025-02-09 08:00:00
97082.1,97092.0,96905.0,96938.1,94543.07,945.4307,91686546.26179,1,2025-02-09 09:00:00
96938.0,96940.5,96630.1,96788.9,192735.36,1927.3536,186530033.78373,1,2025-02-09 10:00:00
96788.8,97071.5,96551.4,96569.0,184920.03,1849.2003,178984305.60205,1,2025-02-09 11:00:00
96570.0,96727.7,96300.1,96547.4,180687.7,1806.877,174378258.20693,1,2025-02-09 12:00:00
96547.4,96558.5,95817.6,95889.7,319382.5,3193.825,307100508.94028,1,2025-02-09 13:00:00
95889.7,96318.7,95664.6,96124.0,271143.49,2711.4349,260366606.633,1,2025-02-09 14:00:00
96124.0,96666.0,96118.5,96489.6,250430.63,2504.3063,241486927.44128,1,2025-02-09 15:00:00
96489.6,96564.8,96327.0,96454.5,92398.35,923.9835,89115005.10914,1,2025-02-09 16:00:00
96454.5,96589.9,95934.3,96167.9,185201.73,1852.0173,178159593.3879,1,2025-02-09 17:00:00
96167.9,96287.9,95986.0,96220.1,76960.09,769.6009,73963637.87425,1,2025-02-09 18:00:00
96220.0,96288.0,95900.0,96060.9,73859.68,738.5968,70943592.31362,1,2025-02-09 19:00:00
96060.9,96781.7,96043.6,96328.7,200614.84,2006.1484,193398516.35174,1,2025-02-09 20:00:00
96328.8,96350.7,94707.4,95167.2,626724.33,6267.2433,597292661.63866,1,2025-02-09 21:00:00
95167.2,96465.6,94769.0,95827.8,418533.33,4185.3333,400481683.71109,1,2025-02-09 22:00:00
95827.8,96580.0,95730.0,96465.0,219757.3,2197.573,211386488.74374,1,2025-02-09 23:00:00
96464.9,97142.4,96458.0,96726.1,311770.42,3117.7042,302002641.55375,1,2025-02-10 00:00:00
96726.2,96849.8,95250.0,95595.4,522783.13,5227.8313,501650790.23262,1,2025-02-10 01:00:00
95595.4,96092.1,95420.7,95815.8,280323.68,2803.2368,268233271.94373,1,2025-02-10 02:00:00
95815.9,97099.9,95778.4,96819.9,477323.68,4773.2368,461659377.82482,1,2025-02-10 03:00:00
96820.0,97185.1,96637.9,96943.3,255813.1,2558.131,247948771.22904,1,2025-02-10 04:00:00
96943.3,97698.5,96772.7,97032.3,444046.05,4440.4605,431730044.61406,1,2025-02-10 05:00:00
97032.4,97230.2,96792.1,97161.7,265710.95,2657.1095,257818642.90009,1,2025-02-10 06:00:00
97161.7,97488.0,97118.0,97443.0,155404.68,1554.0468,151199987.30558,1,2025-02-10 07:00:00
97442.9,97927.8,97360.0,97689.0,354650.41,3546.5041,346518464.82046,1,2025-02-10 08:00:00
97689.0,97868.0,97468.7,97669.5,193790.6,1937.906,189241392.31063,1,2025-02-10 09:00:00
97669.5,97974.4,97600.0,97749.2,247346.75,2473.4675,241947711.10536,1,2025-02-10 10:00:00
97749.1,97912.6,97627.5,97666.9,125653.74,1256.5374,122874610.83622,1,2025-02-10 11:00:00
97666.8,97804.2,97180.0,97375.1,230131.6,2301.316,224314172.00278,1,2025-02-10 12:00:00
97375.1,98378.4,97368.0,98223.3,417772.86,4177.7286,408861813.79246,1,2025-02-10 13:00:00
98223.3,98333.2,97075.0,97289.9,644025.44,6440.2544,628543571.42174,1,2025-02-10 14:00:00
97289.9,97580.0,96870.0,97235.2,385199.07,3851.9907,374267064.34004,1,2025-02-10 15:00:00
97235.1,97425.8,96880.0,97301.7,294341.17,2943.4117,286046273.06403,1,2025-02-10 16:00:00
97301.7,97530.0,96885.3,97499.0,279573.65,2795.7365,271721277.47439,1,2025-02-10 17:00:00
97498.9,97560.0,97178.4,97559.9,176613.23,1766.1323,171964758.29045,1,2025-02-10 18:00:00
97560.0,97643.7,97250.0,97375.8,146250.35,1462.5035,142563091.20058,1,2025-02-10 19:00:00
97375.8,97488.0,97218.0,97334.0,108609.65,1086.0965,105745618.76999,1,2025-02-10 20:00:00
97334.0,97389.1,97130.0,97381.6,133497.33,1334.9733,129849290.042,1,2025-02-10 21:00:00
97381.7,97500.0,97273.4,97379.4,85511.29,855.1129,83273171.3262,1,2025-02-10 22:00:00
97379.5,97450.0,97216.6,97417.7,92595.44,925.9544,90117768.80457,1,2025-02-10 23:00:00
97417.7,98160.7,97401.8,97781.9,348925.3,3489.253,341179495.51604,1,2025-02-11 00:00:00
97782.0,98112.9,97770.0,98000.0,225864.46,2258.6446,221311384.94347,1,2025-02-11 01:00:00
98000.0,98108.0,97463.4,97769.6,249809.13,2498.0913,244094174.57899,1,2025-02-11 02:00:00
97769.5,97769.7,97475.6,97610.8,119445.36,1194.4536,116564193.52949,1,2025-02-11 03:00:00
97610.9,98200.0,97560.5,98070.1,211686.65,2116.8665,207288011.01085,1,2025-02-11 04:00:00
98070.1,98500.0,98005.7,98425.9,300532.67,3005.3267,295319248.51704,1,2025-02-11 05:00:00
98425.8,98488.0,98139.9,98433.7,176431.03,1764.3103,173467178.63205,1,2025-02-11 06:00:00
98433.7,98485.0,98257.4,98276.1,150732.69,1507.3269,148297412.32402,1,2025-02-11 07:00:00
98276.1,98348.0,98127.0,98236.8,139485.49,1394.8549,136990448.40572,1,2025-02-11 08:00:00
98236.8,98319.0,97891.3,97990.7,171358.58,1713.5858,168084073.88864,1,2025-02-11 09:00:00
97990.7,98128.0,97880.4,97962.5,99659.69,996.5969,97670803.94539,1,2025-02-11 10:00:00
97962.5,98246.0,97886.2,98136.1,108072.35,1080.7235,105987791.58932,1,2025-02-11 11:00:00
98136.0,98152.0,97668.0,97759.7,268337.09,2683.3709,262517465.3513,1,2025-02-11 12:00:00
97759.8,97842.1,96671.1,96780.0,566761.94,5667.6194,550948318.56236,1,2025-02-11 13:00:00
96780.0,97321.0,96572.0,96957.7,558312.88,5583.1288,541148905.38534,1,2025-02-11 14:00:00
96957.8,97252.1,96607.1,97022.2,335906.85,3359.0685,325650303.98532,1,2025-02-11 15:00:00
97022.2,97040.8,96302.0,96373.9,459974.07,4599.7407,444266979.2563,1,2025-02-11 16:00:00
96373.8,96398.6,95888.0,96168.1,427394.05,4273.9405,411005024.67198,1,2025-02-11 17:00:00
96168.1,96168.2,95412.9,95472.1,466955.64,4669.5564,447109553.38656,1,2025-02-11 18:00:00
95475.0,95664.2,94866.9,95023.9,499125.3,4991.253,475001925.72713,1,2025-02-11 19:00:00
95023.8,95443.0,94914.5,95302.0,306877.71,3068.7771,292098449.35294,1,2025-02-11 20:00:00
95302.1,96485.2,95260.5,96391.8,421268.04,4212.6804,404253468.29581,1,2025-02-11 21:00:00
96391.8,96524.8,95323.0,95584.0,430534.41,4305.3441,413199542.39724,1,2025-02-11 22:00:00
95584.5,95963.2,95483.6,95783.7,219756.7,2197.567,210337182.36603,1,2025-02-11 23:00:00
95783.8,96120.0,95672.9,96052.1,155462.74,1554.6274,149105405.6314,1,2025-02-12 00:00:00
96052.1,96277.0,95820.2,96214.0,116889.08,1168.8908,112246796.74932,1,2025-02-12 01:00:00
96214.0,96220.6,95372.2,95585.7,176168.76,1761.6876,168826421.56606,1,2025-02-12 02:00:00
95585.8,95767.9,95088.0,95307.6,346423.03,3464.2303,330693763.97421,1,2025-02-12 03:00:00
95307.7,95621.0,95270.8,95570.6,146618.81,1466.1881,139940930.87263,1,2025-02-12 04:00:00
95570.8,95957.4,95505.5,95899.8,202087.46,2020.8746,193612908.73652,1,2025-02-12 05:00:00
95899.8,95965.0,95688.4,95830.8,85224.38,852.2438,81676830.65992,1,2025-02-12 06:00:00
95830.9,96180.0,95798.1,96076.2,144688.89,1446.8889,138929101.04424,1,2025-02-12 07:00:00
96076.3,96477.2,96051.2,96362.8,182343.06,1823.4306,175556785.42956,1,2025-02-12 08:00:00
96362.9,96384.0,96048.4,96150.9,178317.48,1783.1748,171511808.35038,1,2025-02-12 09:00:00
96150.9,96216.0,95920.0,95994.1,132050.99,1320.5099,126894208.69802,1,2025-02-12 10:00:00
95994.1,96400.0,95994.1,96115.2,133922.71,1339.2271,128839034.94801,1,2025-02-12 11:00:00
96115.2,96365.2,95944.3,95998.0,167410.91,1674.1091,160996679.99263,1,2025-02-12 12:00:00
95998.0,96678.8,94072.1,94963.9,2067070.09,20670.7009,1966364613.99345,1,2025-02-12 13:00:00
94963.9,95702.8,94464.6,95638.6,865923.65,8659.2365,823672362.77537,1,2025-02-12 14:00:00
95638.0,95986.0,94727.8,95806.7,717564.44,7175.6444,684829745.96053,1,2025-02-12 15:00:00
95806.7,97112.9,95126.6,96999.4,799806.25,7998.0625,769455015.38313,1,2025-02-12 16:00:00
96999.4,97700.0,96772.2,97370.0,838060.36,8380.6036,814795309.71604,1,2025-02-12 17:00:00
97370.0,97466.9,96600.9,96910.3,290466.46,2904.6646,281557649.36624,1,2025-02-12 18:00:00
96910.3,97280.6,96356.0,97207.6,248367.74,2483.6774,240401638.38796,1,2025-02-12 19:00:00
97207.7,97656.0,96929.8,97040.7,250909.99,2509.0999,244107214.5982,1,2025-02-12 20:00:00
97042.0,97932.5,96855.0,97650.1,275754.1,2757.541,268649235.36862,1,2025-02-12 21:00:00
97650.0,98168.0,97424.5,97817.9,408401.33,4084.0133,399831386.9379,1,2025-02-12 22:00:00
97818.0,98056.3,97608.0,97885.8,260793.6,2607.936,255191087.52506,1,2025-02-12 23:00:00
97885.9,97887.0,97550.0,97840.0,137355.55,1373.5555,134213300.94459,1,2025-02-13 00:00:00
97839.9,98100.0,97761.8,97999.9,182329.16,1823.2916,178529852.91278,1,2025-02-13 01:00:00
97999.9,98000.0,97380.0,97488.6,164210.49,1642.1049,160358877.02296,1,2025-02-13 02:00:00
97488.5,97650.0,97463.0,97508.6,100421.71,1004.2171,97958495.8815,1,2025-02-13 03:00:00
97508.6,97569.4,96780.0,96951.6,259319.42,2593.1942,251944518.75478,1,2025-02-13 04:00:00
96951.6,96951.6,96524.9,96679.0,271317.58,2713.1758,262421635.58662,1,2025-02-13 05:00:00
96679.0,96776.0,95794.4,96056.2,494302.41,4943.0241,475521016.3619,1,2025-02-13 06:00:00
96056.3,96242.2,95902.2,96074.8,231840.54,2318.4054,222754231.17189,1,2025-02-13 07:00:00
96074.9,96191.8,95715.0,95950.1,237990.89,2379.9089,228369501.73937,1,2025-02-13 08:00:00
95950.0,96314.0,95792.7,96266.6,211533.26,2115.3326,203436823.74639,1,2025-02-13 09:00:00
96266.6,96360.6,96109.0,96172.9,103732.86,1037.3286,99822733.15878,1,2025-02-13 10:00:00
96172.8,96294.4,95540.2,95935.2,347786.99,3477.8699,333583097.74369,1,2025-02-13 11:00:00
95935.1,96080.5,95687.7,95821.7,318129.22,3181.2922,304968232.65226,1,2025-02-13 12:00:00
95821.8,96332.2,95667.7,96076.0,449199.37,4491.9937,431303791.82492,1,2025-02-13 13:00:00
96076.0,96107.9,95321.0,95870.1,488186.95,4881.8695,467509604.247,1,2025-02-13 14:00:00
95870.2,96500.0,95552.9,95998.2,611346.4,6113.464,587234791.62634,1,2025-02-13 15:00:00
95998.2,96012.0,95215.3,95359.7,399858.97,3998.5897,382091878.2278,1,2025-02-13 16:00:00
95359.7,96030.3,95302.8,95700.0,233880.18,2338.8018,223882172.8051,1,2025-02-13 17:00:00
95699.9,96014.6,95346.8,95984.2,254366.25,2543.6625,243342885.87159,1,2025-02-13 18:00:00
95984.1,96375.6,95569.0,95642.5,298284.82,2982.8482,286357921.28431,1,2025-02-13 19:00:00
95642.4,96315.0,95604.0,96281.2,189953.19,1899.5319,182540456.27556,1,2025-02-13 20:00:00
96281.3,96781.5,96263.0,96483.0,224834.04,2248.3404,216994198.54171,1,2025-02-13 21:00:00
96482.9,96613.9,96270.1,96414.9,96962.47,969.6247,93520156.22994,1,2025-02-13 22:00:00
96415.0,96638.5,96322.0,96611.0,105677.19,1056.7719,101949039.33088,1,2025-02-13 23:00:00
96611.0,96999.0,96542.2,96757.6,221959.59,2219.5959,214704608.64106,1,2025-02-14 00:00:00
96757.6,96917.4,96353.3,96544.1,222504.69,2225.0469,214997065.98873,1,2025-02-14 01:00:00
96544.0,96832.2,96460.0,96543.5,138185.06,1381.8506,133621509.0645,1,2025-02-14 02:00:00
96543.5,97208.6,96538.1,97154.9,193515.6,1935.156,187603340.66291,1,2025-02-14 03:00:00
97154.9,97246.0,96767.7,96770.7,183543.22,1835.4322,178019676.28614,1,2025-02-14 04:00:00
96770.7,96925.2,96572.2,96690.9,120780.19,1207.8019,116848809.5294,1,2025-02-14 05:00:00
96690.9,96877.3,96622.5,96843.8,112454.94,1124.5494,108811772.69134,1,2025-02-14 06:00:00
96843.8,97072.2,96821.1,96942.1,149358.75,1493.5875,144842846.80596,1,2025-02-14 07:00:00
96942.0,97033.0,96799.8,96889.1,121675.52,1216.7552,117915694.34662,1,2025-02-14 08:00:00
96889.0,97177.7,96840.7,97125.4,148725.39,1487.2539,144338497.08288,1,2025-02-14 09:00:00
97125.4,97218.0,96964.7,97023.2,133276.83,1332.7683,129410535.54215,1,2025-02-14 10:00:00
97023.2,97146.0,96808.0,96897.4,125754.22,1257.5422,121904720.72157,1,2025-02-14 11:00:00
96897.4,96897.5,96505.5,96656.1,178181.81,1781.8181,172287503.47972,1,2025-02-14 12:00:00
96656.1,97032.4,96456.4,96801.4,271309.31,2713.0931,262499888.59991,1,2025-02-14 13:00:00
96801.4,97597.6,96580.0,97299.9,494399.51,4943.9951,480503521.48735,1,2025-02-14 14:00:00
97299.9,97420.0,96280.0,96940.0,703878.32,7038.7832,681021941.87989,1,2025-02-14 15:00:00
96939.9,97750.0,96485.5,97657.2,453260.16,4532.6016,439961011.43183,1,2025-02-14 16:00:00
97657.2,98847.4,97155.0,98545.1,903923.8,9039.238,885837689.32101,1,2025-02-14 17:00:00
98545.2,98755.0,98180.0,98210.1,404180.65,4041.8065,397938384.10441,1,2025-02-14 18:00:00
98210.1,98448.8,97657.2,97949.9,355032.08,3550.3208,348187946.36944,1,2025-02-14 19:00:00
97950.0,98272.8,97003.4,97189.9,298996.26,2989.9626,291863989.20098,1,2025-02-14 20:00:00
97190.0,97497.3,96681.5,97458.2,305972.98,3059.7298,297025387.61113,1,2025-02-14 21:00:00
97460.0,97552.0,96930.5,97123.9,123746.13,1237.4613,120366291.33958,1,2025-02-14 22:00:00
97123.9,97524.0,96996.3,97500.0,91250.32,912.5032,88789741.00508,1,2025-02-14 23:00:00
97500.0,97523.9,97222.0,97475.7,93865.43,938.6543,91420890.26128,1,2025-02-15 00:00:00
97475.6,97850.0,97444.1,97805.7,118734.23,1187.3423,115982184.91395,1,2025-02-15 01:00:00
97805.7,97950.9,97630.0,97846.7,104208.48,1042.0848,101906852.55481,1,2025-02-15 02:00:00
97846.8,97995.0,97636.2,97661.3,95963.56,959.6356,93845723.5167,1,2025-02-15 03:00:00
97661.2,97807.2,97507.0,97541.4,78388.62,783.8862,76536722.08885,1,2025-02-15 04:00:00
97541.4,97656.0,97466.0,97610.0,49555.54,495.5554,48347860.56478,1,2025-02-15 05:00:00
97610.1,97673.3,97420.8,97494.8,73430.97,734.3097,71623644.37121,1,2025-02-15 06:00:00
97494.8,97529.1,97364.7,97364.7,84827.85,848.2785,82642148.44208,1,2025-02-15 07:00:00
97364.8,97559.8,97303.0,97519.5,76799.93,767.9993,74834597.01101,1,2025-02-15 08:00:00
97519.4,97619.9,97431.2,97578.3,68764.29,687.6429,67077561.92359,1,2025-02-15 09:00:00
97578.2,97775.5,97464.4,97674.5,76583.76,765.8376,74766482.66958,1,2025-02-15 10:00:00
97674.5,97696.1,97490.0,97632.2,79556.84,795.5684,77647044.45483,1,2025-02-15 11:00:00
97632.2,97859.1,97550.0,97760.4,125877.39,1258.7739,122969906.33269,1,2025-02-15 12:00:00
97760.3,97950.0,97680.0,97719.1,115262.97,1152.6297,112713602.0259,1,2025-02-15 13:00:00
97719.2,97796.2,97420.5,97610.7,181784.38,1817.8438,177394700.76447,1,2025-02-15 14:00:00
97610.7,97730.0,97555.0,97639.9,79888.82,798.8882,78011758.96926,1,2025-02-15 15:00:00
97640.0,97725.0,97453.9,97541.3,83912.44,839.1244,81885102.37122,1,2025-02-15 16:00:00
97541.3,97595.4,97321.1,97417.9,112172.88,1121.7288,109287096.68017,1,2025-02-15 17:00:00
97417.8,97599.5,97379.5,97551.3,57249.9,572.499,55810090.35718,1,2025-02-15 18:00:00
97551.3,97676.9,97522.8,97555.4,64553.82,645.5382,63016323.4652,1,2025-02-15 19:00:00
97555.4,97661.6,97426.6,97558.5,64150.82,641.5082,62574923.04619,1,2025-02-15 20:00:00
97558.4,97706.9,97553.9,97704.0,61890.61,618.9061,60433058.53418,1,2025-02-15 21:00:00
97704.0,97766.0,97437.7,97567.9,60751.52,607.5152,59288291.60823,1,2025-02-15 22:00:00
97568.0,97659.1,97437.5,97590.6,98107.57,981.0757,95691524.90526,1,2025-02-15 23:00:00
97590.5,97731.8,97576.8,97613.0,62120.12,621.2012,60674595.68945,1,2025-02-16 00:00:00
97612.9,97688.0,97553.1,97652.0,41381.75,413.8175,40394058.41059,1,2025-02-16 01:00:00
97652.1,97678.0,97480.0,97530.0,93718.76,937.1876,91446487.15427,1,2025-02-16 02:00:00
97529.9,97560.0,97408.0,97555.0,121381.47,1213.8147,118334150.2305,1,2025-02-16 03:00:00
97555.0,97600.0,97476.9,97541.5,70118.71,701.1871,68388807.50839,1,2025-02-16 04:00:00
97541.5,97687.6,97485.4,97604.5,81998.36,819.9836,80016824.96072,1,2025-02-16 05:00:00
97604.5,97625.0,97450.1,97485.9,62399.87,623.9987,60874890.88597,1,2025-02-16 06:00:00
97485.8,97485.9,97212.2,97259.1,150623.3,1506.233,146653751.79606,1,2025-02-16 07:00:00
97259.2,97345.5,97133.3,97183.7,146453.61,1464.5361,142409948.75582,1,2025-02-16 08:00:00
97183.7,97380.0,97064.5,97371.3,143883.19,1438.8319,139845872.23942,1,2025-02-16 09:00:00
97371.4,97420.0,97181.9,97191.0,82670.24,826.7024,80442468.64329,1,2025-02-16 10:00:00
97190.0,97358.0,97163.7,97356.0,68583.53,685.8353,66707902.23231,1,2025-02-16 11:00:00
97356.0,97356.1,97100.1,97137.4,100894.08,1008.9408,98081803.09275,1,2025-02-16 12:00:00
97137.4,97234.1,96712.0,96851.3,280015.96,2800.1596,271568634.05695,1,2025-02-16 13:00:00
96851.3,97046.4,96687.0,96978.0,242694.76,2426.9476,235029825.62773,1,2025-02-16 14:00:00
96978.0,97107.8,96900.0,96900.0,94934.43,949.3443,92099857.58234,1,2025-02-16 15:00:00
96900.0,97135.0,96877.7,97057.3,79469.08,794.6908,77105895.5216,1,2025-02-16 16:00:00
97057.3,97174.5,96918.0,96978.3,69233.31,692.3331,67196337.24749,1,2025-02-16 17:00:00
96978.3,96994.8,96575.2,96873.1,173326.07,1733.2607,167777416.15876,1,2025-02-16 18:00:00
96873.1,97120.0,96763.3,97072.5,74823.79,748.2379,72566632.21801,1,2025-02-16 19:00:00
97072.4,97178.9,96872.7,96920.8,36943.05,369.4305,35846230.7716,1,2025-02-16 20:00:00
96920.9,97344.0,96858.9,97192.1,96829.13,968.2913,94056453.81046,1,2025-02-16 21:00:00
97192.2,97209.3,96567.0,96881.2,118536.08,1185.3608,114752373.58874,1,2025-02-16 22:00:00
96881.2,96896.0,96050.0,96113.5,400468.43,4004.6843,385699353.56962,1,2025-02-16 23:00:00
96113.5,96440.5,96032.3,96314.3,179850.0,1798.5,173167545.48261,1,2025-02-17 00:00:00
96314.2,96544.4,96072.2,96503.5,230367.22,2303.6722,221853064.4152,1,2025-02-17 01:00:00
96503.5,96639.0,96158.0,96220.0,149902.01,1499.0201,144484772.65293,1,2025-02-17 02:00:00
96220.1,96288.0,96060.0,96211.1,132867.9,1328.679,127773537.04748,1,2025-02-17 03:00:00
96211.1,96263.4,96000.2,96013.5,163353.89,1633.5389,156994352.99911,1,2025-02-17 04:00:00
96013.5,96320.0,95773.5,96238.0,281470.54,2814.7054,270353040.31031,1,2025-02-17 05:00:00
96238.0,96461.8,96192.6,96387.9,157414.94,1574.1494,151673329.63756,1,2025-02-17 06:00:00
96388.0,96469.0,95901.0,96075.0,188604.47,1886.0447,181275632.55065,1,2025-02-17 07:00:00
96075.0,96320.0,95950.0,96153.3,189699.05,1896.9905,182324249.52874,1,2025-02-17 08:00:00
96153.3,96324.9,96086.7,96168.1,125238.46,1252.3846,120506352.20619,1,2025-02-17 09:00:00
96168.1,96400.0,96039.0,96095.8,226994.38,2269.9438,218443668.73175,1,2025-02-17 10:00:00
96095.9,96300.0,95981.8,96074.7,152816.38,1528.1638,146887597.7138,1,2025-02-17 11:00:00
96075.7,96535.6,96064.1,96451.1,216652.7,2166.527,208682140.46222,1,2025-02-17 12:00:00
96451.1,96490.0,96235.9,96400.4,113404.79,1134.0479,109268666.95368,1,2025-02-17 13:00:00
96400.4,97051.9,96388.5,96808.7,382678.14,3826.7814,370272504.57363,1,2025-02-17 14:00:00
96808.6,96900.0,95550.7,95666.2,584121.82,5841.2182,561382542.75492,1,2025-02-17 15:00:00
95666.2,95945.9,95272.4,95336.4,499837.57,4998.3757,477649428.531,1,2025-02-17 16:00:00
95336.4,95737.3,95280.0,95474.1,231905.24,2319.0524,221495539.28474,1,2025-02-17 17:00:00
95474.1,95766.4,95212.1,95329.9,239695.18,2396.9518,228786620.87759,1,2025-02-17 18:00:00
95329.8,95594.6,95154.7,95530.4,154137.58,1541.3758,146988777.05928,1,2025-02-17 19:00:00
95530.4,96280.0,95486.4,95969.1,191176.59,1911.7659,183432999.28281,1,2025-02-17 20:00:00
95969.2,96418.8,95920.0,96410.1,153215.6,1532.156,147327091.28058,1,2025-02-17 21:00:00
96410.2,96418.9,95826.9,95880.0,103364.54,1033.6454,99333977.52542,1,2025-02-17 22:00:00
95880.0,96025.9,95706.3,95784.0,96617.09,966.1709,92604018.34369,1,2025-02-17 23:00:00
95784.1,96066.5,95559.3,95648.4,180576.13,1805.7613,172908078.91784,1,2025-02-18 00:00:00
95648.4,96300.0,95615.8,96265.8,198563.52,1985.6352,190717165.69449,1,2025-02-18 01:00:00
96265.9,96326.0,96004.6,96060.8,125319.92,1253.1992,120507528.56435,1,2025-02-18 02:00:00
96061.0,96286.5,95991.0,96184.2,104939.6,1049.396,100942785.78989,1,2025-02-18 03:00:00
96184.2,96301.0,95962.0,96070.0,122781.78,1227.8178,118059151.9935,1,2025-02-18 04:00:00
96070.0,96112.8,95550.5,95611.7,239879.96,2398.7996,229769096.94141,1,2025-02-18 05:00:00
95611.7,95650.0,95253.0,95385.6,384915.11,3849.1511,367274924.77199,1,2025-02-18 06:00:00
95385.6,95732.1,95317.6,95463.9,161601.43,1616.0143,154348921.42787,1,2025-02-18 07:00:00
95463.9,95602.5,95021.9,95249.1,294211.43,2942.1143,280346028.93322,1,2025-02-18 08:00:00
95249.1,95799.0,95158.8,95792.5,210184.44,2101.8444,200860434.15871,1,2025-02-18 09:00:00
95792.5,95888.0,95628.8,95750.0,178628.34,1786.2834,171067969.2149,1,2025-02-18 10:00:00
95750.0,95788.0,95562.2,95638.6,120209.87,1202.0987,115006537.67484,1,2025-02-18 11:00:00
95638.6,96298.9,95593.7,96191.8,285812.43,2858.1243,274478799.08963,1,2025-02-18 12:00:00
96191.8,96500.0,96100.0,96228.9,279589.48,2795.8948,269208887.85984,1,2025-02-18 13:00:00
96228.9,96767.4,95377.1,95539.3,696567.22,6965.6722,669172433.04877,1,2025-02-18 14:00:00
95539.2,95734.5,95200.0,95549.9,408929.58,4089.2958,390437177.14362,1,2025-02-18 15:00:00
95549.9,95648.0,94610.1,94648.6,690782.61,6907.8261,656264509.13155,1,2025-02-18 16:00:00
94648.6,94880.0,94111.2,94121.0,563049.57,5630.4957,531727587.05979,1,2025-02-18 17:00:00
94121.1,94377.1,93600.0,93926.0,698619.77,6986.1977,656329159.38087,1,2025-02-18 18:00:00
93925.9,94399.0,93365.4,94104.1,535502.0,5355.02,502143330.29377,1,2025-02-18 19:00:00
94104.2,94463.0,93732.3,94199.7,272579.82,2725.7982,256519193.20888,1,2025-02-18 20:00:00
94199.8,95344.7,94120.1,95072.1,534642.36,5346.4236,507482986.52545,1,2025-02-18 21:00:00
95072.2,95544.0,94873.2,95300.4,207565.79,2075.6579,197802044.45829,1,2025-02-18 22:00:00
95300.1,95674.4,95253.1,95662.3,173124.84,1731.2484,165289796.47532,1,2025-02-18 23:00:00
95662.3,95830.0,95280.9,95340.0,276779.83,2767.7983,264483002.00877,1,2025-02-19 00:00:00
95340.0,95488.8,95058.0,95479.9,170621.92,1706.2192,162496076.23746,1,2025-02-19 01:00:00
95479.9,95979.7,95451.8,95834.9,223264.11,2232.6411,213630989.66164,1,2025-02-19 02:00:00
95834.9,95847.0,95578.1,95716.6,119022.27,1190.2227,113933444.06357,1,2025-02-19 03:00:00
95716.7,95780.6,95226.8,95226.8,152251.45,1522.5145,145423271.93263,1,2025-02-19 04:00:00
95226.8,95363.5,95050.0,95300.1,214394.29,2143.9429,204128227.31256,1,2025-02-19 05:00:00
95300.1,95697.6,95255.1,95634.2,167853.52,1678.5352,160269071.10336,1,2025-02-19 06:00:00
95634.2,95850.0,95577.3,95690.0,198101.54,1981.0154,189609570.19267,1,2025-02-19 07:00:00
95690.0,95866.0,95631.6,95643.4,121624.01,1216.2401,116454053.84987,1,2025-02-19 08:00:00
95643.5,96044.1,95630.1,95948.3,200106.33,2001.0633,191809479.21077,1,2025-02-19 09:00:00
95948.3,96477.3,95948.3,96347.9,455381.93,4553.8193,438594413.57471,1,2025-02-19 10:00:00
96347.9,96447.9,96214.0,96439.2,182066.75,1820.6675,175369720.20246,1,2025-02-19 11:00:00
96439.2,96517.4,96169.7,96176.8,210794.3,2107.943,203117798.49651,1,2025-02-19 12:00:00
96176.9,96520.0,96176.8,96306.1,198920.86,1989.2086,191607782.97398,1,2025-02-19 13:00:00
96306.1,96724.0,95648.3,95767.9,719613.45,7196.1345,692569590.57243,1,2025-02-19 14:00:00
95767.9,96422.0,95533.3,95937.3,570529.72,5705.2972,547593915.20909,1,2025-02-19 15:00:00
95937.2,96398.0,95937.2,96319.0,253962.64,2539.6264,244349899.9097,1,2025-02-19 16:00:00
96319.1,96511.0,96124.6,96391.4,270040.34,2700.4034,260201936.11548,1,2025-02-19 17:00:00
96391.5,96424.5,95627.3,95665.4,316351.68,3163.5168,303548093.54802,1,2025-02-19 18:00:00
95665.5,96215.2,95408.9,96197.5,370724.64,3707.2464,355361470.1103,1,2025-02-19 19:00:00
96193.9,96481.9,96085.8,96161.1,257317.42,2573.1742,247850200.06237,1,2025-02-19 20:00:00
96161.1,96468.2,96050.0,96308.9,115468.68,1154.6868,111187635.96343,1,2025-02-19 21:00:00
96308.9,96617.5,96308.8,96545.9,110280.48,1102.8048,106388895.47467,1,2025-02-19 22:00:00
96546.0,96896.2,96524.8,96641.3,210846.89,2108.4689,203950675.88391,1,2025-02-19 23:00:00
96641.4,96859.4,96413.8,96855.1,103481.38,1034.8138,99986941.75001,1,2025-02-20 00:00:00
96855.1,97000.0,96636.0,96776.0,166340.23,1663.4023,161020994.51168,1,2025-02-20 01:00:00
96775.9,97288.0,96741.1,97145.9,265302.95,2653.0295,257425533.36032,1,2025-02-20 02:00:00
97145.9,97432.0,96993.1,97064.6,304644.22,3046.4422,296058077.52371,1,2025-02-20 03:00:00
97064.6,97380.8,97054.9,97226.8,194435.67,1944.3567,189018940.89855,1,2025-02-20 04:00:00
97226.9,97231.8,96888.0,96920.6,216371.89,2163.7189,210027865.60789,1,2025-02-20 05:00:00
96920.6,96989.9,96759.0,96916.6,178191.06,1781.9106,172645349.21951,1,2025-02-20 06:00:00
96916.6,97111.9,96813.9,96870.5,104093.05,1040.9305,100939631.51815,1,2025-02-20 07:00:00
96870.6,97195.0,96803.0,97138.3,158537.19,1585.3719,153797912.25677,1,2025-02-20 08:00:00
97138.4,97284.9,97138.4,97183.8,136710.24,1367.1024,132889983.19026,1,2025-02-20 09:00:00
97183.9,97359.9,97092.8,97359.8,123726.48,1237.2648,120288171.33019,1,2025-02-20 10:00:00
97359.8,97371.0,97146.0,97199.9,114738.64,1147.3864,111602719.80559,1,2025-02-20 11:00:00
97199.9,97543.0,97199.9,97425.0,263570.12,2635.7012,256808360.35942,1,2025-02-20 12:00:00
97425.0,97564.8,97253.4,97546.9,195461.26,1954.6126,190410103.28895,1,2025-02-20 13:00:00
97547.0,98040.2,96874.7,96962.5,1073143.89,10731.4389,1047170740.11784,1,2025-02-20 14:00:00
96962.5,97333.6,96768.1,96912.5,562369.48,5623.6948,545768583.33721,1,2025-02-20 15:00:00
96912.5,97980.7,96874.0,97553.6,575329.86,5753.2986,561486516.26131,1,2025-02-20 16:00:00
97553.6,98013.4,97545.0,97958.7,403580.21,4035.8021,395010553.91616,1,2025-02-20 17:00:00
97958.7,98433.0,97940.0,98288.1,449431.39,4494.3139,441553631.41721,1,2025-02-20 18:00:00
98288.0,98530.0,98235.8,98412.4,201937.78,2019.3778,198706936.41915,1,2025-02-20 19:00:00
98412.4,98724.9,98292.1,98456.0,233467.91,2334.6791,230049919.73677,1,2025-02-20 20:00:00
98456.7,98499.9,98011.0,98089.8,127926.51,1279.2651,125668182.7878,1,2025-02-20 21:00:00
98089.7,98380.0,98058.4,98118.9,97858.12,978.5812,96091495.36933,1,2025-02-20 22:00:00
98118.8,98519.9,98100.0,98299.5,140590.19,1405.9019,138292563.66024,1,2025-02-20 23:00:00
98299.5,98500.0,98062.0,98230.4,119546.3,1195.463,117511953.22678,1,2025-02-21 00:00:00
98230.5,98350.0,98106.5,98303.8,105866.78,1058.6678,103975576.61239,1,2025-02-21 01:00:00
98303.8,98387.8,98106.8,98117.6,122152.54,1221.5254,120033711.4036,1,2025-02-21 02:00:00
98117.6,98309.7,98093.8,98159.5,117602.77,1176.0277,115460446.35179,1,2025-02-21 03:00:00
98159.5,98285.2,98130.0,98211.5,101755.01,1017.5501,99940927.77518,1,2025-02-21 04:00:00
98211.6,98399.5,98159.6,98347.2,115107.09,1151.0709,113148120.84901,1,2025-02-21 05:00:00
98347.2,98437.9,98300.0,98404.7,87755.34,877.5534,86339061.21268,1,2025-02-21 06:00:00
98404.6,98618.4,98161.7,98180.0,165242.89,1652.4289,162579282.07035,1,2025-02-21 07:00:00
98180.0,98266.8,98112.1,98208.9,124844.92,1248.4492,122595557.79618,1,2025-02-21 08:00:00
98208.9,98980.3,98101.9,98344.6,609594.06,6095.9406,600525961.3253,1,2025-02-21 09:00:00
98344.5,98666.0,98245.0,98606.3,238116.27,2381.1627,234448048.09161,1,2025-02-21 10:00:00
98606.4,98818.6,98470.6,98615.9,176010.96,1760.1096,173636000.73766,1,2025-02-21 11:00:00
98616.0,98966.0,98509.7,98912.4,266252.34,2662.5234,263014073.27141,1,2025-02-21 12:00:00
98912.5,99488.0,98805.0,99331.0,712442.19,7124.4219,707027873.45412,1,2025-02-21 13:00:00
99331.1,99380.0,98345.1,98798.9,869966.39,8699.6639,859439091.45139,1,2025-02-21 14:00:00
98798.9,99345.9,97180.9,98129.5,2028199.91,20281.9991,1988709483.56062,1,2025-02-21 15:00:00
98129.6,98776.0,97739.7,98238.8,802913.22,8029.1322,789406751.3861,1,2025-02-21 16:00:00
98238.8,98450.0,96833.1,96972.7,859999.54,8599.9954,838124391.85976,1,2025-02-21 17:00:00
96972.7,97230.0,96500.0,96534.1,771423.76,7714.2376,747195177.45903,1,2025-02-21 18:00:00
96534.0,96826.6,95187.5,95242.1,1208124.36,12081.2436,1158259175.91628,1,2025-02-21 19:00:00
95242.1,95625.7,94840.6,95028.1,740276.25,7402.7625,704970262.20444,1,2025-02-21 20:00:00
95029.5,95450.0,94949.5,95354.1,383597.47,3835.9747,365224882.4369,1,2025-02-21 21:00:00
95354.0,95894.5,95200.3,95787.6,359071.82,3590.7182,343149109.1099,1,2025-02-21 22:00:00
95787.5,96158.5,95612.7,96138.4,175360.95,1753.6095,168246640.74003,1,2025-02-21 23:00:00
96138.4,96178.2,95743.3,96156.7,186412.31,1864.1231,178916681.15064,1,2025-02-22 00:00:00
96156.8,96425.0,96090.0,96210.5,162232.95,1622.3295,156206337.90662,1,2025-02-22 01:00:00
96210.5,96429.2,96073.6,96324.9,176840.66,1768.4066,170216386.99105,1,2025-02-22 02:00:00
96324.9,96332.2,96127.0,96271.9,81694.68,816.9468,78612822.41498,1,2025-02-22 03:00:00
96271.8,96462.7,96244.5,96378.8,86905.38,869.0538,83757409.96061,1,2025-02-22 04:00:00
96378.9,96519.0,96288.0,96498.9,107223.47,1072.2347,103402678.86808,1,2025-02-22 05:00:00
96499.0,96568.0,96305.6,96383.9,123195.67,1231.9567,118820664.44383,1,2025-02-22 06:00:00
96383.9,96500.0,96269.9,96269.9,112568.82,1125.6882,108525041.1154,1,2025-02-22 07:00:00
96270.0,96337.0,96115.8,96199.0,167487.71,1674.8771,161153147.58567,1,2025-02-22 08:00:00
96198.9,96514.0,96119.7,96479.2,144910.99,1449.1099,139651894.33647,1,2025-02-22 09:00:00
96479.3,96570.7,96410.0,96468.5,142278.9,1422.789,137307643.35334,1,2025-02-22 10:00:00
96468.4,96599.9,96468.4,96568.8,82826.49,828.2649,79960143.49933,1,2025-02-22 11:00:00
96568.9,97000.0,96532.1,96800.0,270132.96,2701.3296,261364156.68991,1,2025-02-22 12:00:00
96800.0,96906.6,96506.0,96543.8,190408.7,1904.087,184154289.82887,1,2025-02-22 13:00:00
96543.9,96698.7,96523.0,96525.2,122486.46,1224.8646,118323194.97089,1,2025-02-22 14:00:00
96525.1,96729.9,96488.8,96595.2,144649.76,1446.4976,139743186.31689,1,2025-02-22 15:00:00
96595.3,96813.7,96427.5,96500.0,230343.67,2303.4367,222702988.42027,1,2025-02-22 16:00:00
96500.0,96686.6,96471.1,96641.4,106794.11,1067.9411,103144934.23257,1,2025-02-22 17:00:00
96641.4,96839.4,96368.5,96456.8,149431.42,1494.3142,144362981.43666,1,2025-02-22 18:00:00
96456.8,96651.4,96358.5,96645.1,65012.82,650.1282,62756181.69053,1,2025-02-22 19:00:00
96645.1,96655.9,96507.3,96580.1,64254.26,642.5426,62063223.54616,1,2025-02-22 20:00:00
96580.1,96679.8,96510.0,96652.4,57301.79,573.0179,55332134.97614,1,2025-02-22 21:00:00
96652.5,96714.8,96588.1,96624.9,45380.16,453.8016,43857140.05094,1,2025-02-22 22:00:00
96624.8,96643.2,96464.4,96540.1,47096.7,470.967,45478618.7825,1,2025-02-22 23:00:00
96540.1,96643.0,96477.0,96626.8,54216.85,542.1685,52339394.9518,1,2025-02-23 00:00:00
96626.9,96626.9,96368.0,96452.4,66724.34,667.2434,64370271.85471,1,2025-02-23 01:00:00
96452.4,96496.5,96380.1,96409.7,45163.73,451.6373,43548486.53518,1,2025-02-23 02:00:00
96409.7,96580.1,96384.0,96409.7,77413.42,774.1342,74690113.44534,1,2025-02-23 03:00:00
96409.7,96528.6,96373.3,96394.0,65692.64,656.9264,63346330.92482,1,2025-02-23 04:00:00
96393.9,96411.9,96211.3,96215.9,134049.35,1340.4935,129094679.57147,1,2025-02-23 05:00:00
96215.9,96369.2,96140.0,96343.0,113856.2,1138.562,109614193.90293,1,2025-02-23 06:00:00
96343.0,96560.0,96297.4,96505.1,145165.7,1451.657,140020570.07717,1,2025-02-23 07:00:00
96505.0,96505.1,96293.4,96361.8,76858.14,768.5814,74069372.71811,1,2025-02-23 08:00:00
96361.8,96485.4,96250.0,96272.5,85622.27,856.2227,82485761.17032,1,2025-02-23 09:00:00
96272.5,96291.1,96102.0,96195.7,125142.47,1251.4247,120367020.32112,1,2025-02-23 10:00:00
96195.7,96262.0,96081.6,96118.1,69808.15,698.0815,67129614.51815,1,2025-02-23 11:00:00
96118.0,96170.6,95651.8,95747.4,340612.57,3406.1257,326500617.00179,1,2025-02-23 12:00:00
95747.4,95990.1,95703.9,95979.0,190400.46,1904.0046,182544704.98893,1,2025-02-23 13:00:00
95979.0,96053.6,95490.0,95589.3,213846.56,2138.4656,204849912.7307,1,2025-02-23 14:00:00
95589.3,95734.5,95401.9,95446.5,224224.36,2242.2436,214346357.47867,1,2025-02-23 15:00:00
95446.4,95626.1,95435.3,95436.2,126695.11,1266.9511,121044770.35439,1,2025-02-23 16:00:00
95436.2,95764.6,95260.0,95659.3,223426.61,2234.2661,213289837.45616,1,2025-02-23 17:00:00
95659.2,95907.2,95619.6,95749.5,136485.11,1364.8511,130721345.23713,1,2025-02-23 18:00:00
95749.4,95850.7,95710.9,95756.5,43308.99,433.0899,41484210.09151,1,2025-02-23 19:00:00
95756.6,95816.5,95659.5,95777.0,47537.47,475.3747,45507668.14864,1,2025-02-23 20:00:00
95777.0,95777.0,95619.5,95758.5,56404.0,564.04,53972635.77122,1,2025-02-23 21:00:00
95758.5,95950.0,95539.0,95786.0,83638.06,836.3806,80082731.39998,1,2025-02-23 22:00:00
95786.1,96340.2,95779.1,96268.1,291668.17,2916.6817,280219719.81782,1,2025-02-23 23:00:00
96268.2,96532.0,96152.0,96252.1,273197.17,2731.9717,263308299.09532,1,2025-02-24 00:00:00
96252.1,96345.9,95757.8,95985.9,234236.75,2342.3675,224915883.16714,1,2025-02-24 01:00:00
95985.9,96211.8,95735.9,95828.0,158387.1,1583.871,151996703.67651,1,2025-02-24 02:00:00
95828.0,95828.0,95305.6,95439.3,314656.47,3146.5647,300781175.17694,1,2025-02-24 03:00:00
95439.3,95597.3,95028.0,95300.0,376464.17,3764.6417,358791619.97145,1,2025-02-24 04:00:00
95300.0,95771.4,95250.0,95728.1,209097.8,2090.978,199702902.31843,1,2025-02-24 05:00:00
95728.0,95909.0,95611.2,95870.4,135264.4,1352.644,129548661.98089,1,2025-02-24 06:00:00
95870.4,95963.4,95697.5,95877.0,133578.72,1335.7872,128017274.47522,1,2025-02-24 07:00:00
95877.1,95943.4,95384.0,95503.8,256384.16,2563.8416,245078981.401,1,2025-02-24 08:00:00
95503.9,96180.0,95492.6,95763.4,292806.92,2928.0692,280669180.7891,1,2025-02-24 09:00:00
95763.4,95929.6,95343.7,95642.7,231975.09,2319.7509,221705446.79225,1,2025-02-24 10:00:00
95642.8,95865.0,95416.5,95830.0,214517.7,2145.177,205188433.02757,1,2025-02-24 11:00:00
95830.1,95956.0,95684.7,95798.1,136652.69,1366.5269,130943242.93491,1,2025-02-24 12:00:00
95798.0,96100.0,95317.7,95598.1,583858.65,5838.5865,558778075.38976,1,2025-02-24 13:00:00
95598.0,95800.0,94561.0,94686.0,818284.31,8182.8431,778896282.02502,1,2025-02-24 14:00:00
94685.9,94970.0,93813.8,94329.1,1121705.11,11217.0511,1058297653.83687,1,2025-02-24 15:00:00
94329.0,94980.0,94115.0,94418.9,622218.24,6222.1824,588614732.85648,1,2025-02-24 16:00:00
94418.9,95192.8,94310.3,94637.8,481330.68,4813.3068,456684897.36032,1,2025-02-24 17:00:00
94637.7,94853.3,94133.3,94164.4,289950.08,2899.5008,274046649.56969,1,2025-02-24 18:00:00
94160.1,94571.8,93654.8,93946.3,432048.5,4320.485,406341096.46526,1,2025-02-24 19:00:00
93949.3,94592.5,93830.5,94028.2,367222.69,3672.2269,346276462.87891,1,2025-02-24 20:00:00
94028.3,94355.5,93618.0,93979.1,270733.61,2707.3361,254336693.7052,1,2025-02-24 21:00:00
93979.1,94000.0,92356.0,92407.4,1101055.12,11010.5512,1025406540.76787,1,2025-02-24 22:00:00
92407.4,92870.3,91324.4,91550.1,924371.3,9243.713,850547714.24135,1,2025-02-24 23:00:00
91550.1,92173.1,90866.1,91864.0,1011008.43,10110.0843,926228851.15824,1,2025-02-25 00:00:00
91864.0,92399.0,91158.0,92021.4,611410.82,6114.1082,561835914.94937,1,2025-02-25 01:00:00
92021.4,92522.8,91601.0,92375.2,384576.01,3845.7601,354228638.06367,1,2025-02-25 02:00:00
92375.2,92543.0,91940.4,92159.7,218575.07,2185.7507,201621020.76042,1,2025-02-25 03:00:00
92159.7,92318.2,91827.0,91900.1,259175.79,2591.7579,238590867.04363,1,2025-02-25 04:00:00
91900.0,92113.3,91699.2,92077.2,201670.15,2016.7015,185383791.4838,1,2025-02-25 05:00:00
92077.2,92133.8,91215.2,91291.7,327339.3,3273.393,299725115.62046,1,2025-02-25 06:00:00
91292.0,91452.6,88181.2,89310.1,3062594.53,30625.9453,2744009175.08888,1,2025-02-25 07:00:00
89310.1,89999.0,89010.1,89419.6,769753.68,7697.5368,690370477.31802,1,2025-02-25 08:00:00
89419.7,89612.4,88303.6,88335.7,813118.68,8131.1868,722777655.64304,1,2025-02-25 09:00:00
88335.8,88914.0,86866.9,88218.6,2046215.56,20462.1556,1798201021.93915,1,2025-02-25 10:00:00
88218.5,89376.3,87632.9,89250.0,964147.09,9641.4709,852978393.91427,1,2025-02-25 11:00:00
89250.0,89530.9,88924.9,89420.5,612627.57,6126.2757,546492485.38966,1,2025-02-25 12:00:00
89420.6,89567.8,88747.5,88849.1,359338.78,3593.3878,320172332.96202,1,2025-02-25 13:00:00
88849.1,89411.9,87052.5,87170.6,1406817.64,14068.1764,1239954883.77999,1,2025-02-25 14:00:00
87170.6,87784.4,86042.0,87238.9,2527203.66,25272.0366,2195416831.22714,1,2025-02-25 15:00:00
87239.0,87811.7,86157.3,87472.3,1284548.94,12845.4894,1117219286.20414,1,2025-02-25 16:00:00
87472.2,87819.8,86828.0,87278.0,727266.3,7272.663,635062110.28418,1,2025-02-25 17:00:00
87278.0,87800.0,86910.0,87074.1,633781.75,6337.8175,553237774.90607,1,2025-02-25 18:00:00
87074.1,88076.0,86500.0,87950.0,628176.79,6281.7679,547669658.13836,1,2025-02-25 19:00:00
87949.9,89036.0,87626.0,88190.9,962844.3,9628.443,850640895.58558,1,2025-02-25 20:00:00
88190.9,88815.9,87784.1,88808.6,353131.65,3531.3165,311719170.84976,1,2025-02-25 21:00:00
88808.6,89462.8,88500.1,88811.9,387870.72,3878.7072,345244042.47067,1,2025-02-25 22:00:00
88811.9,89137.2,88666.0,88676.4,260861.95,2608.6195,231916341.83957,1,2025-02-25 23:00:00
88676.4,88683.8,88143.0,88150.1,229041.02,2290.4102,202470597.81553,1,2025-02-26 00:00:00
88150.1,88840.0,88150.0,88700.1,269746.76,2697.4676,238606493.19601,1,2025-02-26 01:00:00
88700.1,89226.8,88420.6,89011.5,238156.63,2381.5663,211460594.43432,1,2025-02-26 02:00:00
89009.8,89400.0,88878.1,88886.1,279293.98,2792.9398,249022253.26771,1,2025-02-26 03:00:00
88886.0,89250.0,88666.0,88702.6,174763.93,1747.6393,155469437.83597,1,2025-02-26 04:00:00
88702.7,88893.9,88388.0,88421.7,192937.47,1929.3747,171138718.9102,1,2025-02-26 05:00:00
88421.8,88940.4,88421.8,88924.1,186757.96,1867.5796,165699190.03097,1,2025-02-26 06:00:00
88924.1,89190.5,88412.6,88718.5,257301.97,2573.0197,228577775.75359,1,2025-02-26 07:00:00
88718.6,88808.2,88127.0,88475.1,277018.84,2770.1884,244904044.32147,1,2025-02-26 08:00:00
88475.1,89299.4,88456.6,89109.9,333047.71,3330.4771,296323715.41416,1,2025-02-26 09:00:00
89109.9,89308.9,88857.2,89242.8,235407.23,2354.0723,209657311.12184,1,2025-02-26 10:00:00
89242.8,89259.7,88525.0,88608.3,266218.18,2662.1818,236573722.62895,1,2025-02-26 11:00:00
88608.4,88677.6,87611.0,87947.5,586268.77,5862.6877,516970686.5013,1,2025-02-26 12:00:00
87947.4,88106.6,87018.7,87197.7,561516.92,5615.1692,491913825.87307,1,2025-02-26 13:00:00
87197.7,87718.0,85400.1,87602.6,2584064.99,25840.6499,2234015706.19573,1,2025-02-26 14:00:00
87602.5,88532.8,87414.2,87561.9,1195182.88,11951.8288,1050818951.10053,1,2025-02-26 15:00:00
87561.9,87809.6,86275.0,86805.4,1210917.91,12109.1791,1052908487.5186,1,2025-02-26 16:00:00
86805.4,87311.7,85666.0,86050.0,876221.34,8762.2134,758379819.46182,1,2025-02-26 17:00:00
86050.1,86488.0,83355.9,84255.7,2679244.31,26792.4431,2270312845.49124,1,2025-02-26 18:00:00
84255.7,85074.0,83721.9,83860.0,1281721.01,12817.2101,1080975421.02285,1,2025-02-26 19:00:00
83860.1,84628.9,82228.0,84395.2,1929595.7,19295.957,1609801696.96857,1,2025-02-26 20:00:00
84392.4,85158.0,83462.2,84626.0,1091809.23,10918.0923,920678704.6404,1,2025-02-26 21:00:00
84626.0,85408.7,84163.6,84420.1,630345.31,6303.4531,534566564.59006,1,2025-02-26 22:00:00
84420.0,84784.1,83917.0,84245.5,304529.59,3045.2959,256474445.19617,1,2025-02-26 23:00:00
84245.5,84800.0,84026.2,84732.3,488032.18,4880.3218,412398192.65307,1,2025-02-27 00:00:00
84732.4,85465.9,84300.2,84756.3,427148.71,4271.4871,362700953.03771,1,2025-02-27 01:00:00
84756.3,85207.4,84201.0,84294.5,448778.58,4487.7858,380118893.99779,1,2025-02-27 02:00:00
84294.5,85333.0,84266.0,85210.9,327987.74,3279.8774,278551164.07647,1,2025-02-27 03:00:00
85210.8,85368.0,84686.0,85156.9,305019.48,3050.1948,259296847.27105,1,2025-02-27 04:00:00
85156.9,85972.0,85058.0,85885.9,433801.92,4338.0192,371150456.92457,1,2025-02-27 05:00:00
85885.9,86729.9,85701.7,86252.5,508116.12,5081.1612,438030084.83429,1,2025-02-27 06:00:00
86252.4,86593.4,86088.1,86261.9,303155.82,3031.5582,261754454.32405,1,2025-02-27 07:00:00
86261.9,86430.0,85882.1,86073.3,297164.23,2971.6423,255838567.40393,1,2025-02-27 08:00:00
86073.2,86350.0,85854.9,86166.2,269446.47,2694.4647,232131817.77296,1,2025-02-27 09:00:00
86166.2,87097.0,86033.0,87000.4,461206.24,4612.0624,399411133.08605,1,2025-02-27 10:00:00
87000.4,87081.7,86370.0,86685.7,360117.77,3601.1777,312191032.20643,1,2025-02-27 11:00:00
86685.8,86780.0,86241.8,86325.9,257415.98,2574.1598,222569897.43569,1,2025-02-27 12:00:00
86326.0,86766.0,85780.0,86129.0,632233.57,6322.3357,545347217.13741,1,2025-02-27 13:00:00
86129.0,86440.0,84935.0,84985.7,1146823.69,11468.2369,983097721.77997,1,2025-02-27 14:00:00
84985.6,86167.8,84652.6,85514.1,1077637.39,10776.3739,920441623.96152,1,2025-02-27 15:00:00
85514.1,85710.0,84375.0,84490.5,639015.42,6390.1542,543286503.61729,1,2025-02-27 16:00:00
84490.6,85068.3,84349.0,84618.4,489045.21,4890.4521,413770784.48325,1,2025-02-27 17:00:00
84618.3,84995.7,84507.4,84642.0,338652.82,3386.5282,287090309.1286,1,2025-02-27 18:00:00
84642.0,84656.8,83618.9,84126.1,770009.88,7700.0988,646968278.1294,1,2025-02-27 19:00:00
84126.0,84175.7,82706.8,83516.6,1045146.35,10451.4635,870225739.79302,1,2025-02-27 20:00:00
83516.1,84428.5,83226.7,84419.8,444461.12,4444.6112,373145381.28247,1,2025-02-27 21:00:00
84419.8,84768.6,83877.8,84706.8,240078.19,2400.7819,202312789.19025,1,2025-02-27 22:00:00
84706.8,84921.0,84412.4,84701.5,232031.12,2320.3112,196438487.02699,1,2025-02-27 23:00:00
84701.6,84893.0,84218.9,84266.7,218310.1,2183.101,184601154.11413,1,2025-02-28 00:00:00
84266.8,84426.0,81016.6,81666.2,2253001.88,22530.0188,1854408222.02198,1,2025-02-28 01:00:00
81666.1,82882.4,79500.0,80815.9,3092329.23,30923.2923,2498610329.61786,1,2025-02-28 02:00:00
80815.8,81560.6,80235.7,80451.8,1143521.8,11435.218,925822982.95576,1,2025-02-28 03:00:00
80451.8,80985.3,79338.6,80406.2,1571112.42,15711.1242,1259144673.19882,1,2025-02-28 04:00:00
80406.2,80545.1,79121.6,79965.9,1195104.98,11951.0498,953277944.29024,1,2025-02-28 05:00:00
79965.9,80437.3,79011.0,79344.8,1124903.33,11249.0333,895424159.42701,1,2025-02-28 06:00:00
79344.8,80246.1,78831.1,79204.0,985268.68,9852.6868,782525166.67767,1,2025-02-28 07:00:00
79204.1,79450.0,78234.0,78979.9,1345281.46,13452.8146,1059901181.9685,1,2025-02-28 08:00:00
78980.0,80742.5,78888.0,80341.0,1218101.41,12181.0141,974168314.64692,1,2025-02-28 09:00:00
80340.9,80466.0,79538.5,80010.5,595444.4,5954.444,475809518.4996,1,2025-02-28 10:00:00
80010.5,80842.1,79987.8,80515.9,520787.03,5207.8703,419134660.35185,1,2025-02-28 11:00:00
80515.9,80832.0,80049.4,80788.0,419255.71,4192.5571,337026682.02383,1,2025-02-28 12:00:00
80788.0,81756.7,80615.1,81503.4,1109258.74,11092.5874,901158031.427,1,2025-02-28 13:00:00
81503.4,82556.1,81085.0,82104.0,1416151.21,14161.5121,1160560977.46769,1,2025-02-28 14:00:00
82103.7,84427.4,81989.8,83989.0,1778092.48,17780.9248,1486617715.69427,1,2025-02-28 15:00:00
83988.8,84937.3,83502.0,84356.2,1137015.79,11370.1579,956835315.46264,1,2025-02-28 16:00:00
84359.2,84400.0,83578.1,83607.0,579695.76,5796.9576,486672684.93197,1,2025-02-28 17:00:00
83606.9,85130.0,83175.0,84436.6,950531.08,9505.3108,800121954.51402,1,2025-02-28 18:00:00
84436.5,84808.6,84197.0,84432.8,365166.64,3651.6664,308580945.59898,1,2025-02-28 19:00:00
84432.8,84788.0,83580.0,84180.3,470334.59,4703.3459,395111186.19298,1,2025-02-28 20:00:00
84180.1,84594.4,84000.0,84249.9,200144.26,2001.4426,168636389.74738,1,2025-02-28 21:00:00
84250.0,84477.0,83880.1,84146.3,162491.63,1624.9163,136763132.87856,1,2025-02-28 22:00:00
84146.3,84569.2,84004.7,84352.5,147544.88,1475.4488,124343227.80198,1,2025-02-28 23:00:00
84352.5,84640.0,83806.4,83849.1,202274.9,2022.749,170297384.12767,1,2025-03-01 00:00:00
83849.1,84887.9,83842.6,84655.4,331433.22,3314.3322,279557333.7397,1,2025-03-01 01:00:00
84655.5,85686.3,84339.4,85233.9,718431.17,7184.3117,611346420.94499,1,2025-03-01 02:00:00
85233.9,85520.1,84945.9,85316.3,301790.46,3017.9046,257053205.91473,1,2025-03-01 03:00:00
85316.3,86555.0,85296.1,86183.7,783606.44,7836.0644,674469202.31991,1,2025-03-01 04:00:00
86183.7,86260.0,85572.0,85597.9,296958.44,2969.5844,254963251.98494,1,2025-03-01 05:00:00
85597.8,85673.0,84827.5,85074.8,462504.36,4625.0436,394053818.01582,1,2025-03-01 06:00:00
85074.7,85080.5,84729.0,84744.1,244723.44,2447.2344,207812657.94166,1,2025-03-01 07:00:00
84744.0,85338.8,84744.0,85301.8,278974.39,2789.7439,237476881.89509,1,2025-03-01 08:00:00
85301.8,85499.0,85093.3,85369.4,226833.88,2268.3388,193560425.43299,1,2025-03-01 09:00:00
85369.3,85442.2,84777.2,84886.0,263977.35,2639.7735,224507555.84544,1,2025-03-01 10:00:00
84886.0,84960.5,84360.2,84626.9,405689.43,4056.8943,343262852.26998,1,2025-03-01 11:00:00
84626.9,84945.4,84461.7,84750.1,224218.02,2242.1802,189875932.09805,1,2025-03-01 12:00:00
84750.2,84933.3,84311.0,84529.6,275305.07,2753.0507,232656838.78983,1,2025-03-01 13:00:00
84529.6,84870.0,84418.0,84708.2,183200.42,1832.0042,155038817.32605,1,2025-03-01 14:00:00
84708.1,84922.9,84544.4,84787.1,199139.59,1991.3959,168751094.77724,1,2025-03-01 15:00:00
84787.0,85286.4,84682.3,85272.0,285135.36,2851.3536,242354983.97763,1,2025-03-01 16:00:00
85271.9,85360.0,84950.0,85195.2,166943.84,1669.4384,142127513.00313,1,2025-03-01 17:00:00
85195.2,85326.3,85059.0,85311.4,105044.9,1050.449,89484460.60369,1,2025-03-01 18:00:00
85311.5,85615.6,85191.4,85480.9,177608.6,1776.086,151688341.94094,1,2025-03-01 19:00:00
85480.8,85588.0,85308.7,85528.9,110250.05,1102.5005,94208762.90133,1,2025-03-01 20:00:00
85531.1,86152.9,85273.0,86073.2,192691.29,1926.9129,165242340.27771,1,2025-03-01 21:00:00
86073.2,86299.7,85660.0,86112.0,189436.01,1894.3601,162887569.48954,1,2025-03-01 22:00:00
86111.9,86200.0,85670.9,86056.9,134358.97,1343.5897,115374501.99168,1,2025-03-01 23:00:00
86056.9,86338.8,85800.5,86023.9,223616.63,2236.1663,192601512.86462,1,2025-03-02 00:00:00
86024.0,86364.4,85970.8,86350.4,155357.73,1553.5773,133953972.57324,1,2025-03-02 01:00:00
86350.4,86495.6,85605.7,85775.3,333818.51,3338.1851,287055822.38622,1,2025-03-02 02:00:00
85775.3,86219.0,85755.0,85858.1,165538.52,1655.3852,142275834.20427,1,2025-03-02 03:00:00
85858.0,85883.5,85534.7,85754.3,212545.11,2125.4511,182173249.91876,1,2025-03-02 04:00:00
85754.3,86075.2,85677.0,85950.0,128537.22,1285.3722,110440591.34094,1,2025-03-02 05:00:00
85949.9,86643.2,85912.4,86268.7,309248.04,3092.4804,266894059.89598,1,2025-03-02 06:00:00
86268.6,86350.4,86070.8,86224.2,132157.32,1321.5732,113961474.61048,1,2025-03-02 07:00:00
86224.2,86256.0,85704.0,85746.3,256365.01,2563.6501,220173380.12728,1,2025-03-02 08:00:00
85745.7,86128.9,85660.0,85899.5,169850.37,1698.5037,145960893.52793,1,2025-03-02 09:00:00
85899.5,86010.4,85780.0,86002.0,94232.28,942.3228,80925089.94243,1,2025-03-02 10:00:00
86001.9,86230.0,85948.1,86089.2,122107.85,1221.0785,105117659.84996,1,2025-03-02 11:00:00
86089.2,86104.6,85733.0,85984.0,141847.9,1418.479,121830266.90131,1,2025-03-02 12:00:00
85984.0,85995.3,85452.9,85712.4,249400.81,2494.0081,213688154.57106,1,2025-03-02 13:00:00
85712.3,85909.1,85042.8,85117.9,552718.05,5527.1805,471653980.24269,1,2025-03-02 14:00:00
85118.0,88688.0,85066.5,87432.5,2532594.92,25325.9492,2211343444.40995,1,2025-03-02 15:00:00
87432.6,91975.0,87300.0,91201.5,3478400.9,34784.009,3131563066.0886,1,2025-03-02 16:00:00
91201.5,95050.0,90640.0,94110.0,3490804.58,34908.0458,3249429270.08449,1,2025-03-02 17:00:00
94109.9,94432.9,92388.0,92806.8,1437024.03,14370.2403,1340525366.4018,1,2025-03-02 18:00:00
92806.7,93581.6,92620.0,93519.3,450126.64,4501.2664,419539330.78447,1,2025-03-02 19:00:00
93519.3,94467.3,93515.0,94339.9,565028.57,5650.2857,530798149.042,1,2025-03-02 20:00:00
94339.9,94430.0,93683.3,94306.9,298612.89,2986.1289,280812436.47994,1,2025-03-02 21:00:00
94306.8,94812.7,93920.0,94253.7,273232.67,2732.3267,257703299.43391,1,2025-03-02 22:00:00
94253.6,94874.3,93863.0,94283.1,542611.67,5426.1167,512613306.44638,1,2025-03-02 23:00:00
94282.9,94439.9,93303.7,93332.2,447682.68,4476.8268,419634342.78138,1,2025-03-03 00:00:00
93332.2,93422.3,92668.2,93095.2,510467.6,5104.676,474848814.51378,1,2025-03-03 01:00:00
93095.3,93460.0,92438.0,93311.5,425856.99,4258.5699,395823213.00719,1,2025-03-03 02:00:00
93311.5,93444.0,92480.1,92717.8,307201.94,3072.0194,285098252.67216,1,2025-03-03 03:00:00
92717.9,92950.0,92582.9,92867.7,164984.91,1649.8491,153041498.89508,1,2025-03-03 04:00:00
92867.7,93350.0,92825.9,93348.0,234032.39,2340.3239,217907658.77956,1,2025-03-03 05:00:00
93347.9,93347.9,91339.0,91659.5,835309.81,8353.0981,769169088.3184,1,2025-03-03 06:00:00
91659.6,92580.1,91179.0,92380.0,666566.94,6665.6694,612660007.33466,1,2025-03-03 07:00:00
92382.9,92404.9,91147.3,91490.1,493204.25,4932.0425,452624269.98894,1,2025-03-03 08:00:00
91490.0,92080.0,91200.0,91844.0,445917.49,4459.1749,409054951.62105,1,2025-03-03 09:00:00
91844.0,92596.0,91533.3,92550.0,354498.51,3544.9851,326542369.32367,1,2025-03-03 10:00:00
92550.0,92932.0,92409.1,92736.6,364944.98,3649.4498,338075926.58344,1,2025-03-03 11:00:00
92736.6,93256.0,92638.0,93019.9,492276.5,4922.765,457852064.88173,1,2025-03-03 12:00:00
93020.0,93690.0,92860.5,93565.9,433341.44,4333.4144,404325849.092,1,2025-03-03 13:00:00
93566.0,93719.1,89164.6,89288.4,2721263.2,27212.632,2484365800.11833,1,2025-03-03 14:00:00
89290.2,91308.0,89118.0,90036.8,1838029.05,18380.2905,1659711286.76392,1,2025-03-03 15:00:00
90036.8,90750.0,89687.5,90145.6,640073.61,6400.7361,577238112.74105,1,2025-03-03 16:00:00
90145.7,91038.5,89900.0,90292.4,521410.99,5214.1099,471454664.58547,1,2025-03-03 17:00:00
90292.5,90450.0,86756.4,87143.3,2265289.32,22652.8932,1995395089.13161,1,2025-03-03 18:00:00
87147.2,87732.9,85509.5,85591.7,1489540.13,14895.4013,1290315330.62977,1,2025-03-03 19:00:00
85586.8,86398.1,85183.9,86076.4,1322672.86,13226.7286,1134648473.35745,1,2025-03-03 20:00:00
86076.3,86600.1,85112.0,85364.9,498635.89,4986.3589,429063194.6785,1,2025-03-03 21:00:00
85364.9,87030.1,85300.3,86635.1,416196.09,4161.9609,359291637.30405,1,2025-03-03 22:00:00
86635.0,86795.0,85985.1,86227.8,297689.07,2976.8907,257123083.99048,1,2025-03-03 23:00:00
86227.8,86799.2,85873.7,86034.5,402056.25,4020.5625,346820874.78129,1,2025-03-04 00:00:00
86034.6,86198.3,82620.0,83387.9,1814529.1,18145.291,1525051600.0263,1,2025-03-04 01:00:00
83388.5,84410.0,82467.7,83922.2,1159986.36,11599.8636,967024317.76132,1,2025-03-04 02:00:00
83922.2,84457.8,83606.0,83983.8,425440.7,4254.407,357613288.00172,1,2025-03-04 03:00:00
83983.8,84052.9,83301.1,83425.4,351884.54,3518.8454,294634259.65853,1,2025-03-04 04:00:00
83425.4,84601.0,83357.6,84277.8,485411.55,4854.1155,407996594.2337,1,2025-03-04 05:00:00
84277.8,84405.0,83586.4,83871.3,274849.61,2748.4961,230811389.03316,1,2025-03-04 06:00:00
83868.3,84026.1,83138.4,83196.4,350696.7,3506.967,292857059.62972,1,2025-03-04 07:00:00
83196.4,83946.0,83027.8,83887.1,445921.22,4459.2122,372412011.06307,1,2025-03-04 08:00:00
83887.2,84188.0,83623.4,83734.1,289852.45,2898.5245,243227214.49461,1,2025-03-04 09:00:00
83734.1,84050.1,83480.0,83964.5,255713.16,2557.1316,214187797.76942,1,2025-03-04 10:00:00
83964.6,84364.8,83690.0,83926.2,320722.61,3207.2261,269420467.02589,1,2025-03-04 11:00:00
83926.3,83968.0,83255.7,83769.0,416166.42,4161.6642,348063931.26838,1,2025-03-04 12:00:00
83769.4,83769.4,82265.3,82822.1,1063212.9,10632.129,882279088.38471,1,2025-03-04 13:00:00
82822.1,84994.8,82051.5,83194.4,2254266.14,22542.6614,1888074369.56583,1,2025-03-04 14:00:00
83194.4,83377.0,81488.0,82977.9,1922091.95,19220.9195,1586488010.03443,1,2025-03-04 15:00:00
82977.9,83791.1,82002.9,83535.2,1139041.65,11390.4165,942949015.90615,1,2025-03-04 16:00:00
83535.1,85534.7,83379.8,85429.1,1102684.49,11026.8449,933530287.61531,1,2025-03-04 17:00:00
85429.0,86925.0,85125.7,86760.2,902673.93,9026.7393,775432934.17174,1,2025-03-04 18:00:00
86760.2,88500.0,86529.0,88200.1,1354730.72,13547.3072,1189410150.68705,1,2025-03-04 19:00:00
88200.1,88828.8,86688.0,86848.6,954337.27,9543.3727,838512833.07256,1,2025-03-04 20:00:00
86851.3,88955.0,86563.3,87524.1,869816.25,8698.1625,763249071.27255,1,2025-03-04 21:00:00
87524.2,87986.7,87405.8,87497.8,217663.5,2176.635,190836505.3483,1,2025-03-04 22:00:00
87497.8,87756.8,87102.9,87280.8,202316.18,2023.1618,176810917.09079,1,2025-03-04 23:00:00
87280.7,87286.7,86355.7,86804.4,364020.92,3640.2092,316177883.12761,1,2025-03-05 00:00:00
86804.3,87796.7,86600.0,87622.1,373215.13,3732.1513,325630602.33708,1,2025-03-05 01:00:00
87622.1,87903.2,87033.1,87462.7,334807.72,3348.0772,292798052.36243,1,2025-03-05 02:00:00
87461.8,87895.5,86738.4,86855.9,270990.46,2709.9046,237067938.74013,1,2025-03-05 03:00:00
86855.9,87399.0,86735.0,86923.7,268572.22,2685.7222,233781428.59154,1,2025-03-05 04:00:00
86924.1,87260.0,86847.4,87138.0,130544.74,1305.4474,113625799.72616,1,2025-03-05 05:00:00
87137.9,87578.2,87002.0,87475.2,168432.86,1684.3286,147033768.49571,1,2025-03-05 06:00:00
87475.3,87732.8,87350.0,87618.0,212354.72,2123.5472,185909012.55839,1,2025-03-05 07:00:00
87618.0,87920.0,87588.6,87749.9,191916.35,1919.1635,168412851.92997,1,2025-03-05 08:00:00
87750.0,88817.0,87666.5,88468.5,555444.48,5554.4448,490968815.78649,1,2025-03-05 09:00:00
88468.6,90655.1,88362.4,89916.1,1214655.47,12146.5547,1089451004.05948,1,2025-03-05 10:00:00
89916.1,90119.5,89534.2,89807.5,509705.62,5097.0562,457689588.46317,1,2025-03-05 11:00:00
89807.5,90944.9,89806.3,90357.2,867179.06,8671.7906,784371132.86283,1,2025-03-05 12:00:00
90357.2,90588.7,89126.3,89466.5,1090480.28,10904.8028,978618620.48769,1,2025-03-05 13:00:00
89466.5,89843.0,88149.8,88524.0,1264197.87,12641.9787,1125874812.97279,1,2025-03-05 14:00:00
88524.1,89589.6,87920.1,88342.1,1142907.78,11429.0778,1013024213.13068,1,2025-03-05 15:00:00
88342.0,89290.4,87588.0,88919.6,902400.83,9024.0083,796060402.97794,1,2025-03-05 16:00:00
88918.8,90482.4,88788.0,89690.0,989049.19,9890.4919,886570755.74408,1,2025-03-05 17:00:00
89689.9,89956.4,88869.6,89707.2,645569.28,6455.6928,576543729.09802,1,2025-03-05 18:00:00
89707.3,90166.5,89464.4,89744.0,382652.46,3826.5246,343709401.19032,1,2025-03-05 19:00:00
89743.9,90564.5,89680.0,90497.6,294253.51,2942.5351,265290245.48363,1,2025-03-05 20:00:00
90497.5,90694.7,89934.8,90360.0,244247.89,2442.4789,220417392.93705,1,2025-03-05 21:00:00
90359.0,90550.0,90008.8,90447.7,128066.97,1280.6697,115619120.39528,1,2025-03-05 22:00:00
90447.8,91068.6,90300.0,90610.9,295825.72,2958.2572,268268612.55712,1,2025-03-05 23:00:00
90611.0,90819.0,89980.0,90064.8,278785.42,2787.8542,251877125.44018,1,2025-03-06 00:00:00
90064.8,91919.0,90048.0,91044.1,660613.69,6606.1369,601910282.20817,1,2025-03-06 01:00:00
91044.1,92069.7,90980.3,91812.1,676122.39,6761.2239,619118900.64089,1,2025-03-06 02:00:00
91812.2,92040.0,91410.0,91622.9,260124.94,2601.2494,238456621.66825,1,2025-03-06 03:00:00
91622.9,92473.6,91525.8,92294.0,449076.38,4490.7638,413284089.35568,1,2025-03-06 04:00:00
92293.9,92845.3,92124.0,92746.5,403971.44,4039.7144,373754892.02341,1,2025-03-06 05:00:00
92746.6,92781.4,91777.2,91919.9,446852.08,4468.5208,411934153.76599,1,2025-03-06 06:00:00
91919.9,92000.0,91275.4,91360.1,329145.14,3291.4514,301486761.93288,1,2025-03-06 07:00:00
91360.0,91611.6,91123.0,91150.8,379284.7,3792.847,346571138.16239,1,2025-03-06 08:00:00
91150.8,91195.3,90623.0,90756.0,472580.94,4725.8094,429438374.19444,1,2025-03-06 09:00:00
90756.0,91686.0,90612.3,91300.5,462229.83,4622.2983,421798043.25565,1,2025-03-06 10:00:00
91300.4,91651.9,90994.3,91347.9,249718.12,2497.1812,228013871.63137,1,2025-03-06 11:00:00
91348.0,91411.5,89833.2,90099.2,737756.49,7377.5649,667289706.24522,1,2025-03-06 12:00:00
90099.1,90480.0,89480.6,89572.0,661669.4,6616.694,596075223.4465,1,2025-03-06 13:00:00
89572.1,90397.4,89107.2,89807.9,1175694.83,11756.9483,1054392817.50556,1,2025-03-06 14:00:00
89807.9,91467.9,89622.5,90825.9,1202069.74,12020.6974,1091601570.9003,1,2025-03-06 15:00:00
90826.0,91074.5,89202.3,89326.5,890569.77,8905.6977,803186994.24657,1,2025-03-06 16:00:00
89326.4,89364.4,88004.0,88630.5,1127624.38,11276.2438,999353768.76819,1,2025-03-06 17:00:00
88630.4,88972.0,88136.0,88408.8,523384.65,5233.8465,463481101.37401,1,2025-03-06 18:00:00
88407.9,89393.6,87833.0,88529.1,688750.66,6887.5066,609993545.12633,1,2025-03-06 19:00:00
88529.1,89365.0,88455.7,89028.5,435807.14,4358.0714,387717947.21843,1,2025-03-06 20:00:00
89032.1,89990.1,88944.0,89928.9,363754.41,3637.5441,325418861.49546,1,2025-03-06 21:00:00
89925.4,90784.8,89492.6,90300.4,678809.39,6788.0939,612865614.87134,1,2025-03-06 22:00:00
90300.5,90566.3,89902.0,89933.7,222550.41,2225.5041,200822786.9859,1,2025-03-06 23:00:00
89933.7,91304.7,84628.0,85526.1,3216257.04,32162.5704,2807920925.59075,1,2025-03-07 00:00:00
85526.2,88978.8,85178.6,88256.1,1776680.06,17766.8006,1549668279.90928,1,2025-03-07 01:00:00
88256.2,88465.8,87214.6,87228.3,649297.06,6492.9706,569937831.57732,1,2025-03-07 02:00:00
87233.4,87693.0,86780.1,86989.4,360322.48,3603.2248,314250818.30801,1,2025-03-07 03:00:00
86989.4,87888.0,86834.0,87642.5,352015.64,3520.1564,307806516.21397,1,2025-03-07 04:00:00
87642.5,88444.2,87584.5,88213.2,329768.66,3297.6866,290651535.30406,1,2025-03-07 05:00:00
88213.3,88362.0,87801.7,88212.4,241647.42,2416.4742,212895160.79331,1,2025-03-07 06:00:00
88212.5,88626.0,88100.0,88362.3,258067.14,2580.6714,228043128.31479,1,2025-03-07 07:00:00
88362.4,88498.6,87977.9,88362.4,218504.06,2185.0406,192716685.15433,1,2025-03-07 08:00:00
88362.4,89730.0,88350.1,88932.6,616593.84,6165.9384,548960229.39343,1,2025-03-07 09:00:00
88933.7,89280.9,88720.4,89252.2,207123.23,2071.2323,184437106.7524,1,2025-03-07 10:00:00
89252.2,89461.9,88817.2,88979.9,231288.36,2312.8836,206102155.09912,1,2025-03-07 11:00:00
88979.8,89324.3,88274.5,89040.9,539472.32,5394.7232,479372791.86027,1,2025-03-07 12:00:00
89040.8,90351.4,88976.5,89138.8,1304360.01,13043.6001,1169951281.62032,1,2025-03-07 13:00:00
89138.9,91129.7,88647.8,90441.4,1436598.15,14365.9815,1292957728.42219,1,2025-03-07 14:00:00
90441.4,90795.5,88020.0,88470.7,1920858.8,19208.588,1711371149.43222,1,2025-03-07 15:00:00
88470.6,88983.3,86629.7,87251.8,1551700.14,15517.0014,1359938661.71099,1,2025-03-07 16:00:00
87251.8,88650.0,86513.2,87699.2,1367062.77,13670.6277,1196705232.67685,1,2025-03-07 17:00:00
87699.3,89087.3,87509.1,88599.0,902545.05,9025.4505,797142660.47774,1,2025-03-07 18:00:00
88599.0,88920.0,87319.3,87832.0,760557.36,7605.5736,671074194.71513,1,2025-03-07 19:00:00
87832.0,88533.0,86547.0,86985.0,985836.53,9858.3653,862944451.40676,1,2025-03-07 20:00:00
86981.0,87393.9,85558.0,86292.4,1286174.35,12861.7435,1111178518.81785,1,2025-03-07 21:00:00
86287.1,86844.0,85602.9,86734.5,497131.55,4971.3155,428281681.7271,1,2025-03-07 22:00:00
86734.5,86838.2,85953.5,86784.9,272007.4,2720.074,235155447.31526,1,2025-03-07 23:00:00
86784.9,86907.4,86535.1,86720.6,171282.0,1712.82,148521415.84779,1,2025-03-08 00:00:00
86720.5,86768.0,85210.0,86107.9,524977.72,5249.7772,450534400.74962,1,2025-03-08 01:00:00
86108.0,86345.5,85922.0,86167.2,220597.72,2205.9772,189999148.32339,1,2025-03-08 02:00:00
86167.1,86183.7,85436.2,85908.0,203830.56,2038.3056,174897246.94117,1,2025-03-08 03:00:00
85908.1,86516.0,85650.8,86449.5,275608.05,2756.0805,237570213.41805,1,2025-03-08 04:00:00
86449.4,86460.0,86020.0,86291.8,137334.84,1373.3484,118393481.3016,1,2025-03-08 05:00:00
86291.8,86673.7,86270.0,86479.6,192100.78,1921.0078,166118487.74473,1,2025-03-08 06:00:00
86479.5,86552.1,86070.0,86188.8,205423.01,2054.2301,177277362.1029,1,2025-03-08 07:00:00
86188.7,86314.6,86026.6,86070.0,121735.84,1217.3584,104861078.23452,1,2025-03-08 08:00:00
86070.0,86472.6,85830.4,85948.1,308007.76,3080.0776,265512350.89531,1,2025-03-08 09:00:00
85948.0,86259.3,85948.0,86117.9,127951.37,1279.5137,110190640.1095,1,2025-03-08 10:00:00
86117.9,86123.4,85746.1,85962.1,191863.88,1918.6388,164785306.12572,1,2025-03-08 11:00:00
85962.1,86433.0,85801.1,86202.1,242327.55,2423.2755,208808269.35637,1,2025-03-08 12:00:00
86202.1,86566.9,86122.0,86322.0,193330.19,1933.3019,166925035.09159,1,2025-03-08 13:00:00
86322.0,86636.0,86202.9,86363.0,195317.75,1953.1775,168764403.30127,1,2025-03-08 14:00:00
86363.0,86613.3,86200.1,86401.8,140061.34,1400.6134,121021390.25103,1,2025-03-08 15:00:00
86401.9,86455.5,85822.0,86154.5,295627.27,2956.2727,254443199.29224,1,2025-03-08 16:00:00
86154.4,86162.8,85660.3,85944.8,240263.86,2402.6386,206373210.7777,1,2025-03-08 17:00:00
85945.7,86084.4,85873.1,86052.5,56567.07,565.6707,48659029.84097,1,2025-03-08 18:00:00
86052.4,86521.0,85786.8,86242.0,197054.45,1970.5445,169897864.41838,1,2025-03-08 19:00:00
86241.9,86378.0,86178.5,86289.9,59885.67,598.8567,51673671.70181,1,2025-03-08 20:00:00
86289.9,86511.4,86204.4,86239.1,79305.52,793.0552,68493858.00546,1,2025-03-08 21:00:00
86239.0,86410.6,85836.2,86344.5,168650.68,1686.5068,145236290.50855,1,2025-03-08 22:00:00
86344.5,86422.0,86059.9,86239.3,135674.45,1356.7445,116981767.17763,1,2025-03-08 23:00:00
86239.4,86481.9,86119.2,86425.9,119615.07,1196.1507,103299010.3183,1,2025-03-09 00:00:00
86425.9,86520.0,86101.6,86198.2,114151.76,1141.5176,98547962.03631,1,2025-03-09 01:00:00
86198.2,86287.8,86000.7,86000.8,84718.63,847.1863,72973120.1589,1,2025-03-09 02:00:00
86000.8,86212.7,85952.4,86117.5,94726.89,947.2689,81547959.52297,1,2025-03-09 03:00:00
86117.5,86132.0,85916.7,86048.0,89884.22,898.8422,77316395.51925,1,2025-03-09 04:00:00
86048.1,86162.5,85972.2,86024.2,98048.08,980.4808,84378873.63308,1,2025-03-09 05:00:00
86024.1,86047.6,85792.5,85907.3,131295.72,1312.9572,112819686.04165,1,2025-03-09 06:00:00
85907.3,86175.2,85835.1,86016.9,117411.31,1174.1131,100989924.97235,1,2025-03-09 07:00:00
86016.9,86120.0,85759.0,85792.4,122602.67,1226.0267,105336656.24617,1,2025-03-09 08:00:00
85792.5,85898.9,85376.4,85569.6,257243.4,2572.434,220376949.91148,1,2025-03-09 09:00:00
85569.5,85634.4,84700.0,84852.0,604822.56,6048.2256,514962728.6611,1,2025-03-09 10:00:00
84852.0,85122.1,84609.8,85018.0,366943.91,3669.4391,311486631.92335,1,2025-03-09 11:00:00
85018.0,85063.9,84223.1,84603.9,571256.51,5712.5651,482909609.22191,1,2025-03-09 12:00:00
84603.9,84700.0,83456.0,83464.6,644054.03,6440.5403,541374682.31771,1,2025-03-09 13:00:00
83464.5,83827.5,82945.5,83588.3,921498.74,9214.9874,768522293.42665,1,2025-03-09 14:00:00
83588.4,83756.4,82733.0,83062.2,564007.12,5640.0712,469503064.16304,1,2025-03-09 15:00:00
83062.2,83771.0,82285.0,82484.5,984730.67,9847.3067,816493964.8444,1,2025-03-09 16:00:00
82484.5,82947.4,82210.9,82362.6,569837.61,5698.3761,469964594.30796,1,2025-03-09 17:00:00
82362.7,83332.0,82264.0,82661.5,595969.58,5959.6958,493576919.63776,1,2025-03-09 18:00:00
82661.6,82973.3,82325.1,82631.8,381386.01,3813.8601,315211012.98485,1,2025-03-09 19:00:00
82631.8,83575.5,82597.4,83069.7,323887.91,3238.8791,269360663.06144,1,2025-03-09 20:00:00
83069.7,83082.0,81542.0,81850.8,574024.79,5740.2479,471472909.55587,1,2025-03-09 21:00:00
81850.7,82068.7,80177.5,80355.9,886475.83,8864.7583,719179002.90853,1,2025-03-09 22:00:00
80356.0,81054.0,79940.0,80734.3,797453.65,7974.5365,642181392.54562,1,2025-03-09 23:00:00
80734.3,81498.0,80023.2,81270.2,800475.87,8004.7587,646943806.52703,1,2025-03-10 00:00:00
81270.3,81881.0,80786.5,81756.0,562056.68,5620.5668,457913872.70176,1,2025-03-10 01:00:00
81756.0,82742.2,81519.0,82199.9,538031.58,5380.3158,442475993.1859,1,2025-03-10 02:00:00
82199.9,82346.3,81782.0,82042.1,328931.16,3289.3116,269915186.04759,1,2025-03-10 03:00:00
82042.1,82647.1,82000.0,82627.2,215201.84,2152.0184,177354554.49369,1,2025-03-10 04:00:00
82627.1,82799.0,82123.4,82323.5,230151.4,2301.514,189834724.15668,1,2025-03-10 05:00:00
82323.5,82434.6,81976.0,82332.9,177407.74,1774.0774,145794965.7314,1,2025-03-10 06:00:00
82332.9,82699.0,82050.1,82316.1,216789.34,2167.8934,178506464.79794,1,2025-03-10 07:00:00
82316.1,82400.0,81143.8,81356.1,582233.62,5822.3362,475608240.35356,1,2025-03-10 08:00:00
81356.1,84084.5,81338.4,82517.0,1551664.49,15516.6449,1286513488.45791,1,2025-03-10 09:00:00
82517.0,82694.5,81612.3,82282.1,533613.48,5336.1348,438223068.51083,1,2025-03-10 10:00:00
82282.2,83800.0,82053.0,83580.0,634022.75,6340.2275,525803420.18553,1,2025-03-10 11:00:00
83579.9,83776.0,82618.6,83252.2,689356.44,6893.5644,573504423.68107,1,2025-03-10 12:00:00
83252.2,83320.8,81408.0,81534.6,1113503.52,11135.0352,916582231.46375,1,2025-03-10 13:00:00
81534.0,81534.0,79142.6,79846.4,2581512.61,25815.1261,2067623911.71292,1,2025-03-10 14:00:00
79846.4,81122.0,79564.0,80038.0,992243.54,9922.4354,797122433.30852,1,2025-03-10 15:00:00
80038.1,80250.0,78929.6,79006.1,872330.07,8723.3007,693584422.92613,1,2025-03-10 16:00:00
79012.0,79328.4,78166.1,78456.4,1394187.81,13941.8781,1097245930.39491,1,2025-03-10 17:00:00
78456.3,79155.4,77459.3,77661.9,1247254.32,12472.5432,975948016.55222,1,2025-03-10 18:00:00
77662.0,79533.6,77450.0,79071.9,1222692.51,12226.9251,960158248.9699,1,2025-03-10 19:00:00
79075.1,79744.5,78410.6,79300.1,549506.2,5495.062,434448779.74122,1,2025-03-10 20:00:00
79300.1,79886.5,78946.0,79568.8,379317.96,3793.1796,301548802.95274,1,2025-03-10 21:00:00
79568.7,79843.6,79190.9,79500.1,208189.42,2081.8942,165378226.642,1,2025-03-10 22:00:00
79500.1,79709.4,78480.0,78596.8,393439.37,3934.3937,311031137.74863,1,2025-03-10 23:00:00
78596.8,79248.8,76600.0,77668.3,1639522.93,16395.2293,1270827588.53548,1,2025-03-11 00:00:00
77666.8,79123.2,76800.1,79110.4,1005666.69,10056.6669,785121402.86919,1,2025-03-11 01:00:00
79110.5,79655.5,78920.5,79344.3,620732.12,6207.3212,492174164.76363,1,2025-03-11 02:00:00
79344.4,79945.9,79275.0,79518.4,371400.54,3714.0054,295632510.22083,1,2025-03-11 03:00:00
79518.4,80258.6,79438.0,79754.3,469579.72,4695.7972,375376359.37136,1,2025-03-11 04:00:00
79754.4,80479.2,79718.0,80263.3,441032.39,4410.3239,353520140.32249,1,2025-03-11 05:00:00
80263.3,80546.8,80100.0,80100.0,265225.87,2652.2587,213085526.20905,1,2025-03-11 06:00:00
80100.0,80626.1,80090.1,80428.2,292609.33,2926.0933,235238249.32076,1,2025-03-11 07:00:00
80428.2,81531.8,80325.9,81111.9,656376.79,6563.7679,531598171.44831,1,2025-03-11 08:00:00
81111.9,81890.0,81105.5,81448.4,530017.42,5300.1742,432098306.7236,1,2025-03-11 09:00:00
81448.5,81873.0,81260.2,81803.9,283883.9,2838.839,231673442.70053,1,2025-03-11 10:00:00
81803.8,82107.3,81380.7,81720.2,441889.04,4418.8904,361419942.58126,1,2025-03-11 11:00:00
81720.1,81922.0,81060.9,81242.8,667479.69,6674.7969,543745195.55154,1,2025-03-11 12:00:00
81242.7,82284.5,80532.1,80913.2,1864333.03,18643.3303,1515279198.74831,1,2025-03-11 13:00:00
80913.2,81409.4,79058.0,79776.0,2479508.65,24795.0865,1988202216.40677,1,2025-03-11 14:00:00
79776.0,81675.0,79647.7,81218.1,1345738.43,13457.3843,1089450287.86928,1,2025-03-11 15:00:00
81218.2,81900.4,80635.5,81394.4,763875.75,7638.7575,621228281.54752,1,2025-03-11 16:00:00
81394.3,81742.8,80748.9,81299.9,738689.63,7386.8963,600191892.04687,1,2025-03-11 17:00:00
81300.0,83473.8,81279.8,83260.2,1139886.89,11398.8689,940857007.76714,1,2025-03-11 18:00:00
83260.3,83632.2,82852.9,83103.3,604761.1,6047.611,503198213.69693,1,2025-03-11 19:00:00
83107.6,83175.8,82605.9,82805.1,292763.61,2927.6361,242618010.88618,1,2025-03-11 20:00:00
82805.1,83258.2,82800.1,83109.6,145061.57,1450.6157,120531888.32751,1,2025-03-11 21:00:00
83108.9,83327.5,82978.9,83143.0,161062.94,1610.6294,133934287.50343,1,2025-03-11 22:00:00
83143.0,83196.9,82556.8,82944.2,212592.27,2125.9227,175973340.13386,1,2025-03-11 23:00:00
82944.1,83134.9,82600.0,82763.9,224602.59,2246.0259,186053436.37915,1,2025-03-12 00:00:00
82763.9,83786.0,82744.0,83312.0,445110.41,4451.1041,370813914.27037,1,2025-03-12 01:00:00
83312.0,83324.5,82232.0,82439.9,537781.48,5377.8148,444745109.75348,1,2025-03-12 02:00:00
82439.9,82619.1,82104.0,82130.1,301108.12,3011.0812,247916248.68498,1,2025-03-12 03:00:00
82130.2,82195.8,81630.0,81810.0,405546.2,4055.462,332092314.16816,1,2025-03-12 04:00:00
81810.0,82041.8,81602.1,81983.4,255876.53,2558.7653,209414387.58717,1,2025-03-12 05:00:00
81983.3,81983.4,81286.2,81417.1,320570.23,3205.7023,261501250.6471,1,2025-03-12 06:00:00
81417.0,82546.8,81320.0,82434.9,627292.63,6272.9263,513820837.40905,1,2025-03-12 07:00:00
82435.0,82866.5,82012.8,82675.9,652383.21,6523.8321,538149290.41512,1,2025-03-12 08:00:00
82675.8,82933.5,82218.1,82671.1,425949.22,4259.4922,351464626.70213,1,2025-03-12 09:00:00
82671.0,82770.9,82100.0,82490.1,326164.18,3261.6418,268653572.73073,1,2025-03-12 10:00:00
82490.2,83082.2,82436.0,83007.0,279378.64,2793.7864,231325378.2474,1,2025-03-12 11:00:00
83007.0,84547.4,82852.4,84066.4,1573451.44,15734.5144,1318720876.1538,1,2025-03-12 12:00:00
84066.4,84228.4,82353.4,82695.9,1265247.42,12652.4742,1054375534.69784,1,2025-03-12 13:00:00
82696.0,82923.1,81532.6,81534.4,1062547.64,10625.4764,872886333.93315,1,2025-03-12 14:00:00
81534.5,82031.7,80600.0,81729.6,1381106.79,13811.0679,1122471006.37198,1,2025-03-12 15:00:00
81729.6,82296.0,81616.0,81958.0,655127.95,6551.2795,536955253.41006,1,2025-03-12 16:00:00
81958.1,82883.9,81757.4,81844.7,596733.41,5967.3341,491758474.29303,1,2025-03-12 17:00:00
81844.7,82810.0,81720.0,82630.9,427060.16,4270.6016,351997146.70782,1,2025-03-12 18:00:00
82630.9,83158.0,82480.9,82918.5,387535.25,3875.3525,321000191.10441,1,2025-03-12 19:00:00
82919.1,83195.8,82706.0,83117.2,158584.29,1585.8429,131574604.93891,1,2025-03-12 20:00:00
83117.1,83330.0,82854.2,83090.1,142955.46,1429.5546,118854279.54696,1,2025-03-12 21:00:00
83090.1,83696.0,83082.0,83654.3,215895.06,2158.9506,180200872.20331,1,2025-03-12 22:00:00
83654.4,83895.6,83412.4,83692.1,200199.83,2001.9983,167441775.29885,1,2025-03-12 23:00:00
83692.0,84037.1,83438.4,83454.6,325843.83,3258.4383,272887818.21595,1,2025-03-13 00:00:00
83454.6,84236.5,83310.0,83921.9,300919.74,3009.1974,252170984.1042,1,2025-03-13 01:00:00
83921.9,84345.0,83761.9,83785.9,246584.72,2465.8472,207175864.66091,1,2025-03-13 02:00:00
83785.9,84188.0,83540.0,83578.8,278714.76,2787.1476,233586739.05742,1,2025-03-13 03:00:00
83578.8,83708.2,83224.1,83304.2,365853.58,3658.5358,305258275.23373,1,2025-03-13 04:00:00
83304.3,83557.5,83083.4,83170.4,315193.14,3151.9314,262501104.44771,1,2025-03-13 05:00:00
83170.4,83351.1,82857.0,83299.4,313322.69,3133.2269,260364069.74184,1,2025-03-13 06:00:00
83299.9,83580.0,83140.0,83166.8,278285.36,2782.8536,231929646.14806,1,2025-03-13 07:00:00
83166.9,83273.6,82376.4,82979.9,509886.05,5098.8605,422176748.99283,1,2025-03-13 08:00:00
82979.9,83535.2,82979.9,83432.7,411917.76,4119.1776,343043247.70675,1,2025-03-13 09:00:00
83432.7,83497.9,82975.1,83180.6,353465.02,3534.6502,294161381.1644,1,2025-03-13 10:00:00
83180.5,83228.6,82700.2,82971.9,327872.48,3278.7248,271827612.25662,1,2025-03-13 11:00:00
82970.3,83888.0,82275.0,82526.5,960111.68,9601.1168,796281655.85848,1,2025-03-13 12:00:00
82526.4,83119.4,81578.0,81782.0,1044283.88,10442.8388,860852578.39022,1,2025-03-13 13:00:00
81782.0,82508.2,81523.0,82006.0,779081.72,7790.8172,639176059.80375,1,2025-03-13 14:00:00
82006.0,82192.7,80959.4,81045.2,920024.17,9200.2417,749035220.61279,1,2025-03-13 15:00:00
81045.2,81268.5,80650.0,80877.9,648942.76,6489.4276,525374728.03627,1,2025-03-13 16:00:00
80877.9,80896.0,79934.5,80078.5,795993.0,7959.93,639432367.46787,1,2025-03-13 17:00:00
80078.4,80969.6,80006.1,80830.7,643387.93,6433.8793,518919981.63771,1,2025-03-13 18:00:00
80830.7,81059.0,80140.1,80214.0,439239.46,4392.3946,353756633.28921,1,2025-03-13 19:00:00
80212.6,80738.0,80196.1,80380.1,205548.47,2055.4847,165446598.60676,1,2025-03-13 20:00:00
80380.0,80879.5,80290.0,80807.5,158953.05,1589.5305,128182297.06168,1,2025-03-13 21:00:00
80807.6,81399.5,80714.0,81387.6,210885.47,2108.8547,170928049.00424,1,2025-03-13 22:00:00
81387.6,81486.7,81049.5,81121.9,221711.02,2217.1102,180121917.04641,1,2025-03-13 23:00:00
81121.9,81699.9,80816.0,81500.0,352293.69,3522.9369,286144023.63631,1,2025-03-14 00:00:00
81499.9,81884.2,81206.0,81609.8,273643.91,2736.4391,223169060.82836,1,2025-03-14 01:00:00
81609.8,82274.4,81600.0,82228.0,288981.18,2889.8118,236734914.19095,1,2025-03-14 02:00:00
82228.1,82254.5,81756.0,81899.8,261780.8,2617.808,214573803.99232,1,2025-03-14 03:00:00
81899.9,82057.0,81846.2,81954.9,146464.35,1464.6435,120049334.93859,1,2025-03-14 04:00:00
81954.9,82226.4,81820.0,82157.0,166371.11,1663.7111,136449128.96973,1,2025-03-14 05:00:00
82157.0,82197.1,81778.9,82045.0,214449.04,2144.4904,175746542.47299,1,2025-03-14 06:00:00
82045.1,82472.7,81892.8,82161.6,383826.08,3838.2608,315535672.71345,1,2025-03-14 07:00:00
82161.7,82648.0,82159.9,82591.5,379517.09,3795.1709,312963070.33374,1,2025-03-14 08:00:00
82591.5,82946.4,82570.0,82777.8,374741.88,3747.4188,310219232.85829,1,2025-03-14 09:00:00
82777.8,83298.0,82662.3,83047.2,410107.85,4101.0785,340350545.6398,1,2025-03-14 10:00:00
83047.2,83365.0,82980.8,83255.0,283209.22,2832.0922,235599609.53152,1,2025-03-14 11:00:00
83255.0,83541.0,83055.4,83436.3,458900.96,4589.0096,382382320.43027,1,2025-03-14 12:00:00
83436.2,83900.0,83055.0,83604.1,793855.93,7938.5593,663206473.7653,1,2025-03-14 13:00:00
83604.1,83610.7,82636.8,83538.0,1321114.26,13211.1426,1097717136.42643,1,2025-03-14 14:00:00
83538.1,85317.1,83538.1,84744.1,1717728.58,17177.2858,1453986009.0742,1,2025-03-14 15:00:00
84744.0,84976.1,83957.4,84783.0,911222.5,9112.225,770103844.48474,1,2025-03-14 16:00:00
84783.0,84850.0,84200.0,84371.9,419078.39,4190.7839,353995708.51122,1,2025-03-14 17:00:00
84372.0,84736.9,84204.8,84569.1,265656.36,2656.5636,224452264.74294,1,2025-03-14 18:00:00
84569.0,84941.8,84455.0,84559.8,278136.82,2781.3682,235509951.86203,1,2025-03-14 19:00:00
84557.9,84559.8,83720.0,84133.2,405286.69,4052.8669,340798718.88818,1,2025-03-14 20:00:00
84133.1,84310.3,83951.0,84202.6,108782.24,1087.8224,91538426.38879,1,2025-03-14 21:00:00
84202.6,84516.9,84100.0,84444.3,152995.05,1529.9505,129037058.42228,1,2025-03-14 22:00:00
84444.3,84448.2,83952.9,83988.0,106239.32,1062.3932,89406376.69585,1,2025-03-14 23:00:00
83988.0,84352.9,83974.0,84300.1,131927.85,1319.2785,111067985.29771,1,2025-03-15 00:00:00
84300.0,84597.9,84104.7,84354.0,182344.89,1823.4489,153756104.0025,1,2025-03-15 01:00:00
84353.9,84636.2,84155.3,84548.2,232779.82,2327.7982,196416926.30039,1,2025-03-15 02:00:00
84548.2,84677.4,84415.1,84485.6,160726.6,1607.266,135880994.99179,1,2025-03-15 03:00:00
84485.5,84550.0,84288.7,84450.1,134469.73,1344.6973,113516551.50775,1,2025-03-15 04:00:00
84450.0,84474.0,84253.3,84253.4,91201.15,912.0115,76933768.93487,1,2025-03-15 05:00:00
84253.4,84304.2,84150.1,84187.4,120155.58,1201.5558,101185943.50953,1,2025-03-15 06:00:00
84187.3,84202.5,83810.0,83833.3,312975.41,3129.7541,262894691.54751,1,2025-03-15 07:00:00
83833.4,84044.8,83610.7,83901.2,289007.36,2890.0736,242269458.32364,1,2025-03-15 08:00:00
83901.3,83983.5,83714.0,83978.1,169932.72,1699.3272,142492167.04581,1,2025-03-15 09:00:00
83978.0,84000.0,83666.8,83922.0,209722.19,2097.2219,175860546.58101,1,2025-03-15 10:00:00
83922.0,84200.0,83844.3,84105.2,201209.25,2012.0925,169102863.17063,1,2025-03-15 11:00:00
84105.1,84277.3,84002.5,84145.0,198646.29,1986.4629,167200489.97246,1,2025-03-15 12:00:00
84145.0,84476.6,84134.9,84448.9,212836.31,2128.3631,179530181.59148,1,2025-03-15 13:00:00
84448.9,84448.9,84094.3,84137.5,229876.82,2298.7682,193607280.98446,1,2025-03-15 14:00:00
84137.6,84397.0,84137.5,84327.5,140409.18,1404.0918,118379449.13947,1,2025-03-15 15:00:00
84327.5,84480.0,84177.0,84352.4,179933.58,1799.3358,151738793.29425,1,2025-03-15 16:00:00
84352.4,84500.0,84264.0,84410.0,104636.51,1046.3651,88315880.99303,1,2025-03-15 17:00:00
84410.0,84467.4,84120.0,84218.8,130309.16,1303.0916,109823915.65486,1,2025-03-15 18:00:00
84218.8,84328.7,84108.7,84305.5,106643.13,1066.4313,89831492.78469,1,2025-03-15 19:00:00
84305.4,84457.1,84305.4,84391.0,87118.24,871.1824,73526910.97921,1,2025-03-15 20:00:00
84391.7,84465.7,84241.6,84382.6,89622.71,896.2271,75632516.96529,1,2025-03-15 21:00:00
84382.7,84443.9,84311.1,84373.6,45269.99,452.6999,38200668.70964,1,2025-03-15 22:00:00
84373.6,84405.0,84247.2,84344.0,105490.45,1054.9045,88950375.44352,1,2025-03-15 23:00:00
84344.1,84386.1,84211.4,84262.9,92954.73,929.5473,78353388.80718,1,2025-03-16 00:00:00
84263.0,84286.3,83813.5,83869.4,217574.41,2175.7441,182806003.92793,1,2025-03-16 01:00:00
83869.4,84142.0,83750.0,83963.6,209933.53,2099.3353,176210001.76832,1,2025-03-16 02:00:00
83963.7,84399.0,83899.7,84336.2,149273.27,1492.7327,125647747.62941,1,2025-03-16 03:00:00
84336.2,84421.0,84235.5,84392.0,136532.93,1365.3293,115156283.41756,1,2025-03-16 04:00:00
84392.0,84399.8,84288.9,84391.8,105259.14,1052.5914,88794906.29154,1,2025-03-16 05:00:00
84391.8,84401.7,84215.2,84215.2,87052.75,870.5275,73399811.57608,1,2025-03-16 06:00:00
84215.3,84377.4,83960.0,84273.3,245424.19,2454.2419,206587035.60479,1,2025-03-16 07:00:00
84273.4,84335.0,84160.0,84259.1,89209.41,892.0941,75153822.05429,1,2025-03-16 08:00:00
84259.2,84276.0,83800.0,83900.0,261408.05,2614.0805,219528927.12942,1,2025-03-16 09:00:00
83899.9,84075.2,83651.3,83665.5,309332.61,3093.3261,259245631.30892,1,2025-03-16 10:00:00
83665.5,83699.9,82360.6,82409.8,1107122.08,11071.2208,917681396.7946,1,2025-03-16 11:00:00
82410.7,82933.0,82398.7,82750.0,482821.58,4828.2158,399093745.32988,1,2025-03-16 12:00:00
82750.0,83145.0,82500.0,82600.2,502913.77,5029.1377,416577049.21771,1,2025-03-16 13:00:00
82600.1,83399.9,82574.0,83369.2,414845.76,4148.4576,344231284.7246,1,2025-03-16 14:00:00
83369.2,83492.0,82969.9,83312.1,356345.07,3563.4507,296655518.74938,1,2025-03-16 15:00:00
83312.1,85167.9,83282.7,83627.2,1567848.03,15678.4803,1320470234.28604,1,2025-03-16 16:00:00
83627.2,84118.0,83478.0,83914.6,347248.38,3472.4838,290990660.54862,1,2025-03-16 17:00:00
83914.6,84100.0,83635.0,83704.5,185583.09,1855.8309,155625011.18581,1,2025-03-16 18:00:00
83704.4,83737.8,82540.1,83106.2,487368.66,4873.6866,404940680.04393,1,2025-03-16 19:00:00
83106.2,83465.3,82867.2,83222.0,189698.93,1896.9893,157710191.11851,1,2025-03-16 20:00:00
83222.0,83232.9,82677.1,82771.6,180919.44,1809.1944,149994087.06498,1,2025-03-16 21:00:00
82771.6,82845.5,82076.3,82093.1,411988.85,4119.8885,339398413.69022,1,2025-03-16 22:00:00
82093.1,82637.1,81980.8,82576.0,331492.0,3314.92,273033258.05813,1,2025-03-16 23:00:00
82576.1,83150.4,82521.1,83057.9,279300.93,2793.0093,231489843.6498,1,2025-03-17 00:00:00
83057.8,83413.1,82825.9,83236.4,276716.03,2767.1603,229985123.77477,1,2025-03-17 01:00:00
83236.4,83366.6,82968.0,83208.1,195127.97,1951.2797,162279561.97867,1,2025-03-17 02:00:00
83208.0,83731.4,83206.1,83672.0,263344.39,2633.4439,219969761.70999,1,2025-03-17 03:00:00
83672.1,83876.8,83506.9,83617.8,209132.89,2091.3289,175039599.26596,1,2025-03-17 04:00:00
83617.8,83617.8,83118.0,83118.1,290672.21,2906.7221,242133286.77923,1,2025-03-17 05:00:00
83118.1,83299.5,82666.1,83233.0,338884.66,3388.8466,281419798.08877,1,2025-03-17 06:00:00
83234.2,83641.9,83216.1,83560.1,313734.35,3137.3435,261704459.43286,1,2025-03-17 07:00:00
83560.0,83728.7,83208.0,83536.9,263961.36,2639.6136,220327674.89243,1,2025-03-17 08:00:00
83537.0,83781.7,83424.4,83652.0,190541.76,1905.4176,159350900.52343,1,2025-03-17 09:00:00
83652.0,83687.0,83246.4,83333.6,189112.57,1891.1257,157741585.1272,1,2025-03-17 10:00:00
83333.7,83688.0,83207.7,83504.6,197946.52,1979.4652,165250447.0135,1,2025-03-17 11:00:00
83504.5,84034.4,82957.5,83054.1,893113.34,8931.1334,744983112.43222,1,2025-03-17 12:00:00
83054.1,83734.5,82773.0,83020.1,842905.15,8429.0515,701394203.1777,1,2025-03-17 13:00:00
83020.1,83374.0,82444.0,82913.9,896710.63,8967.1063,743046480.08183,1,2025-03-17 14:00:00
82914.0,83698.5,82705.9,83531.1,487808.47,4878.0847,406434885.87357,1,2025-03-17 15:00:00
83531.0,83866.0,83055.6,83445.9,508305.33,5083.0533,424475536.52151,1,2025-03-17 16:00:00
83444.0,84349.4,83350.0,84199.9,539655.97,5396.5597,453549648.47708,1,2025-03-17 17:00:00
84199.9,84597.6,83962.0,84504.0,440542.72,4405.4272,371384411.495,1,2025-03-17 18:00:00
84504.0,84768.6,84314.0,84475.8,329512.64,3295.1264,278476116.77029,1,2025-03-17 19:00:00
84475.9,84499.3,83855.3,83965.9,369671.21,3696.7121,310932466.65226,1,2025-03-17 20:00:00
83966.0,84266.7,83885.0,84074.8,121630.51,1216.3051,102218557.0596,1,2025-03-17 21:00:00
84074.8,84237.0,83991.2,84052.7,87240.6,872.406,73399586.26645,1,2025-03-17 22:00:00
84052.6,84141.1,83741.9,83994.1,146392.43,1463.9243,122905640.27935,1,2025-03-17 23:00:00
83994.0,84017.7,83704.5,83805.4,203515.87,2035.1587,170591507.47003,1,2025-03-18 00:00:00
83805.5,83930.2,83016.0,83166.0,446802.14,4468.0214,372320234.00265,1,2025-03-18 01:00:00
83166.1,83540.3,83076.0,83369.9,271747.09,2717.4709,226495462.19546,1,2025-03-18 02:00:00
83369.9,83369.9,82942.5,83146.8,265972.37,2659.7237,221117219.92272,1,2025-03-18 03:00:00
83146.7,83218.7,82835.1,83003.9,220332.71,2203.3271,182953763.12639,1,2025-03-18 04:00:00
83003.9,83141.2,82900.6,83028.4,175812.41,1758.1241,145954488.20468,1,2025-03-18 05:00:00
83028.4,83028.5,82234.9,82455.8,653152.48,6531.5248,539217779.85837,1,2025-03-18 06:00:00
82455.8,83288.5,82358.1,83155.2,643906.39,6439.0639,534255025.54502,1,2025-03-18 07:00:00
83155.1,83454.0,83036.1,83277.9,273697.43,2736.9743,227873421.5226,1,2025-03-18 08:00:00
83277.9,83347.5,82770.0,82837.9,252411.7,2524.117,209691590.25349,1,2025-03-18 09:00:00
82838.0,82940.1,82591.7,82828.6,278681.67,2786.8167,230638444.06837,1,2025-03-18 10:00:00
82828.7,82871.5,82506.0,82590.0,196495.49,1964.9549,162447208.93915,1,2025-03-18 11:00:00
82590.1,82830.0,82335.0,82413.7,323122.89,3231.2289,266762957.62549,1,2025-03-18 12:00:00
82413.7,82493.6,81171.9,81365.0,1149307.09,11493.0709,939305630.50518,1,2025-03-18 13:00:00
81365.0,81970.0,81124.9,81841.0,864357.56,8643.5756,704849051.90179,1,2025-03-18 14:00:00
81841.1,82216.4,81525.0,81600.1,561429.34,5614.2934,459313321.51468,1,2025-03-18 15:00:00
81600.1,82160.0,81537.6,81854.9,405405.86,4054.0586,331561639.92942,1,2025-03-18 16:00:00
81855.0,81979.0,81321.0,81456.3,397602.32,3976.0232,324515201.02229,1,2025-03-18 17:00:00
81456.4,81947.8,81230.5,81879.9,314921.88,3149.2188,256906317.89571,1,2025-03-18 18:00:00
81880.0,82473.9,81743.4,82308.1,395531.98,3955.3198,324702196.22215,1,2025-03-18 19:00:00
82308.1,82355.0,81862.3,82056.8,175758.78,1757.5878,144283767.65829,1,2025-03-18 20:00:00
82056.8,82205.9,81930.1,82055.3,80878.17,808.7817,66371651.53303,1,2025-03-18 21:00:00
82055.3,82569.9,81986.6,82384.0,173489.66,1734.8966,142801231.73916,1,2025-03-18 22:00:00
82383.9,82811.7,82383.9,82707.3,233709.49,2337.0949,193175744.78617,1,2025-03-18 23:00:00
82707.4,83240.0,82595.0,83102.0,388854.74,3888.5474,322690363.46596,1,2025-03-19 00:00:00
83102.0,83156.9,82565.3,82599.2,258686.3,2586.863,214381558.9177,1,2025-03-19 01:00:00
82599.2,82900.0,82530.0,82875.7,196924.78,1969.2478,162932973.2894,1,2025-03-19 02:00:00
82875.7,83083.5,82736.9,83032.0,190283.63,1902.8363,157801590.20248,1,2025-03-19 03:00:00
83032.0,83074.5,82790.0,82958.6,127617.44,1276.1744,105841029.92661,1,2025-03-19 04:00:00
82958.6,83327.8,82908.3,83234.8,222561.64,2225.6164,185040294.18341,1,2025-03-19 05:00:00
83234.9,83327.0,83100.1,83189.5,163321.44,1633.2144,135898121.59164,1,2025-03-19 06:00:00
83189.5,83355.0,83026.0,83198.4,227995.3,2279.953,189699022.09909,1,2025-03-19 07:00:00
83198.5,83506.0,83178.5,83408.5,250920.3,2509.203,209242316.87865,1,2025-03-19 08:00:00
83408.6,83610.1,83360.0,83532.5,206657.0,2066.57,172552010.12402,1,2025-03-19 09:00:00
83532.5,83834.0,83456.9,83470.1,365480.03,3654.8003,305644508.16097,1,2025-03-19 10:00:00
83470.2,84134.3,83379.0,83877.9,568854.11,5688.5411,476791426.16937,1,2025-03-19 11:00:00
83877.9,83931.0,83499.9,83751.0,310305.84,3103.0584,259669751.06259,1,2025-03-19 12:00:00
83751.0,84350.0,83634.0,84095.6,831798.63,8317.9863,698970035.36748,1,2025-03-19 13:00:00
84095.6,84418.6,83888.0,84315.9,492101.29,4921.0129,414242940.53852,1,2025-03-19 14:00:00
84315.9,84899.0,84104.0,84737.9,622921.62,6229.2162,526461995.1008,1,2025-03-19 15:00:00
84738.0,84833.3,84430.4,84576.2,411415.09,4114.1509,348135105.49252,1,2025-03-19 16:00:00
84576.1,84723.6,83768.0,84230.1,710375.81,7103.7581,598322591.29695,1,2025-03-19 17:00:00
84230.2,85888.0,83552.0,85622.3,2045363.48,20453.6348,1732387247.91091,1,2025-03-19 18:00:00
85622.3,85959.0,84941.3,85437.4,1007810.46,10078.1046,861072204.08102,1,2025-03-19 19:00:00
85430.2,85845.2,85210.0,85360.0,298001.49,2980.0149,255062465.23774,1,2025-03-19 20:00:00
85359.9,85930.3,85337.5,85639.0,184684.9,1846.849,158203317.52334,1,2025-03-19 21:00:00
85639.0,86555.0,85633.9,86166.3,550414.55,5504.1455,474394456.22893,1,2025-03-19 22:00:00
86166.3,87058.8,86166.3,86847.4,532391.49,5323.9149,461600325.36091,1,2025-03-19 23:00:00
86847.5,87467.2,85955.7,86035.2,947572.69,9475.7269,822148146.36075,1,2025-03-20 00:00:00
86035.1,86378.0,85735.0,85889.4,408689.29,4086.8929,351598892.305,1,2025-03-20 01:00:00
85889.4,86134.0,85620.0,86072.3,307366.6,3073.666,263927491.12403,1,2025-03-20 02:00:00
86072.2,86138.6,85817.1,85894.3,161347.82,1613.4782,138678305.22133,1,2025-03-20 03:00:00
85894.4,85941.0,85377.3,85693.2,318496.82,3184.9682,272756620.96026,1,2025-03-20 04:00:00
85693.1,85857.0,85473.5,85839.8,211756.83,2117.5683,181364651.41898,1,2025-03-20 05:00:00
85839.8,86030.9,85597.6,85760.0,230580.61,2305.8061,197894540.13089,1,2025-03-20 06:00:00
85760.0,85976.7,85695.8,85812.4,133822.21,1338.2221,114889915.47455,1,2025-03-20 07:00:00
85812.4,86341.4,85710.9,86240.0,324240.47,3242.4047,279122699.33071,1,2025-03-20 08:00:00
86240.0,86286.8,85777.5,85879.1,233710.18,2337.1018,201036775.01729,1,2025-03-20 09:00:00
85879.1,85954.7,84735.0,85170.0,847114.45,8471.1445,722087957.6467,1,2025-03-20 10:00:00
85170.1,85539.9,85158.9,85493.6,262535.22,2625.3522,224145156.26652,1,2025-03-20 11:00:00
85493.6,85567.4,85174.2,85356.8,206513.52,2065.1352,176316747.20623,1,2025-03-20 12:00:00
85356.9,85864.5,85063.4,85515.6,493566.9,4935.669,421925062.2631,1,2025-03-20 13:00:00
85515.5,86547.0,85469.6,86168.1,780503.08,7805.0308,672493258.58443,1,2025-03-20 14:00:00
86168.0,86230.0,84561.0,84677.5,1237750.87,12377.5087,1056091733.01125,1,2025-03-20 15:00:00
84677.5,84915.8,83638.1,83800.0,1148272.19,11482.7219,966804824.19998,1,2025-03-20 16:00:00
83800.0,84350.0,83722.2,84087.8,694440.29,6944.4029,583503356.86971,1,2025-03-20 17:00:00
84087.8,84335.9,83934.0,84059.6,315958.7,3159.587,265773126.97863,1,2025-03-20 18:00:00
84059.6,84420.0,83910.4,84164.2,266342.81,2663.4281,224249924.59064,1,2025-03-20 19:00:00
84164.1,84600.0,84126.6,84520.1,223928.24,2239.2824,189089695.71045,1,2025-03-20 20:00:00
84520.0,84598.3,84211.6,84365.1,165858.95,1658.5895,140004798.54283,1,2025-03-20 21:00:00
84365.1,84502.5,83948.4,84146.2,187263.96,1872.6396,157643799.26079,1,2025-03-20 22:00:00
84146.3,84355.5,83925.2,84223.5,154789.42,1547.8942,130210082.91763,1,2025-03-20 23:00:00
84223.4,84528.0,84168.0,84500.0,169700.3,1697.003,143211140.69035,1,2025-03-21 00:00:00
84499.9,84789.5,84368.4,84778.9,177429.7,1774.297,150067299.37242,1,2025-03-21 01:00:00
84779.0,84850.0,84502.8,84671.6,190711.73,1907.1173,161434118.34241,1,2025-03-21 02:00:00
84671.6,84725.0,84260.2,84447.7,197855.78,1978.5578,167079287.85097,1,2025-03-21 03:00:00
84447.6,84800.0,84447.6,84663.0,181881.64,1818.8164,153989087.8312,1,2025-03-21 04:00:00
84663.0,84676.2,84329.6,84469.9,182274.51,1822.7451,153989464.49677,1,2025-03-21 05:00:00
84469.9,84479.3,84030.0,84205.0,283844.71,2838.4471,239031180.49028,1,2025-03-21 06:00:00
84205.0,84273.5,83722.7,83944.8,322007.0,3220.07,270356368.79417,1,2025-03-21 07:00:00
83944.1,84160.9,83725.9,84018.1,285021.66,2850.2166,239194796.68179,1,2025-03-21 08:00:00
84018.0,84350.0,83795.4,84134.3,260575.21,2605.7521,219207584.99442,1,2025-03-21 09:00:00
84134.4,84292.4,83893.3,84160.0,229758.0,2297.58,193234124.87512,1,2025-03-21 10:00:00
84160.1,84179.5,83933.3,84051.5,129121.85,1291.2185,108532143.58951,1,2025-03-21 11:00:00
84051.4,84399.1,83360.0,83466.5,685562.24,6855.6224,574719366.33174,1,2025-03-21 12:00:00
83466.5,84121.8,83171.0,83940.0,916081.41,9160.8141,766397219.6245,1,2025-03-21 13:00:00
83940.0,84292.2,83500.1,84238.0,529586.32,5295.8632,444483417.56997,1,2025-03-21 14:00:00
84237.9,84275.1,83556.0,83571.9,355301.13,3553.0113,297812431.68698,1,2025-03-21 15:00:00
83571.9,84164.3,83370.0,84100.0,468124.55,4681.2455,392202226.43913,1,2025-03-21 16:00:00
84099.9,84147.7,83706.0,84013.9,242274.0,2422.74,203399832.31773,1,2025-03-21 17:00:00
84013.8,84432.0,83890.2,84100.0,247741.58,2477.4158,208556474.02823,1,2025-03-21 18:00:00
84099.9,84192.7,83790.0,83956.2,208956.03,2089.5603,175503815.83217,1,2025-03-21 19:00:00
83956.2,84231.0,83802.2,84199.7,127707.28,1277.0728,107279641.6031,1,2025-03-21 20:00:00
84199.7,84579.9,84160.7,84389.4,164897.9,1648.979,139122441.39591,1,2025-03-21 21:00:00
84389.4,84409.1,84091.1,84165.2,97196.6,971.966,81859087.15561,1,2025-03-21 22:00:00
84165.1,84221.0,84044.0,84087.4,68024.05,680.2405,57221449.47296,1,2025-03-21 23:00:00
84087.3,84244.0,84043.6,84193.5,94968.0,949.68,79916323.14686,1,2025-03-22 00:00:00
84193.4,84321.8,83962.4,84057.7,129307.42,1293.0742,108774459.90287,1,2025-03-22 01:00:00
84057.7,84250.0,84000.5,84186.1,90259.63,902.5963,75955334.16995,1,2025-03-22 02:00:00
84186.0,84300.0,84126.5,84257.9,79917.99,799.1799,67309197.40376,1,2025-03-22 03:00:00
84257.9,84394.4,84200.0,84362.9,102901.29,1029.0129,86748786.21619,1,2025-03-22 04:00:00
84362.9,84430.0,84241.5,84326.2,89584.64,895.8464,75554780.80223,1,2025-03-22 05:00:00
84326.1,84400.0,84158.4,84327.3,83929.35,839.2935,70746996.44321,1,2025-03-22 06:00:00
84327.3,84387.4,84221.0,84277.9,78762.9,787.629,66407106.10798,1,2025-03-22 07:00:00
84278.0,84292.4,84115.1,84224.1,126911.24,1269.1124,106887381.98747,1,2025-03-22 08:00:00
84224.0,84548.0,84224.0,84355.6,195544.38,1955.4438,165035882.7382,1,2025-03-22 09:00:00
84355.6,84455.5,84350.0,84413.5,78275.82,782.7582,66064516.79666,1,2025-03-22 10:00:00
84413.5,84416.3,84189.6,84230.5,131632.84,1316.3284,110934476.42901,1,2025-03-22 11:00:00
84230.5,84299.8,84180.0,84232.0,86545.28,865.4528,72899689.76176,1,2025-03-22 12:00:00
84232.0,84252.7,84050.0,84173.0,112714.91,1127.1491,94832974.53065,1,2025-03-22 13:00:00
84173.0,84200.0,83988.0,84002.1,93669.01,936.6901,78752383.8487,1,2025-03-22 14:00:00
84002.1,84137.2,83968.1,84109.9,81928.54,819.2854,68850115.36821,1,2025-03-22 15:00:00
84109.9,84183.0,84062.3,84137.3,67660.87,676.6087,56912661.59231,1,2025-03-22 16:00:00
84137.3,84266.0,84115.7,84236.0,89135.22,891.3522,75046656.96863,1,2025-03-22 17:00:00
84236.0,84330.6,84187.2,84238.6,89568.36,895.6836,75471523.83285,1,2025-03-22 18:00:00
84238.6,84281.0,84157.8,84176.3,40650.86,406.5086,34233574.24417,1,2025-03-22 19:00:00
84176.3,84212.5,83927.6,83940.5,74899.76,748.9976,62981587.71283,1,2025-03-22 20:00:00
83940.5,84094.2,83835.0,84014.1,102458.79,1024.5879,86035943.36128,1,2025-03-22 21:00:00
84014.1,84078.2,83952.5,83960.0,44284.75,442.8475,37204506.41328,1,2025-03-22 22:00:00
83960.0,83961.1,83650.1,83850.5,165118.76,1651.1876,138371645.8803,1,2025-03-22 23:00:00
83850.4,84062.2,83802.2,84000.0,103715.34,1037.1534,87087895.65882,1,2025-03-23 00:00:00
84000.0,84139.0,83970.0,84068.3,71852.9,718.529,60412435.36178,1,2025-03-23 01:00:00
84068.2,84302.5,83980.0,84234.2,114462.84,1144.6284,96365934.85394,1,2025-03-23 02:00:00
84234.3,84249.1,84126.5,84233.9,81792.82,817.9282,68863595.40835,1,2025-03-23 03:00:00
84233.9,84238.0,84060.9,84116.4,84187.13,841.8713,70805363.78817,1,2025-03-23 04:00:00
84116.5,84253.5,84082.3,84234.8,70935.17,709.3517,59701089.66623,1,2025-03-23 05:00:00
84234.8,84305.2,84193.5,84238.9,97059.77,970.5977,81774796.03332,1,2025-03-23 06:00:00
84238.8,84327.5,84210.0,84268.2,104608.67,1046.0867,88158857.92853,1,2025-03-23 07:00:00
84268.2,84351.5,84228.8,84337.7,102956.57,1029.5657,86793418.52007,1,2025-03-23 08:00:00
84337.7,84370.0,84306.9,84320.1,71084.2,710.842,59953379.69162,1,2025-03-23 09:00:00
84320.1,84516.8,84292.5,84467.9,152785.26,1527.8526,128964140.46996,1,2025-03-23 10:00:00
84468.0,85085.4,84467.9,84691.9,597579.94,5975.7994,506612361.97468,1,2025-03-23 11:00:00
84692.0,84827.5,84569.2,84722.2,213156.38,2131.5638,180579969.82779,1,2025-03-23 12:00:00
84722.1,85146.4,84617.7,85085.8,347169.26,3471.6926,294844623.87326,1,2025-03-23 13:00:00
85085.9,85220.0,84860.0,84905.9,325101.24,3251.0124,276345833.61676,1,2025-03-23 14:00:00
84905.9,85271.2,84871.6,85195.9,265186.57,2651.8657,225654053.70284,1,2025-03-23 15:00:00
85196.0,85403.5,84915.3,85250.1,350362.4,3503.624,298463887.8421,1,2025-03-23 16:00:00
85250.0,85428.0,84875.2,85028.9,248779.03,2487.7903,211812487.19526,1,2025-03-23 17:00:00
85029.0,85050.0,84801.1,84984.7,163817.85,1638.1785,139134633.78583,1,2025-03-23 18:00:00
84984.8,85099.9,84915.4,85019.6,66101.7,661.017,56194861.25309,1,2025-03-23 19:00:00
85019.5,85270.0,85019.5,85100.1,107545.95,1075.4595,91591549.14775,1,2025-03-23 20:00:00
85100.0,85191.2,84910.0,85190.9,90766.87,907.6687,77168768.64699,1,2025-03-23 21:00:00
85190.8,85695.9,85162.0,85369.9,284500.69,2845.0069,243045764.50674,1,2025-03-23 22:00:00
85370.0,86147.7,85370.0,86081.2,344411.19,3444.1119,295409104.90759,1,2025-03-23 23:00:00
86081.2,86645.1,85857.1,86030.0,554374.35,5543.7435,478062460.70673,1,2025-03-24 00:00:00
86030.0,86044.0,85536.1,85574.2,326901.94,3269.0194,280368786.79174,1,2025-03-24 01:00:00
85574.2,85955.8,85529.4,85873.0,189542.14,1895.4214,162577720.54523,1,2025-03-24 02:00:00
85873.0,86577.0,85870.3,86533.6,458361.43,4583.6143,395530827.41958,1,2025-03-24 03:00:00
86533.6,86940.0,86533.5,86844.1,507227.93,5072.2793,440026928.61499,1,2025-03-24 04:00:00
86844.0,87052.2,86806.2,86902.0,316023.42,3160.2342,274717675.44014,1,2025-03-24 05:00:00
86902.1,87297.6,86892.0,87117.9,380838.51,3808.3851,331597562.57078,1,2025-03-24 06:00:00
87117.9,87180.0,86756.0,86879.3,354008.17,3540.0817,307706196.03076,1,2025-03-24 07:00:00
86879.2,87531.6,86862.9,87400.7,543234.13,5432.3413,474272154.49076,1,2025-03-24 08:00:00
87400.7,87500.0,87110.0,87153.1,309887.22,3098.8722,270409822.83815,1,2025-03-24 09:00:00
87153.1,87900.0,87118.6,87782.1,463439.42,4634.3942,405923107.67833,1,2025-03-24 10:00:00
87782.2,87824.9,87512.0,87677.6,224867.12,2248.6712,197105027.28036,1,2025-03-24 11:00:00
87677.6,87705.7,87247.9,87329.5,415350.94,4153.5094,363148727.6444,1,2025-03-24 12:00:00
87329.4,87708.3,87132.8,87684.6,419607.82,4196.0782,366783089.91043,1,2025-03-24 13:00:00
87684.6,88794.6,87628.5,87957.6,1274506.34,12745.0634,1124612253.00501,1,2025-03-24 14:00:00
87957.7,88357.4,87675.0,88322.2,424289.17,4242.8917,373577400.16983,1,2025-03-24 15:00:00
88322.1,88493.4,87677.0,88052.0,493375.38,4933.7538,434579475.20604,1,2025-03-24 16:00:00
88051.9,88484.1,87930.7,88449.9,316236.71,3162.3671,279187913.03924,1,2025-03-24 17:00:00
88450.0,88557.0,88113.3,88450.0,247917.62,2479.1762,219105635.71399,1,2025-03-24 18:00:00
88450.1,88506.5,87947.6,88215.0,334461.86,3344.6186,295151026.00018,1,2025-03-24 19:00:00
88214.9,88480.4,87776.1,87834.6,320607.12,3206.0712,282463370.1183,1,2025-03-24 20:00:00
87834.7,88306.1,87814.4,88119.9,240822.01,2408.2201,212112603.56582,1,2025-03-24 21:00:00
88119.9,88194.5,87300.0,87464.4,435930.46,4359.3046,382118245.48535,1,2025-03-24 22:00:00
87464.4,87541.8,87044.6,87506.9,299298.85,2992.9885,261259238.3784,1,2025-03-24 23:00:00
87506.8,87688.0,87250.9,87601.0,249332.32,2493.3232,218188644.15042,1,2025-03-25 00:00:00
87600.9,87600.9,86803.6,87092.1,423669.32,4236.6932,368985333.19068,1,2025-03-25 01:00:00
87092.2,87093.8,86823.0,86859.9,173540.2,1735.402,150914785.17712,1,2025-03-25 02:00:00
86860.0,86996.1,86323.6,86526.0,436165.27,4361.6527,377757476.38662,1,2025-03-25 03:00:00
86526.0,86673.1,86306.5,86547.6,246355.62,2463.5562,213083538.61896,1,2025-03-25 04:00:00
86547.5,86808.9,86397.0,86652.0,300089.21,3000.8921,259988871.77866,1,2025-03-25 05:00:00
86651.9,86895.8,86532.0,86554.2,287740.74,2877.4074,249516033.69147,1,2025-03-25 06:00:00
86554.2,86840.3,86334.6,86461.4,254539.12,2545.3912,220302248.66765,1,2025-03-25 07:00:00
86461.3,86769.7,86420.0,86720.0,177951.67,1779.5167,154148020.7223,1,2025-03-25 08:00:00
86720.0,87369.1,86646.1,87227.0,458994.38,4589.9438,399682594.54261,1,2025-03-25 09:00:00
87227.0,87293.5,86946.6,87129.4,220013.03,2200.1303,191650256.5447,1,2025-03-25 10:00:00
87129.4,87489.0,87053.6,87368.0,290267.08,2902.6708,253512202.96928,1,2025-03-25 11:00:00
87368.0,87441.9,86919.0,87079.2,304307.45,3043.0745,265218867.17653,1,2025-03-25 12:00:00
87079.2,88018.1,87034.5,87601.7,948661.3,9486.613,830379485.43994,1,2025-03-25 13:00:00
87601.7,88249.2,87333.3,88014.2,705940.96,7059.4096,620027292.64298,1,2025-03-25 14:00:00
88014.1,88269.2,87711.0,87770.2,398364.03,3983.6403,350327976.23521,1,2025-03-25 15:00:00
87770.2,87983.7,87638.5,87804.0,280388.05,2803.8805,246139850.55514,1,2025-03-25 16:00:00
87804.1,88343.0,87804.1,87930.0,357040.72,3570.4072,314450362.3994,1,2025-03-25 17:00:00
87930.0,88050.0,87578.4,87808.2,246702.81,2467.0281,216511411.35964,1,2025-03-25 18:00:00
87808.2,88268.0,87801.4,88116.0,362046.93,3620.4693,318757291.14566,1,2025-03-25 19:00:00
88116.1,88555.0,87800.0,87857.3,527808.93,5278.0893,465575155.16183,1,2025-03-25 20:00:00
87857.2,88218.1,87702.8,87761.1,229595.27,2295.9527,201994100.87199,1,2025-03-25 21:00:00
87761.1,87819.5,87177.7,87465.8,374558.17,3745.5817,327769692.78461,1,2025-03-25 22:00:00
87465.8,87520.0,87138.2,87420.8,201097.45,2010.9745,175639553.2847,1,2025-03-25 23:00:00
87420.8,87850.0,87234.4,87649.9,296305.23,2963.0523,259516324.36986,1,2025-03-26 00:00:00
87649.9,87939.9,87566.7,87832.8,204754.88,2047.5488,179728814.61812,1,2025-03-26 01:00:00
87832.7,87832.8,87290.4,87321.9,247644.72,2476.4472,216687665.74307,1,2025-03-26 02:00:00
87321.9,87401.0,87022.0,87154.0,248198.91,2481.9891,216401793.676,1,2025-03-26 03:00:00
87154.0,87465.8,87043.8,87336.4,260065.07,2600.6507,226931616.11638,1,2025-03-26 04:00:00
87336.4,87698.1,87222.0,87524.8,314846.22,3148.4622,275460689.4593,1,2025-03-26 05:00:00
87524.8,87946.2,87436.9,87909.0,267050.26,2670.5026,234185108.82841,1,2025-03-26 06:00:00
87909.1,88296.0,87750.0,88134.5,431228.48,4312.2848,379760244.00046,1,2025-03-26 07:00:00
88134.5,88200.0,87863.4,87947.7,235054.3,2350.543,206897935.11217,1,2025-03-26 08:00:00
87947.6,88050.6,87826.0,87935.6,175608.19,1756.0819,154410164.96086,1,2025-03-26 09:00:00
87935.6,88276.8,87922.3,88215.8,224489.49,2244.8949,197891554.52406,1,2025-03-26 10:00:00
88215.9,88258.0,87925.0,87954.2,223554.29,2235.5429,196938790.09398,1,2025-03-26 11:00:00
87954.2,88022.6,87586.3,87808.6,377975.94,3779.7594,331793332.47614,1,2025-03-26 12:00:00
87808.6,87934.0,86708.4,86840.1,1036783.39,10367.8339,906104856.68682,1,2025-03-26 13:00:00
86840.1,87309.2,86435.0,86774.0,1141993.45,11419.9345,991441468.27956,1,2025-03-26 14:00:00
86774.1,87014.6,86541.5,86738.5,527170.96,5271.7096,457572217.09526,1,2025-03-26 15:00:00
86738.1,87057.7,86362.2,86496.1,435923.04,4359.2304,377929646.5635,1,2025-03-26 16:00:00
86496.1,86831.6,86466.0,86570.0,265213.18,2652.1318,229730068.23224,1,2025-03-26 17:00:00
86571.8,86750.0,86156.0,86208.5,303252.28,3032.5228,262150766.01281,1,2025-03-26 18:00:00
86208.4,86794.3,85837.3,86550.6,730686.54,7306.8654,630159397.52742,1,2025-03-26 19:00:00
86550.6,87398.0,86503.2,87285.3,643940.69,6439.4069,560513586.60108,1,2025-03-26 20:00:00
87285.4,87305.8,86715.0,87104.9,205666.29,2056.6629,179042534.45605,1,2025-03-26 21:00:00
87105.0,87150.7,86760.2,86834.3,138358.67,1383.5867,120263601.41838,1,2025-03-26 22:00:00
86834.4,86958.7,86550.6,86919.0,202774.86,2027.7486,175910814.5357,1,2025-03-26 23:00:00
86918.9,87320.0,86800.0,87289.9,227823.88,2278.2388,198360671.01771,1,2025-03-27 00:00:00
87289.8,87518.0,87180.0,87380.1,243369.73,2433.6973,212605127.42355,1,2025-03-27 01:00:00
87380.1,87749.5,87333.0,87565.8,245142.78,2451.4278,214705219.44082,1,2025-03-27 02:00:00
87565.8,87677.9,87422.0,87665.5,167640.49,1676.4049,146787122.223,1,2025-03-27 03:00:00
87665.5,87682.0,87400.5,87516.0,159042.93,1590.4293,139173366.31767,1,2025-03-27 04:00:00
87515.9,87515.9,87255.0,87313.6,167401.34,1674.0134,146267222.0077,1,2025-03-27 05:00:00
87313.6,87550.0,87273.2,87354.5,153894.31,1538.9431,134524981.59811,1,2025-03-27 06:00:00
87355.0,87444.0,87250.0,87404.6,120526.09,1205.2609,105268842.5627,1,2025-03-27 07:00:00
87404.5,87593.9,87250.1,87435.9,190817.94,1908.1794,166816244.62566,1,2025-03-27 08:00:00
87435.8,87544.6,87385.4,87414.0,117293.54,1172.9354,102601588.21466,1,2025-03-27 09:00:00
87414.0,87600.0,87110.0,87191.9,255464.26,2554.6426,223115222.25699,1,2025-03-27 10:00:00
87191.8,87319.9,86781.9,86949.9,342295.5,3422.955,297852357.38887,1,2025-03-27 11:00:00
86949.9,87100.0,86714.3,86750.1,424851.61,4248.5161,369287356.57764,1,2025-03-27 12:00:00
86750.1,86860.1,85800.0,86385.1,1438962.82,14389.6282,1240584256.7009,1,2025-03-27 13:00:00
86385.1,87325.9,86192.0,87300.0,1206905.96,12069.0596,1047162188.40902,1,2025-03-27 14:00:00
87299.9,87579.0,86709.5,86961.7,834623.08,8346.2308,727421383.99881,1,2025-03-27 15:00:00
86961.6,87276.2,86773.8,86827.9,352093.11,3520.9311,306459148.04996,1,2025-03-27 16:00:00
86827.9,87159.1,86783.0,86894.1,283354.28,2833.5428,246353474.67235,1,2025-03-27 17:00:00
86894.2,87421.3,86862.5,87205.0,244421.34,2444.2134,213123192.11445,1,2025-03-27 18:00:00
87205.1,87421.3,87014.7,87059.1,195476.54,1954.7654,170554324.93749,1,2025-03-27 19:00:00
87059.1,87342.0,86920.9,87300.9,149699.29,1496.9929,130457672.06207,1,2025-03-27 20:00:00
87300.8,87747.4,87224.4,87560.7,211409.89,2114.0989,185090262.18267,1,2025-03-27 21:00:00
87560.8,87600.0,87313.1,87340.8,102783.86,1027.8386,89845754.4032,1,2025-03-27 22:00:00
87340.9,87371.4,87111.0,87218.3,142927.0,1429.27,124681771.88277,1,2025-03-27 23:00:00
87218.4,87412.3,86900.0,87344.4,226277.68,2262.7768,197199410.67161,1,2025-03-28 00:00:00
87344.4,87508.7,87099.8,87233.8,193364.7,1933.647,168828171.80029,1,2025-03-28 01:00:00
87233.8,87330.1,86951.0,86983.4,190257.33,1902.5733,165765369.97895,1,2025-03-28 02:00:00
86983.4,87023.8,86743.9,86789.0,294435.35,2944.3535,255699315.72258,1,2025-03-28 03:00:00
86789.0,86834.3,85915.0,86291.8,838946.42,8389.4642,723991154.84069,1,2025-03-28 04:00:00
86291.9,86292.7,85820.0,86050.5,589507.78,5895.0778,507213083.33297,1,2025-03-28 05:00:00
86050.4,86250.3,85644.2,85713.5,484183.55,4841.8355,415907909.66514,1,2025-03-28 06:00:00
85718.4,85867.6,85167.0,85216.4,958758.42,9587.5842,818990966.14113,1,2025-03-28 07:00:00
85216.4,85443.8,85050.0,85220.2,555581.81,5555.8181,473615856.43986,1,2025-03-28 08:00:00
85220.1,85420.0,85019.4,85169.1,324213.48,3242.1348,276195939.44497,1,2025-03-28 09:00:00
85169.1,85270.9,84888.0,84960.6,307664.58,3076.6458,261736154.5184,1,2025-03-28 10:00:00
84960.5,85258.0,84800.1,85250.1,471671.77,4716.7177,401059777.27073,1,2025-03-28 11:00:00
85250.0,85642.8,84889.0,85041.8,596557.28,5965.5728,508213688.54875,1,2025-03-28 12:00:00
85041.9,85572.0,84911.0,85006.6,595772.41,5957.7241,507994473.10502,1,2025-03-28 13:00:00
85006.6,85124.6,84150.0,84170.1,1357948.02,13579.4802,1146791437.05578,1,2025-03-28 14:00:00
84170.1,84554.9,83950.1,84044.2,726368.86,7263.6886,611823160.61277,1,2025-03-28 15:00:00
84044.2,84217.5,83621.9,83782.6,707665.67,7076.6567,593618032.54198,1,2025-03-28 16:00:00
83782.6,84016.6,83562.9,84012.0,363469.02,3634.6902,304559344.85037,1,2025-03-28 17:00:00
84012.1,84191.6,83722.0,83885.8,333066.71,3330.6671,279797304.87729,1,2025-03-28 18:00:00
83885.8,83917.2,83646.7,83798.4,201430.61,2014.3061,168730225.53186,1,2025-03-28 19:00:00
83798.4,84162.0,83700.4,83798.0,259647.29,2596.4729,217937956.98928,1,2025-03-28 20:00:00
83798.0,84112.7,83688.0,84060.0,161736.68,1617.3668,135754188.80167,1,2025-03-28 21:00:00
84059.9,84489.1,84059.9,84487.1,225062.14,2250.6214,189645130.99985,1,2025-03-28 22:00:00
84487.1,84533.3,84200.0,84429.1,156179.65,1561.7965,131791839.97497,1,2025-03-28 23:00:00
84429.1,84623.2,84350.0,84396.1,177115.24,1771.1524,149661098.72761,1,2025-03-29 00:00:00
84396.0,84507.1,84213.0,84283.6,121411.17,1214.1117,102375353.83126,1,2025-03-29 01:00:00
84283.6,84428.5,83802.0,83849.2,265052.54,2650.5254,222930526.65655,1,2025-03-29 02:00:00
83849.2,84256.0,83700.0,84160.0,277088.39,2770.8839,232700828.95148,1,2025-03-29 03:00:00
84160.0,84278.7,83968.0,84079.1,136945.78,1369.4578,115150541.00495,1,2025-03-29 04:00:00
84076.2,84106.2,83856.0,84012.7,114636.94,1146.3694,96281248.82572,1,2025-03-29 05:00:00
84012.7,84015.3,83673.6,83803.9,236205.67,2362.0567,197942507.23447,1,2025-03-29 06:00:00
83804.0,83900.0,83659.3,83738.1,163435.31,1634.3531,136899223.10905,1,2025-03-29 07:00:00
83738.1,83947.6,83667.4,83937.5,196297.31,1962.9731,164557988.58772,1,2025-03-29 08:00:00
83937.5,83957.9,83223.0,83552.2,481679.15,4816.7915,402353938.7587,1,2025-03-29 09:00:00
83552.1,83570.0,82804.6,82926.0,612074.15,6120.7415,509295558.27475,1,2025-03-29 10:00:00
82926.1,83113.0,82010.0,82294.0,1069537.56,10695.3756,881876640.4187,1,2025-03-29 11:00:00
82294.0,82525.9,82138.1,82459.2,347856.22,3478.5622,286464047.69444,1,2025-03-29 12:00:00
82459.2,82849.8,82442.2,82830.0,400389.97,4003.8997,330965207.10056,1,2025-03-29 13:00:00
82830.0,82874.3,82434.6,82493.0,246075.15,2460.7515,203324726.00399,1,2025-03-29 14:00:00
82493.1,82625.0,82373.8,82415.1,117250.41,1172.5041,96701246.29707,1,2025-03-29 15:00:00
82415.1,82690.6,82168.0,82199.8,325195.17,3251.9517,267960170.69245,1,2025-03-29 16:00:00
82199.7,82625.0,81626.1,82329.9,790505.18,7905.0518,648875549.80419,1,2025-03-29 17:00:00
82329.9,82690.7,82213.0,82344.4,234339.68,2343.3968,193227826.00755,1,2025-03-29 18:00:00
82344.4,82780.5,82212.6,82777.5,340316.42,3403.1642,280679793.94008,1,2025-03-29 19:00:00
82777.5,82800.0,82430.8,82522.4,198546.8,1985.468,164064584.64849,1,2025-03-29 20:00:00
82522.4,82700.0,82366.0,82525.0,89876.56,898.7656,74188349.72344,1,2025-03-29 21:00:00
82524.9,82533.8,82266.2,82410.1,85476.15,854.7615,70433144.38174,1,2025-03-29 22:00:00
82410.1,82694.6,82348.0,82650.6,82524.47,825.2447,68107434.9605,1,2025-03-29 23:00:00
82650.6,82905.0,82500.0,82815.1,207920.19,2079.2019,172020632.29946,1,2025-03-30 00:00:00
82815.0,83088.0,82764.4,82947.7,295230.92,2952.3092,244970343.84596,1,2025-03-30 01:00:00
82947.7,83380.0,82931.0,83321.6,256454.92,2564.5492,213402954.00487,1,2025-03-30 02:00:00
83321.5,83513.4,83016.8,83077.1,403125.49,4031.2549,335706067.20519,1,2025-03-30 03:00:00
83077.2,83319.0,83066.2,83104.0,153497.94,1534.9794,127654267.28262,1,2025-03-30 04:00:00
83103.9,83223.4,82915.0,82960.9,151438.43,1514.3843,125809147.39985,1,2025-03-30 05:00:00
82960.9,83332.5,82853.1,83198.0,271990.9,2719.909,225946242.31011,1,2025-03-30 06:00:00
83198.0,83325.0,83060.3,83083.6,145677.76,1456.7776,121222227.3264,1,2025-03-30 07:00:00
83083.6,83416.7,83083.5,83390.9,135241.08,1352.4108,112628902.04453,1,2025-03-30 08:00:00
83390.9,83545.3,83250.0,83494.7,157385.82,1573.8582,131282849.42054,1,2025-03-30 09:00:00
83494.6,83538.7,83062.0,83128.6,315002.7,3150.027,262202438.46616,1,2025-03-30 10:00:00
83128.6,83376.2,82957.0,83126.0,335106.02,3351.0602,278593398.02559,1,2025-03-30 11:00:00
83126.0,83281.5,82980.0,83081.9,215960.5,2159.605,179512887.66762,1,2025-03-30 12:00:00
83081.9,83171.2,82503.8,82689.7,480140.38,4801.4038,397556615.75084,1,2025-03-30 13:00:00
82689.6,83054.0,82605.0,82807.3,301652.59,3016.5259,249837022.33274,1,2025-03-30 14:00:00
82807.2,83072.8,82701.4,82736.0,171938.7,1719.387,142502963.99864,1,2025-03-30 15:00:00
82736.0,82821.9,82158.6,82292.8,338323.41,3383.2341,278948861.96524,1,2025-03-30 16:00:00
82294.0,82582.1,82044.0,82421.0,237873.49,2378.7349,195872532.54496,1,2025-03-30 17:00:00
82421.0,82800.0,82421.0,82730.7,202741.61,2027.4161,167586312.49193,1,2025-03-30 18:00:00
82730.8,82908.4,82540.0,82546.2,148132.24,1481.3224,122513672.35212,1,2025-03-30 19:00:00
82546.2,82666.7,82390.0,82556.5,91445.63,914.4563,75475871.56174,1,2025-03-30 20:00:00
82556.6,82717.5,82060.3,82238.9,157162.22,1571.6222,129402988.67934,1,2025-03-30 21:00:00
82238.7,82762.4,81558.3,82432.0,557947.77,5579.4777,458176327.26075,1,2025-03-30 22:00:00
82432.1,82438.8,81931.0,82403.4,243194.53,2431.9453,199876648.1975,1,2025-03-30 23:00:00
82403.5,82465.4,81260.9,81652.0,485062.19,4850.6219,396405207.54735,1,2025-03-31 00:00:00
81652.1,82285.8,81535.3,81970.8,395174.88,3951.7488,323820135.79942,1,2025-03-31 01:00:00
81970.7,82185.8,81645.0,81938.9,240564.21,2405.6421,196978890.65475,1,2025-03-31 02:00:00
81938.9,82045.2,81469.8,81540.3,297162.31,2971.6231,242813805.66414,1,2025-03-31 03:00:00
81540.3,81875.4,81405.3,81846.7,214911.85,2149.1185,175430038.78897,1,2025-03-31 04:00:00
81846.7,82306.0,81836.0,82171.9,263393.7,2633.937,216330800.27626,1,2025-03-31 05:00:00
82171.9,82275.4,81916.2,82060.0,173977.04,1739.7704,142784459.99872,1,2025-03-31 06:00:00
82059.9,82298.6,81736.2,81949.9,222490.86,2224.9086,182358435.91922,1,2025-03-31 07:00:00
81949.8,82271.2,81882.6,81913.4,234509.67,2345.0967,192605221.29127,1,2025-03-31 08:00:00
81913.6,81978.9,81340.0,81472.0,459224.44,4592.2444,374592267.73503,1,2025-03-31 09:00:00
81472.0,82225.3,81288.8,82173.0,421078.22,4210.7822,344473232.10851,1,2025-03-31 10:00:00
82174.0,82287.3,81900.0,82215.2,282127.67,2821.2767,231636787.06484,1,2025-03-31 11:00:00
82215.1,83174.0,81922.4,82780.0,780863.26,7808.6326,645099578.24013,1,2025-03-31 12:00:00
82780.1,82881.5,81656.0,82506.0,1125683.17,11256.8317,925767572.34321,1,2025-03-31 13:00:00
82505.9,83771.0,82500.5,83499.6,1308350.61,13083.5061,1089012166.94889,1,2025-03-31 14:00:00
83499.6,83943.6,83387.2,83427.3,628589.06,6285.8906,525766621.70276,1,2025-03-31 15:00:00
83427.3,83700.0,83252.0,83308.0,329845.25,3298.4525,275185181.18443,1,2025-03-31 16:00:00
83307.9,83565.4,82580.0,82685.9,414657.12,4146.5712,344141534.29848,1,2025-03-31 17:00:00
82686.0,83589.6,82680.3,83286.0,286710.65,2867.1065,238692030.23585,1,2025-03-31 18:00:00
83286.0,83446.7,82385.0,82460.0,338369.21,3383.6921,280266815.60785,1,2025-03-31 19:00:00
82460.0,82853.3,82355.1,82432.0,268117.31,2681.1731,221459949.34901,1,2025-03-31 20:00:00
82432.0,82757.6,82411.0,82568.0,118434.08,1184.3408,97809078.82459,1,2025-03-31 21:00:00
82568.0,82581.7,82268.0,82418.0,177617.13,1776.1713,146315035.5103,1,2025-03-31 22:00:00
82418.0,82887.6,82293.5,82556.6,250916.22,2509.1622,207101045.00997,1,2025-03-31 23:00:00
82556.6,82849.2,82433.0,82657.8,217944.86,2179.4486,180135332.49895,1,2025-04-01 00:00:00
82657.8,82750.0,82470.0,82711.2,153263.54,1532.6354,126624396.50452,1,2025-04-01 01:00:00
82713.9,83124.7,82650.0,83094.4,257458.75,2574.5875,213498736.58815,1,2025-04-01 02:00:00
83094.4,83250.0,82915.5,82956.5,201847.77,2018.4777,167749105.53517,1,2025-04-01 03:00:00
82956.5,83240.0,82880.0,83068.4,161539.81,1615.3981,134171172.00328,1,2025-04-01 04:00:00
83068.9,83328.0,82982.9,83006.9,177493.15,1774.9315,147643424.80925,1,2025-04-01 05:00:00
83007.0,83500.0,82888.6,83455.2,250083.98,2500.8398,208156343.83235,1,2025-04-01 06:00:00
83456.0,83610.4,83373.5,83457.4,259694.64,2596.9464,216794785.09839,1,2025-04-01 07:00:00
83457.4,84230.0,83436.0,84124.0,729562.33,7295.6233,612125645.12536,1,2025-04-01 08:00:00
84123.9,84396.6,84110.0,84352.0,354998.25,3549.9825,299126364.76821,1,2025-04-01 09:00:00
84352.1,84517.5,84155.0,84192.2,467719.99,4677.1999,394432972.03584,1,2025-04-01 10:00:00
84192.2,84219.5,83843.0,83932.9,394910.79,3949.1079,331846444.66708,1,2025-04-01 11:00:00
83932.9,84166.0,83617.5,83621.0,343213.2,3432.132,287825852.44371,1,2025-04-01 12:00:00
83621.1,83916.8,83418.2,83630.6,566397.11,5663.9711,473978705.05995,1,2025-04-01 13:00:00
83630.9,84372.2,82550.0,84192.1,1722297.93,17222.9793,1434951358.31133,1,2025-04-01 14:00:00
84192.1,85515.4,84180.7,85295.6,1556322.75,15563.2275,1321322447.03453,1,2025-04-01 15:00:00
85295.7,85504.4,84815.0,85128.0,723706.66,7237.0666,616193089.59614,1,2025-04-01 16:00:00
85128.0,85357.2,84909.1,85131.7,293107.9,2931.079,249511591.91425,1,2025-04-01 17:00:00
85131.7,85200.0,84719.1,85132.1,369019.62,3690.1962,313427979.79662,1,2025-04-01 18:00:00
85132.0,85197.0,84823.2,84966.1,176270.14,1762.7014,149879041.15877,1,2025-04-01 19:00:00
84966.0,85364.1,84777.6,85246.0,179304.86,1793.0486,152482027.14812,1,2025-04-01 20:00:00
85245.9,85488.0,85129.6,85234.5,122476.03,1224.7603,104483631.43175,1,2025-04-01 21:00:00
85234.8,85471.3,85086.3,85110.0,132893.08,1328.9308,113308888.9011,1,2025-04-01 22:00:00
85109.9,85587.7,84972.4,85162.6,233264.84,2332.6484,198968321.03011,1,2025-04-01 23:00:00
85162.6,85266.0,84920.9,84970.0,187405.07,1874.0507,159469025.18522,1,2025-04-02 00:00:00
84971.4,85222.0,84861.0,85150.2,246664.38,2466.6438,209706000.13797,1,2025-04-02 01:00:00
85150.2,85179.1,84622.6,84719.5,374231.05,3742.3105,317245636.38215,1,2025-04-02 02:00:00
84719.5,84917.6,84504.0,84555.0,183494.6,1834.946,155390225.39835,1,2025-04-02 03:00:00
84555.1,84732.4,84460.8,84604.6,187074.25,1870.7425,158217397.75245,1,2025-04-02 04:00:00
84604.6,84604.6,84111.0,84111.2,318161.99,3181.6199,268166173.84799,1,2025-04-02 05:00:00
84111.1,84393.1,83888.0,84132.6,517495.93,5174.9593,435298974.03018,1,2025-04-02 06:00:00
84132.6,84467.8,84012.0,84433.9,302253.05,3022.5305,254681482.3071,1,2025-04-02 07:00:00
84433.9,84763.0,84266.5,84668.7,320851.66,3208.5166,271320047.34158,1,2025-04-02 08:00:00
84668.7,85466.0,84637.5,85020.0,590393.53,5903.9353,502314599.49855,1,2025-04-02 09:00:00
85020.0,85300.0,84830.0,84867.1,279202.73,2792.0273,237448866.38374,1,2025-04-02 10:00:00
84867.1,84978.9,84543.1,84573.7,249981.57,2499.8157,211899340.51125,1,2025-04-02 11:00:00
84573.7,85068.3,84463.6,85062.5,470463.89,4704.6389,398847133.33583,1,2025-04-02 12:00:00
85062.4,86200.2,84449.2,85227.4,1714837.28,17148.3728,1466124439.03524,1,2025-04-02 13:00:00
85227.4,85973.0,85166.0,85864.7,826564.03,8265.6403,707779291.71513,1,2025-04-02 14:00:00
85864.7,87357.0,85789.6,86772.1,2165818.43,21658.1843,1878989884.00605,1,2025-04-02 15:00:00
86772.0,87239.9,86590.0,87056.4,644780.86,6447.8086,560344271.43457,1,2025-04-02 16:00:00
87056.8,87375.2,86335.3,86631.9,731578.07,7315.7807,634986823.00287,1,2025-04-02 17:00:00
86631.9,86745.0,86222.0,86302.5,392292.12,3922.9212,339279169.24411,1,2025-04-02 18:00:00
86302.5,87064.0,86182.0,86910.1,508577.44,5085.7744,440183249.18469,1,2025-04-02 19:00:00
86910.0,88547.4,85222.0,85663.2,3975985.71,39759.8571,3442927304.75718,1,2025-04-02 20:00:00
85664.4,85749.7,84224.2,84852.0,978287.93,9782.8793,828832081.28071,1,2025-04-02 21:00:00
84850.1,84850.1,82683.9,82827.2,1351280.04,13512.8004,1128106960.55437,1,2025-04-02 22:00:00
82827.2,82859.8,82325.4,82513.5,743020.34,7430.2034,613641489.0564,1,2025-04-02 23:00:00
82513.5,83404.6,82164.1,83220.9,923294.25,9232.9425,765326216.6978,1,2025-04-03 00:00:00
83220.9,83933.5,83089.4,83744.5,539935.55,5399.3555,450995114.44858,1,2025-04-03 01:00:00
83744.5,83880.0,83273.2,83768.8,404155.32,4041.5532,337839840.08898,1,2025-04-03 02:00:00
83768.9,83779.2,83339.1,83477.1,237795.69,2377.9569,198623606.21778,1,2025-04-03 03:00:00
83477.1,83740.3,83273.1,83556.5,298704.33,2987.0433,249406967.9943,1,2025-04-03 04:00:00
83556.6,83710.0,83333.0,83339.5,200334.24,2003.3424,167288037.03909,1,2025-04-03 05:00:00
83339.6,83422.2,83009.7,83062.9,286215.33,2862.1533,238233247.79871,1,2025-04-03 06:00:00
83062.9,83500.0,83006.8,83459.8,255628.45,2556.2845,212786156.37992,1,2025-04-03 07:00:00
83459.8,83800.0,83453.4,83678.3,285829.52,2858.2952,239023387.11574,1,2025-04-03 08:00:00
83678.2,83773.7,83452.0,83488.0,201256.36,2012.5636,168342150.75948,1,2025-04-03 09:00:00
83487.8,83747.1,83150.0,83219.9,317674.23,3176.7423,264971271.18718,1,2025-04-03 10:00:00
83219.9,83362.4,83050.0,83101.1,232725.58,2327.2558,193539933.70646,1,2025-04-03 11:00:00
83101.0,83158.4,81878.0,81959.9,1114618.76,11146.1876,918595147.82581,1,2025-04-03 12:00:00
81959.9,82787.3,81780.2,82372.7,1093400.81,10934.0081,899486058.70746,1,2025-04-03 13:00:00
82371.5,82409.7,81300.0,81532.9,1265737.27,12657.3727,1036205717.16812,1,2025-04-03 14:00:00
81532.9,82100.0,81168.2,82047.9,800729.53,8007.2953,654270305.5563,1,2025-04-03 15:00:00
82048.0,82468.8,81700.0,81833.4,703242.44,7032.4244,577543344.28394,1,2025-04-03 16:00:00
81833.4,82197.2,81625.0,81833.4,361314.03,3613.1403,295866362.73765,1,2025-04-03 17:00:00
81833.4,82328.8,81540.0,82118.1,320000.84,3200.0084,262186111.01328,1,2025-04-03 18:00:00
82118.0,82375.6,81826.1,82022.9,298735.03,2987.3503,245263260.61534,1,2025-04-03 19:00:00
82026.2,82432.1,81802.1,82372.3,175787.85,1757.8785,144354868.83599,1,2025-04-03 20:00:00
82372.4,82868.0,82328.3,82723.0,214090.29,2140.9029,176753340.39602,1,2025-04-03 21:00:00
82723.1,82883.8,82595.5,82732.7,213556.39,2135.5639,176712069.13634,1,2025-04-03 22:00:00
82732.7,83333.0,82500.0,83223.5,373048.8,3730.488,309523187.04588,1,2025-04-03 23:00:00
83224.5,83412.9,82990.0,83038.0,274162.12,2741.6212,228109824.47021,1,2025-04-04 00:00:00
83038.1,83359.7,82580.5,82696.9,327741.89,3277.4189,271928130.35691,1,2025-04-04 01:00:00
82697.0,83184.7,82697.0,82912.1,212416.09,2124.1609,176209076.06529,1,2025-04-04 02:00:00
82912.1,83077.4,82690.9,82832.2,175895.01,1758.9501,145744640.26247,1,2025-04-04 03:00:00
82832.3,82930.6,82612.1,82727.2,179999.0,1799.99,148971604.48575,1,2025-04-04 04:00:00
82727.2,83218.0,82648.9,83188.6,241160.52,2411.6052,200296531.13125,1,2025-04-04 05:00:00
83188.6,83265.0,83031.0,83047.0,197624.55,1976.2455,164349029.15603,1,2025-04-04 06:00:00
83047.1,84050.0,83040.2,84001.3,653763.68,6537.6368,547141520.67109,1,2025-04-04 07:00:00
84001.4,84665.0,84001.3,84417.7,774429.97,7744.2997,653453843.48371,1,2025-04-04 08:00:00
84417.8,84750.0,84134.8,84579.9,453023.05,4530.2305,382516893.24227,1,2025-04-04 09:00:00
84580.0,84700.0,82434.0,82584.1,1688344.64,16883.4464,1406643733.187,1,2025-04-04 10:00:00
82584.1,82794.8,81668.8,82676.3,1176170.28,11761.7028,967021084.51058,1,2025-04-04 11:00:00
82676.3,83270.7,82230.0,82881.9,1110053.67,11100.5367,917713083.03175,1,2025-04-04 12:00:00
82881.9,83537.0,82132.2,83350.1,1267593.26,12675.9326,1049610426.51787,1,2025-04-04 13:00:00
83350.1,83535.6,81850.0,82574.1,1330690.42,13306.9042,1099556225.93781,1,2025-04-04 14:00:00
82573.0,83720.2,82488.1,82867.3,1829297.27,18292.9727,1521473066.75163,1,2025-04-04 15:00:00
82867.3,83568.9,82725.9,83397.3,836388.44,8363.8844,695691447.20464,1,2025-04-04 16:00:00
83397.2,84627.9,82957.6,84471.2,1148675.14,11486.7514,963855191.20354,1,2025-04-04 17:00:00
84471.3,84592.0,83734.7,84000.1,641366.72,6413.6672,539021804.90743,1,2025-04-04 18:00:00
84000.0,84471.6,83784.1,84007.9,445823.49,4458.2349,375186327.26891,1,2025-04-04 19:00:00
84007.8,84288.0,83476.5,84169.6,285541.29,2855.4129,239554434.37008,1,2025-04-04 20:00:00
84169.6,84474.9,83940.1,84193.7,205871.98,2058.7198,173399261.15688,1,2025-04-04 21:00:00
84193.8,84282.4,84016.9,84066.0,105240.36,1052.4036,88549556.42715,1,2025-04-04 22:00:00
84066.1,84119.7,83652.8,83900.0,152527.76,1525.2776,127871207.94717,1,2025-04-04 23:00:00
83900.0,83900.0,83400.0,83806.0,190485.38,1904.8538,159373641.0687,1,2025-04-05 00:00:00
83806.1,84280.8,83800.0,83976.4,234309.6,2343.096,196971964.76831,1,2025-04-05 01:00:00
83976.4,84100.0,83808.2,83974.7,132415.21,1324.1521,111180849.72148,1,2025-04-05 02:00:00
83974.7,83980.0,83639.0,83640.1,131883.05,1318.8305,110498145.3378,1,2025-04-05 03:00:00
83640.0,83876.8,83616.0,83693.6,120685.91,1206.8591,101065934.90026,1,2025-04-05 04:00:00
83693.7,83876.7,83640.6,83688.0,83524.91,835.2491,69963668.02151,1,2025-04-05 05:00:00
83688.0,83739.9,83348.9,83489.9,212824.92,2128.2492,177736421.02176,1,2025-04-05 06:00:00
83490.0,83578.0,83369.6,83532.7,137478.25,1374.7825,114745093.79645,1,2025-04-05 07:00:00
83532.7,83671.6,83369.0,83533.9,186166.5,1861.665,155514139.56609,1,2025-04-05 08:00:00
83534.0,83876.5,83533.5,83854.5,159374.51,1593.7451,133452680.14829,1,2025-04-05 09:00:00
83854.4,83916.0,83580.6,83660.0,138936.73,1389.3673,116339798.28372,1,2025-04-05 10:00:00
83660.1,83708.0,83470.0,83478.0,143305.8,1433.058,119771791.22389,1,2025-04-05 11:00:00
83478.0,83572.0,83134.6,83302.0,281826.03,2818.2603,234874296.38267,1,2025-04-05 12:00:00
83301.9,83355.0,82529.4,82760.7,612618.34,6126.1834,507437859.9536,1,2025-04-05 13:00:00
82760.7,83041.8,82684.1,82923.5,274539.82,2745.3982,227550461.29697,1,2025-04-05 14:00:00
82923.6,82923.6,82376.1,82620.0,391272.66,3912.7266,323225888.8077,1,2025-04-05 15:00:00
82620.0,82833.2,82604.1,82751.3,186921.44,1869.2144,154605538.76418,1,2025-04-05 16:00:00
82751.4,82964.7,82676.7,82875.7,111638.67,1116.3867,92495522.46691,1,2025-04-05 17:00:00
82875.8,83117.0,82854.2,83033.1,138588.23,1385.8823,115039105.85512,1,2025-04-05 18:00:00
83033.1,83154.8,82777.5,82867.4,135306.52,1353.0652,112289716.76986,1,2025-04-05 19:00:00
82867.5,83116.0,82829.4,83098.8,120649.03,1206.4903,100138215.18205,1,2025-04-05 20:00:00
83098.8,83280.6,82908.8,82928.5,150184.69,1501.8469,124822192.11401,1,2025-04-05 21:00:00
82928.5,83227.9,82928.5,83196.0,86064.25,860.6425,71500120.31756,1,2025-04-05 22:00:00
83196.0,83685.7,83130.2,83536.7,240132.86,2401.3286,200247945.26262,1,2025-04-05 23:00:00
83536.7,83626.4,83423.1,83525.1,164782.86,1647.8286,137601689.30818,1,2025-04-06 00:00:00
83525.1,83800.0,83424.0,83442.3,212122.33,2121.2233,177299817.62278,1,2025-04-06 01:00:00
83442.4,83500.0,83272.0,83301.8,143775.34,1437.7534,119908161.053,1,2025-04-06 02:00:00
83301.9,83412.4,83156.0,83346.8,153003.66,1530.0366,127441706.03496,1,2025-04-06 03:00:00
83346.8,83506.3,83230.0,83506.2,159676.13,1596.7613,133131175.22976,1,2025-04-06 04:00:00
83506.2,83542.4,83321.0,83445.9,138780.02,1387.8002,115816741.71265,1,2025-04-06 05:00:00
83445.9,83470.2,83111.3,83112.1,176958.68,1769.5868,147332426.82485,1,2025-04-06 06:00:00
83112.1,83211.2,83029.1,83030.0,178027.0,1780.27,147953588.5773,1,2025-04-06 07:00:00
83030.1,83057.5,82725.8,83032.9,295675.5,2956.755,245153598.1852,1,2025-04-06 08:00:00
83032.9,83178.2,82928.5,83079.8,128434.75,1284.3475,106685707.7932,1,2025-04-06 09:00:00
83079.9,83085.6,82708.9,82882.8,210026.45,2100.2645,173996191.75424,1,2025-04-06 10:00:00
82882.8,82943.0,82673.9,82857.7,171072.26,1710.7226,141605749.96119,1,2025-04-06 11:00:00
82857.7,82990.1,82626.4,82705.5,264922.91,2649.2291,219393419.21238,1,2025-04-06 12:00:00
82705.5,82844.2,82221.0,82300.0,451746.0,4517.46,372663103.70952,1,2025-04-06 13:00:00
82300.0,82798.3,82214.6,82670.9,426272.72,4262.7272,351803650.98253,1,2025-04-06 14:00:00
82670.9,82818.0,82384.3,82545.0,275212.61,2752.1261,227266538.24882,1,2025-04-06 15:00:00
82545.1,82561.1,81900.2,81968.7,446181.76,4461.8176,366861882.61172,1,2025-04-06 16:00:00
81968.6,81998.7,80555.0,80806.1,1376122.6,13761.226,1118441946.63882,1,2025-04-06 17:00:00
80806.1,80806.1,78669.9,79105.9,2232947.13,22329.4713,1780791410.16836,1,2025-04-06 18:00:00
79106.0,79848.0,78826.7,79611.3,957619.23,9576.1923,760638278.43904,1,2025-04-06 19:00:00
79611.3,79886.0,78516.5,78873.9,896496.0,8964.96,710088820.88265,1,2025-04-06 20:00:00
78873.9,79680.1,78709.2,78940.0,517986.03,5179.8603,410349095.18931,1,2025-04-06 21:00:00
78940.1,79147.4,77802.0,78069.9,1555308.14,15553.0814,1221980065.71985,1,2025-04-06 22:00:00
78070.0,78698.0,77141.8,78419.9,1656843.9,16568.439,1289533688.34755,1,2025-04-06 23:00:00
78420.0,78520.0,77412.1,78316.0,1044837.45,10448.3745,814482279.46864,1,2025-04-07 00:00:00
78316.0,79333.0,78307.4,79128.2,962436.91,9624.3691,759248606.0535,1,2025-04-07 01:00:00
79128.2,79217.3,78398.6,78446.1,472904.73,4729.0473,372421224.14649,1,2025-04-07 02:00:00
78446.2,78517.8,77355.0,77693.0,814749.5,8147.495,634469858.38955,1,2025-04-07 03:00:00
77693.0,77982.1,76653.0,76991.9,1163689.86,11636.8986,898162197.88584,1,2025-04-07 04:00:00
76991.9,77508.8,76666.7,76957.0,825887.42,8258.8742,636677256.37288,1,2025-04-07 05:00:00
76957.0,77301.9,74546.9,74822.0,2644470.48,26444.7048,1999621893.64105,1,2025-04-07 06:00:00
74822.0,75499.0,74505.2,75119.5,1225585.3,12255.853,919854889.85186,1,2025-04-07 07:00:00
75119.6,76839.6,75090.0,76258.0,1431197.42,14311.9742,1089558853.54193,1,2025-04-07 08:00:00
76258.0,76798.0,75729.5,76283.0,908358.92,9083.5892,692840166.67264,1,2025-04-07 09:00:00
76283.1,77575.4,76150.0,76989.6,1090298.9,10902.989,840336686.21068,1,2025-04-07 10:00:00
76989.8,77392.5,76432.6,76690.0,660791.64,6607.9164,507952848.71637,1,2025-04-07 11:00:00
76690.1,77649.5,76413.3,77326.8,1259577.55,12595.7755,971446748.51284,1,2025-04-07 12:00:00
77326.1,78486.0,75783.9,78350.0,2360858.31,23608.5831,1819173314.05909,1,2025-04-07 13:00:00
78349.9,81233.5,77879.9,79032.3,6869247.84,68692.4784,5436578927.59088,1,2025-04-07 14:00:00
79035.8,79362.7,77515.0,78480.1,2234973.6,22349.736,1752687127.61554,1,2025-04-07 15:00:00
78480.0,78594.5,77298.9,77436.1,1178507.13,11785.0713,919712696.91534,1,2025-04-07 16:00:00
77436.0,79215.5,77432.1,79066.8,1442058.74,14420.5874,1131062589.04856,1,2025-04-07 17:00:00
79066.9,79380.9,78282.6,78475.1,941292.99,9412.9299,742338848.99392,1,2025-04-07 18:00:00
78475.1,78961.7,78000.0,78123.0,779736.62,7797.3662,611638573.67454,1,2025-04-07 19:00:00
78123.5,79125.8,78092.4,78929.4,341059.56,3410.5956,268169619.95458,1,2025-04-07 20:00:00
78929.4,79590.7,78666.7,79229.8,203675.31,2036.7531,161116319.14632,1,2025-04-07 21:00:00
79229.7,80210.0,79162.1,79950.1,435310.48,4353.1048,347313220.90797,1,2025-04-07 22:00:00
79950.0,80099.8,79075.9,79180.1,420797.41,4207.9741,334969696.96811,1,2025-04-07 23:00:00
79180.2,79610.0,78992.5,79024.1,346196.91,3461.9691,274502136.12679,1,2025-04-08 00:00:00
79024.1,80804.0,78787.2,80595.8,859261.72,8592.6172,687144214.35175,1,2025-04-08 01:00:00
80595.9,80866.7,79900.6,79951.9,514351.21,5143.5121,413592881.20133,1,2025-04-08 02:00:00
79951.8,80210.7,79752.1,79900.0,417816.79,4178.1679,334154366.92747,1,2025-04-08 03:00:00
79900.0,80413.8,79857.2,80296.8,273819.47,2738.1947,219497155.80902,1,2025-04-08 04:00:00
80296.7,80312.8,79526.0,79857.5,459697.41,4596.9741,366692833.96018,1,2025-04-08 05:00:00
79857.4,79857.5,79280.0,79442.1,342400.2,3424.002,272198246.82814,1,2025-04-08 06:00:00
79442.0,79717.7,79212.0,79494.2,344477.37,3444.7737,273728243.06182,1,2025-04-08 07:00:00
79494.1,79524.0,78957.7,79178.0,439250.26,4392.5026,347607633.16559,1,2025-04-08 08:00:00
79177.9,79247.9,78870.0,78918.8,352545.25,3525.4525,278685442.06036,1,2025-04-08 09:00:00
78918.8,79190.2,78805.5,79019.8,251886.17,2518.8617,199011291.75824,1,2025-04-08 10:00:00
79019.8,80078.7,78975.5,79988.0,577368.87,5773.6887,459305294.69595,1,2025-04-08 11:00:00
79987.9,80135.9,79562.7,79838.8,592650.58,5926.5058,473233780.38686,1,2025-04-08 12:00:00
79838.8,80393.4,79376.9,79892.1,1443345.35,14433.4535,1153335365.78953,1,2025-04-08 13:00:00
79892.2,80262.9,78472.0,78484.2,1357611.64,13576.1164,1078354016.94561,1,2025-04-08 14:00:00
78484.1,78850.0,78162.0,78500.0,935184.04,9351.8404,733744889.14421,1,2025-04-08 15:00:00
78500.0,78529.7,77351.0,77421.8,1236882.41,12368.8241,962506049.43093,1,2025-04-08 16:00:00
77421.8,77576.0,76565.1,77342.0,1617578.83,16175.7883,1246404615.92399,1,2025-04-08 17:00:00
77342.5,77999.9,77083.2,77259.0,746519.44,7465.1944,578503957.40174,1,2025-04-08 18:00:00
77258.9,77368.2,76370.0,76868.0,1046769.34,10467.6934,803652745.36746,1,2025-04-08 19:00:00
76868.1,77217.9,76602.6,77141.6,452370.46,4523.7046,347923110.76266,1,2025-04-08 20:00:00
77142.9,77293.6,76729.2,77108.2,212552.07,2125.5207,163681531.46093,1,2025-04-08 21:00:00
77108.2,77140.0,76245.9,76737.6,520402.24,5204.0224,398768050.29797,1,2025-04-08 22:00:00
76737.5,76809.6,76308.5,76332.0,287455.1,2874.551,219873154.3828,1,2025-04-08 23:00:00
76331.9,76889.5,75922.1,76526.0,672237.69,6722.3769,514049373.64014,1,2025-04-09 00:00:00
76526.1,76600.0,74612.2,76079.9,1771766.46,17717.6646,1336966882.54829,1,2025-04-09 01:00:00
76079.9,76463.0,75562.5,75670.0,737933.44,7379.3344,561234443.92951,1,2025-04-09 02:00:00
75670.1,75876.6,75000.6,75073.3,544291.71,5442.9171,410788649.75371,1,2025-04-09 03:00:00
75073.0,76918.7,75000.0,76419.9,1233933.43,12339.3343,937937897.00222,1,2025-04-09 04:00:00
76419.9,76830.0,76211.8,76738.6,464306.95,4643.0695,355336889.91633,1,2025-04-09 05:00:00
76738.5,77324.2,76702.2,76830.0,566171.21,5661.7121,435974440.0604,1,2025-04-09 06:00:00
76830.0,77935.0,76811.4,77678.4,1174733.01,11747.3301,910843320.64333,1,2025-04-09 07:00:00
77678.4,77860.0,77068.8,77309.9,626231.43,6262.3143,484469255.91262,1,2025-04-09 08:00:00
77310.0,77543.2,77153.0,77460.8,263172.44,2631.7244,203573218.46789,1,2025-04-09 09:00:00
77460.8,77578.9,76940.0,77195.9,457840.81,4578.4081,353651788.37271,1,2025-04-09 10:00:00
77196.0,77202.9,75753.9,76244.0,1841735.17,18417.3517,1406299374.60769,1,2025-04-09 11:00:00
76244.1,77083.0,76019.0,76770.6,792445.84,7924.4584,606318091.53948,1,2025-04-09 12:00:00
76770.6,77850.0,76713.7,77704.0,1512638.33,15126.3833,1169345222.46037,1,2025-04-09 13:00:00
77704.0,78332.6,76818.0,76890.0,1484752.1,14847.521,1152371155.45215,1,2025-04-09 14:00:00
76890.1,77664.0,76858.7,77272.0,727992.75,7279.9275,562741480.19855,1,2025-04-09 15:00:00
77272.0,78377.1,77146.8,78265.5,670115.93,6701.1593,521512126.61812,1,2025-04-09 16:00:00
78265.6,82286.0,77622.9,82192.8,5242494.55,52424.9455,4214197498.21134,1,2025-04-09 17:00:00
82192.8,82999.9,81715.3,81789.0,2372191.61,23721.9161,1952882250.34226,1,2025-04-09 18:00:00
81789.1,82580.0,81766.0,82330.1,793163.32,7931.6332,652043881.94959,1,2025-04-09 19:00:00
82332.4,83276.6,82004.3,83198.0,650149.56,6501.4956,537192864.14481,1,2025-04-09 20:00:00
83198.0,83600.7,82842.3,83282.4,643861.4,6438.614,536147959.55681,1,2025-04-09 21:00:00
83282.4,83482.7,82944.1,83068.0,397105.83,3971.0583,330602033.80273,1,2025-04-09 22:00:00
83067.9,83172.0,82535.9,82634.8,372954.45,3729.5445,309030973.60726,1,2025-04-09 23:00:00
82634.8,82758.8,82068.0,82357.8,430100.65,4301.0065,354311668.03377,1,2025-04-10 00:00:00
82357.7,82600.1,82238.6,82265.3,310483.99,3104.8399,255949588.11359,1,2025-04-10 01:00:00
82265.2,82577.6,82191.6,82207.4,239770.23,2397.7023,197522058.43885,1,2025-04-10 02:00:00
82207.4,82227.1,81470.1,81780.0,625252.4,6252.524,511281514.855,1,2025-04-10 03:00:00
81779.9,82094.2,81637.6,82022.1,312966.02,3129.6602,256172041.03166,1,2025-04-10 04:00:00
82022.2,82249.6,81918.0,82160.5,321712.32,3217.1232,264201231.84146,1,2025-04-10 05:00:00
82160.5,82349.7,81800.0,82148.0,317250.44,3172.5044,260409440.95372,1,2025-04-10 06:00:00
82148.0,82247.0,81300.0,81599.8,518065.46,5180.6546,423075586.03413,1,2025-04-10 07:00:00
81599.9,81864.8,81426.5,81560.1,337536.1,3375.361,275602488.55909,1,2025-04-10 08:00:00
81560.0,82089.7,81350.0,82036.1,447432.87,4474.3287,365809410.3408,1,2025-04-10 09:00:00
82036.0,82128.0,81565.2,81762.0,312956.01,3129.5601,256081516.34151,1,2025-04-10 10:00:00
81762.0,81942.0,81507.1,81878.1,266597.13,2665.9713,217901678.00452,1,2025-04-10 11:00:00
81878.0,82600.0,81458.6,81711.1,1162788.48,11627.8848,952961592.23375,1,2025-04-10 12:00:00
81711.0,81970.7,80781.7,80879.9,1420056.2,14200.562,1153916605.14008,1,2025-04-10 13:00:00
80879.8,81852.2,80620.3,81280.4,1267320.61,12673.2061,1030281595.00071,1,2025-04-10 14:00:00
81280.3,81385.5,78602.7,78768.1,2626602.72,26266.0272,2095463505.10133,1,2025-04-10 15:00:00
78768.0,79697.5,78460.8,79452.1,1412569.6,14125.696,1116088215.23667,1,2025-04-10 16:00:00
79452.0,79687.5,78601.9,79313.4,996104.89,9961.0489,788524736.30517,1,2025-04-10 17:00:00
79313.4,79887.9,79207.9,79496.0,661622.36,6616.2236,526504819.53229,1,2025-04-10 18:00:00
79496.0,80063.9,79303.2,79639.9,526337.33,5263.3733,418963982.66993,1,2025-04-10 19:00:00
79635.4,79952.0,79557.3,79927.4,275542.55,2755.4255,219771291.14919,1,2025-04-10 20:00:00
79927.4,80031.6,79659.8,79714.8,142586.89,1425.8689,113821894.76579,1,2025-04-10 21:00:00
79714.9,79928.9,79527.0,79700.0,219748.79,2197.4879,175191730.80337,1,2025-04-10 22:00:00
79699.9,79760.1,79385.8,79606.0,270223.13,2702.2313,215024381.68593,1,2025-04-10 23:00:00
79606.0,79770.0,78960.0,79050.0,434773.86,4347.7386,345211895.11544,1,2025-04-11 00:00:00
79050.0,80468.2,79020.4,80448.7,667626.07,6676.2607,533116964.68564,1,2025-04-11 01:00:00
80448.6,80841.9,80153.3,80288.0,539813.47,5398.1347,434523631.03152,1,2025-04-11 02:00:00
80288.1,80922.9,80286.4,80847.5,317462.91,3174.6291,256041807.29611,1,2025-04-11 03:00:00
80847.5,81088.0,80712.3,80884.2,435197.98,4351.9798,351976256.0279,1,2025-04-11 04:00:00
80884.2,80913.0,80510.0,80819.9,333578.35,3335.7835,269134392.98434,1,2025-04-11 05:00:00
80819.9,81341.4,80819.8,81097.7,527336.77,5273.3677,427681323.00474,1,2025-04-11 06:00:00
81098.0,81460.0,80858.0,81258.0,456320.94,4563.2094,370548036.08934,1,2025-04-11 07:00:00
81258.0,82054.9,80780.0,81636.3,1255275.01,12552.7501,1022918671.93653,1,2025-04-11 08:00:00
81636.2,82438.0,81450.0,82430.3,705183.71,7051.8371,578862297.70764,1,2025-04-11 09:00:00
82430.2,82978.0,82299.1,82707.7,814470.54,8144.7054,673069277.36876,1,2025-04-11 10:00:00
82707.8,82904.6,82040.0,82153.2,634302.85,6343.0285,522680200.84478,1,2025-04-11 11:00:00
82153.1,82600.0,81767.2,82132.9,835150.99,8351.5099,686231735.57385,1,2025-04-11 12:00:00
82133.0,83350.0,81834.1,82926.9,1174578.07,11745.7807,971242967.625,1,2025-04-11 13:00:00
82926.8,82926.8,81343.2,81893.0,1531528.36,15315.2836,1256928871.48953,1,2025-04-11 14:00:00
81892.9,82744.5,81709.4,82532.5,753092.47,7530.9247,619744884.94687,1,2025-04-11 15:00:00
82532.5,83032.3,82014.6,82785.3,647499.41,6474.9941,534773955.10714,1,2025-04-11 16:00:00
82785.4,84123.5,82700.0,83933.8,1075666.89,10756.6689,898591479.99159,1,2025-04-11 17:00:00
83933.8,84248.9,83511.0,83613.8,601617.01,6016.1701,504708832.21513,1,2025-04-11 18:00:00
83613.9,83977.0,83559.6,83856.2,279369.34,2793.6934,234156395.00128,1,2025-04-11 19:00:00
83856.1,84039.1,83708.8,83840.0,165443.22,1654.4322,138767667.20077,1,2025-04-11 20:00:00
83840.1,84361.4,83640.0,83680.9,291819.91,2918.1991,244962489.21857,1,2025-04-11 21:00:00
83680.9,83733.6,83323.2,83422.0,223810.55,2238.1055,186892016.28509,1,2025-04-11 22:00:00
83422.0,83570.0,83080.2,83422.0,230323.11,2303.2311,191860123.55711,1,2025-04-11 23:00:00
83422.0,83582.9,83238.0,83364.6,191488.35,1914.8835,159708255.9747,1,2025-04-12 00:00:00
83364.6,83460.0,83150.0,83218.4,159980.07,1599.8007,133191190.73329,1,2025-04-12 01:00:00
83218.4,83315.4,82794.1,82794.2,323825.84,3238.2584,268934512.27768,1,2025-04-12 02:00:00
82794.1,83136.7,82770.3,82971.9,212966.81,2129.6681,176682830.8719,1,2025-04-12 03:00:00
82972.0,83467.8,82850.0,83207.7,362022.08,3620.2208,301019819.40749,1,2025-04-12 04:00:00
83209.1,83518.3,83189.0,83332.9,201346.55,2013.4655,167869455.81807,1,2025-04-12 05:00:00
83332.9,83788.0,83332.9,83554.2,311153.0,3111.53,260140007.32989,1,2025-04-12 06:00:00
83554.3,83831.4,83482.8,83714.7,249949.19,2499.4919,209114329.92574,1,2025-04-12 07:00:00
83714.7,84042.7,83464.8,83600.0,406304.72,4063.0472,340125905.41287,1,2025-04-12 08:00:00
83599.9,83773.3,83405.0,83535.7,162474.89,1624.7489,135755405.46014,1,2025-04-12 09:00:00
83535.6,83565.8,83304.0,83430.0,187014.17,1870.1417,156012276.55409,1,2025-04-12 10:00:00
83429.9,83690.9,83363.9,83528.1,245027.79,2450.2779,204704824.17528,1,2025-04-12 11:00:00
83528.1,83945.5,83479.5,83845.3,312548.19,3125.4819,261700062.10671,1,2025-04-12 12:00:00
83845.3,84692.8,83546.4,84453.9,1001914.87,10019.1487,842695995.92181,1,2025-04-12 13:00:00
84453.9,85288.0,84292.8,84830.0,972528.32,9725.2832,824715231.10944,1,2025-04-12 14:00:00
84830.0,85419.9,84624.0,85005.4,637272.4,6372.724,541992192.37382,1,2025-04-12 15:00:00
85005.4,85207.7,84585.0,84660.0,389942.07,3899.4207,330991626.11354,1,2025-04-12 16:00:00
84660.0,84868.8,84428.3,84769.3,281945.1,2819.451,238684675.90326,1,2025-04-12 17:00:00
84769.2,85210.0,84747.1,85189.9,204597.3,2045.973,173884293.48992,1,2025-04-12 18:00:00
85190.0,85271.2,84827.9,84948.4,159874.13,1598.7413,135958053.67838,1,2025-04-12 19:00:00
84948.5,85917.7,84880.7,85518.5,483726.6,4837.266,413803250.34432,1,2025-04-12 20:00:00
85518.4,85580.0,85256.8,85371.0,167340.0,1673.4,142922735.25897,1,2025-04-12 21:00:00
85371.0,85704.8,85322.6,85340.1,123690.76,1236.9076,105760236.44613,1,2025-04-12 22:00:00
85340.1,85445.4,85164.5,85272.7,129400.63,1294.0063,110361480.19783,1,2025-04-12 23:00:00
85272.8,85574.0,85006.6,85501.9,226103.46,2261.0346,192909689.88662,1,2025-04-13 00:00:00
85501.9,86147.9,85137.0,85253.7,597190.18,5971.9018,511290964.15447,1,2025-04-13 01:00:00
85253.8,85430.4,84668.3,85282.2,458152.21,4581.5221,389497959.86107,1,2025-04-13 02:00:00
85282.2,85726.7,85222.0,85416.1,297571.93,2975.7193,254189351.46458,1,2025-04-13 03:00:00
85416.1,85428.8,84501.0,84627.8,496824.05,4968.2405,421574041.2898,1,2025-04-13 04:00:00
84627.8,84816.0,84384.3,84528.1,362513.85,3625.1385,306658763.51903,1,2025-04-13 05:00:00
84528.2,84861.8,84452.4,84602.3,191382.96,1913.8296,162062104.43392,1,2025-04-13 06:00:00
84602.3,84781.7,84409.8,84409.9,188597.99,1885.9799,159517716.61848,1,2025-04-13 07:00:00
84409.9,84720.4,84279.8,84677.0,410061.47,4100.6147,346410817.73361,1,2025-04-13 08:00:00
84677.0,84950.0,84486.8,84907.1,307098.38,3070.9838,260229419.43548,1,2025-04-13 09:00:00
84907.1,84957.2,84500.4,84696.0,222651.91,2226.5191,188575643.80424,1,2025-04-13 10:00:00
84696.0,84776.0,84163.5,84522.5,341391.71,3413.9171,288144112.39314,1,2025-04-13 11:00:00
84522.4,84705.5,84201.1,84450.0,405237.29,4052.3729,342035430.47623,1,2025-04-13 12:00:00
84449.9,84600.8,83474.0,83595.9,790072.5,7900.725,663220899.62724,1,2025-04-13 13:00:00
83595.9,84176.1,83460.0,84084.0,630762.22,6307.6222,529100140.29625,1,2025-04-13 14:00:00
84084.1,84084.1,83662.3,83861.8,304176.86,3041.7686,254915202.62926,1,2025-04-13 15:00:00
83861.8,84449.2,83845.3,84227.9,818687.81,8186.8781,689401272.71016,1,2025-04-13 16:00:00
84227.9,85062.6,84190.1,84764.7,794976.21,7949.7621,673330577.35029,1,2025-04-13 17:00:00
84764.7,84969.4,84521.1,84733.6,414287.01,4142.8701,351089853.96592,1,2025-04-13 18:00:00
84733.6,84733.7,83019.0,83993.1,1013816.79,10138.1679,850025345.94098,1,2025-04-13 19:00:00
83993.1,84447.2,83152.0,83509.7,562862.52,5628.6252,471846164.51724,1,2025-04-13 20:00:00
83509.6,83835.8,83040.5,83602.6,440303.28,4403.0328,367276204.51835,1,2025-04-13 21:00:00
83602.6,83878.3,83166.0,83322.1,352689.1,3526.891,294308985.4738,1,2025-04-13 22:00:00
83322.1,83849.5,83162.1,83765.0,244126.68,2441.2668,203881418.98483,1,2025-04-13 23:00:00
83765.0,85190.4,83684.4,84333.7,850101.97,8501.0197,718849436.45639,1,2025-04-14 00:00:00
84333.7,84690.0,84087.4,84238.2,304169.89,3041.6989,256715916.80691,1,2025-04-14 01:00:00
84238.1,85554.9,84032.0,85125.1,785507.57,7855.0757,667995755.12865,1,2025-04-14 02:00:00
85125.0,85134.0,84455.8,84574.6,444288.74,4442.8874,376633696.15622,1,2025-04-14 03:00:00
84574.5,85118.0,84434.7,84885.0,344158.05,3441.5805,291856039.38094,1,2025-04-14 04:00:00
84884.9,85000.0,84349.2,84582.1,306401.99,3064.0199,259126101.78981,1,2025-04-14 05:00:00
84582.1,84660.0,84300.0,84628.0,185045.92,1850.4592,156326208.02737,1,2025-04-14 06:00:00
84628.0,84797.6,84220.0,84590.0,254062.18,2540.6218,214700412.96713,1,2025-04-14 07:00:00
84590.1,84955.0,84440.0,84764.0,274914.77,2749.1477,232814965.33401,1,2025-04-14 08:00:00
84764.0,84920.0,84260.0,84454.5,312049.55,3120.4955,263775175.21611,1,2025-04-14 09:00:00
84454.5,84836.8,84315.0,84660.1,343891.69,3438.9169,291028465.18745,1,2025-04-14 10:00:00
84660.1,84974.9,84500.1,84929.9,232074.71,2320.7471,196817119.69974,1,2025-04-14 11:00:00
84929.9,85252.6,84754.4,85137.7,341983.37,3419.8337,290767772.03759,1,2025-04-14 12:00:00
85138.0,85287.4,84064.0,84381.1,1001439.98,10014.3998,847342302.64637,1,2025-04-14 13:00:00
84381.1,85819.7,84262.0,85415.1,1199941.66,11999.4166,1022196808.00186,1,2025-04-14 14:00:00
85415.1,85470.0,83695.8,84100.7,1524062.01,15240.6201,1287642603.61071,1,2025-04-14 15:00:00
84100.7,84690.0,83850.4,84343.2,745882.62,7458.8262,628859681.42543,1,2025-04-14 16:00:00
84343.2,84888.1,84216.0,84867.9,333817.53,3338.1753,282283351.46331,1,2025-04-14 17:00:00
84868.0,85071.7,84675.1,84983.0,259034.13,2590.3413,219955488.12194,1,2025-04-14 18:00:00
84981.4,85210.0,84766.7,84908.4,236396.93,2363.9693,200938051.5211,1,2025-04-14 19:00:00
84908.5,84963.1,84535.8,84852.7,179766.08,1797.6608,152351266.68574,1,2025-04-14 20:00:00
84852.7,84974.9,84450.0,84708.7,112215.53,1122.1553,95042643.62206,1,2025-04-14 21:00:00
84708.6,84731.0,84411.4,84497.1,139938.71,1399.3871,118355754.041,1,2025-04-14 22:00:00
84497.1,84780.6,84415.8,84579.9,122158.45,1221.5845,103342304.83646,1,2025-04-14 23:00:00
84580.0,84975.0,84333.4,84924.0,267826.08,2678.2608,226846143.34714,1,2025-04-15 00:00:00
84924.0,85137.7,84531.2,84984.2,266334.19,2663.3419,226116445.53322,1,2025-04-15 01:00:00
84984.1,85327.8,84692.7,85235.2,300077.83,3000.7783,255048068.46126,1,2025-04-15 02:00:00
85235.1,85430.0,85071.7,85392.3,351589.69,3515.8969,299778370.17397,1,2025-04-15 03:00:00
85392.3,85554.7,85163.0,85500.1,360257.77,3602.5777,307477041.46289,1,2025-04-15 04:00:00
85500.1,85897.9,85488.0,85537.9,490859.78,4908.5978,420587827.53116,1,2025-04-15 05:00:00
85537.8,85700.0,85363.0,85393.3,294456.84,2944.5684,251791028.1819,1,2025-04-15 06:00:00
85393.2,85786.0,85393.2,85743.1,206661.54,2066.6154,177025857.60407,1,2025-04-15 07:00:00
85743.0,86000.0,85672.0,85845.4,518484.51,5184.8451,445091067.0686,1,2025-04-15 08:00:00
85845.4,85999.0,85590.4,85999.0,325069.52,3250.6952,279048125.2019,1,2025-04-15 09:00:00
85999.0,86061.6,85425.0,85650.0,415076.86,4150.7686,355777385.79892,1,2025-04-15 10:00:00
85649.9,85675.1,85332.1,85590.1,319957.97,3199.5797,273606264.18307,1,2025-04-15 11:00:00
85590.1,85834.3,85445.7,85831.5,316857.92,3168.5792,271344830.28039,1,2025-04-15 12:00:00
85831.5,86478.0,85511.1,85582.0,1274949.71,12749.4971,1096415103.03104,1,2025-04-15 13:00:00
85585.7,85977.0,84834.1,85144.0,1324573.4,13245.734,1129384031.66286,1,2025-04-15 14:00:00
85144.0,85388.0,84625.0,84922.7,539314.28,5393.1428,458396582.76373,1,2025-04-15 15:00:00
84922.6,85146.4,84777.0,84856.3,294551.14,2945.5114,250303264.0422,1,2025-04-15 16:00:00
84856.3,85009.9,84402.1,84477.7,355632.51,3556.3251,301205146.48491,1,2025-04-15 17:00:00
84477.8,84603.0,84142.2,84184.8,378398.75,3783.9875,319194871.65154,1,2025-04-15 18:00:00
84184.7,84218.8,83888.0,83974.7,403742.85,4037.4285,339352403.25271,1,2025-04-15 19:00:00
83974.7,84225.4,83795.0,84007.5,283083.97,2830.8397,237780549.11714,1,2025-04-15 20:00:00
84007.5,84236.2,83864.7,84159.1,161472.87,1614.7287,135764830.81366,1,2025-04-15 21:00:00
84159.1,84159.1,83667.3,83832.2,247191.36,2471.9136,207370438.709,1,2025-04-15 22:00:00
83832.1,83865.8,83588.1,83649.6,221627.97,2216.2797,185494637.6276,1,2025-04-15 23:00:00
83649.6,83712.8,83125.1,83140.0,459383.26,4593.8326,383072463.78622,1,2025-04-16 00:00:00
83139.9,83672.5,83101.4,83626.1,401736.01,4017.3601,335208295.60697,1,2025-04-16 01:00:00
83626.1,83947.9,83583.4,83890.0,349811.92,3498.1192,293101206.22438,1,2025-04-16 02:00:00
83889.9,83949.8,83651.7,83690.1,154900.4,1549.004,129818628.67913,1,2025-04-16 03:00:00
83690.0,83797.4,83403.4,83592.4,226771.17,2267.7117,189503777.61194,1,2025-04-16 04:00:00
83592.4,83820.0,83217.5,83365.6,375952.37,3759.5237,313700479.53065,1,2025-04-16 05:00:00
83365.6,83728.9,83267.8,83637.5,191670.9,1916.709,160105171.59542,1,2025-04-16 06:00:00
83639.6,83750.0,83311.4,83363.1,242868.26,2428.6826,202684957.34586,1,2025-04-16 07:00:00
83363.2,84134.9,83124.9,83743.0,802235.01,8022.3501,671100487.7993,1,2025-04-16 08:00:00
83743.0,83930.0,83585.9,83587.2,231880.83,2318.8083,194173185.2202,1,2025-04-16 09:00:00
83587.2,83978.0,83562.0,83929.9,200642.53,2006.4253,168221832.10469,1,2025-04-16 10:00:00
83929.8,84121.1,83756.2,84044.4,281647.44,2816.4744,236497845.32203,1,2025-04-16 11:00:00
84044.8,84262.3,83720.0,83750.2,332927.11,3329.2711,279708959.48647,1,2025-04-16 12:00:00
83750.2,84209.8,83481.5,83732.2,560820.75,5608.2075,470030547.85479,1,2025-04-16 13:00:00
83732.1,84850.6,83707.4,84606.0,803571.94,8035.7194,678128681.72445,1,2025-04-16 14:00:00
84606.0,85286.1,84501.0,84854.6,763917.26,7639.1726,648978409.18002,1,2025-04-16 15:00:00
84854.6,85240.0,84690.8,85043.7,381258.73,3812.5873,323831205.47008,1,2025-04-16 16:00:00
85043.7,85588.0,83266.2,83287.4,1346968.73,13469.6873,1137597078.51954,1,2025-04-16 17:00:00
83287.4,84487.2,83279.2,84034.0,974547.72,9745.4772,818200380.67157,1,2025-04-16 18:00:00
84034.0,84490.5,83800.0,84335.5,401193.13,4011.9313,337550223.58101,1,2025-04-16 19:00:00
84335.5,84666.0,84235.2,84300.0,204761.51,2047.6151,172929855.07198,1,2025-04-16 20:00:00
84300.0,84683.9,84250.0,84554.9,143169.08,1431.6908,121017288.65811,1,2025-04-16 21:00:00
84554.9,84598.0,84299.5,84454.1,121661.03,1216.6103,102714543.73021,1,2025-04-16 22:00:00
84454.1,84494.0,84031.3,84034.1,178521.11,1785.2111,150322779.89771,1,2025-04-16 23:00:00
84034.1,84225.0,83941.6,84214.0,203672.64,2036.7264,171229853.86216,1,2025-04-17 00:00:00
84214.0,84496.0,84120.0,84334.2,220449.27,2204.4927,185859010.69251,1,2025-04-17 01:00:00
84334.2,84334.2,84025.0,84261.1,156665.55,1566.6555,131842464.53198,1,2025-04-17 02:00:00
84261.0,84300.0,83790.0,83992.7,320526.19,3205.2619,269147673.68356,1,2025-04-17 03:00:00
83992.8,84185.8,83891.4,84152.6,157751.18,1577.5118,132524212.18709,1,2025-04-17 04:00:00
84152.5,84500.0,84077.6,84385.0,247217.65,2472.1765,208472233.00307,1,2025-04-17 05:00:00
84385.0,84868.7,84280.0,84776.4,387978.27,3879.7827,328358011.47804,1,2025-04-17 06:00:00
84776.5,85063.5,84580.8,84681.7,419265.65,4192.6565,355477151.2916,1,2025-04-17 07:00:00
84681.7,84766.0,84410.1,84455.0,185768.71,1857.6871,157110178.37472,1,2025-04-17 08:00:00
84455.0,84541.8,84361.0,84485.8,186729.95,1867.2995,157682930.7121,1,2025-04-17 09:00:00
84485.8,84518.0,84183.2,84383.1,185308.82,1853.0882,156244682.00666,1,2025-04-17 10:00:00
84383.1,84771.6,84283.8,84580.0,248027.14,2480.2714,209710303.5365,1,2025-04-17 11:00:00
84580.0,84874.0,84579.9,84772.0,285472.63,2854.7263,241978480.5787,1,2025-04-17 12:00:00
84772.0,84775.9,84304.0,84473.4,478128.03,4781.2803,404116734.69396,1,2025-04-17 13:00:00
84473.3,84473.3,83703.0,84086.8,767424.54,7674.2454,645088255.92184,1,2025-04-17 14:00:00
84086.8,84727.6,84086.7,84541.9,653341.83,6533.4183,552057641.0139,1,2025-04-17 15:00:00
84542.0,85110.5,84404.9,84945.3,687769.15,6877.6915,583362687.31326,1,2025-04-17 16:00:00
84945.3,85235.0,84796.1,85116.1,361568.93,3615.6893,307505746.10615,1,2025-04-17 17:00:00
85116.1,85488.0,84830.0,84905.8,524247.17,5242.4717,446884554.27459,1,2025-04-17 18:00:00
84905.9,85138.7,84433.2,84840.9,549487.16,5494.8716,465890850.91143,1,2025-04-17 19:00:00
84840.7,85141.0,84840.6,85139.1,186037.58,1860.3758,158140999.62603,1,2025-04-17 20:00:00
85139.2,85139.2,84885.3,85054.4,90236.46,902.3646,76694306.8904,1,2025-04-17 21:00:00
85054.3,85100.0,84727.5,84727.6,108911.19,1089.1119,92502045.87508,1,2025-04-17 22:00:00
84727.6,85017.6,84727.6,84949.9,85787.63,857.8763,72835651.03938,1,2025-04-17 23:00:00
84949.9,85024.0,84728.0,84825.4,147133.28,1471.3328,124859755.17326,1,2025-04-18 00:00:00
84825.5,85149.1,84825.4,84930.7,155095.66,1550.9566,131840844.71401,1,2025-04-18 01:00:00
84930.6,84990.0,84815.7,84907.7,88187.11,881.8711,74870608.01196,1,2025-04-18 02:00:00
84907.8,84915.3,84746.0,84834.2,108085.67,1080.8567,91667640.73088,1,2025-04-18 03:00:00
84834.1,84853.2,84596.8,84668.0,179121.0,1791.21,151688123.23096,1,2025-04-18 04:00:00
84668.1,84754.2,84525.0,84746.9,135727.76,1357.2776,114860318.84323,1,2025-04-18 05:00:00
84746.9,84786.0,84595.4,84727.7,115589.87,1155.8987,97904824.59521,1,2025-04-18 06:00:00
84727.8,84741.4,84416.0,84670.2,246427.17,2464.2717,208410264.72446,1,2025-04-18 07:00:00
84670.1,84778.5,84608.0,84655.7,143206.7,1432.067,121320017.04427,1,2025-04-18 08:00:00
84655.8,84655.8,84524.8,84562.0,97279.77,972.7977,82289230.12929,1,2025-04-18 09:00:00
84562.0,84660.1,84500.0,84536.8,91840.55,918.4055,77668369.47843,1,2025-04-18 10:00:00
84536.7,84688.0,84481.3,84679.0,113479.78,1134.7978,95975197.69958,1,2025-04-18 11:00:00
84679.0,84770.0,84573.3,84636.4,169588.49,1695.8849,143626493.83605,1,2025-04-18 12:00:00
84636.4,84636.5,84471.6,84567.9,185701.82,1857.0182,157004921.00761,1,2025-04-18 13:00:00
84567.8,84629.2,84380.7,84582.3,160726.87,1607.2687,135817132.80873,1,2025-04-18 14:00:00
84582.2,84610.0,84314.5,84372.8,234890.42,2348.9042,198292978.34927,1,2025-04-18 15:00:00
84372.8,84620.0,84270.2,84483.2,213728.85,2137.2885,180571073.13354,1,2025-04-18 16:00:00
84483.2,84610.4,84388.1,84573.5,122327.54,1223.2754,103370480.80481,1,2025-04-18 17:00:00
84573.5,84657.9,84510.0,84629.4,100280.93,1002.8093,84843635.89887,1,2025-04-18 18:00:00
84629.4,84652.0,84518.3,84579.0,63458.38,634.5838,53671726.09422,1,2025-04-18 19:00:00
84578.9,84640.4,84473.7,84524.7,65235.96,652.3596,55146768.93375,1,2025-04-18 20:00:00
84524.6,84710.7,84488.0,84641.8,82510.02,825.1002,69800536.02083,1,2025-04-18 21:00:00
84641.8,84660.9,84421.1,84534.9,73710.78,737.1078,62305103.08625,1,2025-04-18 22:00:00
84534.9,84534.9,84340.0,84467.8,90600.16,906.0016,76486071.75021,1,2025-04-18 23:00:00
84467.8,84490.0,84370.0,84443.9,56357.99,563.5799,47581708.77733,1,2025-04-19 00:00:00
84443.9,84609.9,84430.0,84549.9,74506.23,745.0623,62984331.03334,1,2025-04-19 01:00:00
84549.9,84853.3,84500.0,84785.3,229484.68,2294.8468,194408255.59028,1,2025-04-19 02:00:00
84785.3,84988.7,84762.2,84884.5,236567.17,2365.6717,200796802.24446,1,2025-04-19 03:00:00
84884.4,85274.6,84879.7,85024.8,360846.68,3608.4668,307066663.36296,1,2025-04-19 04:00:00
85024.8,85179.9,84985.4,85079.7,156689.58,1566.8958,133328949.2792,1,2025-04-19 05:00:00
85079.7,85104.5,84888.0,84920.1,159375.77,1593.7577,135418633.28346,1,2025-04-19 06:00:00
84920.2,85268.0,84920.1,85223.6,279625.88,2796.2588,238112487.90152,1,2025-04-19 07:00:00
85223.5,85420.0,85114.7,85318.4,242519.27,2425.1927,206830457.37497,1,2025-04-19 08:00:00
85318.4,85456.4,85220.5,85340.0,291670.95,2916.7095,249013733.59753,1,2025-04-19 09:00:00
85339.9,85354.9,85155.0,85266.1,200484.65,2004.8465,170897959.53967,1,2025-04-19 10:00:00
85266.0,85290.0,85100.0,85230.9,115971.02,1159.7102,98799830.54308,1,2025-04-19 11:00:00
85230.8,85328.5,85192.5,85292.9,87259.25,872.5925,74418495.08671,1,2025-04-19 12:00:00
85292.9,85514.4,85201.4,85486.0,205565.42,2055.6542,175565612.14311,1,2025-04-19 13:00:00
85486.0,85505.0,85359.9,85405.2,140200.86,1402.0086,119783085.89177,1,2025-04-19 14:00:00
85405.2,85700.0,85066.0,85186.6,397890.86,3978.9086,339692343.78124,1,2025-04-19 15:00:00
85186.7,85350.2,84710.0,84860.8,495459.89,4954.5989,421339314.82042,1,2025-04-19 16:00:00
84860.8,85250.0,84837.5,85239.0,221660.94,2216.6094,188545909.44259,1,2025-04-19 17:00:00
85239.0,85332.0,85142.6,85150.1,109763.37,1097.6337,93559159.60286,1,2025-04-19 18:00:00
85150.1,85219.8,85050.0,85106.9,97143.49,971.4349,82696293.39191,1,2025-04-19 19:00:00
85106.9,85275.0,85020.0,85193.9,51831.01,518.3101,44143696.71525,1,2025-04-19 20:00:00
85193.8,85390.0,85188.0,85339.7,79471.84,794.7184,67811671.53353,1,2025-04-19 21:00:00
85339.7,85366.0,85214.8,85269.3,52864.84,528.6484,45090186.74683,1,2025-04-19 22:00:00
85269.3,85269.4,85072.0,85091.6,58761.83,587.6183,50044310.91057,1,2025-04-19 23:00:00
85091.6,85239.5,85049.5,85173.7,103564.75,1035.6475,88188452.9305,1,2025-04-20 00:00:00
85173.9,85338.1,85144.0,85318.1,89652.03,896.5203,76443173.58386,1,2025-04-20 01:00:00
85318.1,85337.2,85203.0,85234.5,64105.91,641.0591,54653847.4732,1,2025-04-20 02:00:00
85234.5,85267.9,85115.0,85163.0,55489.94,554.8994,47259878.64525,1,2025-04-20 03:00:00
85163.0,85250.0,85111.0,85188.9,55913.4,559.134,47628005.05939,1,2025-04-20 04:00:00
85188.9,85198.7,85092.7,85092.8,66916.21,669.1621,56972016.00913,1,2025-04-20 05:00:00
85092.7,85168.6,84846.0,84949.8,222558.88,2225.5888,189165748.80576,1,2025-04-20 06:00:00
84949.9,84949.9,84668.7,84780.7,456103.68,4561.0368,386635331.16995,1,2025-04-20 07:00:00
84780.7,84799.4,84617.0,84649.5,178967.14,1789.6714,151562674.51789,1,2025-04-20 08:00:00
84649.6,84652.4,84447.2,84541.6,241364.07,2413.6407,204072391.69363,1,2025-04-20 09:00:00
84541.7,84541.7,83986.6,84179.9,456427.77,4564.2777,384560448.15678,1,2025-04-20 10:00:00
84179.9,84262.3,83935.4,84133.1,332563.1,3325.631,279638615.09449,1,2025-04-20 11:00:00
84133.2,84477.0,84100.0,84365.4,306082.18,3060.8218,258095963.94588,1,2025-04-20 12:00:00
84365.4,84461.6,84134.4,84307.9,206385.69,2063.8569,173993930.27796,1,2025-04-20 13:00:00
84307.9,84677.0,84250.2,84620.1,281144.68,2811.4468,237653309.51142,1,2025-04-20 14:00:00
84620.0,84625.7,84305.9,84352.2,167199.08,1671.9908,141179461.45151,1,2025-04-20 15:00:00
84352.1,84645.8,84280.0,84609.0,186816.93,1868.1693,157869327.26316,1,2025-04-20 16:00:00
84609.0,84625.0,84456.4,84583.8,84782.79,847.8279,71673329.82061,1,2025-04-20 17:00:00
84583.8,84640.0,84462.5,84576.2,75673.82,756.7382,63980108.76284,1,2025-04-20 18:00:00
84576.2,84670.0,84524.4,84650.0,60620.72,606.2072,51282154.20562,1,2025-04-20 19:00:00
84650.1,85280.1,84618.0,85144.0,486855.63,4868.5563,414061212.28366,1,2025-04-20 20:00:00
85144.0,85258.6,84907.0,85014.9,163879.88,1638.7988,139362168.48147,1,2025-04-20 21:00:00
85014.9,85042.0,84680.6,84845.0,178046.64,1780.4664,150984630.57309,1,2025-04-20 22:00:00
84845.1,85309.3,84845.0,85193.1,331369.7,3313.697,282016297.62626,1,2025-04-20 23:00:00
85193.1,87040.0,85151.5,86639.9,1778683.99,17786.8399,1534875022.30324,1,2025-04-21 00:00:00
86638.5,87444.0,86638.4,87288.8,916746.67,9167.4667,798820768.47292,1,2025-04-21 01:00:00
87288.8,87679.7,87143.0,87362.5,622849.84,6228.4984,544069592.29181,1,2025-04-21 02:00:00
87362.5,87634.0,87167.5,87216.8,358733.02,3587.3302,313476830.30367,1,2025-04-21 03:00:00
87216.7,87400.0,87060.0,87363.0,256864.48,2568.6448,224067515.13244,1,2025-04-21 04:00:00
87363.0,87756.0,87340.0,87550.0,325735.24,3257.3524,285143300.42659,1,2025-04-21 05:00:00
87550.1,87715.1,87371.2,87520.1,220987.53,2209.8753,193409482.3659,1,2025-04-21 06:00:00
87520.1,87620.0,87350.0,87452.3,197069.86,1970.6986,172427285.6933,1,2025-04-21 07:00:00
87452.3,87717.1,87433.0,87569.1,184423.62,1844.2362,161543390.29056,1,2025-04-21 08:00:00
87569.1,87799.9,87310.7,87509.9,347104.1,3471.041,303727051.45504,1,2025-04-21 09:00:00
87510.0,87582.0,87257.0,87344.7,252347.22,2523.4722,220449852.27011,1,2025-04-21 10:00:00
87344.7,87353.0,86650.0,86970.1,602239.95,6022.3995,523529109.57274,1,2025-04-21 11:00:00
86970.1,87538.5,86961.2,87044.0,560884.14,5608.8414,489255764.71922,1,2025-04-21 12:00:00
87044.1,87579.0,86790.1,87036.7,858153.01,8581.5301,748457762.8188,1,2025-04-21 13:00:00
87035.1,88474.3,86939.0,88195.9,1679574.99,16795.7499,1477397297.49319,1,2025-04-21 14:00:00
88195.8,88324.5,87853.0,88039.2,594184.72,5941.8472,523610454.88849,1,2025-04-21 15:00:00
88039.2,88253.0,87043.7,87186.0,811626.38,8116.2638,711309411.45523,1,2025-04-21 16:00:00
87186.1,87321.8,86377.0,86869.3,1261137.12,12611.3712,1094980853.6695,1,2025-04-21 17:00:00
86869.3,87065.0,86650.8,86800.0,309867.61,3098.6761,269205827.97003,1,2025-04-21 18:00:00
86800.0,87487.2,86720.0,87400.1,419560.41,4195.6041,365888931.26948,1,2025-04-21 19:00:00
87400.1,87438.4,87147.8,87373.2,161911.17,1619.1117,141283665.6952,1,2025-04-21 20:00:00
87373.4,87392.9,86813.3,87267.9,181767.72,1817.6772,158441849.02058,1,2025-04-21 21:00:00
87268.0,87286.5,86922.2,87163.2,177965.42,1779.6542,154971152.74016,1,2025-04-21 22:00:00
87163.2,87628.0,87022.0,87505.0,251629.06,2516.2906,219725143.64497,1,2025-04-21 23:00:00
87505.1,87724.3,87050.0,87696.6,528803.72,5288.0372,462392714.83969,1,2025-04-22 00:00:00
87696.5,88888.0,87510.0,88384.1,1151576.59,11515.7659,1017373582.09846,1,2025-04-22 01:00:00
88384.1,88699.9,87905.6,88189.1,567952.1,5679.521,501135668.55301,1,2025-04-22 02:00:00
88189.1,88288.0,87845.0,88162.6,322759.83,3227.5983,284275783.2872,1,2025-04-22 03:00:00
88162.7,88379.6,88041.1,88067.6,219233.69,2192.3369,193438322.79985,1,2025-04-22 04:00:00
88067.7,88428.6,87964.0,88390.0,278812.09,2788.1209,245957194.7719,1,2025-04-22 05:00:00
88390.0,88464.9,87998.9,88253.3,370417.42,3704.1742,326689991.01543,1,2025-04-22 06:00:00
88253.4,88512.3,88169.6,88487.9,277993.32,2779.9332,245685232.50863,1,2025-04-22 07:00:00
88487.8,88699.9,88300.0,88403.9,344782.34,3447.8234,305099144.34149,1,2025-04-22 08:00:00
88404.0,88610.8,88324.0,88579.2,165972.03,1659.7203,146835373.80935,1,2025-04-22 09:00:00
88579.1,88594.9,88234.6,88510.1,210490.16,2104.9016,186152550.52809,1,2025-04-22 10:00:00
88510.0,88696.4,88476.2,88621.1,206014.64,2060.1464,182551403.71132,1,2025-04-22 11:00:00
88621.1,89270.8,88478.8,88986.0,804071.37,8040.7137,714530513.15759,1,2025-04-22 12:00:00
88986.0,90550.0,88945.6,90242.2,2215171.54,22151.7154,1989897961.51082,1,2025-04-22 13:00:00
90242.2,90942.1,90025.1,90781.7,1310855.69,13108.5569,1186603726.09369,1,2025-04-22 14:00:00
90781.7,91458.7,90402.0,90931.8,1681218.05,16812.1805,1529981523.61963,1,2025-04-22 15:00:00
90931.8,91043.4,90626.8,90696.0,473113.82,4731.1382,429544015.88269,1,2025-04-22 16:00:00
90695.9,91486.0,90649.9,91382.2,656410.19,6564.1019,597755435.58524,1,2025-04-22 17:00:00
91382.2,91680.0,91134.8,91505.8,514072.15,5140.7215,469848720.78051,1,2025-04-22 18:00:00
91505.7,91720.9,90888.0,91405.6,490508.38,4905.0838,448235702.47224,1,2025-04-22 19:00:00
91405.7,91503.4,91050.0,91089.6,180760.9,1807.609,164976093.76964,1,2025-04-22 20:00:00
91089.0,94180.0,91042.2,93058.1,1789065.05,17890.6505,1655836961.34702,1,2025-04-22 21:00:00
93058.1,93351.1,92562.0,92800.0,685762.22,6857.6222,636958235.47631,1,2025-04-22 22:00:00
92800.0,93888.8,92800.0,93461.2,968222.17,9682.2217,904606877.35119,1,2025-04-22 23:00:00
93462.0,93929.7,92815.0,92929.4,645010.66,6450.1066,602289705.90615,1,2025-04-23 00:00:00
92929.4,93526.1,92608.6,92660.1,442984.1,4429.841,412246570.82922,1,2025-04-23 01:00:00
92660.2,93292.7,92638.0,92892.1,392370.79,3923.7079,364638108.12619,1,2025-04-23 02:00:00
92892.1,93241.1,92701.0,93183.8,259944.95,2599.4495,241573116.20458,1,2025-04-23 03:00:00
93183.8,93695.7,93022.4,93663.5,382748.61,3827.4861,357163897.15658,1,2025-04-23 04:00:00
93663.5,93663.5,93288.8,93500.0,375334.79,3753.3479,350813583.40446,1,2025-04-23 05:00:00
93500.0,93875.0,93439.0,93630.9,370485.41,3704.8541,347114658.8253,1,2025-04-23 06:00:00
93630.9,94350.0,93480.0,94144.9,604727.93,6047.2793,567488421.63766,1,2025-04-23 07:00:00
94144.9,94555.0,93917.0,94283.2,623760.21,6237.6021,587817920.05076,1,2025-04-23 08:00:00
94283.3,94400.0,93899.4,93899.7,296903.61,2969.0361,279474989.55168,1,2025-04-23 09:00:00
93899.7,93900.0,93356.0,93746.3,551129.16,5511.2916,515924762.80318,1,2025-04-23 10:00:00
93746.2,93790.0,93340.0,93484.0,298591.85,2985.9185,279390473.19578,1,2025-04-23 11:00:00
93484.0,93870.3,93436.4,93733.5,375698.05,3756.9805,352055176.68186,1,2025-04-23 12:00:00
93733.5,94800.0,92880.0,93036.7,1857849.71,18578.4971,1743122521.06216,1,2025-04-23 13:00:00
93037.3,93661.5,92680.0,92942.5,905892.59,9058.9259,843510462.06947,1,2025-04-23 14:00:00
92942.5,93242.0,91945.4,93188.5,1372916.16,13729.1616,1270012012.42239,1,2025-04-23 15:00:00
93188.4,93800.0,92913.0,93631.3,616233.51,6162.3351,575329222.98727,1,2025-04-23 16:00:00
93631.0,93967.4,93438.7,93889.7,378910.77,3789.1077,355316024.43528,1,2025-04-23 17:00:00
93889.8,94235.9,93613.7,93613.8,308031.46,3080.3146,289423734.62035,1,2025-04-23 18:00:00
93613.8,93620.1,92955.0,93477.7,369411.59,3694.1159,344748985.91798,1,2025-04-23 19:00:00
93477.6,93865.1,93461.4,93625.0,199351.83,1993.5183,186763185.73886,1,2025-04-23 20:00:00
93625.0,93928.7,93269.2,93479.0,163451.72,1634.5172,153062782.2277,1,2025-04-23 21:00:00
93479.0,93797.6,93230.7,93797.6,160154.62,1601.5462,149763206.3718,1,2025-04-23 22:00:00
93797.6,93860.6,93513.3,93683.6,125532.15,1255.3215,117602584.30602,1,2025-04-23 23:00:00
93683.6,93778.0,93236.0,93367.9,231909.73,2319.0973,216799528.78489,1,2025-04-24 00:00:00
93367.9,93631.9,93076.0,93500.0,252347.69,2523.4769,235558598.41671,1,2025-04-24 01:00:00
93500.0,93645.4,93043.5,93106.0,246776.54,2467.7654,230406375.39907,1,2025-04-24 02:00:00
93106.0,93322.3,92600.0,92659.3,408672.32,4086.7232,379722332.82684,1,2025-04-24 03:00:00
92659.3,92825.0,92369.0,92741.5,539863.98,5398.6398,500021210.0586,1,2025-04-24 04:00:00
92741.4,92888.0,92510.0,92571.5,198675.94,1986.7594,184197923.75887,1,2025-04-24 05:00:00
92571.5,92665.8,92230.4,92375.4,339223.0,3392.23,313605605.06552,1,2025-04-24 06:00:00
92375.4,92627.2,92048.8,92185.4,392214.12,3922.1412,361952024.67084,1,2025-04-24 07:00:00
92185.4,92349.8,91640.1,92026.9,898089.12,8980.8912,825873264.27048,1,2025-04-24 08:00:00
92027.0,92580.7,91980.1,92467.3,477218.16,4772.1816,440678846.20194,1,2025-04-24 09:00:00
92467.4,92647.9,92358.7,92534.8,252541.39,2525.4139,233650575.7743,1,2025-04-24 10:00:00
92534.7,92621.6,92266.7,92599.9,255771.38,2557.7138,236398981.00027,1,2025-04-24 11:00:00
92600.0,92796.3,92414.7,92755.8,277037.17,2770.3717,256616685.98092,1,2025-04-24 12:00:00
92755.7,92944.9,92514.1,92790.4,404827.96,4048.2796,375445477.62449,1,2025-04-24 13:00:00
92790.4,93378.6,92600.0,93078.8,823817.82,8238.1782,766015714.2306,1,2025-04-24 14:00:00
93079.5,93433.0,92988.0,93171.0,351383.85,3513.8385,327594635.54387,1,2025-04-24 15:00:00
93171.1,93614.2,93171.0,93317.1,376415.34,3764.1534,351728771.37543,1,2025-04-24 16:00:00
93317.1,93407.7,92649.1,92987.1,434996.64,4349.9664,404352763.06081,1,2025-04-24 17:00:00
92987.2,93446.0,92967.6,93352.7,228128.57,2281.2857,212741351.33404,1,2025-04-24 18:00:00
93352.7,93676.5,93172.4,93538.8,247550.76,2475.5076,231420204.226,1,2025-04-24 19:00:00
93538.2,93634.1,93293.8,93373.2,174636.08,1746.3608,163211268.97734,1,2025-04-24 20:00:00
93373.2,93548.0,93000.1,93340.0,148741.56,1487.4156,138738739.20242,1,2025-04-24 21:00:00
93339.9,93558.0,93262.1,93400.0,203725.89,2037.2589,190333316.09775,1,2025-04-24 22:00:00
93399.9,93982.6,93343.9,93960.1,471861.26,4718.6126,442242899.81636,1,2025-04-24 23:00:00
93960.1,94000.0,93504.7,93879.9,257934.85,2579.3485,241859572.70334,1,2025-04-25 00:00:00
93879.9,94410.0,93570.0,93626.7,629060.91,6290.6091,591009868.45435,1,2025-04-25 01:00:00
93626.7,93858.7,92838.0,92946.8,563024.28,5630.2428,525043821.04642,1,2025-04-25 02:00:00
92946.9,93400.0,92801.0,93275.0,393091.59,3930.9159,366072309.18226,1,2025-04-25 03:00:00
93274.9,93481.0,93000.0,93016.0,332635.51,3326.3551,310193844.90818,1,2025-04-25 04:00:00
93016.1,93400.0,92970.0,93164.1,198476.44,1984.7644,185099461.76554,1,2025-04-25 05:00:00
93164.1,93580.0,93154.8,93499.9,191836.34,1918.3634,179191297.7373,1,2025-04-25 06:00:00
93500.0,93868.1,93458.1,93758.6,532857.65,5328.5765,498938373.76653,1,2025-04-25 07:00:00
93758.6,93871.9,93593.5,93659.6,222992.14,2229.9214,208920480.15329,1,2025-04-25 08:00:00
93659.5,93848.1,93510.0,93789.1,228103.47,2281.0347,213655901.61299,1,2025-04-25 09:00:00
93789.1,93943.9,93507.8,93601.0,259561.0,2595.61,243131129.66502,1,2025-04-25 10:00:00
93600.9,94625.4,93600.9,94591.3,568313.81,5683.1381,534937923.55543,1,2025-04-25 11:00:00
94591.2,94970.5,94211.1,94368.9,948520.44,9485.2044,897673927.36868,1,2025-04-25 12:00:00
94368.9,94649.0,93881.5,94350.1,653046.13,6530.4613,616072041.61873,1,2025-04-25 13:00:00
94350.1,95737.2,94338.2,95332.9,1698376.6,16983.766,1613937981.53518,1,2025-04-25 14:00:00
95333.0,95629.2,94764.3,95020.6,674657.76,6746.5776,642151971.41744,1,2025-04-25 15:00:00
95020.7,95350.0,94675.5,95174.8,390729.91,3907.2991,371336272.50181,1,2025-04-25 16:00:00
95174.9,95528.1,94333.5,94493.5,582011.61,5820.1161,552741099.31166,1,2025-04-25 17:00:00
94493.5,95183.9,94493.5,94930.0,328325.58,3283.2558,311496894.92581,1,2025-04-25 18:00:00
94930.1,95274.9,94827.2,95239.5,219340.87,2193.4087,208477279.56087,1,2025-04-25 19:00:00
95239.5,95295.3,94724.4,94820.1,221764.1,2217.641,210569718.5247,1,2025-04-25 20:00:00
94820.1,94990.2,94410.0,94559.1,151293.11,1512.9311,143272194.08434,1,2025-04-25 21:00:00
94559.2,94926.5,94540.3,94799.9,93521.05,935.2105,88633102.43597,1,2025-04-25 22:00:00
94799.9,94933.1,94543.0,94601.9,130519.99,1305.1999,123599398.89796,1,2025-04-25 23:00:00
94601.9,94914.7,94514.1,94860.0,165565.04,1655.6504,156817771.01283,1,2025-04-26 00:00:00
94859.9,95171.4,94720.0,94971.6,228838.76,2288.3876,217389833.23112,1,2025-04-26 01:00:00
94971.6,95125.4,94666.0,94942.0,157823.13,1578.2313,149752356.01737,1,2025-04-26 02:00:00
94942.0,95018.3,94668.1,94701.4,126219.0,1262.19,119631927.80153,1,2025-04-26 03:00:00
94701.5,94806.1,94488.0,94502.9,186392.36,1863.9236,176340347.9623,1,2025-04-26 04:00:00
94502.9,94676.9,94323.8,94591.9,210665.62,2106.6562,199117048.61594,1,2025-04-26 05:00:00
94591.9,94719.4,94550.0,94600.0,93295.62,932.9562,88278720.30385,1,2025-04-26 06:00:00
94600.1,94769.9,94511.4,94516.4,147122.0,1471.22,139268933.51632,1,2025-04-26 07:00:00
94516.3,94700.0,94216.2,94275.0,317364.16,3173.6416,299700971.74906,1,2025-04-26 08:00:00
94275.1,94380.0,94070.3,94242.0,255344.96,2553.4496,240549237.37722,1,2025-04-26 09:00:00
94244.0,94365.9,94094.0,94172.1,154682.02,1546.8202,145794929.53768,1,2025-04-26 10:00:00
94172.1,94217.4,93942.7,94114.2,290977.35,2909.7735,273725445.50532,1,2025-04-26 11:00:00
94114.1,94294.4,94077.5,94206.6,213239.9,2132.399,200866067.56428,1,2025-04-26 12:00:00
94206.5,94268.5,93825.0,94108.9,265140.6,2651.406,249254839.82566,1,2025-04-26 13:00:00
94109.0,94231.9,93878.4,94195.4,176976.3,1769.763,166475259.44031,1,2025-04-26 14:00:00
94195.4,94371.9,94121.8,94330.1,211288.3,2112.883,199192870.4602,1,2025-04-26 15:00:00
94330.1,94337.5,93990.1,94255.5,164369.26,1643.6926,154822182.77265,1,2025-04-26 16:00:00
94255.4,94344.0,94181.7,94288.0,71734.12,717.3412,67625942.63473,1,2025-04-26 17:00:00
94288.0,94349.2,94088.1,94112.4,93043.49,930.4349,87639735.67424,1,2025-04-26 18:00:00
94112.3,94288.0,94051.0,94258.4,86527.15,865.2715,81488977.17009,1,2025-04-26 19:00:00
94258.3,94348.0,94035.5,94039.0,110646.43,1106.4643,104196533.39469,1,2025-04-26 20:00:00
94039.0,94300.0,94038.9,94299.9,146231.76,1462.3176,137752933.3571,1,2025-04-26 21:00:00
94300.0,94740.0,94299.9,94730.6,228736.17,2287.3617,216299851.66773,1,2025-04-26 22:00:00
94730.6,94855.5,94500.0,94582.0,159740.17,1597.4017,151233743.85119,1,2025-04-26 23:00:00
94582.0,94937.8,94527.2,94822.6,216324.13,2163.2413,205103779.42758,1,2025-04-27 00:00:00
94822.7,95276.3,94004.3,94090.7,625138.21,6251.3821,591551889.32128,1,2025-04-27 01:00:00
94090.7,94430.0,94020.0,94315.0,203910.52,2039.1052,192190420.96824,1,2025-04-27 02:00:00
94315.0,94437.1,94095.2,94119.4,125227.76,1252.2776,117991296.77774,1,2025-04-27 03:00:00
94119.3,94258.6,93953.3,93980.0,169585.78,1695.8578,159561816.34777,1,2025-04-27 04:00:00
93980.1,94149.4,93611.0,93888.6,350922.11,3509.2211,329351842.36908,1,2025-04-27 05:00:00
93889.2,94068.3,93834.0,93990.0,145432.28,1454.3228,136657626.28651,1,2025-04-27 06:00:00
93990.0,94111.0,93897.0,94035.6,123001.2,1230.012,115656447.35643,1,2025-04-27 07:00:00
94035.7,94299.9,93980.0,94168.0,171672.33,1716.7233,161643446.79837,1,2025-04-27 08:00:00
94168.0,94203.2,94060.7,94130.0,85770.9,857.709,80728466.56184,1,2025-04-27 09:00:00
94130.0,94151.2,93907.4,94018.1,133477.61,1334.7761,125508292.38639,1,2025-04-27 10:00:00
94018.1,94052.6,93835.1,93881.4,137453.49,1374.5349,129121497.14314,1,2025-04-27 11:00:00
93881.4,93950.0,93620.0,93706.9,313144.33,3131.4433,293634431.61405,1,2025-04-27 12:00:00
93706.8,94060.2,93538.4,94022.0,301374.95,3013.7495,282773425.03452,1,2025-04-27 13:00:00
94022.0,94137.2,93886.9,93938.4,183070.79,1830.7079,172092235.87708,1,2025-04-27 14:00:00
93938.4,93960.0,93740.0,93847.5,152557.57,1525.5757,143165628.46843,1,2025-04-27 15:00:00
93847.5,93907.7,93685.3,93849.2,169117.93,1691.1793,158631811.71755,1,2025-04-27 16:00:00
93849.2,94123.7,93763.7,94001.3,168555.5,1685.555,158405022.50569,1,2025-04-27 17:00:00
94001.3,94397.9,93950.3,94254.7,164730.41,1647.3041,155189903.07496,1,2025-04-27 18:00:00
94254.7,94394.0,94159.1,94390.0,93629.43,936.2943,88290480.27127,1,2025-04-27 19:00:00
94390.0,94391.0,94209.9,94210.0,76208.36,762.0836,71860810.64052,1,2025-04-27 20:00:00
94210.0,94500.0,94108.7,94280.4,190990.53,1909.9053,180193067.07799,1,2025-04-27 21:00:00
94280.5,94295.6,93588.9,93892.6,324213.46,3242.1346,304475311.18698,1,2025-04-27 22:00:00
93892.6,93892.6,93612.5,93708.0,146266.59,1462.6659,137099328.11264,1,2025-04-27 23:00:00
93708.0,93760.0,93227.5,93386.0,489801.64,4898.0164,457773870.68155,1,2025-04-28 00:00:00
93385.9,93559.4,92732.5,92899.2,719927.22,7199.2722,669628756.2282,1,2025-04-28 01:00:00
92899.1,93581.4,92829.4,93568.1,543207.43,5432.0743,506538181.58782,1,2025-04-28 02:00:00
93568.1,93941.5,93415.1,93804.9,338864.72,3388.6472,317590632.77101,1,2025-04-28 03:00:00
93804.9,94127.0,93804.9,93979.9,253892.21,2538.9221,238614001.22269,1,2025-04-28 04:00:00
93979.9,94297.0,93905.1,94189.9,296117.81,2961.1781,278696988.04559,1,2025-04-28 05:00:00
94190.0,94643.4,94189.9,94534.5,364725.33,3647.2533,344339157.2935,1,2025-04-28 06:00:00
94534.6,94751.5,94431.3,94642.2,275653.82,2756.5382,260777149.16187,1,2025-04-28 07:00:00
94642.2,94780.0,94537.9,94662.1,260331.28,2603.3128,246473246.68556,1,2025-04-28 08:00:00
94662.2,94837.9,94610.9,94689.8,450809.74,4508.0974,427041602.13803,1,2025-04-28 09:00:00
94689.8,95182.4,94284.1,95023.1,2039620.7,20396.207,1933271840.01284,1,2025-04-28 10:00:00
95023.0,95488.0,94956.1,95273.8,588030.2,5880.302,560216925.53879,1,2025-04-28 11:00:00
95273.8,95577.6,95020.4,95288.0,421575.72,4215.7572,401676410.99787,1,2025-04-28 12:00:00
95288.1,95456.4,93888.0,93937.6,1200622.83,12006.2283,1136582300.24729,1,2025-04-28 13:00:00
93937.6,94872.0,93810.0,94376.0,933758.39,9337.5839,881669416.85981,1,2025-04-28 14:00:00
94375.9,94490.0,93529.4,93800.0,659878.18,6598.7818,619100275.02325,1,2025-04-28 15:00:00
93799.9,93995.0,93406.0,93694.6,527341.83,5273.4183,493996200.06261,1,2025-04-28 16:00:00
93694.5,94077.4,93458.0,94052.0,231452.88,2314.5288,217040724.35269,1,2025-04-28 17:00:00
94051.9,94188.0,93736.7,94137.4,195996.08,1959.9608,184125255.61356,1,2025-04-28 18:00:00
94137.4,94879.6,94108.0,94743.8,443198.14,4431.9814,419277685.15135,1,2025-04-28 19:00:00
94743.8,94762.8,94324.0,94422.2,265690.28,2656.9028,251183037.84179,1,2025-04-28 20:00:00
94422.3,94517.4,94253.3,94497.7,96682.36,966.8236,91258484.31424,1,2025-04-28 21:00:00
94497.7,94839.2,94426.0,94766.0,186781.86,1867.8186,176740318.83063,1,2025-04-28 22:00:00
94766.0,95146.0,94743.9,94960.0,308279.48,3082.7948,292801922.3963,1,2025-04-28 23:00:00
94959.9,95188.0,94772.0,95005.1,272833.68,2728.3368,259067622.52345,1,2025-04-29 00:00:00
95005.0,95420.5,94665.3,94809.9,564532.52,5645.3252,536844062.32778,1,2025-04-29 01:00:00
94809.9,94910.0,94450.2,94575.7,371694.95,3716.9495,351952694.6063,1,2025-04-29 02:00:00
94575.7,94758.5,94386.9,94617.0,213217.52,2132.1752,201689077.39741,1,2025-04-29 03:00:00
94617.0,94841.8,94257.1,94318.4,329744.29,3297.4429,311625205.4176,1,2025-04-29 04:00:00
94318.4,94389.1,94161.7,94243.1,224716.52,2247.1652,211826713.63604,1,2025-04-29 05:00:00
94243.1,94774.9,94222.0,94726.5,287055.83,2870.5583,271542050.61385,1,2025-04-29 06:00:00
94726.6,94926.2,94675.0,94873.5,201596.65,2015.9665,191105726.65005,1,2025-04-29 07:00:00
94873.4,95045.5,94756.3,94977.0,252457.83,2524.5783,239597652.62684,1,2025-04-29 08:00:00
94977.0,95039.0,94737.3,94936.2,195714.42,1957.1442,185666875.74034,1,2025-04-29 09:00:00
94936.3,94994.0,94688.1,94770.8,169603.44,1696.0344,160861941.93604,1,2025-04-29 10:00:00
94770.8,95247.7,94755.8,95092.0,316027.51,3160.2751,300497160.40117,1,2025-04-29 11:00:00
95092.0,95128.0,94755.0,94780.3,202131.36,2021.3136,191852576.8851,1,2025-04-29 12:00:00
94780.3,94999.9,94526.6,94750.1,480591.14,4805.9114,455336045.48612,1,2025-04-29 13:00:00
94750.1,95262.3,94439.8,94995.4,586584.49,5865.8449,556450476.86139,1,2025-04-29 14:00:00
94995.5,95085.8,94680.0,94791.2,259082.7,2590.827,245718737.20977,1,2025-04-29 15:00:00
94791.3,95442.2,94750.0,94912.1,559396.53,5593.9653,532306375.23466,1,2025-04-29 16:00:00
94912.1,95328.1,94595.5,95195.2,480157.32,4801.5732,455945587.94967,1,2025-04-29 17:00:00
95195.3,95400.0,94973.6,95340.0,449527.45,4495.2745,428250573.4783,1,2025-04-29 18:00:00
95340.0,95400.0,95168.5,95259.3,162724.61,1627.2461,155059240.04134,1,2025-04-29 19:00:00
95259.4,95380.5,94756.3,94780.7,211388.73,2113.8873,200768887.85249,1,2025-04-29 20:00:00
94780.7,94914.5,94300.0,94692.0,498575.72,4985.7572,471429630.44875,1,2025-04-29 21:00:00
94692.1,94692.1,93911.4,94098.1,770645.3,7706.453,725846647.50458,1,2025-04-29 22:00:00
94099.2,94260.0,93668.5,94196.0,522215.96,5222.1596,490641646.36067,1,2025-04-29 23:00:00
94196.0,94585.7,94061.5,94493.8,347962.65,3479.6265,328275951.4383,1,2025-04-30 00:00:00
94493.9,94556.3,94224.8,94484.9,190302.71,1903.0271,179689552.17011,1,2025-04-30 01:00:00
94484.8,94748.9,94395.8,94608.0,241028.38,2410.2838,227988300.36758,1,2025-04-30 02:00:00
94608.0,95080.0,94455.0,95000.0,396016.78,3960.1678,375501099.19341,1,2025-04-30 03:00:00
95000.0,95146.9,94810.9,95016.0,330355.92,3303.5592,313615475.20372,1,2025-04-30 04:00:00
95015.9,95075.0,94823.9,94854.6,175530.57,1755.3057,166659640.96128,1,2025-04-30 05:00:00
94854.6,94927.6,94700.1,94700.2,133642.33,1336.4233,126690773.50723,1,2025-04-30 06:00:00
94700.1,94838.6,94456.4,94587.3,222073.38,2220.7338,210171062.47971,1,2025-04-30 07:00:00
94587.2,94785.3,94480.0,94672.5,240853.89,2408.5389,227932696.74656,1,2025-04-30 08:00:00
94672.5,95036.0,94625.0,94934.3,205397.82,2053.9782,194770503.07791,1,2025-04-30 09:00:00
94934.2,94980.0,94803.2,94900.0,149533.2,1495.332,141870609.46701,1,2025-04-30 10:00:00
94900.0,95200.0,94881.5,95145.9,507407.28,5074.0728,482416671.42169,1,2025-04-30 11:00:00
95145.8,95186.8,94307.6,94510.1,821738.09,8217.3809,778209556.92537,1,2025-04-30 12:00:00
94510.1,94627.1,92988.0,93000.3,1414069.42,14140.6942,1326280382.03379,1,2025-04-30 13:00:00
93000.3,94328.6,92864.0,93680.0,1535220.51,15352.2051,1437161790.26724,1,2025-04-30 14:00:00
93680.0,94080.0,93609.4,93955.0,342257.93,3422.5793,321376634.13744,1,2025-04-30 15:00:00
93955.0,94158.0,93464.0,93900.0,452795.68,4527.9568,424747300.03903,1,2025-04-30 16:00:00
93899.9,94244.0,93714.3,94067.9,239297.85,2392.9785,224935190.03205,1,2025-04-30 17:00:00
94067.9,94525.2,93923.5,94055.5,332302.86,3323.0286,313174623.62419,1,2025-04-30 18:00:00
94055.4,94245.3,93710.0,94122.6,242179.13,2421.7913,227562941.94656,1,2025-04-30 19:00:00
94122.6,94700.0,94077.0,94521.0,317472.46,3174.7246,299970892.26143,1,2025-04-30 20:00:00
94521.0,94738.0,94322.6,94380.0,224738.86,2247.3886,212490164.90408,1,2025-04-30 21:00:00
94380.0,94675.0,93966.6,94059.6,501155.63,5011.5563,472228889.50812,1,2025-04-30 22:00:00
94059.5,94283.5,93873.7,94112.2,283002.74,2830.0274,266301097.48736,1,2025-04-30 23:00:00
94112.3,94340.0,94068.6,94339.9,173944.39,1739.4439,163907327.9985,1,2025-05-01 00:00:00
94339.9,94682.7,94331.7,94597.4,335185.39,3351.8539,316872394.99774,1,2025-05-01 01:00:00
94597.4,94942.9,94567.1,94799.9,325075.43,3250.7543,308145075.77021,1,2025-05-01 02:00:00
94799.9,94966.0,94597.8,94728.0,384344.74,3843.4474,364198829.03896,1,2025-05-01 03:00:00
94728.0,94870.0,94658.8,94820.1,145383.99,1453.8399,137769348.28232,1,2025-05-01 04:00:00
94820.2,95162.8,94790.0,95104.1,447973.69,4479.7369,425610130.55151,1,2025-05-01 05:00:00
95104.1,95149.0,94760.0,94843.4,210389.1,2103.891,199750571.7824,1,2025-05-01 06:00:00
94843.5,95064.9,94750.0,94960.9,146351.26,1463.5126,138965009.42588,1,2025-05-01 07:00:00
94960.9,95169.1,94851.9,95147.5,201787.72,2017.8772,191808084.32625,1,2025-05-01 08:00:00
95147.5,95778.9,95080.0,95475.5,728275.0,7282.75,695107218.58591,1,2025-05-01 09:00:00
95475.6,96364.8,95475.5,96134.0,1190416.98,11904.1698,1143202337.35603,1,2025-05-01 10:00:00
96133.9,96217.2,95751.6,96132.1,500670.01,5006.7001,480715848.94781,1,2025-05-01 11:00:00
96132.1,96433.7,96039.6,96323.3,454365.02,4543.6502,437227781.33074,1,2025-05-01 12:00:00
96323.4,96720.0,95762.5,95764.5,1105728.51,11057.2851,1063922569.57783,1,2025-05-01 13:00:00
95764.6,96895.9,95764.6,96782.0,1033107.94,10331.0794,995604922.05101,1,2025-05-01 14:00:00
96782.0,97398.0,96706.2,96806.1,1169392.26,11693.9226,1134912250.69607,1,2025-05-01 15:00:00
96806.0,97319.3,96806.0,96967.3,455887.14,4558.8714,442664440.81139,1,2025-05-01 16:00:00
96967.3,97178.1,96465.2,96758.5,426431.31,4264.3131,412678739.08552,1,2025-05-01 17:00:00
96758.5,96967.4,96396.4,96822.0,266770.38,2667.7038,257868605.74573,1,2025-05-01 18:00:00
96822.0,96837.6,96364.1,96490.0,288638.43,2886.3843,278637890.35065,1,2025-05-01 19:00:00
96489.9,96858.4,96262.0,96373.3,373912.17,3739.1217,360992655.53693,1,2025-05-01 20:00:00
96373.3,96747.2,96360.0,96429.9,138152.73,1381.5273,133393187.11625,1,2025-05-01 21:00:00
96429.9,96610.0,96320.1,96342.6,124139.76,1241.3976,119728891.84448,1,2025-05-01 22:00:00
96342.5,96476.9,96137.6,96443.3,237317.22,2373.1722,228494668.39644,1,2025-05-01 23:00:00
96443.2,97049.8,96426.2,96990.1,372924.9,3729.249,360884989.75082,1,2025-05-02 00:00:00
96990.1,97157.9,96706.3,96926.0,316739.35,3167.3935,307117093.88349,1,2025-05-02 01:00:00
96925.9,97009.2,96684.6,96909.8,158514.12,1585.1412,153541227.14425,1,2025-05-02 02:00:00
96909.8,97188.0,96909.8,97055.9,210278.51,2102.7851,204152359.65886,1,2025-05-02 03:00:00
97055.9,97250.0,96824.0,96895.3,257790.23,2577.9023,250161003.1386,1,2025-05-02 04:00:00
96895.3,96964.9,96585.0,96665.9,181448.08,1814.4808,175568209.85196,1,2025-05-02 05:00:00
96665.9,96864.2,96506.5,96681.0,263030.84,2630.3084,254288101.3458,1,2025-05-02 06:00:00
96681.0,96689.8,96307.6,96323.0,481170.57,4811.7057,464203590.81685,1,2025-05-02 07:00:00
96323.1,96740.9,96320.1,96595.5,325981.57,3259.8157,314761199.55285,1,2025-05-02 08:00:00
96595.5,96748.0,96413.3,96567.9,146391.75,1463.9175,141404912.17356,1,2025-05-02 09:00:00
96568.0,96900.0,96556.8,96863.9,166978.14,1669.7814,161591050.12079,1,2025-05-02 10:00:00
96863.9,97050.8,96810.3,96873.0,331716.11,3317.1611,321518929.86073,1,2025-05-02 11:00:00
96873.0,97138.0,96600.0,97137.9,504665.93,5046.6593,488955465.33496,1,2025-05-02 12:00:00
97138.0,97222.0,96618.5,96714.0,380043.29,3800.4329,368152892.23164,1,2025-05-02 13:00:00
96714.0,97861.2,96650.0,97686.0,1051318.24,10513.1824,1023159267.86974,1,2025-05-02 14:00:00
97686.0,97844.3,97000.1,97269.9,629753.04,6297.5304,613246756.00096,1,2025-05-02 15:00:00
97269.8,97742.2,97269.8,97300.0,429476.47,4294.7647,418915276.60774,1,2025-05-02 16:00:00
97300.1,97381.8,96983.0,97341.8,333520.63,3335.2063,324112948.04967,1,2025-05-02 17:00:00
97341.8,97563.4,97092.9,97122.8,203774.05,2037.7405,198397561.71121,1,2025-05-02 18:00:00
97122.8,97143.9,96700.1,96859.5,325303.46,3253.0346,315273817.76325,1,2025-05-02 19:00:00
96859.5,97085.0,96790.4,96963.8,109632.27,1096.3227,106293899.16312,1,2025-05-02 20:00:00
96963.8,96984.0,96509.8,96675.8,121879.17,1218.7917,117889213.85947,1,2025-05-02 21:00:00
96675.8,96759.0,96523.8,96611.5,160093.0,1600.93,154693417.73846,1,2025-05-02 22:00:00
96611.4,96858.8,96555.1,96837.0,109882.35,1098.8235,106267717.45985,1,2025-05-02 23:00:00
96836.9,96880.0,96570.6,96653.0,146647.36,1466.4736,141843152.57524,1,2025-05-03 00:00:00
96653.1,96691.1,96381.5,96463.0,255309.79,2553.0979,246338492.36416,1,2025-05-03 01:00:00
96463.0,96662.7,96443.2,96485.9,138174.71,1381.7471,133423604.07925,1,2025-05-03 02:00:00
96485.9,96500.0,96256.0,96280.2,291307.15,2913.0715,280685979.34565,1,2025-05-03 03:00:00
96280.2,96539.0,96246.2,96465.5,159195.41,1591.9541,153492223.09895,1,2025-05-03 04:00:00
96465.5,96550.1,96358.0,96365.0,109360.25,1093.6025,105489868.01922,1,2025-05-03 05:00:00
96365.0,96365.0,96070.0,96130.2,304458.0,3044.58,292915301.24189,1,2025-05-03 06:00:00
96130.1,96362.5,96105.1,96294.7,181934.06,1819.3406,175103682.05027,1,2025-05-03 07:00:00
96294.8,96400.0,96100.0,96250.0,193525.57,1935.2557,186266783.15508,1,2025-05-03 08:00:00
96250.0,96359.9,96139.3,96214.4,129782.22,1297.8222,124912633.78116,1,2025-05-03 09:00:00
96214.4,96214.4,95811.0,95863.4,366418.44,3664.1844,351719939.09373,1,2025-05-03 10:00:00
95863.4,96050.0,95830.0,95900.0,201881.03,2018.8103,193667817.59098,1,2025-05-03 11:00:00
95900.1,96111.1,95850.0,96070.6,196966.31,1969.6631,189069326.28102,1,2025-05-03 12:00:00
96070.6,96293.4,96049.9,96291.9,223808.7,2238.087,215260721.63334,1,2025-05-03 13:00:00
96291.9,96394.0,96232.8,96319.3,175372.81,1753.7281,168909807.37883,1,2025-05-03 14:00:00
96319.4,96472.1,96265.5,96359.7,178642.09,1786.4209,172188153.85999,1,2025-05-03 15:00:00
96359.8,96374.9,96027.3,96166.5,202279.58,2022.7958,194550580.09606,1,2025-05-03 16:00:00
96166.6,96166.6,95815.0,96153.8,276895.79,2768.9579,265822837.04131,1,2025-05-03 17:00:00
96153.9,96236.8,96060.8,96116.8,85151.89,851.5189,81867026.26257,1,2025-05-03 18:00:00
96116.8,96323.5,96089.2,96323.4,92968.35,929.6835,89473599.21814,1,2025-05-03 19:00:00
96323.5,96356.7,96239.6,96306.8,65732.35,657.3235,63307935.18554,1,2025-05-03 20:00:00
96306.8,96400.0,96196.6,96236.4,120791.33,1207.9133,116306128.88808,1,2025-05-03 21:00:00
96236.3,96345.4,96125.0,96139.9,83877.53,838.7753,80695950.52136,1,2025-05-03 22:00:00
96139.9,96139.9,95666.4,95800.0,396250.89,3962.5089,379800268.22909,1,2025-05-03 23:00:00
95800.0,96000.0,95688.0,95820.1,201554.32,2015.5432,193141444.43968,1,2025-05-04 00:00:00
95820.0,96146.7,95526.4,96056.4,353905.36,3539.0536,339052199.23004,1,2025-05-04 01:00:00
96056.4,96265.0,95758.2,95836.7,238264.22,2382.6422,228780090.2287,1,2025-05-04 02:00:00
95836.7,95857.9,95609.7,95688.4,195736.91,1957.3691,187339395.03623,1,2025-05-04 03:00:00
95688.4,95906.1,95688.3,95688.5,105797.11,1057.9711,101357116.16571,1,2025-05-04 04:00:00
95688.5,96093.0,95650.0,96000.0,171458.59,1714.5859,164426371.37848,1,2025-05-04 05:00:00
96000.0,96105.9,95830.0,95874.9,105183.18,1051.8318,100921681.03457,1,2025-05-04 06:00:00
95875.0,96050.0,95766.0,95848.6,97421.67,974.2167,93395508.62631,1,2025-05-04 07:00:00
95848.7,95898.6,95350.0,95616.0,307433.45,3074.3345,293884017.25285,1,2025-05-04 08:00:00
95616.0,95652.6,95392.8,95440.1,188705.89,1887.0589,180204299.33643,1,2025-05-04 09:00:00
95440.1,95500.0,95233.5,95356.2,265926.02,2659.2602,253617756.91309,1,2025-05-04 10:00:00
95356.2,95511.5,95305.1,95380.3,143749.52,1437.4952,137155825.50992,1,2025-05-04 11:00:00
95380.3,95550.3,95370.4,95425.8,132678.02,1326.7802,126662449.6382,1,2025-05-04 12:00:00
95425.9,95555.0,95181.5,95337.5,230844.66,2308.4466,220034923.01853,1,2025-05-04 13:00:00
95337.6,95600.0,95280.1,95555.6,149090.56,1490.9056,142368087.1956,1,2025-05-04 14:00:00
95555.5,95631.0,95368.6,95415.3,166425.54,1664.2554,158961421.95077,1,2025-05-04 15:00:00
95415.2,95523.0,95243.0,95294.9,184532.73,1845.3273,175958490.06273,1,2025-05-04 16:00:00
95294.9,95430.0,95200.0,95360.2,119768.09,1197.6809,114183717.0115,1,2025-05-04 17:00:00
95360.1,95444.0,95318.0,95331.4,66676.59,666.7659,63603299.18573,1,2025-05-04 18:00:00
95331.4,95598.5,95300.0,95542.1,70416.06,704.1606,67240207.09609,1,2025-05-04 19:00:00
95542.0,95683.8,95518.0,95674.9,77199.54,771.9954,73821677.53063,1,2025-05-04 20:00:00
95674.9,95720.0,95580.3,95632.8,67102.85,671.0285,64188135.57015,1,2025-05-04 21:00:00
95632.8,95640.4,94666.0,94957.1,634809.45,6348.0945,603055117.46382,1,2025-05-04 22:00:00
94957.2,94976.0,94102.3,94232.0,634054.76,6340.5476,598633256.85467,1,2025-05-04 23:00:00
94232.1,94750.0,94158.0,94665.7,378291.11,3782.9111,357464604.70748,1,2025-05-05 00:00:00
94665.7,94700.0,93637.3,93887.3,713016.39,7130.1639,670590737.30859,1,2025-05-05 01:00:00
93887.2,94349.3,93430.4,94194.8,631474.77,6314.7477,593219771.82062,1,2025-05-05 02:00:00
94194.7,94255.2,93974.1,94009.9,202047.77,2020.4777,190101108.72097,1,2025-05-05 03:00:00
94009.9,94400.0,93971.1,94378.6,215768.6,2157.686,203366155.60805,1,2025-05-05 04:00:00
94378.6,94732.4,94180.0,94690.1,287850.41,2878.5041,271828532.66686,1,2025-05-05 05:00:00
94690.1,94740.0,94522.1,94715.7,189606.02,1896.0602,179445978.86203,1,2025-05-05 06:00:00
94715.6,94786.5,94490.3,94705.9,211276.03,2112.7603,199889777.71369,1,2025-05-05 07:00:00
94705.8,94740.0,94459.4,94526.6,204594.04,2045.9404,193515132.77786,1,2025-05-05 08:00:00
94526.6,94610.5,94440.3,94520.0,97422.11,974.2211,92101228.01198,1,2025-05-05 09:00:00
94519.9,94529.2,94008.5,94082.5,290248.34,2902.4834,273511831.67012,1,2025-05-05 10:00:00
94082.5,94257.1,93850.1,93998.1,348295.95,3482.9595,327467723.49043,1,2025-05-05 11:00:00
93998.1,94300.0,93861.5,94289.1,252079.45,2520.7945,237361974.72678,1,2025-05-05 12:00:00
94289.1,94370.3,93573.6,94188.0,615085.81,6150.8581,577819757.60785,1,2025-05-05 13:00:00
94188.0,94500.0,93688.1,93845.5,657307.81,6573.0781,618359222.47158,1,2025-05-05 14:00:00
93845.5,93933.7,93560.0,93734.0,344986.6,3449.866,323333720.00503,1,2025-05-05 15:00:00
93733.9,94238.0,93717.0,94168.8,301940.96,3019.4096,284039809.58901,1,2025-05-05 16:00:00
94168.8,94600.0,94025.1,94459.5,371194.83,3711.9483,350181812.89742,1,2025-05-05 17:00:00
94459.6,94865.4,94403.1,94684.3,295148.3,2951.483,279434367.37688,1,2025-05-05 18:00:00
94684.4,94858.0,94239.0,94300.0,250293.7,2502.937,236596208.62053,1,2025-05-05 19:00:00
94299.9,94330.5,93810.2,94203.5,228349.96,2283.4996,214855719.94026,1,2025-05-05 20:00:00
94203.4,94796.8,94193.0,94669.1,236669.52,2366.6952,223720891.26055,1,2025-05-05 21:00:00
94669.1,95150.0,94660.0,94999.9,341801.25,3418.0125,324558706.49457,1,2025-05-05 22:00:00
95000.0,95078.0,94670.0,94694.1,198598.67,1985.9867,188436067.49939,1,2025-05-05 23:00:00
94694.1,94739.8,94380.0,94566.0,215658.02,2156.5802,203948910.95654,1,2025-05-06 00:00:00
94565.9,94886.0,94250.3,94259.9,319360.14,3193.6014,301948373.06174,1,2025-05-06 01:00:00
94260.0,94362.0,93981.0,94296.7,275105.49,2751.0549,259021044.6215,1,2025-05-06 02:00:00
94296.7,94460.0,94174.8,94410.4,160646.35,1606.4635,151547910.05265,1,2025-05-06 03:00:00
94410.3,94545.7,94288.5,94530.0,169933.52,1699.3352,160513103.31307,1,2025-05-06 04:00:00
94529.9,94560.0,94251.3,94290.0,155762.67,1557.6267,146967289.92624,1,2025-05-06 05:00:00
94290.0,94458.0,94281.8,94457.9,64645.68,646.4568,61019676.65483,1,2025-05-06 06:00:00
94458.0,94599.0,94306.7,94344.1,113834.46,1138.3446,107504936.98276,1,2025-05-06 07:00:00
94344.1,94353.3,93952.1,94332.4,274771.49,2747.7149,258661514.96358,1,2025-05-06 08:00:00
94332.4,94333.3,94073.0,94177.3,115046.04,1150.4604,108348716.50339,1,2025-05-06 09:00:00
94177.3,94292.9,93818.3,93902.3,271150.94,2711.5094,254922791.76518,1,2025-05-06 10:00:00
93902.3,94018.8,93674.0,93773.0,299371.07,2993.7107,280900514.91041,1,2025-05-06 11:00:00
93772.9,94010.5,93724.4,93909.9,242849.24,2428.4924,227952696.36768,1,2025-05-06 12:00:00
93909.9,93977.6,93338.0,93565.0,660158.37,6601.5837,618207924.9837,1,2025-05-06 13:00:00
93564.9,94642.6,93561.3,94100.1,908424.63,9084.2463,855474708.50781,1,2025-05-06 14:00:00
94100.0,94683.5,94020.0,94505.1,392444.44,3924.4444,370625499.49861,1,2025-05-06 15:00:00
94505.7,94766.0,94171.5,94197.7,356642.98,3566.4298,337016784.21221,1,2025-05-06 16:00:00
94197.7,94800.0,94187.0,94477.2,221763.32,2217.6332,209699219.81629,1,2025-05-06 17:00:00
94477.2,95051.2,94470.0,95019.5,251431.61,2514.3161,238396871.73064,1,2025-05-06 18:00:00
95019.5,95106.9,94869.8,94909.2,220108.4,2201.084,209104050.69434,1,2025-05-06 19:00:00
94909.3,94977.0,94580.1,94622.0,176838.66,1768.3866,167560567.27813,1,2025-05-06 20:00:00
94622.0,94758.0,94379.4,94650.7,138659.09,1386.5909,131108742.61309,1,2025-05-06 21:00:00
94650.7,96238.0,94635.7,96194.1,1075726.25,10757.2625,1027981288.62648,1,2025-05-06 22:00:00
96194.0,96866.0,96042.0,96782.0,800889.39,8008.8939,772789180.60219,1,2025-05-06 23:00:00
96782.0,97474.0,96700.3,97383.4,887540.54,8875.4054,861903580.40009,1,2025-05-07 00:00:00
97383.5,97720.0,97136.7,97198.6,604555.15,6045.5515,588856673.38658,1,2025-05-07 01:00:00
97198.7,97230.0,96454.0,96595.4,573346.94,5733.4694,555330026.9995,1,2025-05-07 02:00:00
96595.3,96635.5,96171.9,96464.4,522131.4,5221.314,503320225.48723,1,2025-05-07 03:00:00
96464.4,96675.8,96378.9,96546.2,230861.55,2308.6155,222880610.24017,1,2025-05-07 04:00:00
96546.1,96546.2,96274.6,96350.0,153613.98,1536.1398,148069558.35979,1,2025-05-07 05:00:00
96350.1,96625.0,96322.1,96526.4,191520.75,1915.2075,184862892.70738,1,2025-05-07 06:00:00
96526.5,96958.0,96515.5,96932.0,253580.49,2535.8049,245344699.0058,1,2025-05-07 07:00:00
96931.9,97032.8,96801.4,96963.9,220381.94,2203.8194,213597081.17661,1,2025-05-07 08:00:00
96963.9,97000.0,96812.0,96930.7,158858.74,1588.5874,153939916.16197,1,2025-05-07 09:00:00
96930.8,97066.0,96777.0,96967.2,186951.23,1869.5123,181202244.26698,1,2025-05-07 10:00:00
96967.2,97032.3,96871.7,96996.7,120076.0,1200.76,116418773.05326,1,2025-05-07 11:00:00
96996.7,97150.0,96810.1,96912.7,262928.82,2629.2882,254957325.02714,1,2025-05-07 12:00:00
96912.7,97265.0,96669.0,96960.2,493241.62,4932.4162,478065479.11155,1,2025-05-07 13:00:00
96960.1,97444.3,96748.6,96888.6,552982.76,5529.8276,537170546.28907,1,2025-05-07 14:00:00
96888.6,97115.1,96718.8,96896.0,269026.97,2690.2697,260713123.86148,1,2025-05-07 15:00:00
96896.1,96917.6,96461.0,96810.3,506151.18,5061.5118,489070328.94514,1,2025-05-07 16:00:00
96810.3,96848.2,96140.0,96279.9,352989.4,3529.894,340599014.16255,1,2025-05-07 17:00:00
96279.9,96848.4,95834.7,96553.9,972272.97,9722.7297,936635244.90059,1,2025-05-07 18:00:00
96553.9,96588.0,95737.8,96133.1,514345.33,5143.4533,494578590.58452,1,2025-05-07 19:00:00
96133.1,96710.0,96026.7,96710.0,249503.27,2495.0327,240472513.79928,1,2025-05-07 20:00:00
96710.0,97286.0,96591.8,97081.7,425189.4,4251.894,412444695.56451,1,2025-05-07 21:00:00
97081.7,97264.1,96961.6,97217.0,214672.06,2146.7206,208516888.85861,1,2025-05-07 22:00:00
97217.0,97349.5,96922.0,96984.0,230570.28,2305.7028,224006656.0859,1,2025-05-07 23:00:00
96983.9,97777.0,96805.0,97718.6,407155.9,4071.559,395962312.65096,1,2025-05-08 00:00:00
97718.5,98350.0,97551.1,97775.8,960612.2,9606.122,940952872.86948,1,2025-05-08 01:00:00
97775.9,98821.6,97775.8,98630.0,919496.77,9194.9677,905275551.0777,1,2025-05-08 02:00:00
98630.0,99200.0,98479.6,99102.6,770060.62,7700.6062,761492807.52054,1,2025-05-08 03:00:00
99104.0,99389.0,98899.0,98912.3,811675.46,8116.7546,805028934.77598,1,2025-05-08 04:00:00
98912.4,99087.6,98703.6,98706.9,333800.06,3338.0006,330031182.00819,1,2025-05-08 05:00:00
98706.9,99011.9,98698.8,98997.6,234261.16,2342.6116,231569570.53389,1,2025-05-08 06:00:00
98997.7,99344.2,98997.6,99211.9,384900.5,3849.005,381769380.42998,1,2025-05-08 07:00:00
99211.8,99790.0,99162.1,99615.8,695223.85,6952.2385,691962022.16474,1,2025-05-08 08:00:00
99615.9,99769.5,99490.3,99746.3,268142.42,2681.4242,267063005.58296,1,2025-05-08 09:00:00
99746.4,99875.4,99633.3,99742.2,265949.11,2659.4911,265295939.07235,1,2025-05-08 10:00:00
99742.2,99742.2,99366.7,99369.1,410360.42,4103.6042,408470893.24794,1,2025-05-08 11:00:00
99369.2,99524.2,99213.1,99256.7,336521.03,3365.2103,334363363.41471,1,2025-05-08 12:00:00
99256.7,99607.4,99053.7,99254.1,473516.44,4735.1644,470179922.50392,1,2025-05-08 13:00:00
99254.2,99787.0,99101.2,99329.9,613593.28,6135.9328,610492904.50615,1,2025-05-08 14:00:00
99330.0,101499.0,99271.9,100730.0,2525000.49,25250.0049,2540140829.80007,1,2025-05-08 15:00:00
100730.0,101312.0,100528.8,101234.0,678385.76,6783.8576,684638430.40612,1,2025-05-08 16:00:00
101233.9,101666.0,100742.6,100982.1,603602.8,6036.028,610906867.79917,1,2025-05-08 17:00:00
100982.1,101435.9,100931.8,101319.2,239100.09,2391.0009,242084780.19799,1,2025-05-08 18:00:00
101319.2,101319.2,100918.0,101261.2,339102.12,3391.0212,342961621.28615,1,2025-05-08 19:00:00
101261.2,102825.3,101230.6,102575.2,1042245.18,10422.4518,1063269930.00381,1,2025-05-08 20:00:00
102575.2,104318.9,102077.4,102796.0,1240907.49,12409.0749,1280521036.52914,1,2025-05-08 21:00:00
102796.0,103211.4,102376.0,102989.1,368101.73,3681.0173,378321702.67063,1,2025-05-08 22:00:00
102989.2,103322.0,102759.2,103234.1,400616.86,4006.1686,412601182.64667,1,2025-05-08 23:00:00
103234.0,103234.1,102486.0,102770.9,427874.79,4278.7479,439824971.54698,1,2025-05-09 00:00:00
102770.9,103098.8,102518.6,103063.2,240765.66,2407.6566,247443999.36189,1,2025-05-09 01:00:00
103063.1,103063.2,102480.1,102585.9,213906.22,2139.0622,219715392.32163,1,2025-05-09 02:00:00
102585.9,102780.0,102279.4,102418.1,323601.07,3236.0107,331714531.38662,1,2025-05-09 03:00:00
102418.2,102832.3,102346.4,102799.9,246092.63,2460.9263,252478730.66851,1,2025-05-09 04:00:00
102800.0,102930.0,102532.4,102930.0,191233.37,1912.3337,196522024.36786,1,2025-05-09 05:00:00
102929.9,103226.0,102881.0,103179.9,253590.43,2535.9043,261312333.94676,1,2025-05-09 06:00:00
103180.0,104359.8,103073.6,103610.2,1003346.79,10033.4679,1040944576.18917,1,2025-05-09 07:00:00
103610.2,103919.0,102623.8,102948.0,880246.6,8802.466,908923476.57576,1,2025-05-09 08:00:00
102948.0,103265.9,102388.0,102896.7,714559.77,7145.5977,734084573.07139,1,2025-05-09 09:00:00
102896.7,103432.6,102769.2,103316.0,327807.9,3278.079,337988095.0157,1,2025-05-09 10:00:00
103316.0,103478.0,102623.0,102909.0,428494.44,4284.9444,441595280.31182,1,2025-05-09 11:00:00
102909.0,103111.3,102755.9,102854.1,251197.33,2511.9733,258512069.78088,1,2025-05-09 12:00:00
102854.1,103732.0,102771.3,103565.6,481709.02,4817.0902,497708674.49027,1,2025-05-09 13:00:00
103565.6,103695.3,102359.0,103099.9,850911.72,8509.1172,876169583.43452,1,2025-05-09 14:00:00
103099.9,103277.6,102639.6,102848.5,376697.11,3766.9711,387565251.07848,1,2025-05-09 15:00:00
102848.6,102897.8,102241.7,102434.8,384722.39,3847.2239,394757472.70376,1,2025-05-09 16:00:00
102434.8,103190.2,102289.7,103160.9,381430.17,3814.3017,392237903.18266,1,2025-05-09 17:00:00
103160.9,103329.9,102891.9,103123.9,187286.14,1872.8614,193221796.10284,1,2025-05-09 18:00:00
103123.9,103240.0,102835.8,103138.0,148642.14,1486.4214,153147456.94143,1,2025-05-09 19:00:00
103137.9,103363.1,103085.6,103137.9,112349.41,1123.4941,115964879.95973,1,2025-05-09 20:00:00
103137.9,103166.9,102721.0,102942.6,142669.04,1426.6904,146791779.53416,1,2025-05-09 21:00:00
102942.6,103038.0,102704.7,102746.8,93979.73,939.7973,96703573.76295,1,2025-05-09 22:00:00
102746.9,102950.0,102701.0,102946.2,84798.15,847.9815,87234203.34442,1,2025-05-09 23:00:00
102946.2,103087.8,102777.6,102815.0,167408.86,1674.0886,172312123.1939,1,2025-05-10 00:00:00
102815.0,103068.0,102798.8,102925.2,156661.47,1566.6147,161236724.95638,1,2025-05-10 01:00:00
102925.2,103228.3,102896.2,103098.0,135409.4,1354.094,139593641.30468,1,2025-05-10 02:00:00
103098.0,103204.3,102924.3,103176.6,116230.94,1162.3094,119798962.7733,1,2025-05-10 03:00:00
103176.6,103187.3,102977.5,103121.6,82402.24,824.0224,84947566.67528,1,2025-05-10 04:00:00
103121.6,103320.0,103026.1,103315.0,145618.34,1456.1834,150226279.4428,1,2025-05-10 05:00:00
103314.9,103925.7,103313.3,103911.8,527865.53,5278.6553,546880743.9781,1,2025-05-10 06:00:00
103911.9,104096.4,103607.7,103730.1,338310.56,3383.1056,351218806.69956,1,2025-05-10 07:00:00
103730.1,104080.5,103419.9,103588.9,387469.99,3874.6999,402016021.61881,1,2025-05-10 08:00:00
103588.9,103891.0,103332.8,103738.5,323963.81,3239.6381,335592751.88827,1,2025-05-10 09:00:00
103738.6,103863.7,103515.8,103553.8,151332.63,1513.3263,156951723.29166,1,2025-05-10 10:00:00
103553.9,103629.9,103354.0,103400.0,197366.07,1973.6607,204251079.00904,1,2025-05-10 11:00:00
103399.9,103801.7,103389.6,103664.9,185912.69,1859.1269,192699801.55079,1,2025-05-10 12:00:00
103664.9,103770.6,103500.0,103603.8,123997.35,1239.9735,128478860.86983,1,2025-05-10 13:00:00
103603.7,103647.4,103342.3,103491.7,129025.58,1290.2558,133527631.7696,1,2025-05-10 14:00:00
103491.7,103507.1,103051.0,103084.2,253007.15,2530.0715,261275998.10472,1,2025-05-10 15:00:00
103084.2,103521.9,103084.1,103410.0,231191.41,2311.9141,238788030.63187,1,2025-05-10 16:00:00
103410.0,103594.2,103123.0,103136.4,226826.04,2268.2604,234453233.81997,1,2025-05-10 17:00:00
103136.3,103278.2,102967.1,103198.0,199270.74,1992.7074,205565869.16543,1,2025-05-10 18:00:00
103198.0,103272.8,103030.5,103160.3,113494.5,1134.945,117081221.64047,1,2025-05-10 19:00:00
103160.3,103292.2,103024.3,103151.5,67315.97,673.1597,69460678.60937,1,2025-05-10 20:00:00
103151.6,103770.0,103126.1,103709.7,123975.35,1239.7535,128235556.19428,1,2025-05-10 21:00:00
103709.7,103816.8,103515.0,103546.6,151024.0,1510.24,156522353.06273,1,2025-05-10 22:00:00
103546.2,104962.6,103520.1,104787.8,903416.84,9034.1684,944083038.92987,1,2025-05-10 23:00:00
104787.3,104937.5,103891.2,104395.2,514863.11,5148.6311,537556367.8746,1,2025-05-11 00:00:00
104395.3,104520.0,103826.8,104098.7,273741.34,2737.4134,285278832.77747,1,2025-05-11 01:00:00
104098.8,104240.0,103383.4,103710.0,408931.83,4089.3183,424592313.97022,1,2025-05-11 02:00:00
103710.0,104146.1,103592.3,103948.0,172993.17,1729.9317,179707874.84776,1,2025-05-11 03:00:00
103948.0,104349.8,103935.4,104109.8,178061.65,1780.6165,185506320.88739,1,2025-05-11 04:00:00
104109.7,104162.4,103767.7,103801.2,128740.23,1287.4023,133794783.88332,1,2025-05-11 05:00:00
103801.3,103940.0,103566.0,103808.9,205683.68,2056.8368,213405086.09387,1,2025-05-11 06:00:00
103808.9,103820.0,103294.2,103347.2,383339.84,3833.3984,396932380.09631,1,2025-05-11 07:00:00
103347.1,103983.3,103340.0,103773.9,246159.62,2461.5962,255440515.23078,1,2025-05-11 08:00:00
103773.9,104435.0,103768.3,104296.0,326402.99,3264.0299,340021632.71864,1,2025-05-11 09:00:00
104295.2,104631.2,104129.4,104600.2,255657.25,2556.5725,266848363.50838,1,2025-05-11 10:00:00
104600.2,104736.9,104315.0,104604.1,217725.6,2177.256,227573688.66287,1,2025-05-11 11:00:00
104604.1,104855.0,104475.5,104552.6,275537.71,2755.3771,288412371.36394,1,2025-05-11 12:00:00
104552.6,104623.5,103911.0,103938.6,345502.08,3455.0208,360278526.96185,1,2025-05-11 13:00:00
103938.6,104256.9,103738.6,104132.0,396163.64,3961.6364,411972903.53809,1,2025-05-11 14:00:00
104132.0,104650.0,103852.3,104088.1,409942.33,4099.4233,427315493.58133,1,2025-05-11 15:00:00
104088.1,104137.0,103691.9,103949.6,285896.26,2858.9626,297027274.5825,1,2025-05-11 16:00:00
103949.6,104120.1,103745.4,103988.3,220236.91,2202.3691,228892845.81809,1,2025-05-11 17:00:00
103988.2,104780.0,103800.0,104483.4,301025.29,3010.2529,314116440.77147,1,2025-05-11 18:00:00
104483.4,104621.8,104310.0,104375.1,145692.25,1456.9225,152207800.89937,1,2025-05-11 19:00:00
104375.2,104410.5,104100.1,104222.6,111943.65,1119.4365,116727422.55325,1,2025-05-11 20:00:00
104222.6,104340.0,103900.0,104302.4,132711.83,1327.1183,138145156.24872,1,2025-05-11 21:00:00
104302.5,104543.7,103500.0,103748.7,305016.49,3050.1649,316819796.71484,1,2025-05-11 22:00:00
103748.7,104093.7,103714.0,104066.0,131554.6,1315.546,136668537.31336,1,2025-05-11 23:00:00
104065.9,104588.0,104020.0,104537.9,266602.06,2666.0206,278264047.38152,1,2025-05-12 00:00:00
104538.0,105137.1,103700.0,103949.4,717654.16,7176.5416,749630672.60736,1,2025-05-12 01:00:00
103949.4,104165.7,103678.0,103860.0,317406.77,3174.0677,329986554.93676,1,2025-05-12 02:00:00
103860.0,104061.1,103677.1,104059.9,189351.4,1893.514,196666038.46331,1,2025-05-12 03:00:00
104059.9,104130.0,103780.0,104019.3,141989.8,1419.898,147645767.60803,1,2025-05-12 04:00:00
104019.3,104040.5,103712.1,103913.9,137254.48,1372.5448,142538023.42915,1,2025-05-12 05:00:00
103913.9,104362.3,103754.6,104331.9,271555.54,2715.5554,282876853.75702,1,2025-05-12 06:00:00
104332.0,105834.5,104108.7,104431.5,1868195.03,18681.9503,1962975009.52881,1,2025-05-12 07:00:00
104431.5,104694.5,104025.0,104558.1,412822.21,4128.2221,430726806.24042,1,2025-05-12 08:00:00
104558.1,104624.0,104317.1,104405.0,186355.73,1863.5573,194613775.8899,1,2025-05-12 09:00:00
104405.1,104497.0,104111.0,104474.9,237331.12,2373.3112,247571704.61716,1,2025-05-12 10:00:00
104474.9,104580.2,103566.0,103714.9,486209.71,4862.0971,505940062.89793,1,2025-05-12 11:00:00
103714.8,104094.0,103671.7,103840.0,351957.33,3519.5733,365709833.10252,1,2025-05-12 12:00:00
103840.1,104628.1,103622.1,104285.7,805182.64,8051.8264,838205621.29316,1,2025-05-12 13:00:00
104285.7,104350.0,102520.1,102760.5,1308442.51,13084.4251,1350987425.88221,1,2025-05-12 14:00:00
102760.6,103164.2,102309.9,102480.1,769858.61,7698.5861,790520526.93106,1,2025-05-12 15:00:00
102480.1,103030.4,102381.0,102810.9,400822.24,4008.2224,412014036.33684,1,2025-05-12 16:00:00
102810.9,103043.5,102480.0,102512.7,272342.22,2723.4222,279925689.62854,1,2025-05-12 17:00:00
102512.8,102620.0,100700.0,101595.9,1641677.26,16416.7726,1667262194.02024,1,2025-05-12 18:00:00
101596.0,102081.3,101440.0,101817.1,413544.35,4135.4435,421016872.86818,1,2025-05-12 19:00:00
101816.3,102844.0,101728.2,102629.8,335724.72,3357.2472,343590999.99571,1,2025-05-12 20:00:00
102629.8,102703.6,102296.3,102453.2,185162.77,1851.6277,189733973.39492,1,2025-05-12 21:00:00
102453.3,102898.0,102310.0,102818.0,166121.55,1661.2155,170547111.98001,1,2025-05-12 22:00:00
102819.9,103095.3,102740.0,102740.0,203243.26,2032.4326,209184293.64049,1,2025-05-12 23:00:00
102740.1,102749.6,102130.4,102234.0,246795.71,2467.9571,252818237.14727,1,2025-05-13 00:00:00
102234.0,102679.0,102023.1,102365.3,277465.21,2774.6521,284065291.65774,1,2025-05-13 01:00:00
102365.3,102680.0,101650.0,102028.1,456194.22,4561.9422,465533988.3015,1,2025-05-13 02:00:00
102028.1,102139.0,101368.5,101678.7,384044.97,3840.4497,390430837.64151,1,2025-05-13 03:00:00
101678.6,102717.0,101575.0,102683.2,406984.99,4069.8499,416130586.99089,1,2025-05-13 04:00:00
102683.2,102683.3,102213.3,102420.0,216802.6,2168.026,222133997.67202,1,2025-05-13 05:00:00
102419.9,102630.0,102289.0,102500.0,151559.24,1515.5924,155317918.12619,1,2025-05-13 06:00:00
102500.0,102908.0,102499.9,102624.0,192758.25,1927.5825,197985362.09694,1,2025-05-13 07:00:00
102624.0,102913.9,102474.1,102665.0,323373.03,3233.7303,332103114.66873,1,2025-05-13 08:00:00
102665.0,103474.8,102665.0,103404.5,378614.37,3786.1437,390689940.45694,1,2025-05-13 09:00:00
103404.5,103570.0,103214.5,103510.5,260995.75,2609.9575,269895377.43521,1,2025-05-13 10:00:00
103510.6,103792.8,103404.7,103683.4,304820.89,3048.2089,315871077.60929,1,2025-05-13 11:00:00
103683.3,103934.5,103265.9,103644.1,824668.59,8246.6859,854990241.49226,1,2025-05-13 12:00:00
103644.1,103898.0,103358.0,103677.9,525698.99,5256.9899,544819128.21726,1,2025-05-13 13:00:00
103680.0,103714.0,102762.1,103152.0,597112.87,5971.1287,615895305.1759,1,2025-05-13 14:00:00
103152.1,103858.0,103100.0,103654.2,407532.56,4075.3256,422232129.35311,1,2025-05-13 15:00:00
103654.2,104399.0,103503.2,103677.6,680898.4,6808.984,708133725.35026,1,2025-05-13 16:00:00
103677.7,104277.3,103666.1,104220.0,262411.64,2624.1164,272714879.06825,1,2025-05-13 17:00:00
104219.9,104394.8,104036.1,104319.4,191566.97,1915.6697,199709803.98237,1,2025-05-13 18:00:00
104319.4,104975.2,104106.0,104751.6,497987.54,4979.8754,520807747.88176,1,2025-05-13 19:00:00
104751.5,104905.6,104350.0,104515.0,190584.99,1905.8499,199266628.45267,1,2025-05-13 20:00:00
104514.8,104584.8,104125.0,104296.8,141079.72,1410.7972,147250187.88876,1,2025-05-13 21:00:00
104296.8,104395.3,104051.8,104088.0,138344.47,1383.4447,144136340.13423,1,2025-05-13 22:00:00
104088.1,104253.9,103832.7,104088.1,166544.5,1665.445,173290915.14239,1,2025-05-13 23:00:00
104088.1,104090.1,103720.0,103864.1,207786.92,2077.8692,215860016.97534,1,2025-05-14 00:00:00
103864.1,104043.8,103638.8,103681.8,259440.03,2594.4003,269487435.57959,1,2025-05-14 01:00:00
103681.9,103746.0,103423.9,103674.9,226107.8,2261.078,234252749.19157,1,2025-05-14 02:00:00
103675.0,103746.0,103411.0,103549.9,138144.11,1381.4411,143028709.12871,1,2025-05-14 03:00:00
103549.8,103828.3,103420.0,103716.0,156703.04,1567.0304,162391059.00203,1,2025-05-14 04:00:00
103715.9,103948.0,103660.0,103855.4,198047.61,1980.4761,205597474.79156,1,2025-05-14 05:00:00
103855.3,103920.0,103612.0,103700.8,139905.38,1399.0538,145126067.69938,1,2025-05-14 06:00:00
103700.9,103750.0,103329.6,103657.7,274928.36,2749.2836,284611712.81232,1,2025-05-14 07:00:00
103657.8,103848.0,103147.7,103149.9,417563.36,4175.6336,432037393.53779,1,2025-05-14 08:00:00
103150.0,103433.4,102789.0,103428.1,568094.12,5680.9412,585646551.50211,1,2025-05-14 09:00:00
103428.1,103884.0,103400.0,103659.9,351408.03,3514.0803,364251766.19216,1,2025-05-14 10:00:00
103659.9,104135.4,103659.9,103909.7,233854.82,2338.5482,243046905.85874,1,2025-05-14 11:00:00
103909.6,104174.6,103859.0,103955.3,189431.82,1894.3182,197065478.42094,1,2025-05-14 12:00:00
103955.3,104329.2,103440.0,103924.1,516785.11,5167.8511,536723614.54454,1,2025-05-14 13:00:00
103924.1,103924.1,102858.7,103225.4,653358.56,6533.5856,674845611.76505,1,2025-05-14 14:00:00
103225.4,103523.2,102805.5,103476.1,375609.74,3756.0974,387575622.8933,1,2025-05-14 15:00:00
103476.1,103570.1,103127.5,103330.5,270108.15,2701.0815,279258729.13362,1,2025-05-14 16:00:00
103330.5,103399.7,102555.0,103224.0,500388.84,5003.8884,515227076.6167,1,2025-05-14 17:00:00
103224.0,103510.2,102982.9,103477.8,227948.33,2279.4833,235391109.49407,1,2025-05-14 18:00:00
103477.7,103691.9,103194.8,103279.1,193773.35,1937.7335,200504949.50857,1,2025-05-14 19:00:00
103279.1,103600.0,103249.6,103501.7,113406.75,1134.0675,117279720.0921,1,2025-05-14 20:00:00
103501.6,103627.6,103370.0,103601.1,89220.71,892.2071,92343812.0213,1,2025-05-14 21:00:00
103601.0,103610.0,103379.6,103460.4,79475.9,794.759,82228274.72651,1,2025-05-14 22:00:00
103460.4,103568.3,103296.3,103450.2,79742.48,797.4248,82498399.23563,1,2025-05-14 23:00:00
103450.3,103818.0,103439.9,103755.9,151708.6,1517.086,157307869.29225,1,2025-05-15 00:00:00
103755.9,103756.1,102918.0,102988.1,341241.24,3412.4124,352414698.65742,1,2025-05-15 01:00:00
102988.0,103175.8,102856.2,103000.9,239284.58,2392.8458,246497001.78502,1,2025-05-15 02:00:00
103000.8,103109.1,102678.0,102712.1,192139.09,1921.3909,197587923.10039,1,2025-05-15 03:00:00
102712.0,102939.6,102660.0,102857.9,127805.39,1278.0539,131386272.01198,1,2025-05-15 04:00:00
102857.9,102886.4,102280.1,102330.1,303343.65,3033.4365,310896035.98196,1,2025-05-15 05:00:00
102330.1,102650.0,102088.1,102215.5,310590.66,3105.9066,317815160.50265,1,2025-05-15 06:00:00
102215.4,102399.0,101682.6,101746.2,439608.73,4396.0873,448128210.34135,1,2025-05-15 07:00:00
101746.2,102286.0,101725.8,102222.0,301603.4,3016.034,307857557.01736,1,2025-05-15 08:00:00
102222.0,102223.8,101464.4,101786.9,394006.49,3940.0649,401004316.37151,1,2025-05-15 09:00:00
101786.9,101897.0,101556.0,101774.0,203182.1,2031.821,206694646.71688,1,2025-05-15 10:00:00
101774.1,102405.5,101742.5,102324.4,306791.72,3067.9172,313401068.54349,1,2025-05-15 11:00:00
102324.3,102800.0,102211.7,102515.9,531486.29,5314.8629,544997519.98181,1,2025-05-15 12:00:00
102515.9,102750.0,101500.0,102096.0,617228.94,6172.2894,630601074.98894,1,2025-05-15 13:00:00
102096.0,102366.5,101324.0,101939.5,654293.4,6542.934,666210852.17964,1,2025-05-15 14:00:00
101939.5,103255.0,101880.0,103209.3,741472.64,7414.7264,761542028.92119,1,2025-05-15 15:00:00
103209.3,103810.0,102978.1,103807.0,589857.93,5898.5793,609666365.59487,1,2025-05-15 16:00:00
103807.5,104172.9,103601.1,103930.0,433959.76,4339.5976,450884503.02764,1,2025-05-15 17:00:00
103930.0,103970.0,102600.0,102645.9,595220.68,5952.2068,614953087.22577,1,2025-05-15 18:00:00
102645.9,103188.0,102503.9,103110.0,367057.94,3670.5794,377707716.69114,1,2025-05-15 19:00:00
103110.1,103444.8,102842.0,103391.8,269811.46,2698.1146,278466711.32666,1,2025-05-15 20:00:00
103391.8,103391.8,102660.2,103240.3,158467.44,1584.6744,163280219.86394,1,2025-05-15 21:00:00
103240.2,103975.4,103196.0,103457.5,379123.12,3791.2312,392954512.98858,1,2025-05-15 22:00:00
103457.5,103866.0,103185.7,103723.9,291321.69,2913.2169,301696293.66399,1,2025-05-15 23:00:00
103723.8,104009.4,103621.2,103731.8,290458.94,2904.5894,301560633.34015,1,2025-05-16 00:00:00
103731.7,104088.0,103438.7,104025.3,293640.72,2936.4072,304831722.13538,1,2025-05-16 01:00:00
104025.3,104438.5,103898.0,104166.1,425454.73,4254.5473,443256215.0162,1,2025-05-16 02:00:00
104166.1,104309.6,103966.6,103997.2,178867.4,1788.674,186246092.52116,1,2025-05-16 03:00:00
103997.2,104164.0,103772.0,103887.7,186256.97,1862.5697,193570936.60595,1,2025-05-16 04:00:00
103887.7,104120.0,103800.0,103877.5,149906.05,1499.0605,155851170.39509,1,2025-05-16 05:00:00
103877.5,104061.9,103843.6,103952.0,134117.31,1341.1731,139414906.16686,1,2025-05-16 06:00:00
103952.0,104161.6,103650.3,103672.7,266818.36,2668.1836,277137205.42652,1,2025-05-16 07:00:00
103672.6,103743.8,103066.0,103368.1,476003.29,4760.0329,491832470.00974,1,2025-05-16 08:00:00
103368.2,103772.0,103368.2,103759.7,272751.85,2727.5185,282634238.68617,1,2025-05-16 09:00:00
103759.6,103839.9,103584.7,103752.4,163679.86,1636.7986,169795956.81876,1,2025-05-16 10:00:00
103752.4,103867.6,103505.1,103621.4,148461.0,1484.61,153900181.3908,1,2025-05-16 11:00:00
103621.5,103732.0,103442.9,103454.9,152495.24,1524.9524,157956149.92082,1,2025-05-16 12:00:00
103455.0,104050.0,103380.0,103955.6,305219.9,3052.199,316598829.38742,1,2025-05-16 13:00:00
103955.5,103955.5,103288.0,103535.8,434826.98,4348.2698,450479686.81481,1,2025-05-16 14:00:00
103535.9,104247.0,103535.9,104131.6,460656.39,4606.5639,478754903.68833,1,2025-05-16 15:00:00
104131.7,104541.6,103728.7,104094.3,773593.77,7735.9377,805325964.68297,1,2025-05-16 16:00:00
104094.4,104342.3,103710.8,103814.2,268501.96,2685.0196,279353158.82152,1,2025-05-16 17:00:00
103814.3,104049.2,103639.3,103639.3,150577.08,1505.7708,156365516.16649,1,2025-05-16 18:00:00
103639.3,103990.0,103530.0,103960.0,163321.13,1633.2113,169401130.54068,1,2025-05-16 19:00:00
103960.0,103977.1,103452.0,103630.4,143761.34,1437.6134,149050137.68782,1,2025-05-16 20:00:00
103630.4,103743.7,103432.2,103554.5,128980.27,1289.8027,133633126.9179,1,2025-05-16 21:00:00
103554.4,103562.4,103352.7,103464.5,104412.69,1044.1269,107978407.74633,1,2025-05-16 22:00:00
103464.5,103637.7,103366.6,103411.5,114845.94,1148.4594,118882528.47324,1,2025-05-16 23:00:00
103411.5,103500.0,103037.1,103300.0,293752.22,2937.5222,303324302.57427,1,2025-05-17 00:00:00
103300.1,103300.1,102559.8,102779.0,360598.32,3605.9832,370804047.57724,1,2025-05-17 01:00:00
102779.0,103316.7,102686.0,103227.6,278236.69,2782.3669,286669874.99823,1,2025-05-17 02:00:00
103227.6,103544.4,103110.0,103466.3,168303.41,1683.0341,173902473.47356,1,2025-05-17 03:00:00
103466.3,103624.0,103416.0,103601.3,191280.41,1912.8041,198014855.72822,1,2025-05-17 04:00:00
103601.4,103665.8,103280.0,103304.0,141046.83,1410.4683,145945562.68834,1,2025-05-17 05:00:00
103303.9,103462.0,103239.8,103441.2,107749.18,1077.4918,111397945.74236,1,2025-05-17 06:00:00
103441.2,103598.4,103380.0,103394.5,105901.14,1059.0114,109588192.89454,1,2025-05-17 07:00:00
103394.5,103515.2,103081.4,103363.8,212530.06,2125.3006,219597943.29446,1,2025-05-17 08:00:00
103363.8,103492.6,102777.0,102861.2,368842.76,3688.4276,379960808.10638,1,2025-05-17 09:00:00
102861.2,103007.1,102780.0,102836.8,154653.34,1546.5334,159135970.4215,1,2025-05-17 10:00:00
102836.7,103056.0,102707.2,102946.2,169300.3,1693.003,174122858.74636,1,2025-05-17 11:00:00
102946.3,103026.1,102845.9,102901.2,97775.69,977.7569,100643797.73776,1,2025-05-17 12:00:00
102901.2,103067.8,102590.9,102674.0,229495.29,2294.9529,235910463.57147,1,2025-05-17 13:00:00
102674.0,103154.2,102664.8,103084.8,247327.6,2473.276,254715336.70507,1,2025-05-17 14:00:00
103084.8,103130.0,102888.0,102888.1,150615.87,1506.1587,155139605.75292,1,2025-05-17 15:00:00
102888.1,103072.9,102712.6,102911.9,181729.15,1817.2915,186930344.69778,1,2025-05-17 16:00:00
102911.9,103254.3,102890.8,103078.0,173192.18,1731.9218,178593560.71099,1,2025-05-17 17:00:00
103078.1,103322.2,102922.0,102952.0,210135.97,2101.3597,216665699.75176,1,2025-05-17 18:00:00
102952.0,103155.2,102877.8,103109.0,60748.77,607.4877,62591988.03921,1,2025-05-17 19:00:00
103109.0,103397.0,103031.6,103331.9,79570.41,795.7041,82130513.39459,1,2025-05-17 20:00:00
103332.0,103446.9,103078.2,103210.6,106510.23,1065.1023,109964225.46714,1,2025-05-17 21:00:00
103210.6,103216.1,102852.0,102998.6,127816.13,1278.1613,131626970.95433,1,2025-05-17 22:00:00
102998.7,103180.0,102913.9,103093.0,52715.22,527.1522,54344717.29008,1,2025-05-17 23:00:00
103093.0,103374.5,103060.0,103330.1,106553.02,1065.5302,110004745.49827,1,2025-05-18 00:00:00
103330.0,103362.5,103100.1,103217.2,77085.19,770.8519,79570430.63589,1,2025-05-18 01:00:00
103217.3,103317.9,103202.2,103294.0,51454.77,514.5477,53133671.22956,1,2025-05-18 02:00:00
103293.9,103359.5,103102.0,103245.4,103129.21,1031.2921,106442494.66375,1,2025-05-18 03:00:00
103245.4,103406.4,103245.4,103315.7,100661.32,1006.6132,104021830.40847,1,2025-05-18 04:00:00
103315.7,103648.0,103315.6,103605.0,172110.29,1721.1029,178078789.67574,1,2025-05-18 05:00:00
103604.9,103631.9,103328.4,103429.7,139647.92,1396.4792,144482018.01099,1,2025-05-18 06:00:00
103429.7,103949.9,103395.6,103890.0,233496.91,2334.9691,242110571.80108,1,2025-05-18 07:00:00
103890.0,104063.2,103780.0,103884.8,265490.22,2654.9022,275889402.62834,1,2025-05-18 08:00:00
103884.7,103996.6,103800.0,103840.2,140700.7,1407.007,146186572.14281,1,2025-05-18 09:00:00
103840.1,103905.0,103766.7,103834.0,86682.2,866.822,89996147.96308,1,2025-05-18 10:00:00
103833.9,103970.9,103757.4,103760.0,82222.55,822.2255,85387978.07244,1,2025-05-18 11:00:00
103760.1,103916.2,103660.0,103915.9,131823.96,1318.2396,136835085.53692,1,2025-05-18 12:00:00
103915.8,104774.5,103861.1,104704.0,480814.09,4808.1409,501661274.10486,1,2025-05-18 13:00:00
104704.1,105550.0,104517.5,105246.0,840803.8,8408.038,882974629.41349,1,2025-05-18 14:00:00
105246.1,105666.0,104937.3,105480.5,498269.83,4982.6983,524664673.79409,1,2025-05-18 15:00:00
105480.6,105970.0,105134.1,105794.2,518236.01,5182.3601,547181506.08995,1,2025-05-18 16:00:00
105794.3,105880.0,104788.0,104795.6,685420.46,6854.2046,722285385.96603,1,2025-05-18 17:00:00
104795.1,104875.0,103935.0,104458.3,887927.84,8879.2784,926885014.26058,1,2025-05-18 18:00:00
104458.3,104709.9,103804.0,103835.7,387048.01,3870.4801,403315499.24614,1,2025-05-18 19:00:00
103835.7,104205.3,103214.4,104015.0,673241.68,6732.4168,697989940.61961,1,2025-05-18 20:00:00
104015.1,104597.5,104015.0,104136.5,287089.98,2870.8998,299509046.5778,1,2025-05-18 21:00:00
104136.5,105957.0,103915.4,105913.6,794831.59,7948.3159,834725090.52682,1,2025-05-18 22:00:00
105913.6,106654.0,105439.6,106435.0,795239.32,7952.3932,842801221.93913,1,2025-05-18 23:00:00
106435.0,107149.2,105127.9,105230.5,1147864.12,11478.6412,1218514021.63679,1,2025-05-19 00:00:00
105230.6,105388.0,104690.5,105020.4,546631.57,5466.3157,573947968.03653,1,2025-05-19 01:00:00
105020.4,105148.3,104528.9,104611.1,386297.55,3862.9755,404750745.07198,1,2025-05-19 02:00:00
104611.2,104611.2,103505.5,103565.9,706662.15,7066.6215,734858763.81846,1,2025-05-19 03:00:00
103565.9,103720.0,102717.0,102959.0,1061881.29,10618.8129,1095833542.07993,1,2025-05-19 04:00:00
102959.0,103087.6,102460.0,102990.0,699300.93,6993.0093,719096428.12765,1,2025-05-19 05:00:00
102989.9,103147.5,102025.0,102169.8,621615.22,6216.1522,637089218.42312,1,2025-05-19 06:00:00
102169.8,103287.3,102133.0,103166.7,494128.3,4941.283,508027426.76825,1,2025-05-19 07:00:00
103166.7,103314.0,102867.5,103190.6,297723.15,2977.2315,306999090.2274,1,2025-05-19 08:00:00
103190.5,103387.7,102940.3,103022.8,308666.96,3086.6696,318389774.38877,1,2025-05-19 09:00:00
103022.9,103039.7,102800.0,102875.5,265133.47,2651.3347,272859705.29618,1,2025-05-19 10:00:00
102875.5,103018.9,102730.7,102907.3,158897.78,1588.9778,163503262.2331,1,2025-05-19 11:00:00
102907.3,102907.4,102100.0,102426.4,431052.97,4310.5297,441614094.98053,1,2025-05-19 12:00:00
102426.5,103485.8,102278.1,103240.4,606908.29,6069.0829,624552263.53239,1,2025-05-19 13:00:00
103240.4,104333.0,103141.0,104277.4,778495.35,7784.9535,807336922.68251,1,2025-05-19 14:00:00
104277.5,104931.5,104218.0,104750.5,735704.75,7357.0475,769500206.59952,1,2025-05-19 15:00:00
104750.5,105415.6,104456.0,105331.1,837041.22,8370.4122,878260558.19745,1,2025-05-19 16:00:00
105331.0,105523.7,104892.8,105346.5,705654.0,7056.54,742801991.96624,1,2025-05-19 17:00:00
105346.4,105548.0,104676.6,104749.9,529823.49,5298.2349,556549994.37395,1,2025-05-19 18:00:00
104750.0,105510.0,104601.1,105468.6,400730.22,4007.3022,421228741.69552,1,2025-05-19 19:00:00
105468.3,105766.2,105291.3,105429.4,293866.8,2938.668,310095867.23938,1,2025-05-19 20:00:00
105429.4,105478.9,104969.8,105413.0,160311.69,1603.1169,168675883.32708,1,2025-05-19 21:00:00
105413.0,105627.1,105150.0,105518.0,168078.22,1680.7822,177116592.44969,1,2025-05-19 22:00:00
105518.0,105800.0,105420.0,105534.5,146333.17,1463.3317,154548350.24476,1,2025-05-19 23:00:00
105534.5,106580.0,105522.0,105686.0,836441.49,8364.4149,886200699.43522,1,2025-05-20 00:00:00
105686.0,106790.8,105662.8,106424.5,549427.63,5494.2763,583948031.25913,1,2025-05-20 01:00:00
106424.5,106853.0,105965.0,106080.0,484464.06,4844.6406,515617933.75582,1,2025-05-20 02:00:00
106080.0,106159.0,105484.0,105729.3,428088.7,4280.887,453050487.76552,1,2025-05-20 03:00:00
105729.3,106231.0,105500.9,106202.0,306274.16,3062.7416,324045907.28596,1,2025-05-20 04:00:00
106202.0,106384.3,106037.4,106075.9,300456.82,3004.5682,319146085.54028,1,2025-05-20 05:00:00
106075.9,106180.0,105322.1,105423.7,351166.35,3511.6635,370888880.63532,1,2025-05-20 06:00:00
105423.7,105710.0,104880.7,104990.2,455543.04,4555.4304,479639249.5968,1,2025-05-20 07:00:00
104990.2,105227.6,104809.3,105191.8,338519.41,3385.1941,355582236.44943,1,2025-05-20 08:00:00
105191.9,105359.0,105151.2,105242.8,193962.64,1939.6264,204185911.02742,1,2025-05-20 09:00:00
105242.8,105375.1,104971.4,104982.5,198028.47,1980.2847,208178140.29536,1,2025-05-20 10:00:00
104982.6,105327.0,104859.6,105160.6,276340.26,2763.4026,290417702.38475,1,2025-05-20 11:00:00
105160.6,105171.2,104612.1,104729.5,364596.64,3645.9664,382174347.49255,1,2025-05-20 12:00:00
104729.6,104833.3,104137.9,104403.6,598033.62,5980.3362,624529619.96398,1,2025-05-20 13:00:00
104403.6,104967.3,104252.9,104470.0,442203.7,4422.037,462778036.63212,1,2025-05-20 14:00:00
104470.0,105348.1,104434.4,105291.6,371820.79,3718.2079,390497162.98604,1,2025-05-20 15:00:00
105291.6,105481.2,105033.4,105161.9,287991.15,2879.9115,303191603.57361,1,2025-05-20 16:00:00
105162.0,106280.0,105161.9,106144.1,601859.46,6018.5946,637641004.00959,1,2025-05-20 17:00:00
106144.1,106376.9,105132.0,105235.0,655062.06,6550.6206,692718864.27971,1,2025-05-20 18:00:00
105235.0,107233.5,105132.9,106983.8,956707.63,9567.0763,1018116071.43105,1,2025-05-20 19:00:00
106983.8,107286.3,106372.0,106882.3,641902.31,6419.0231,685523578.93282,1,2025-05-20 20:00:00
106880.7,107199.9,106100.1,106577.1,380508.74,3805.0874,405729435.54173,1,2025-05-20 21:00:00
106577.1,106873.6,105888.0,106732.6,387851.12,3878.5112,412454956.7783,1,2025-05-20 22:00:00
106732.6,107170.0,106580.0,106788.5,341464.6,3414.646,364891012.72426,1,2025-05-20 23:00:00
106788.4,107173.7,106412.3,106699.9,325320.4,3253.204,347267943.58318,1,2025-05-21 00:00:00
106700.0,107037.8,106350.0,106434.0,244094.48,2440.9448,260524764.8322,1,2025-05-21 01:00:00
106434.1,106870.2,106127.3,106799.8,390667.22,3906.6722,415863302.16392,1,2025-05-21 02:00:00
106799.8,107055.7,106697.1,106790.3,293925.82,2939.2582,314236789.52384,1,2025-05-21 03:00:00
106790.4,107700.0,106672.0,107253.1,676055.6,6760.556,725552366.39925,1,2025-05-21 04:00:00
107253.2,107695.0,107245.0,107500.2,431990.39,4319.9039,464388758.6215,1,2025-05-21 05:00:00
107500.2,107998.3,107268.0,107710.1,572701.54,5727.0154,617167632.02053,1,2025-05-21 06:00:00
107710.1,107835.2,106413.3,106466.1,835338.8,8353.388,892946325.24327,1,2025-05-21 07:00:00
106466.1,106750.0,106288.2,106337.8,375514.94,3755.1494,399700221.33114,1,2025-05-21 08:00:00
106337.8,106491.5,106038.5,106154.9,312434.07,3124.3407,331898636.15879,1,2025-05-21 09:00:00
106154.8,106416.6,106100.0,106300.0,272478.47,2724.7847,289545501.92845,1,2025-05-21 10:00:00
106299.9,106680.0,106228.3,106493.3,308403.27,3084.0327,328443118.12789,1,2025-05-21 11:00:00
106493.4,106849.9,106355.2,106515.5,247609.02,2476.0902,263949253.11907,1,2025-05-21 12:00:00
106515.6,107609.8,106271.7,107199.9,699971.8,6999.718,748839392.28325,1,2025-05-21 13:00:00
107200.0,108989.0,106939.6,108967.6,1502601.97,15026.0197,1622482113.89526,1,2025-05-21 14:00:00
108967.5,109444.0,108286.3,108930.0,1713037.81,17130.3781,1865602536.7637,1,2025-05-21 15:00:00
108929.9,109839.1,108650.0,109084.4,1008489.1,10084.891,1102618945.71112,1,2025-05-21 16:00:00
109084.4,109307.3,106062.2,106553.9,3198601.92,31986.0192,3432779949.88789,1,2025-05-21 17:00:00
106553.9,107358.0,106280.0,106905.1,804770.39,8047.7039,859915090.2877,1,2025-05-21 18:00:00
106905.2,108796.8,106568.0,108560.0,1266775.84,12667.7584,1364731621.88731,1,2025-05-21 19:00:00
108560.0,108694.0,107686.6,108204.1,390617.28,3906.1728,422639895.08987,1,2025-05-21 20:00:00
108204.0,108500.0,107892.2,108363.0,207389.36,2073.8936,224506814.66845,1,2025-05-21 21:00:00
108362.9,109005.0,108232.8,108707.9,330830.29,3308.3029,359636393.85953,1,2025-05-21 22:00:00
108707.9,110817.8,108629.0,109609.1,1669393.82,16693.9382,1832548090.04006,1,2025-05-21 23:00:00
109609.2,110148.9,109143.5,109931.7,643855.61,6438.5561,706368254.2418,1,2025-05-22 00:00:00
109931.7,110533.0,109620.5,109885.6,521451.22,5214.5122,573926074.24472,1,2025-05-22 01:00:00
109885.5,110941.1,109800.0,110425.1,614330.62,6143.3062,678477792.68659,1,2025-05-22 02:00:00
110425.2,111873.3,110300.0,111741.5,1159511.75,11595.1175,1290038241.84552,1,2025-05-22 03:00:00
111741.5,111760.0,111193.7,111454.2,450810.9,4508.109,502438669.62876,1,2025-05-22 04:00:00
111454.2,111640.5,110796.5,110859.0,407414.37,4074.1437,453106904.39459,1,2025-05-22 05:00:00
110859.0,111151.1,110456.0,110592.0,529605.79,5296.0579,586828464.95648,1,2025-05-22 06:00:00
110592.0,111136.9,110450.0,111019.7,379148.57,3791.4857,420172468.04887,1,2025-05-22 07:00:00
111019.7,111149.9,110360.0,110383.9,429254.14,4292.5414,475115122.55326,1,2025-05-22 08:00:00
110384.0,110811.4,110246.0,110779.0,339883.38,3398.8338,375618091.64459,1,2025-05-22 09:00:00
110778.9,110943.6,110570.0,110776.0,252820.47,2528.2047,280095161.1319,1,2025-05-22 10:00:00
110776.0,111343.0,110474.1,110961.5,393904.77,3939.0477,436678288.47717,1,2025-05-22 11:00:00
110961.6,111582.0,110758.2,111559.9,518608.8,5186.088,577025049.97118,1,2025-05-22 12:00:00
111559.8,111578.1,110850.3,110870.9,668847.47,6688.4747,743702185.49886,1,2025-05-22 13:00:00
110871.0,111348.5,110500.9,110860.0,839210.05,8392.1005,930623129.21492,1,2025-05-22 14:00:00
110859.9,111487.3,110732.1,111254.5,438266.62,4382.6662,486952483.43015,1,2025-05-22 15:00:00
111254.9,111770.6,111040.1,111214.4,477893.96,4778.9396,532223571.56912,1,2025-05-22 16:00:00
111214.4,111987.0,111122.1,111462.2,553315.22,5533.1522,617838886.71757,1,2025-05-22 17:00:00
111462.2,111916.8,111328.0,111680.0,202124.21,2021.2421,225670917.40841,1,2025-05-22 18:00:00
111680.1,111868.1,110857.6,111137.8,404858.05,4048.5805,450852098.58534,1,2025-05-22 19:00:00
111138.0,111408.8,110769.0,111010.5,245977.27,2459.7727,273132968.27526,1,2025-05-22 20:00:00
111010.4,111050.1,110689.9,110791.9,141547.31,1415.4731,156920702.36534,1,2025-05-22 21:00:00
110792.0,111209.1,110792.0,110963.3,152825.04,1528.2504,169705739.56941,1,2025-05-22 22:00:00
110963.4,111677.0,110963.3,111645.9,198977.86,1989.7786,221606603.93904,1,2025-05-22 23:00:00
111646.0,111746.1,111325.3,111561.2,280215.92,2802.1592,312529368.00531,1,2025-05-23 00:00:00
111561.2,111683.0,111160.6,111298.4,228982.65,2289.8265,254923376.20495,1,2025-05-23 01:00:00
111298.3,111588.2,111137.1,111229.9,299298.17,2992.9817,333341495.69203,1,2025-05-23 02:00:00
111229.8,111346.1,110960.0,111054.0,213972.88,2139.7288,237737778.92433,1,2025-05-23 03:00:00
111054.1,111140.3,110479.2,110807.9,441443.21,4414.4321,488889871.38272,1,2025-05-23 04:00:00
110807.9,110924.9,110619.1,110820.0,181083.18,1810.8318,200572439.60927,1,2025-05-23 05:00:00
110820.0,110820.0,110369.1,110478.1,330982.98,3309.8298,365801331.8657,1,2025-05-23 06:00:00
110478.2,110841.3,110478.2,110702.9,251130.81,2511.3081,277972653.83658,1,2025-05-23 07:00:00
110702.9,110996.7,110700.0,110880.0,209199.74,2091.9974,231949502.37411,1,2025-05-23 08:00:00
110880.0,111332.1,110851.4,111272.3,298238.83,2982.3883,331388251.57504,1,2025-05-23 09:00:00
111272.2,111284.8,110760.0,111011.8,305949.29,3059.4929,339572507.64908,1,2025-05-23 10:00:00
111011.8,111053.2,108823.7,109053.3,1341153.12,13411.5312,1473268594.19207,1,2025-05-23 11:00:00
109053.3,109076.1,107265.7,108399.9,2168628.32,21686.2832,2348634297.32278,1,2025-05-23 12:00:00
108399.9,109693.2,107911.4,109600.0,1326621.89,13266.2189,1445520638.48448,1,2025-05-23 13:00:00
109599.9,109950.0,109449.6,109604.0,763341.36,7633.4136,837569342.8429,1,2025-05-23 14:00:00
109604.1,109800.0,108870.0,108899.9,659232.87,6592.3287,720491876.99811,1,2025-05-23 15:00:00
108899.8,109180.1,107958.5,109032.0,929310.34,9293.1034,1009351179.83643,1,2025-05-23 16:00:00
109032.0,109762.6,108970.1,109356.6,541282.48,5412.8248,592244118.45942,1,2025-05-23 17:00:00
109356.6,109450.0,108601.0,108749.3,426667.66,4266.6766,464972565.32155,1,2025-05-23 18:00:00
108749.3,109122.0,108545.5,108658.0,266222.61,2662.2261,289733762.50147,1,2025-05-23 19:00:00
108657.3,108681.8,108138.0,108189.3,235052.17,2350.5217,254824426.06237,1,2025-05-23 20:00:00
108189.2,108640.0,108002.0,108241.8,250557.39,2505.5739,271402410.76939,1,2025-05-23 21:00:00
108241.8,108541.5,107580.0,107746.1,351792.72,3517.9272,379854585.89064,1,2025-05-23 22:00:00
107746.0,107848.8,106729.0,107272.3,701246.46,7012.4646,752031118.33503,1,2025-05-23 23:00:00
107272.3,107650.0,106844.7,107326.2,452237.09,4522.3709,485237331.4847,1,2025-05-24 00:00:00
107326.2,107862.0,107304.8,107444.3,294098.54,2940.9854,316598420.97753,1,2025-05-24 01:00:00
107444.3,107887.9,107209.2,107762.4,198960.21,1989.6021,214186919.86407,1,2025-05-24 02:00:00
107762.4,108330.2,107709.0,108330.1,272172.52,2721.7252,294264978.94466,1,2025-05-24 03:00:00
108330.1,108535.2,108250.1,108441.9,203160.37,2031.6037,220219428.06546,1,2025-05-24 04:00:00
108442.0,108475.2,108067.1,108189.0,194678.37,1946.7837,210769195.98853,1,2025-05-24 05:00:00
108189.0,108291.9,107630.0,107921.9,288969.46,2889.6946,311778057.96462,1,2025-05-24 06:00:00
107921.9,108199.1,107522.0,107551.7,249993.95,2499.9395,269830278.83046,1,2025-05-24 07:00:00
107551.7,108253.0,107540.9,108212.4,257908.32,2579.0832,278285005.94613,1,2025-05-24 08:00:00
108212.3,108400.0,108118.0,108127.4,199003.02,1990.0302,215432544.57068,1,2025-05-24 09:00:00
108127.5,109222.0,108119.5,109035.8,472919.92,4729.1992,514430247.93642,1,2025-05-24 10:00:00
109035.9,109450.0,109035.8,109148.9,438417.31,4384.1731,479029767.96656,1,2025-05-24 11:00:00
109149.0,109222.0,108560.2,108750.0,357488.53,3574.8853,389087679.82509,1,2025-05-24 12:00:00
108750.1,108861.9,108505.0,108565.5,189763.18,1897.6318,206242872.02703,1,2025-05-24 13:00:00
108565.5,108993.3,108556.0,108920.8,179483.29,1794.8329,195282476.31859,1,2025-05-24 14:00:00
108920.8,109192.2,108769.2,108889.0,192376.63,1923.7663,209610750.62343,1,2025-05-24 15:00:00
108888.9,109069.0,108640.0,108959.9,167374.1,1673.741,182167803.30703,1,2025-05-24 16:00:00
108959.9,109184.7,108832.8,108871.9,103513.85,1035.1385,112799073.69164,1,2025-05-24 17:00:00
108871.9,109047.8,108734.4,108789.9,78187.6,781.876,85133206.43856,1,2025-05-24 18:00:00
108790.0,108980.2,108748.0,108910.7,66328.63,663.2863,72194643.46836,1,2025-05-24 19:00:00
108910.7,109094.2,108809.6,108809.7,77675.72,776.7572,84621849.35112,1,2025-05-24 20:00:00
108809.6,108831.9,108500.1,108784.4,112003.17,1120.0317,121743048.49986,1,2025-05-24 21:00:00
108784.4,108784.5,107937.5,108056.3,339426.79,3394.2679,367610735.85059,1,2025-05-24 22:00:00
108056.3,108360.0,107429.9,107724.0,612442.22,6124.4222,660602356.27308,1,2025-05-24 23:00:00
107724.0,108098.0,107224.0,107416.9,478378.96,4783.7896,514727242.04463,1,2025-05-25 00:00:00
107416.9,107966.0,107149.0,107604.3,465216.18,4652.1618,500264933.89993,1,2025-05-25 01:00:00
107604.3,107950.0,107417.0,107875.3,189230.02,1892.3002,203780799.29659,1,2025-05-25 02:00:00
107875.2,108209.9,107860.1,108039.3,220303.27,2203.0327,238165369.95484,1,2025-05-25 03:00:00
108039.3,108232.8,107891.8,108195.0,133452.51,1334.5251,144181583.01866,1,2025-05-25 04:00:00
108195.0,108248.5,107917.7,108057.3,105178.55,1051.7855,113657665.15751,1,2025-05-25 05:00:00
108057.3,108088.0,107639.0,107905.9,136484.95,1364.8495,147239169.25609,1,2025-05-25 06:00:00
107905.9,107905.9,107403.2,107634.3,236229.32,2362.2932,254212517.91743,1,2025-05-25 07:00:00
107634.3,107650.0,106827.7,107083.0,510853.23,5108.5323,547633513.70969,1,2025-05-25 08:00:00
107083.0,107226.7,106666.0,107099.9,544943.62,5449.4362,582879074.13874,1,2025-05-25 09:00:00
107099.9,107353.0,106788.5,106908.1,323073.82,3230.7382,346083733.63424,1,2025-05-25 10:00:00
106908.1,107260.0,106783.8,107223.0,264944.62,2649.4462,283567526.57923,1,2025-05-25 11:00:00
107223.0,107577.8,107142.8,107490.2,367174.02,3671.7402,394353382.30781,1,2025-05-25 12:00:00
107490.2,107699.9,107219.7,107465.9,283836.06,2838.3606,305079788.48549,1,2025-05-25 13:00:00
107466.0,107591.8,107064.3,107309.3,398984.97,3989.8497,428160788.16237,1,2025-05-25 14:00:00
107309.3,107383.4,106533.3,106935.5,781549.44,7815.4944,835809693.74628,1,2025-05-25 15:00:00
106935.4,107226.0,106601.9,107156.4,347672.06,3476.7206,371666496.86292,1,2025-05-25 16:00:00
107156.5,107332.1,107074.1,107320.0,147061.55,1470.6155,157670720.45912,1,2025-05-25 17:00:00
107319.9,107566.9,107223.7,107375.5,112223.47,1122.2347,120532654.86866,1,2025-05-25 18:00:00
107375.5,107921.7,107375.4,107674.0,167315.87,1673.1587,180149753.54282,1,2025-05-25 19:00:00
107674.0,107730.4,107396.2,107657.3,113611.17,1136.1117,122215305.47919,1,2025-05-25 20:00:00
107657.3,107894.2,107123.2,107430.4,184133.3,1841.333,197970514.29271,1,2025-05-25 21:00:00
107430.4,109168.0,107305.5,109112.0,841850.91,8418.5091,912806939.05851,1,2025-05-25 22:00:00
109112.0,109285.9,108512.0,108962.2,467839.84,4678.3984,509404897.44705,1,2025-05-25 23:00:00
108962.1,109570.0,108639.4,109500.0,454231.06,4542.3106,495710203.98943,1,2025-05-26 00:00:00
109500.1,109819.5,109179.1,109501.2,485331.17,4853.3117,531518885.7704,1,2025-05-26 01:00:00
109501.2,109743.7,109145.7,109340.8,250069.4,2500.694,273548593.95445,1,2025-05-26 02:00:00
109340.8,109720.0,109222.2,109586.0,242869.99,2428.6999,266000665.12225,1,2025-05-26 03:00:00
109586.0,109690.0,109457.3,109490.0,201588.39,2015.8839,220882612.74881,1,2025-05-26 04:00:00
109489.9,109646.1,109309.1,109594.2,188978.01,1889.7801,206940135.84952,1,2025-05-26 05:00:00
109594.2,109916.9,109465.2,109890.8,250731.6,2507.316,275033374.04526,1,2025-05-26 06:00:00
109890.8,110189.7,109694.7,110045.0,482652.72,4826.5272,530684170.4089,1,2025-05-26 07:00:00
110044.9,110139.3,109561.1,109635.3,280478.57,2804.7857,307996904.82182,1,2025-05-26 08:00:00
109635.3,109968.0,109561.0,109677.8,245147.81,2451.4781,269052588.98855,1,2025-05-26 09:00:00
109677.8,109830.0,109530.5,109608.4,130446.89,1304.4689,143077794.56115,1,2025-05-26 10:00:00
109608.3,109802.9,109523.5,109749.4,146848.72,1468.4872,161015243.67798,1,2025-05-26 11:00:00
109749.4,110035.0,109624.3,109782.0,247472.95,2474.7295,271705284.31864,1,2025-05-26 12:00:00
109782.0,109947.3,109430.5,109554.4,347738.17,3477.3817,381423222.22858,1,2025-05-26 13:00:00
109554.5,109700.0,109455.1,109621.3,297882.66,2978.8266,326420902.7277,1,2025-05-26 14:00:00
109622.1,110380.0,109500.0,109950.5,859113.2,8591.132,945278787.53235,1,2025-05-26 15:00:00
109950.5,110392.7,109048.7,109356.4,1035467.98,10354.6798,1134920614.5575,1,2025-05-26 16:00:00
109356.3,109660.0,108826.9,109142.3,394802.65,3948.0265,431041835.06991,1,2025-05-26 17:00:00
109142.3,109428.6,108970.0,109052.2,210143.17,2101.4317,229434974.4413,1,2025-05-26 18:00:00
109052.2,109156.9,108803.5,109085.7,220169.85,2201.6985,239958876.23138,1,2025-05-26 19:00:00
109085.7,109588.0,108902.7,109560.8,206090.72,2060.9072,225241302.85659,1,2025-05-26 20:00:00
109560.8,109612.8,109075.0,109288.0,169406.2,1694.062,185151150.85277,1,2025-05-26 21:00:00
109288.1,109874.3,109116.4,109145.1,229206.24,2292.0624,250919640.24065,1,2025-05-26 22:00:00
109145.1,109422.4,109005.0,109391.9,157211.36,1572.1136,171729985.11002,1,2025-05-26 23:00:00
109391.9,109637.9,109099.0,109109.1,265948.89,2659.4889,290789594.94602,1,2025-05-27 00:00:00
109109.1,109110.0,107469.3,108358.3,1409867.94,14098.6794,1526116680.79244,1,2025-05-27 01:00:00
108358.4,108650.0,107840.1,108229.1,446069.39,4460.6939,482996767.75525,1,2025-05-27 02:00:00
108229.2,109352.2,108226.1,108851.5,760414.06,7604.1406,827841659.68918,1,2025-05-27 03:00:00
108851.5,109300.0,108814.0,108894.7,289128.08,2891.2808,315331227.15126,1,2025-05-27 04:00:00
108894.7,108921.9,108452.1,108859.2,496151.67,4961.5167,539143318.57934,1,2025-05-27 05:00:00
108859.2,109209.9,108770.0,108770.1,460419.58,4604.1958,501901499.83438,1,2025-05-27 06:00:00
108770.2,109587.4,108770.1,109485.0,350491.53,3504.9153,382940375.99869,1,2025-05-27 07:00:00
109485.0,109736.4,109405.5,109644.7,315361.97,3153.6197,345652262.51733,1,2025-05-27 08:00:00
109644.7,109836.3,109365.0,109774.4,262319.07,2623.1907,287533892.99005,1,2025-05-27 09:00:00
109774.3,109800.0,109574.4,109643.3,124688.2,1246.882,136779373.75155,1,2025-05-27 10:00:00
109643.3,109720.0,109389.0,109546.3,179039.65,1790.3965,196063148.834,1,2025-05-27 11:00:00
109546.2,109788.0,109388.0,109551.5,255237.47,2552.3747,279736855.14332,1,2025-05-27 12:00:00
109551.5,110722.0,109520.7,109795.3,1609668.25,16096.6825,1773807288.04173,1,2025-05-27 13:00:00
109795.4,110174.8,108610.5,109337.0,1081378.83,10813.7883,1183132960.60246,1,2025-05-27 14:00:00
109337.1,110241.5,108968.4,110104.0,970357.87,9703.5787,1063994388.608,1,2025-05-27 15:00:00
110103.9,110475.5,109907.5,110182.4,422083.32,4220.8332,465219383.7167,1,2025-05-27 16:00:00
110182.5,110428.0,109930.2,110209.0,268390.16,2683.9016,295685321.90231,1,2025-05-27 17:00:00
110209.0,110399.8,109792.0,109856.7,237264.38,2372.6438,261118070.46393,1,2025-05-27 18:00:00
109856.6,110021.9,109512.8,109838.1,280835.48,2808.3548,308160003.7444,1,2025-05-27 19:00:00
109838.2,109856.0,109511.0,109511.0,141209.62,1412.0962,154915568.23727,1,2025-05-27 20:00:00
109511.1,109657.6,108788.0,108884.2,336572.26,3365.7226,367360819.72515,1,2025-05-27 21:00:00
108884.2,109135.0,108555.6,108971.7,304700.77,3047.0077,331708504.75319,1,2025-05-27 22:00:00
108971.7,109125.6,108874.1,108895.5,175185.26,1751.8526,190988439.96293,1,2025-05-27 23:00:00
108895.6,109222.2,108660.8,109166.0,287544.82,2875.4482,313127542.66286,1,2025-05-28 00:00:00
109166.0,109250.0,108587.6,108650.9,266302.71,2663.0271,289936100.64179,1,2025-05-28 01:00:00
108650.8,108841.3,108362.0,108596.6,361407.98,3614.0798,392585006.58391,1,2025-05-28 02:00:00
108596.5,108924.4,108528.0,108815.6,144099.66,1440.9966,156691601.02014,1,2025-05-28 03:00:00
108815.5,109026.6,108580.0,108935.1,188882.66,1888.8266,205569191.82848,1,2025-05-28 04:00:00
108935.2,109036.0,108800.0,108926.2,110481.95,1104.8195,120334213.34442,1,2025-05-28 05:00:00
108926.2,108926.3,108588.0,108676.1,150445.77,1504.4577,163573908.88556,1,2025-05-28 06:00:00
108676.1,108968.4,108666.0,108763.1,114898.21,1148.9821,125071311.71118,1,2025-05-28 07:00:00
108763.1,109086.2,108555.6,108979.7,260798.14,2607.9814,283898827.52403,1,2025-05-28 08:00:00
108979.7,109027.9,108456.0,108757.5,309858.94,3098.5894,336718520.34788,1,2025-05-28 09:00:00
108757.5,108908.7,108185.9,108785.4,369211.17,3692.1117,400750731.03473,1,2025-05-28 10:00:00
108785.4,108901.4,108677.1,108810.0,165892.49,1658.9249,180508631.76856,1,2025-05-28 11:00:00
108810.1,109003.6,108720.5,108843.4,230074.23,2300.7423,250555471.74089,1,2025-05-28 12:00:00
108843.4,108960.0,107929.8,108029.3,684716.45,6847.1645,742579890.36596,1,2025-05-28 13:00:00
108029.3,108225.0,107430.0,107486.7,1094199.87,10941.9987,1179354064.72571,1,2025-05-28 14:00:00
107486.8,107658.2,106966.0,107067.0,913003.67,9130.0367,979456606.58826,1,2025-05-28 15:00:00
107067.0,107411.0,107067.0,107387.7,312621.66,3126.2166,335317281.32885,1,2025-05-28 16:00:00
107387.8,107781.8,107300.0,107622.8,446784.4,4467.844,480662103.91426,1,2025-05-28 17:00:00
107622.8,107793.4,107333.3,107427.7,308590.49,3085.9049,332003286.48087,1,2025-05-28 18:00:00
107427.6,107756.3,106858.1,106888.1,381685.51,3816.8551,409395168.58676,1,2025-05-28 19:00:00
106888.1,107363.2,106728.4,107293.3,352817.29,3528.1729,377606822.09833,1,2025-05-28 20:00:00
107293.4,107536.3,107150.0,107446.8,113725.43,1137.2543,122086216.6341,1,2025-05-28 21:00:00
107446.8,107446.8,107100.0,107344.0,131443.43,1314.4343,141000108.11905,1,2025-05-28 22:00:00
107344.1,107988.8,107344.0,107720.7,393077.63,3930.7763,423726425.36217,1,2025-05-28 23:00:00
107720.7,108261.4,107378.3,108227.2,405186.55,4051.8655,436814247.40634,1,2025-05-29 00:00:00
108227.3,108270.0,107760.0,108097.3,359443.96,3594.4396,388188545.51822,1,2025-05-29 01:00:00
108097.2,108454.8,107866.7,108369.9,345730.35,3457.3035,374029052.66228,1,2025-05-29 02:00:00
108369.9,108370.0,107899.1,107990.0,244850.58,2448.5058,264750267.62205,1,2025-05-29 03:00:00
107990.0,108056.9,106888.6,107510.0,577360.44,5773.6044,620209853.03737,1,2025-05-29 04:00:00
107510.1,107711.0,107415.6,107632.6,147625.34,1476.2534,158820308.2376,1,2025-05-29 05:00:00
107632.5,107904.0,107596.0,107871.6,156305.55,1563.0555,168476478.97082,1,2025-05-29 06:00:00
107871.7,107973.3,107710.2,107838.8,163256.97,1632.5697,176072389.28871,1,2025-05-29 07:00:00
107838.8,108563.0,107617.8,108459.9,716574.7,7165.747,775371805.12329,1,2025-05-29 08:00:00
108459.9,108668.3,108295.2,108484.2,423847.77,4238.4777,459741999.78862,1,2025-05-29 09:00:00
108484.2,108840.0,108359.9,108716.0,310803.46,3108.0346,337481705.27632,1,2025-05-29 10:00:00
108716.0,108869.7,108621.0,108745.9,313225.01,3132.2501,340681947.13646,1,2025-05-29 11:00:00
108746.0,108773.6,108323.9,108390.1,418770.77,4187.7077,454499744.68431,1,2025-05-29 12:00:00
108390.0,108557.2,107390.0,107563.5,1128298.97,11282.9897,1217349041.58981,1,2025-05-29 13:00:00
107563.5,107796.9,106410.4,107578.6,1881685.44,18816.8544,2016398569.40939,1,2025-05-29 14:00:00
107578.5,107700.0,106909.5,106992.3,530371.27,5303.7127,569203577.43537,1,2025-05-29 15:00:00
106992.3,107146.8,106530.1,106692.2,747727.96,7477.2796,798882440.14787,1,2025-05-29 16:00:00
106692.2,106850.0,106050.0,106266.0,893949.14,8939.4914,951810595.59598,1,2025-05-29 17:00:00
106266.0,106585.0,105700.0,105791.2,736890.13,7368.9013,782322097.29844,1,2025-05-29 18:00:00
105791.2,106069.8,105600.0,105693.0,570139.47,5701.3947,603292461.6986,1,2025-05-29 19:00:00
105692.9,106188.0,105692.0,106154.0,270148.05,2701.4805,286423415.8606,1,2025-05-29 20:00:00
106154.0,106430.0,106060.0,106404.1,160155.01,1601.5501,170200995.59654,1,2025-05-29 21:00:00
106404.2,106420.8,105860.0,105888.0,197115.91,1971.1591,209244219.89143,1,2025-05-29 22:00:00
105888.0,106048.1,105258.0,105548.4,429775.29,4297.7529,453837956.08179,1,2025-05-29 23:00:00
105548.3,106190.8,104542.5,104910.0,957529.81,9575.2981,1008307522.38368,1,2025-05-30 00:00:00
104910.0,105876.9,104890.4,105627.6,669453.88,6694.5388,705850094.40299,1,2025-05-30 01:00:00
105627.6,106128.1,105599.2,105952.9,285123.09,2851.2309,302045245.48025,1,2025-05-30 02:00:00
105952.8,106142.9,105866.0,105975.0,161821.98,1618.2198,171541761.81523,1,2025-05-30 03:00:00
105975.1,106085.8,105850.0,106069.7,142745.12,1427.4512,151239896.12106,1,2025-05-30 04:00:00
106069.7,106277.2,105984.3,106040.1,177179.81,1771.7981,188058358.79944,1,2025-05-30 05:00:00
106040.1,106092.2,105473.0,105660.9,408194.95,4081.9495,431603637.96105,1,2025-05-30 06:00:00
105660.9,105800.0,104692.2,105005.0,879095.34,8790.9534,924787984.23165,1,2025-05-30 07:00:00
105005.0,105317.7,104802.5,105131.2,394230.7,3942.307,414353196.77307,1,2025-05-30 08:00:00
105131.2,105628.7,104567.0,105586.2,646467.56,6464.6756,679120688.21538,1,2025-05-30 09:00:00
105585.2,105888.9,105235.0,105871.2,399379.81,3993.7981,421673064.16184,1,2025-05-30 10:00:00
105871.1,105931.0,105638.3,105832.1,246187.59,2461.8759,260446842.73919,1,2025-05-30 11:00:00
105832.1,105950.0,105068.8,105630.0,568886.06,5688.8606,600442540.06905,1,2025-05-30 12:00:00
105630.1,105941.0,105308.5,105448.7,504662.06,5046.6206,532917243.49635,1,2025-05-30 13:00:00
105448.8,105793.4,104985.0,105307.9,534050.48,5340.5048,562818322.17176,1,2025-05-30 14:00:00
105307.7,105790.4,105257.2,105499.9,275559.46,2755.5946,290856311.11379,1,2025-05-30 15:00:00
105499.9,105536.6,103666.7,103881.6,1417546.93,14175.4693,1479134261.62743,1,2025-05-30 16:00:00
103881.6,104255.0,103823.9,104147.8,412988.85,4129.8885,429753437.28638,1,2025-05-30 17:00:00
104147.8,104879.3,104013.0,104853.0,383952.38,3839.5238,401343486.25299,1,2025-05-30 18:00:00
104852.9,104950.0,104439.0,104602.2,324530.88,3245.3088,339830901.8028,1,2025-05-30 19:00:00
104602.2,104810.8,104341.9,104545.1,197037.0,1970.37,205933120.23345,1,2025-05-30 20:00:00
104545.1,104842.5,104501.2,104582.7,99415.87,994.1587,104058742.66936,1,2025-05-30 21:00:00
104582.7,104766.4,103911.0,103911.0,317788.34,3177.8834,331489331.64795,1,2025-05-30 22:00:00
103911.1,104229.8,103557.0,103959.0,410030.91,4100.3091,425965886.03985,1,2025-05-30 23:00:00
103959.0,104273.3,103502.0,103930.0,366579.41,3665.7941,380983707.82047,1,2025-05-31 00:00:00
103930.0,104169.9,103241.9,103433.4,564852.53,5648.5253,585423744.36448,1,2025-05-31 01:00:00
103433.4,103819.2,103022.1,103160.1,395962.16,3959.6216,409513746.85917,1,2025-05-31 02:00:00
103160.1,103650.0,103031.4,103632.6,299393.64,2993.9364,309448815.31771,1,2025-05-31 03:00:00
103632.7,103779.6,103445.0,103769.4,133592.54,1335.9254,138461778.41635,1,2025-05-31 04:00:00
103769.4,103873.7,103469.0,103487.0,144595.6,1445.956,149890195.56443,1,2025-05-31 05:00:00
103487.0,103877.0,103481.9,103829.8,118926.48,1189.2648,123349661.29802,1,2025-05-31 06:00:00
103829.7,103829.8,103600.0,103703.3,97051.27,970.5127,100647742.75365,1,2025-05-31 07:00:00
103703.4,103771.3,103468.0,103606.4,120960.92,1209.6092,125342841.36466,1,2025-05-31 08:00:00
103606.3,103700.9,103437.9,103500.4,112699.76,1126.9976,116686800.4391,1,2025-05-31 09:00:00
103500.4,103551.8,103231.6,103373.7,165100.46,1651.0046,170711456.41891,1,2025-05-31 10:00:00
103373.6,103491.9,103255.3,103461.0,78883.01,788.8301,81562791.67312,1,2025-05-31 11:00:00
103461.1,103999.0,103446.1,103999.0,254809.44,2548.0944,264501054.79472,1,2025-05-31 12:00:00
103998.9,104167.3,103934.5,104084.4,256075.67,2560.7567,266488503.68254,1,2025-05-31 13:00:00
104084.5,104541.0,104078.9,104522.0,403853.57,4038.5357,421339987.72737,1,2025-05-31 14:00:00
104522.1,104799.7,104382.7,104503.1,380293.68,3802.9368,397697258.01941,1,2025-05-31 15:00:00
104503.0,104750.0,104342.7,104447.0,221492.47,2214.9247,231550214.50379,1,2025-05-31 16:00:00
104447.1,104591.1,104226.7,104319.1,134988.15,1349.8815,140912242.80778,1,2025-05-31 17:00:00
104319.1,104593.5,104319.1,104452.9,55336.26,553.3626,57808150.42543,1,2025-05-31 18:00:00
104452.9,104713.5,104452.8,104659.9,68203.3,682.033,71364023.39996,1,2025-05-31 19:00:00
104660.0,104768.0,104482.0,104740.7,51678.2,516.782,54083770.91953,1,2025-05-31 20:00:00
104740.6,104861.4,104578.5,104822.9,129833.89,1298.3389,136008030.39241,1,2025-05-31 21:00:00
104822.9,104860.0,104556.9,104570.3,105015.2,1050.152,109933959.21131,1,2025-05-31 22:00:00
104570.4,104797.1,104405.4,104550.0,162288.28,1622.8828,169758218.33762,1,2025-05-31 23:00:00
104550.0,104608.1,104275.6,104412.3,153170.45,1531.7045,159904850.65214,1,2025-06-01 00:00:00
104412.4,104466.0,103943.9,104090.0,237501.61,2375.0161,247423765.86255,1,2025-06-01 01:00:00
104090.0,104280.1,103877.0,104136.7,195705.34,1957.0534,203719811.93292,1,2025-06-01 02:00:00
104136.8,104416.6,103932.9,104324.1,154327.92,1543.2792,160806742.40635,1,2025-06-01 03:00:00
104324.1,104686.6,104300.1,104580.0,159640.79,1596.4079,166850380.71707,1,2025-06-01 04:00:00
104580.1,104665.8,104388.0,104482.9,100776.27,1007.7627,105354131.79125,1,2025-06-01 05:00:00
104482.9,104482.9,104136.2,104214.3,129653.27,1296.5327,135210774.61149,1,2025-06-01 06:00:00
104214.3,104346.5,104155.7,104244.6,86858.09,868.5809,90538190.40455,1,2025-06-01 07:00:00
104244.7,104359.5,104176.6,104352.8,78166.11,781.6611,81493738.54909,1,2025-06-01 08:00:00
104352.9,104431.7,103710.0,103899.6,382635.8,3826.358,397780659.49705,1,2025-06-01 09:00:00
103899.6,104012.1,103739.1,103894.4,149900.47,1499.0047,155705404.11498,1,2025-06-01 10:00:00
103894.5,104100.0,103809.8,104028.4,135857.76,1358.5776,141271279.85123,1,2025-06-01 11:00:00
104028.4,104136.7,103712.0,103917.9,154888.47,1548.8847,160976461.9247,1,2025-06-01 12:00:00
103918.0,104388.4,103900.0,104207.3,209827.73,2098.2773,218689271.44107,1,2025-06-01 13:00:00
104207.2,104723.0,104207.2,104545.8,285799.55,2857.9955,298803297.77215,1,2025-06-01 14:00:00
104545.8,104750.0,104460.0,104654.9,166094.44,1660.9444,173778648.43867,1,2025-06-01 15:00:00
104654.9,105260.0,104592.0,104973.4,474023.23,4740.2323,497898269.76509,1,2025-06-01 16:00:00
104973.4,105150.0,104918.0,105011.1,138672.57,1386.7257,145644858.20099,1,2025-06-01 17:00:00
105011.1,105011.1,104288.0,104866.5,333003.73,3330.0373,348467087.50613,1,2025-06-01 18:00:00
104866.6,105122.6,104775.4,105078.1,156676.97,1566.7697,164452505.33772,1,2025-06-01 19:00:00
105078.1,105258.0,104833.6,104903.9,173583.84,1735.8384,182295323.18205,1,2025-06-01 20:00:00
104903.9,105459.2,104865.4,105437.5,150777.4,1507.774,158603958.71269,1,2025-06-01 21:00:00
105437.5,105690.0,105362.8,105460.9,224520.34,2245.2034,236936670.08997,1,2025-06-01 22:00:00
105460.9,105823.1,105404.6,105586.0,199684.98,1996.8498,211025372.85329,1,2025-06-01 23:00:00
105586.1,105695.9,105356.4,105386.1,157673.34,1576.7334,166343413.86395,1,2025-06-02 00:00:00
105386.1,105609.8,105288.0,105338.0,133234.96,1332.3496,140441884.38425,1,2025-06-02 01:00:00
105338.0,105371.8,104969.4,104987.4,228274.2,2282.742,240048531.4401,1,2025-06-02 02:00:00
104987.4,105016.6,104522.7,104780.1,322017.8,3220.178,337406187.92239,1,2025-06-02 03:00:00
104780.1,104955.7,104653.0,104729.3,116870.28,1168.7028,122494906.72679,1,2025-06-02 04:00:00
104729.3,104885.7,104557.0,104796.0,131342.87,1313.4287,137551826.3561,1,2025-06-02 05:00:00
104796.0,105229.3,104687.5,105118.3,242988.08,2429.8808,255116769.9175,1,2025-06-02 06:00:00
105118.3,105400.0,105118.2,105347.0,242104.75,2421.0475,254881862.80944,1,2025-06-02 07:00:00
105346.9,105880.9,105200.0,105297.6,436843.35,4368.4335,461137067.57423,1,2025-06-02 08:00:00
105297.6,105297.7,104423.8,104540.8,515203.95,5152.0395,539704890.64549,1,2025-06-02 09:00:00
104540.7,104630.0,104212.4,104333.0,388143.12,3881.4312,405221789.09784,1,2025-06-02 10:00:00
104333.1,104460.0,103892.0,104008.5,349424.7,3494.247,363947681.02408,1,2025-06-02 11:00:00
104007.5,104250.0,103825.1,104154.5,372840.47,3728.4047,387837669.91798,1,2025-06-02 12:00:00
104154.5,104521.6,103635.4,103751.7,761786.92,7617.8692,792616496.75631,1,2025-06-02 13:00:00
103751.6,104637.4,103615.0,104128.0,759902.19,7599.0219,791734861.53627,1,2025-06-02 14:00:00
104128.0,104522.7,103860.0,104384.9,307540.31,3075.4031,320559319.78582,1,2025-06-02 15:00:00
104384.9,104400.5,103977.8,104223.0,186602.91,1866.0291,194399018.50464,1,2025-06-02 16:00:00
104223.1,104452.7,104042.2,104355.1,161480.85,1614.8085,168355954.40729,1,2025-06-02 17:00:00
104355.1,104694.0,104147.7,104317.5,182978.83,1829.7883,191067888.60616,1,2025-06-02 18:00:00
104317.4,104463.4,104000.0,104378.7,146448.05,1464.4805,152654808.63031,1,2025-06-02 19:00:00
104375.9,104948.0,104375.9,104829.5,232391.81,2323.9181,243371219.31235,1,2025-06-02 20:00:00
104829.6,105054.1,104520.0,104888.4,112114.47,1121.1447,117531964.15107,1,2025-06-02 21:00:00
104888.5,105757.8,104880.2,105641.2,461523.15,4615.2315,486504466.51312,1,2025-06-02 22:00:00
105641.2,105900.0,105511.7,105814.4,346603.47,3466.0347,366598614.75966,1,2025-06-02 23:00:00
105814.5,106366.0,105705.7,106231.2,442414.26,4424.1426,469409736.81774,1,2025-06-03 00:00:00
106231.2,106480.0,106074.8,106438.8,253044.03,2530.4403,268929113.86754,1,2025-06-03 01:00:00
106438.8,106474.9,105521.8,105560.9,422917.88,4229.1788,447900065.63283,1,2025-06-03 02:00:00
105561.0,105665.0,105295.0,105452.0,249720.22,2497.2022,263391715.18251,1,2025-06-03 03:00:00
105451.9,105490.4,105070.2,105137.9,226479.61,2264.7961,238383781.17246,1,2025-06-03 04:00:00
105138.0,105473.3,105137.9,105426.9,167184.6,1671.846,176065321.66522,1,2025-06-03 05:00:00
105427.0,105430.0,105174.0,105390.7,127341.82,1273.4182,134095686.36462,1,2025-06-03 06:00:00
105390.7,105407.8,105129.6,105145.9,131604.04,1316.0404,138530865.51608,1,2025-06-03 07:00:00
105146.0,105222.0,104823.0,105055.4,257050.15,2570.5015,269842874.03387,1,2025-06-03 08:00:00
105055.4,105249.8,105029.2,105157.0,165162.18,1651.6218,173664245.76358,1,2025-06-03 09:00:00
105156.9,105317.6,105104.7,105238.8,125440.72,1254.4072,132010229.29281,1,2025-06-03 10:00:00
105238.9,105313.7,105121.0,105241.8,112264.2,1122.642,118124842.78927,1,2025-06-03 11:00:00
105241.7,105402.7,105188.0,105259.3,134607.6,1346.076,141724308.78181,1,2025-06-03 12:00:00
105259.4,105636.7,104963.3,105363.9,460657.59,4606.5759,485318360.7344,1,2025-06-03 13:00:00
105363.8,106664.1,105088.0,106500.0,1021444.4,10214.444,1082816238.44729,1,2025-06-03 14:00:00
106499.9,106755.3,106273.1,106562.3,583563.32,5835.6332,621652745.3444,1,2025-06-03 15:00:00
106562.2,106629.0,105698.6,105780.1,509614.85,5096.1485,540904464.16509,1,2025-06-03 16:00:00
105780.1,106109.9,105709.3,105899.9,252609.79,2526.0979,267530946.67768,1,2025-06-03 17:00:00
105900.0,106022.4,105521.8,105974.0,308700.1,3087.001,326425540.02596,1,2025-06-03 18:00:00
105973.9,106392.5,105968.0,106173.5,334407.88,3344.0788,355109830.20401,1,2025-06-03 19:00:00
106173.5,106198.7,105308.2,105683.9,333667.44,3336.6744,352639784.00099,1,2025-06-03 20:00:00
105684.0,105793.1,105206.0,105304.5,169587.31,1695.8731,178843281.81228,1,2025-06-03 21:00:00
105304.4,105842.3,105247.9,105683.6,142578.74,1425.7874,150641932.43665,1,2025-06-03 22:00:00
105683.6,105683.7,105210.0,105339.5,192302.38,1923.0238,202682480.80968,1,2025-06-03 23:00:00
105339.5,105496.9,105075.2,105434.5,236971.72,2369.7172,249519565.3875,1,2025-06-04 00:00:00
105434.4,105689.0,105370.2,105541.3,188473.0,1884.73,198932088.14866,1,2025-06-04 01:00:00
105541.2,105800.0,105374.6,105443.5,165466.83,1654.6683,174737232.45673,1,2025-06-04 02:00:00
105443.4,105720.0,105400.9,105484.0,127599.05,1275.9905,134722670.44114,1,2025-06-04 03:00:00
105483.9,105579.2,105360.0,105371.6,116007.55,1160.0755,122333108.35122,1,2025-06-04 04:00:00
105371.5,105485.4,105301.9,105317.7,141966.74,1419.6674,149593652.58604,1,2025-06-04 05:00:00
105317.7,105411.5,105211.0,105257.1,134848.42,1348.4842,141969685.0103,1,2025-06-04 06:00:00
105257.1,105434.0,105222.0,105264.8,108072.45,1080.7245,113789994.33712,1,2025-06-04 07:00:00
105264.8,105557.7,105264.8,105400.1,127647.53,1276.4753,134570293.20208,1,2025-06-04 08:00:00
105400.0,105857.9,105277.1,105773.3,253488.24,2534.8824,267638792.96483,1,2025-06-04 09:00:00
105773.3,105950.0,105600.0,105647.3,210022.5,2100.225,222113982.32687,1,2025-06-04 10:00:00
105647.2,105752.0,105039.5,105054.2,404714.6,4047.146,426211143.80321,1,2025-06-04 11:00:00
105054.2,105131.8,104753.0,105000.1,499958.95,4999.5895,524772838.27756,1,2025-06-04 12:00:00
105000.1,105229.8,104660.0,104719.0,427927.2,4279.272,449048459.9572,1,2025-06-04 13:00:00
104718.9,105000.0,104113.6,104979.0,875121.5,8751.215,914803086.31504,1,2025-06-04 14:00:00
104979.0,105487.2,104868.7,105243.6,561489.11,5614.8911,591059165.60301,1,2025-06-04 15:00:00
105243.6,105415.8,105032.0,105396.3,250056.13,2500.5613,263130293.62746,1,2025-06-04 16:00:00
105396.3,105426.5,104902.0,105000.1,181669.53,1816.6953,191046522.1613,1,2025-06-04 17:00:00
105000.1,105260.0,104884.1,104913.6,121633.16,1216.3316,127822298.74082,1,2025-06-04 18:00:00
104913.6,105047.9,104825.8,104867.6,118995.55,1189.9555,124856923.41779,1,2025-06-04 19:00:00
104866.5,104920.4,104358.0,104577.4,256305.96,2563.0596,268116216.43538,1,2025-06-04 20:00:00
104577.4,105025.9,104500.0,104867.8,124229.5,1242.295,130144824.81101,1,2025-06-04 21:00:00
104867.9,104988.4,104683.3,104726.3,80309.17,803.0917,84162785.16572,1,2025-06-04 22:00:00
104726.2,104828.5,104567.0,104643.5,98955.12,989.5512,103579964.24849,1,2025-06-04 23:00:00
104643.5,104937.9,104598.0,104930.5,132958.42,1329.5842,139343473.25247,1,2025-06-05 00:00:00
104930.5,105114.9,104650.0,104730.0,150530.33,1505.3033,157893758.93561,1,2025-06-05 01:00:00
104730.0,105207.8,104723.9,104950.0,221831.86,2218.3186,232960407.31082,1,2025-06-05 02:00:00
104950.1,105032.7,104837.0,105000.1,94081.4,940.814,98721760.42904,1,2025-06-05 03:00:00
105000.0,105183.0,104987.7,105139.3,96165.18,961.6518,101074412.09928,1,2025-06-05 04:00:00
105140.0,105145.6,104534.0,104611.6,275015.48,2750.1548,288158670.52984,1,2025-06-05 05:00:00
104611.7,104661.9,104337.5,104423.1,285855.2,2858.552,298691694.98439,1,2025-06-05 06:00:00
104423.1,104594.4,104376.0,104478.7,147361.05,1473.6105,153993672.45604,1,2025-06-05 07:00:00
104478.6,104650.0,104381.5,104648.2,125253.5,1252.535,130973370.45647,1,2025-06-05 08:00:00
104648.1,104870.0,104631.3,104850.0,159052.74,1590.5274,166627746.82612,1,2025-06-05 09:00:00
104850.1,104854.9,104468.9,104616.1,193116.97,1931.1697,202054517.94297,1,2025-06-05 10:00:00
104616.1,104813.1,104500.6,104770.1,111693.67,1116.9367,116950333.12014,1,2025-06-05 11:00:00
104770.1,105733.5,104731.5,105588.5,779244.16,7792.4416,820632381.99584,1,2025-06-05 12:00:00
105588.5,105864.8,104250.8,104478.3,1179767.74,11797.6774,1239679548.4254,1,2025-06-05 13:00:00
104478.4,104886.1,103845.4,104592.7,1339327.94,13393.2794,1396769113.0345,1,2025-06-05 14:00:00
104592.6,104810.0,104273.7,104480.0,374759.89,3747.5989,391986699.01111,1,2025-06-05 15:00:00
104480.0,104547.6,103217.4,103223.1,929270.83,9292.7083,964570995.49398,1,2025-06-05 16:00:00
103223.0,103543.6,103080.0,103192.4,680686.16,6806.8616,703298316.73479,1,2025-06-05 17:00:00
103192.4,103305.9,102502.1,102940.1,854790.87,8547.9087,879752604.72953,1,2025-06-05 18:00:00
102940.1,102993.5,101500.2,101876.3,1249527.41,12495.2741,1275487451.7325,1,2025-06-05 19:00:00
101872.2,102138.1,100333.0,100434.9,1516255.42,15162.5542,1533549618.11715,1,2025-06-05 20:00:00
100434.9,101608.2,100378.5,101500.1,781464.67,7814.6467,789918533.76003,1,2025-06-05 21:00:00
101500.0,101661.2,100969.1,101457.9,389208.79,3892.0879,394353655.42445,1,2025-06-05 22:00:00
101457.9,101776.8,101379.5,101457.8,257929.46,2579.2946,262023443.57289,1,2025-06-05 23:00:00
101457.8,101855.2,101048.8,101843.8,359986.26,3599.8626,365278110.06602,1,2025-06-06 00:00:00
101843.7,101890.0,101621.8,101790.0,179583.73,1795.8373,182795711.45781,1,2025-06-06 01:00:00
101790.0,102169.6,101474.3,102145.0,250270.87,2502.7087,254790711.43669,1,2025-06-06 02:00:00
102145.0,102465.4,101990.0,102440.1,288731.61,2887.3161,295300963.05965,1,2025-06-06 03:00:00
102440.1,102733.0,102318.5,102710.8,347916.94,3479.1694,356680189.3316,1,2025-06-06 04:00:00
102710.8,102899.9,102614.6,102892.9,276843.08,2768.4308,284473517.4982,1,2025-06-06 05:00:00
102893.0,103163.9,102825.7,103119.4,409947.51,4099.4751,422298422.55591,1,2025-06-06 06:00:00
103119.3,103427.9,102987.8,103102.1,361677.55,3616.7755,373086169.73832,1,2025-06-06 07:00:00
103102.2,103545.0,103102.1,103452.5,307034.27,3070.3427,317409568.84135,1,2025-06-06 08:00:00
103452.4,103700.0,103446.9,103589.9,336072.86,3360.7286,348107518.80664,1,2025-06-06 09:00:00
103590.0,103759.5,103473.8,103623.3,238963.15,2389.6315,247641348.1669,1,2025-06-06 10:00:00
103623.3,103948.3,103589.0,103870.3,311787.74,3117.8774,323568712.51623,1,2025-06-06 11:00:00
103870.2,104274.0,103442.2,103701.0,729633.17,7296.3317,758133464.77466,1,2025-06-06 12:00:00
103700.9,104490.0,103700.9,104042.4,588792.41,5887.9241,613188032.58966,1,2025-06-06 13:00:00
104042.5,104857.7,103948.4,104719.9,658281.9,6582.819,687909817.88485,1,2025-06-06 14:00:00
104719.8,105288.0,104548.1,105037.8,857623.02,8576.2302,899559786.32548,1,2025-06-06 15:00:00
105037.8,105237.4,104639.0,104712.3,390028.8,3900.288,409451099.95735,1,2025-06-06 16:00:00
104712.3,104924.4,104380.3,104886.3,427060.12,4270.6012,446646320.1795,1,2025-06-06 17:00:00
104886.2,104946.8,104434.0,104474.9,203384.83,2033.8483,212777361.35137,1,2025-06-06 18:00:00
104475.0,104570.0,104011.0,104183.3,303021.89,3030.2189,316015722.31712,1,2025-06-06 19:00:00
104183.3,104583.1,104120.0,104437.6,161967.38,1619.6738,169022898.97449,1,2025-06-06 20:00:00
104437.6,104450.0,104240.0,104336.7,94575.16,945.7516,98673294.51623,1,2025-06-06 21:00:00
104336.7,104441.1,104171.3,104428.8,100129.91,1001.2991,104411722.15437,1,2025-06-06 22:00:00
104428.8,104439.9,104151.0,104234.8,97037.47,970.3747,101177942.37525,1,2025-06-06 23:00:00
104234.9,104474.0,103825.2,104468.8,279831.26,2798.3126,291430357.13119,1,2025-06-07 00:00:00
104468.7,104526.6,104280.0,104387.8,153621.54,1536.2154,160382556.35712,1,2025-06-07 01:00:00
104387.8,104577.0,104259.7,104469.0,97518.83,975.1883,101807997.70566,1,2025-06-07 02:00:00
104468.9,104876.5,104421.4,104818.0,264351.49,2643.5149,276770423.43646,1,2025-06-07 03:00:00
104818.0,104828.0,104578.0,104779.1,137902.14,1379.0214,144371069.17555,1,2025-06-07 04:00:00
104779.0,104967.2,104692.2,104821.4,137370.54,1373.7054,144012914.53638,1,2025-06-07 05:00:00
104821.4,105266.0,104724.2,105264.6,256658.91,2566.5891,269575020.80829,1,2025-06-07 06:00:00
105264.7,105276.9,104772.6,104820.5,223287.79,2232.8779,234315180.97917,1,2025-06-07 07:00:00
104820.5,104924.3,104630.9,104690.4,160968.46,1609.6846,168660066.64283,1,2025-06-07 08:00:00
104690.4,104883.7,104690.3,104782.7,75987.17,759.8717,79638080.17813,1,2025-06-07 09:00:00
104782.7,105139.3,104782.0,105078.4,178421.38,1784.2138,187354762.07894,1,2025-06-07 10:00:00
105078.4,105215.6,104982.7,105086.5,154930.5,1549.305,162860689.87384,1,2025-06-07 11:00:00
105086.4,105706.1,105079.2,105399.9,425836.99,4258.3699,448917761.81371,1,2025-06-07 12:00:00
105399.9,105749.6,105238.0,105545.6,251439.37,2514.3937,265314687.30532,1,2025-06-07 13:00:00
105545.5,105620.0,105328.7,105364.1,190726.96,1907.2696,201135991.40728,1,2025-06-07 14:00:00
105364.1,105528.7,105257.8,105502.1,112961.38,1129.6138,119060417.29334,1,2025-06-07 15:00:00
105502.1,105618.0,105214.7,105296.2,182201.62,1822.0162,192078010.47249,1,2025-06-07 16:00:00
105296.3,105508.0,105280.9,105349.1,96872.62,968.7262,102101262.89996,1,2025-06-07 17:00:00
105349.1,105875.2,105349.0,105570.3,246711.99,2467.1199,260650749.68069,1,2025-06-07 18:00:00
105570.2,105831.9,105558.7,105680.0,120520.36,1205.2036,127406866.02314,1,2025-06-07 19:00:00
105680.0,105875.2,105679.9,105808.4,96733.91,967.3391,102350983.02337,1,2025-06-07 20:00:00
105808.4,105821.6,105642.8,105703.8,54560.27,545.6027,57701866.58171,1,2025-06-07 21:00:00
105703.9,105860.5,105612.2,105758.3,83188.37,831.8837,87988683.2773,1,2025-06-07 22:00:00
105758.3,105758.4,105469.9,105502.9,96856.43,968.5643,102279930.86341,1,2025-06-07 23:00:00
105502.9,105618.9,105376.4,105414.7,115773.96,1157.7396,122083406.21399,1,2025-06-08 00:00:00
105414.8,105741.9,105350.0,105637.0,112580.72,1125.8072,118807110.72699,1,2025-06-08 01:00:00
105637.1,105637.1,105380.0,105390.6,86402.43,864.0243,91128347.42171,1,2025-06-08 02:00:00
105390.7,105456.4,105348.0,105431.5,68802.73,688.0273,72508692.76797,1,2025-06-08 03:00:00
105431.5,105600.6,105358.6,105556.9,81844.07,818.4407,86333772.88979,1,2025-06-08 04:00:00
105556.9,105587.1,105366.0,105387.1,71163.17,711.6317,75060155.96687,1,2025-06-08 05:00:00
105387.0,105560.2,105377.0,105400.0,71180.8,711.808,75076888.98638,1,2025-06-08 06:00:00
105400.1,105520.0,105365.3,105388.0,76454.88,764.5488,80588732.94171,1,2025-06-08 07:00:00
105388.0,105466.0,105321.2,105339.5,80505.84,805.0584,84852352.52185,1,2025-06-08 08:00:00
105339.5,105370.0,105018.0,105080.1,279865.91,2798.6591,294397137.78751,1,2025-06-08 09:00:00
105080.1,105423.4,104919.3,105300.0,287462.21,2874.6221,302338592.80082,1,2025-06-08 10:00:00
105300.1,105677.9,105300.0,105624.8,249193.12,2491.9312,262994338.63315,1,2025-06-08 11:00:00
105624.9,105724.3,105450.0,105658.9,205788.34,2057.8834,217319964.00866,1,2025-06-08 12:00:00
105658.8,106111.0,105501.9,105570.1,442276.56,4422.7656,467946557.43178,1,2025-06-08 13:00:00
105570.1,105855.9,105510.3,105773.2,171354.62,1713.5462,181084583.08602,1,2025-06-08 14:00:00
105773.2,106040.0,105766.0,105929.9,224490.0,2244.9,237786498.34229,1,2025-06-08 15:00:00
105930.0,106288.0,105891.3,106144.2,294926.36,2949.2636,312947999.91004,1,2025-06-08 16:00:00
106144.1,106321.0,106035.1,106035.1,160690.48,1606.9048,170647443.64706,1,2025-06-08 17:00:00
106035.2,106272.2,105977.0,106256.6,116200.51,1162.0051,123353312.06437,1,2025-06-08 18:00:00
106256.6,106278.8,106121.9,106247.2,58728.34,587.2834,62392898.97826,1,2025-06-08 19:00:00
106247.2,106279.2,106070.0,106107.1,68382.51,683.8251,72636792.34505,1,2025-06-08 20:00:00
106107.1,106450.0,106107.0,106282.6,123055.67,1230.5567,130805767.13692,1,2025-06-08 21:00:00
106282.6,106326.0,105616.0,105717.8,270570.69,2705.7069,286507700.39061,1,2025-06-08 22:00:00
105717.8,105737.1,105518.0,105680.0,196262.8,1962.628,207307345.44796,1,2025-06-08 23:00:00
105680.0,105932.7,105536.2,105655.5,212124.33,2121.2433,224220328.79655,1,2025-06-09 00:00:00
105656.9,105705.2,105370.4,105476.0,165627.51,1656.2751,174784426.70699,1,2025-06-09 01:00:00
105475.9,105675.8,105423.8,105505.5,168366.84,1683.6684,177716386.66358,1,2025-06-09 02:00:00
105505.4,105654.2,105238.0,105608.8,217560.43,2175.6043,229346089.76752,1,2025-06-09 03:00:00
105608.8,105666.7,105363.6,105393.6,102807.81,1028.0781,108505834.75552,1,2025-06-09 04:00:00
105393.6,105477.7,105280.0,105326.1,118604.52,1186.0452,124962764.71106,1,2025-06-09 05:00:00
105326.2,105650.0,105271.6,105641.2,133752.12,1337.5212,141092123.77436,1,2025-06-09 06:00:00
105641.3,105641.3,105444.1,105513.1,96003.32,960.0332,101300151.56936,1,2025-06-09 07:00:00
105513.1,105891.3,105425.9,105880.1,196909.6,1969.096,208097762.21668,1,2025-06-09 08:00:00
105880.0,106880.1,105770.1,106559.0,854271.7,8542.717,909360241.30486,1,2025-06-09 09:00:00
106559.1,107431.1,106507.0,107130.0,969727.53,9697.2753,1038406126.65482,1,2025-06-09 10:00:00
107130.0,107770.1,107076.0,107700.0,636852.51,6368.5251,684500064.78372,1,2025-06-09 11:00:00
107700.0,107894.7,107500.0,107683.9,367689.74,3676.8974,395966708.2315,1,2025-06-09 12:00:00
107683.8,107832.7,106784.7,106959.7,801403.47,8014.0347,859811526.79641,1,2025-06-09 13:00:00
106959.8,107999.0,106959.8,107563.6,750219.81,7502.1981,806923507.04956,1,2025-06-09 14:00:00
107563.5,107979.8,107470.1,107580.1,375970.17,3759.7017,405120669.76734,1,2025-06-09 15:00:00
107580.0,108099.8,107580.0,107653.0,391704.04,3917.0404,422555630.45693,1,2025-06-09 16:00:00
107653.1,108385.8,107615.5,108292.9,455711.31,4557.1131,492914476.46069,1,2025-06-09 17:00:00
108292.9,108499.5,108222.2,108393.4,278492.49,2784.9249,301800929.31819,1,2025-06-09 18:00:00
108393.5,108765.2,108283.4,108517.3,361206.54,3612.0654,392002052.95407,1,2025-06-09 19:00:00
108517.3,108687.9,108391.6,108643.6,115743.12,1157.4312,125686813.46776,1,2025-06-09 20:00:00
108643.7,110649.5,108643.6,109936.0,1370458.5,13704.585,1502884459.90914,1,2025-06-09 21:00:00
109936.0,110400.0,109687.7,110134.5,410255.19,4102.5519,451609783.4495,1,2025-06-09 22:00:00
110134.6,110268.0,109839.9,110220.0,304382.56,3043.8256,335032995.14208,1,2025-06-09 23:00:00
110220.0,110265.0,109864.7,109869.0,297650.63,2976.5063,327617388.92991,1,2025-06-10 00:00:00
109869.0,109914.3,109606.2,109750.1,236545.77,2365.4577,259658469.80768,1,2025-06-10 01:00:00
109750.1,109750.1,109325.0,109596.3,337734.86,3377.3486,369881144.60801,1,2025-06-10 02:00:00
109596.3,109637.8,109333.1,109526.0,181366.93,1813.6693,198465639.71858,1,2025-06-10 03:00:00
109526.0,109600.0,109311.2,109491.1,125160.28,1251.6028,136966894.24189,1,2025-06-10 04:00:00
109491.3,109688.0,109134.9,109261.4,266428.36,2664.2836,291370894.22998,1,2025-06-10 05:00:00
109261.4,109614.7,109088.0,109457.1,232079.48,2320.7948,253778146.89654,1,2025-06-10 06:00:00
109457.2,109477.1,109052.1,109173.9,207179.39,2071.7939,226355541.58842,1,2025-06-10 07:00:00
109173.9,109375.0,109002.4,109043.9,194636.84,1946.3684,212473669.11579,1,2025-06-10 08:00:00
109043.9,109475.3,109020.6,109457.7,180057.97,1800.5797,196752020.38773,1,2025-06-10 09:00:00
109457.7,109529.9,109216.4,109256.2,170580.59,1705.8059,186564629.58716,1,2025-06-10 10:00:00
109256.2,109816.0,109150.0,109500.0,475330.84,4753.3084,520992451.56471,1,2025-06-10 11:00:00
109499.9,109650.0,109352.1,109643.0,227672.7,2276.727,249310260.34521,1,2025-06-10 12:00:00
109642.9,109879.4,108782.1,109270.0,658679.14,6586.7914,719469109.3567,1,2025-06-10 13:00:00
109269.9,109294.4,108444.0,108583.1,569737.64,5697.3764,619639421.90068,1,2025-06-10 14:00:00
108583.0,109183.6,108274.1,108974.8,537350.02,5373.5002,584348128.78014,1,2025-06-10 15:00:00
108974.8,109215.6,108626.0,108671.9,218418.96,2184.1896,237970302.85898,1,2025-06-10 16:00:00
108671.9,109013.2,108561.7,108663.6,134255.84,1342.5584,146045292.25284,1,2025-06-10 17:00:00
108663.6,109444.0,108468.3,109232.9,219078.6,2190.786,238821016.49872,1,2025-06-10 18:00:00
109232.9,110364.1,109232.9,109470.0,617662.38,6176.6238,678200829.68423,1,2025-06-10 19:00:00
109470.0,109969.1,109180.2,109919.2,198169.62,1981.6962,217057637.11395,1,2025-06-10 20:00:00
109919.1,109956.8,109367.4,109816.8,164233.94,1642.3394,180197985.5103,1,2025-06-10 21:00:00
109816.9,110129.2,109536.2,109677.5,199957.28,1999.5728,219694473.10974,1,2025-06-10 22:00:00
109677.6,110265.2,109529.4,110237.4,247557.42,2475.5742,272194013.14717,1,2025-06-10 23:00:00
110237.4,110250.0,109739.9,109785.0,214644.31,2146.4431,236046993.72639,1,2025-06-11 00:00:00
109785.0,109795.7,109519.9,109565.8,162006.7,1620.067,177630439.81363,1,2025-06-11 01:00:00
109565.8,109820.0,109503.2,109650.1,109955.15,1099.5515,120541894.98455,1,2025-06-11 02:00:00
109650.1,109830.0,109570.6,109670.2,95550.44,955.5044,104819038.42855,1,2025-06-11 03:00:00
109670.2,109696.6,109510.6,109538.8,82253.12,822.5312,90138094.66315,1,2025-06-11 04:00:00
109538.8,109630.0,109388.0,109430.9,116629.56,1166.2956,127687505.66288,1,2025-06-11 05:00:00
109430.9,109642.4,109313.7,109551.7,124384.09,1243.8409,136140187.28554,1,2025-06-11 06:00:00
109551.7,109698.9,109397.5,109397.6,127670.67,1276.7067,139861464.46045,1,2025-06-11 07:00:00
109397.5,109620.0,109397.5,109514.3,122834.78,1228.3478,134512071.6239,1,2025-06-11 08:00:00
109514.3,109556.6,109168.0,109207.7,182872.7,1828.727,199932110.98892,1,2025-06-11 09:00:00
109207.7,109444.0,109138.0,109321.2,130447.04,1304.4704,142544728.98481,1,2025-06-11 10:00:00
109321.3,109342.9,109150.1,109196.7,91345.23,913.4523,99772601.87037,1,2025-06-11 11:00:00
109196.7,109883.0,108955.4,109654.4,792048.86,7920.4886,867319547.7285,1,2025-06-11 12:00:00
109654.4,109839.4,109246.1,109623.0,450442.92,4504.4292,493551804.40877,1,2025-06-11 13:00:00
109623.0,110360.0,109582.0,109829.5,646743.3,6467.433,711462288.20281,1,2025-06-11 14:00:00
109829.4,109989.9,109600.5,109692.0,308625.61,3086.2561,338744024.01428,1,2025-06-11 15:00:00
109691.9,109776.9,109300.1,109400.5,279771.75,2797.7175,306270268.94236,1,2025-06-11 16:00:00
109400.5,109710.0,108888.8,108921.2,378721.73,3787.2173,413828313.54999,1,2025-06-11 17:00:00
108921.3,109018.1,108350.1,108753.7,557397.94,5573.9794,605719257.01465,1,2025-06-11 18:00:00
108753.8,108918.7,108520.0,108694.4,210886.05,2108.8605,229237099.59776,1,2025-06-11 19:00:00
108694.4,108972.3,108424.9,108873.8,216756.89,2167.5689,235686444.87303,1,2025-06-11 20:00:00
108873.7,109193.8,108300.1,108451.4,257000.01,2570.0001,279440748.66181,1,2025-06-11 21:00:00
108451.5,108600.0,107964.8,108405.0,437789.92,4377.8992,473919343.03157,1,2025-06-11 22:00:00
108404.9,108649.0,108278.2,108596.4,177154.82,1771.5482,192192390.48615,1,2025-06-11 23:00:00
108596.4,108777.0,108276.0,108656.9,181563.05,1815.6305,197112972.9499,1,2025-06-12 00:00:00
108657.0,108657.0,108213.0,108484.2,155474.56,1554.7456,168527079.06498,1,2025-06-12 01:00:00
108484.3,108714.5,108327.9,108338.2,147674.83,1476.7483,160279073.47038,1,2025-06-12 02:00:00
108338.3,108404.5,107659.0,107826.7,539654.78,5396.5478,582405009.52734,1,2025-06-12 03:00:00
107826.7,107890.2,107297.6,107734.5,386242.84,3862.4284,415544471.40411,1,2025-06-12 04:00:00
107734.5,107888.0,107556.6,107705.3,163876.88,1638.7688,176530609.04424,1,2025-06-12 05:00:00
107705.3,107943.2,107581.0,107850.2,139819.86,1398.1986,150698005.48,1,2025-06-12 06:00:00
107850.2,107917.2,107372.4,107577.6,188604.79,1886.0479,202973538.78068,1,2025-06-12 07:00:00
107577.6,107796.4,107390.7,107684.6,167588.52,1675.8852,180391618.79087,1,2025-06-12 08:00:00
107684.7,107738.7,107435.5,107460.0,119362.46,1193.6246,128398298.75602,1,2025-06-12 09:00:00
107459.9,107488.0,107150.0,107287.1,304325.62,3043.2562,326495078.63679,1,2025-06-12 10:00:00
107287.1,107318.3,106823.0,106868.2,432080.01,4320.8001,462503268.72021,1,2025-06-12 11:00:00
106868.2,107394.0,106800.0,106946.9,532320.95,5323.2095,569889293.53959,1,2025-06-12 12:00:00
106947.0,107150.0,106533.0,107020.4,577975.55,5779.7555,617709086.99293,1,2025-06-12 13:00:00
107020.4,107666.7,107020.3,107562.3,468177.91,4681.7791,502929273.53404,1,2025-06-12 14:00:00
107562.3,107755.4,106800.0,106960.0,540832.79,5408.3279,580020767.9579,1,2025-06-12 15:00:00
106960.0,107968.0,106921.4,107698.4,578549.47,5785.4947,622182813.48901,1,2025-06-12 16:00:00
107698.4,108395.0,107663.2,108245.2,483460.02,4834.6002,522596041.93614,1,2025-06-12 17:00:00
108245.2,108384.2,107151.8,107521.1,464147.02,4641.4702,499951591.06234,1,2025-06-12 18:00:00
107521.2,107835.1,106628.0,106753.5,410940.18,4109.4018,440500424.66165,1,2025-06-12 19:00:00
106753.5,106920.0,105712.2,105921.5,896171.19,8961.7119,952209056.63813,1,2025-06-12 20:00:00
105921.6,106403.5,105800.3,105828.5,339409.23,3394.0923,360105600.51465,1,2025-06-12 21:00:00
105828.4,106186.9,105666.0,105826.9,292820.17,2928.2017,309984082.81462,1,2025-06-12 22:00:00
105826.9,106088.7,105600.1,105611.0,247876.42,2478.7642,262521827.53032,1,2025-06-12 23:00:00
105611.1,105650.0,103160.0,103744.5,2568504.12,25685.0412,2677230707.61666,1,2025-06-13 00:00:00
103744.5,103822.9,102652.4,103722.5,1115548.22,11155.4822,1151449067.62322,1,2025-06-13 01:00:00
103722.4,103930.1,103020.0,103600.1,519368.44,5193.6844,537835802.11525,1,2025-06-13 02:00:00
103600.1,104578.8,103577.4,104234.3,516361.1,5163.611,537718986.44426,1,2025-06-13 03:00:00
104234.3,104461.5,103734.0,104355.3,335024.84,3350.2484,348806389.722,1,2025-06-13 04:00:00
104355.4,104419.1,103935.5,103950.3,240732.97,2407.3297,250810551.98301,1,2025-06-13 05:00:00
103950.3,104690.0,103766.0,104673.3,459173.61,4591.7361,478593225.93788,1,2025-06-13 06:00:00
104673.4,104900.0,104319.9,104825.1,428468.36,4284.6836,448327571.19632,1,2025-06-13 07:00:00
104825.2,105441.1,104642.6,104670.4,655389.74,6553.8974,688358152.10675,1,2025-06-13 08:00:00
104670.5,104873.0,104444.0,104780.2,279542.69,2795.4269,292505563.10624,1,2025-06-13 09:00:00
104780.1,104868.3,104364.0,104823.6,228826.5,2288.265,239444618.22757,1,2025-06-13 10:00:00
104824.3,105021.4,104580.6,104983.6,213728.2,2137.282,224094695.49777,1,2025-06-13 11:00:00
104983.7,105251.0,104757.6,104790.3,307930.64,3079.3064,323334177.89257,1,2025-06-13 12:00:00
104790.4,105251.1,104622.0,104684.0,337428.72,3374.2872,353930250.60251,1,2025-06-13 13:00:00
104684.0,104973.9,104067.5,104915.0,776433.92,7764.3392,811310946.23803,1,2025-06-13 14:00:00
104915.1,105725.6,104796.7,105390.5,687559.39,6875.5939,724547593.94137,1,2025-06-13 15:00:00
105390.5,105920.0,105250.0,105727.8,504185.09,5041.8509,532634307.93327,1,2025-06-13 16:00:00
105727.9,105727.9,104781.8,105327.6,419610.92,4196.1092,441316215.00965,1,2025-06-13 17:00:00
105327.5,105439.3,104615.0,105141.7,326801.26,3268.0126,342953925.20959,1,2025-06-13 18:00:00
105141.6,105400.0,104839.4,105060.0,200870.23,2008.7023,211112859.1764,1,2025-06-13 19:00:00
105060.1,105482.1,104964.2,105395.1,125049.41,1250.4941,131612299.80376,1,2025-06-13 20:00:00
105395.2,105750.0,105273.5,105579.7,165098.99,1650.9899,174235852.91925,1,2025-06-13 21:00:00
105579.6,105810.8,105492.0,105706.1,134234.75,1342.3475,141842448.07175,1,2025-06-13 22:00:00
105706.0,106138.1,105706.0,106009.0,167985.49,1679.8549,177912650.12203,1,2025-06-13 23:00:00
106009.1,106168.0,105633.4,105768.6,274944.81,2749.4481,291100516.24743,1,2025-06-14 00:00:00
105768.7,105768.7,105383.0,105416.2,181211.94,1812.1194,191172554.02136,1,2025-06-14 01:00:00
105416.2,105571.4,105260.1,105338.5,142682.27,1426.8227,150324080.18133,1,2025-06-14 02:00:00
105338.5,105405.2,105154.6,105189.1,100743.66,1007.4366,106038599.82025,1,2025-06-14 03:00:00
105189.2,105364.8,105157.8,105317.4,91469.61,914.6961,96304739.00881,1,2025-06-14 04:00:00
105317.3,105369.0,105200.0,105245.1,63412.68,634.1268,66758950.30894,1,2025-06-14 05:00:00
105245.1,105289.1,105056.8,105056.8,124759.56,1247.5956,131183273.89889,1,2025-06-14 06:00:00
105056.8,105110.0,104734.3,105029.0,266205.26,2662.0526,279387262.10823,1,2025-06-14 07:00:00
105028.9,105098.0,104822.0,105056.0,114124.48,1141.2448,119773840.50516,1,2025-06-14 08:00:00
105056.0,105076.0,104800.0,104825.0,106234.98,1062.3498,111465499.52889,1,2025-06-14 09:00:00
104825.0,105076.9,104788.3,104957.0,110924.34,1109.2434,116422885.29198,1,2025-06-14 10:00:00
104957.1,105050.0,104902.0,105028.3,89415.85,894.1585,93872719.77247,1,2025-06-14 11:00:00
105027.5,105053.8,104670.1,104989.9,175637.31,1756.3731,184192799.02102,1,2025-06-14 12:00:00
104989.9,105077.0,104836.1,104957.1,110258.63,1102.5863,115718526.11618,1,2025-06-14 13:00:00
104957.0,105010.2,104777.0,104858.7,73024.93,730.2493,76599848.21168,1,2025-06-14 14:00:00
104858.8,104943.5,104540.7,104798.8,179979.91,1799.7991,188510261.43128,1,2025-06-14 15:00:00
104798.8,104877.0,104322.0,104418.6,287323.51,2873.2351,300408885.67748,1,2025-06-14 16:00:00
104418.7,104686.7,104350.0,104566.1,129527.32,1295.2732,135404591.94605,1,2025-06-14 17:00:00
104566.1,104954.4,104311.0,104848.6,235831.08,2358.3108,246777583.03525,1,2025-06-14 18:00:00
104848.7,105009.0,104586.7,104609.4,166286.28,1662.8628,174358563.88603,1,2025-06-14 19:00:00
104609.6,104950.0,104255.0,104841.9,254750.72,2547.5072,266454655.75158,1,2025-06-14 20:00:00
104841.9,105430.0,104802.3,105278.4,246680.86,2466.8086,259321445.38784,1,2025-06-14 21:00:00
105278.4,105452.7,105236.0,105376.9,111584.11,1115.8411,117564966.48478,1,2025-06-14 22:00:00
105377.0,105435.2,105296.8,105363.4,82244.72,822.4472,86663653.91404,1,2025-06-14 23:00:00
105363.4,105627.9,105214.2,105592.0,155877.5,1558.775,164367520.16642,1,2025-06-15 00:00:00
105592.0,105630.0,105353.2,105375.0,104817.13,1048.1713,110537866.21839,1,2025-06-15 01:00:00
105375.0,105578.6,105374.9,105420.0,100368.5,1003.685,105883369.97455,1,2025-06-15 02:00:00
105420.1,105520.0,105412.0,105427.5,71818.25,718.1825,75734187.62416,1,2025-06-15 03:00:00
105427.6,105521.6,105427.1,105511.8,41412.13,414.1213,43675448.63411,1,2025-06-15 04:00:00
105511.8,106058.4,105443.4,106016.2,244231.11,2442.3111,258377482.14306,1,2025-06-15 05:00:00
106016.3,106082.0,105359.6,105400.0,279039.93,2790.3993,294828706.70987,1,2025-06-15 06:00:00
105400.0,105425.6,105134.2,105388.3,197932.67,1979.3267,208473017.87851,1,2025-06-15 07:00:00
105388.3,105456.1,105092.8,105162.3,132103.93,1321.0393,138998783.20422,1,2025-06-15 08:00:00
105162.2,105162.2,104823.0,104885.1,207474.06,2074.7406,217737049.88806,1,2025-06-15 09:00:00
104885.2,105152.4,104885.1,105081.4,115087.32,1150.8732,120882306.60104,1,2025-06-15 10:00:00
105081.4,105134.1,104866.5,104933.5,89198.5,891.985,93640752.41487,1,2025-06-15 11:00:00
104933.6,105253.1,104905.7,105250.1,136451.52,1364.5152,143413233.07408,1,2025-06-15 12:00:00
105250.0,105615.0,105175.7,105469.9,275971.67,2759.7167,290905460.98432,1,2025-06-15 13:00:00
105469.9,105788.0,105253.4,105609.9,229548.19,2295.4819,242179030.57866,1,2025-06-15 14:00:00
105610.0,105750.0,105462.5,105520.0,134307.7,1343.077,141829300.85215,1,2025-06-15 15:00:00
105519.9,105635.9,105281.0,105522.9,165796.47,1657.9647,174787707.09651,1,2025-06-15 16:00:00
105523.0,105730.0,105423.0,105632.0,87179.47,871.7947,92044805.81162,1,2025-06-15 17:00:00
105631.9,105637.1,105426.2,105439.0,55658.24,556.5824,58714598.47014,1,2025-06-15 18:00:00
105439.1,105529.2,105000.7,105239.8,139989.2,1399.892,147276589.69276,1,2025-06-15 19:00:00
105239.8,105254.7,104550.0,104702.7,202109.79,2021.0979,211862284.72951,1,2025-06-15 20:00:00
104702.6,104800.0,104425.6,104755.2,161061.09,1610.6109,168494880.34888,1,2025-06-15 21:00:00
104755.1,105330.7,104681.6,105220.0,185265.46,1852.6546,194706856.74161,1,2025-06-15 22:00:00
105220.0,105570.3,105179.6,105540.0,126777.55,1267.7755,133642724.28526,1,2025-06-15 23:00:00
105540.1,105745.0,105293.1,105391.7,186559.71,1865.5971,196794956.37457,1,2025-06-16 00:00:00
105391.7,105860.0,104927.2,105762.8,393173.28,3931.7328,414245252.75163,1,2025-06-16 01:00:00
105762.8,105926.0,105623.2,105733.1,238797.05,2387.9705,252629480.61653,1,2025-06-16 02:00:00
105733.0,105915.0,105644.8,105862.4,97912.75,979.1275,103604036.04351,1,2025-06-16 03:00:00
105862.3,106361.7,105814.3,106344.0,339061.67,3390.6167,359934167.16928,1,2025-06-16 04:00:00
106343.9,106755.7,106257.5,106525.0,389945.59,3899.4559,415304749.29437,1,2025-06-16 05:00:00
106524.9,106728.0,106456.0,106533.1,179332.32,1793.3232,191147522.44011,1,2025-06-16 06:00:00
106536.0,107234.0,106536.0,107020.3,457277.34,4572.7734,489056235.85647,1,2025-06-16 07:00:00
107020.3,107187.6,106900.0,107132.0,188169.64,1881.6964,201402408.35654,1,2025-06-16 08:00:00
107132.0,107192.0,106838.0,106909.0,166153.89,1661.5389,177748122.09936,1,2025-06-16 09:00:00
106909.0,107177.0,106688.0,106789.2,219321.57,2193.2157,234457236.4236,1,2025-06-16 10:00:00
106789.2,106933.3,106544.9,106846.7,226455.08,2264.5508,241678555.60339,1,2025-06-16 11:00:00
106846.7,106865.1,106550.9,106640.6,172092.32,1720.9232,183638010.89382,1,2025-06-16 12:00:00
106640.6,107142.0,106456.7,107116.9,337081.88,3370.8188,359821194.68905,1,2025-06-16 13:00:00
107116.9,107736.0,106724.5,107478.4,759057.31,7590.5731,814725297.99616,1,2025-06-16 14:00:00
107478.4,107661.6,107246.1,107382.5,305130.23,3051.3023,327983238.5804,1,2025-06-16 15:00:00
107382.4,107857.1,107263.0,107716.4,277295.96,2772.9596,298396939.6612,1,2025-06-16 16:00:00
107716.4,107980.0,107557.8,107695.9,339911.39,3399.1139,366354200.27867,1,2025-06-16 17:00:00
107695.9,108238.6,107620.8,108207.8,273357.25,2733.5725,295255036.51968,1,2025-06-16 18:00:00
108207.8,108847.7,108207.8,108596.6,606515.41,6065.1541,658462890.05791,1,2025-06-16 19:00:00
108596.6,108807.8,108350.4,108748.2,241902.94,2419.0294,262593354.67329,1,2025-06-16 20:00:00
108748.3,108774.8,108247.0,108476.9,168118.71,1681.1871,182423959.36051,1,2025-06-16 21:00:00
108476.9,108973.3,107361.1,107645.9,567254.86,5672.5486,612575391.50417,1,2025-06-16 22:00:00
107645.9,107947.8,106666.0,106764.6,595061.58,5950.6158,638419321.63889,1,2025-06-16 23:00:00
106764.6,107230.6,106087.8,107206.2,909757.21,9097.5721,969794086.52319,1,2025-06-17 00:00:00
107206.1,107365.4,106881.2,107136.4,231698.64,2316.9864,248179693.2018,1,2025-06-17 01:00:00
107136.4,107569.7,106518.0,107434.4,394024.89,3940.2489,421465864.85457,1,2025-06-17 02:00:00
107434.3,107721.0,107314.0,107552.1,321525.43,3215.2543,345723044.89065,1,2025-06-17 03:00:00
107552.0,107658.0,107247.5,107288.1,183715.54,1837.1554,197354415.94818,1,2025-06-17 04:00:00
107288.1,107368.5,107000.1,107079.4,174666.06,1746.6606,187143963.95746,1,2025-06-17 05:00:00
107079.3,107199.8,106655.8,106799.9,245488.89,2454.8889,262466530.80006,1,2025-06-17 06:00:00
106800.0,106840.3,106400.0,106725.4,297962.76,2979.6276,317714492.26521,1,2025-06-17 07:00:00
106725.4,106796.8,106452.0,106530.1,190742.77,1907.4277,203370495.42248,1,2025-06-17 08:00:00
106530.0,106633.6,106025.7,106127.1,424569.84,4245.6984,451213626.59734,1,2025-06-17 09:00:00
106127.0,106227.6,105624.4,105908.0,475229.35,4752.2935,503330785.12957,1,2025-06-17 10:00:00
105907.9,105908.0,105468.9,105606.1,312561.99,3125.6199,330107448.17458,1,2025-06-17 11:00:00
105606.1,105876.4,105355.8,105469.1,389224.18,3892.2418,411205834.09117,1,2025-06-17 12:00:00
105469.1,105720.0,105138.3,105310.1,532640.3,5326.403,561570119.51306,1,2025-06-17 13:00:00
105310.0,105654.8,104735.8,104804.5,718278.3,7182.783,755444403.94979,1,2025-06-17 14:00:00
104804.5,104935.0,104069.3,104194.1,1055817.53,10558.1753,1102745563.73148,1,2025-06-17 15:00:00
104194.1,104443.6,103435.0,103576.1,940671.18,9406.7118,977770411.65141,1,2025-06-17 16:00:00
103574.5,104200.0,103300.0,103755.0,722257.61,7222.5761,749307364.88095,1,2025-06-17 17:00:00
103755.0,104373.0,103562.3,104372.9,281731.11,2817.3111,292879118.18406,1,2025-06-17 18:00:00
104372.9,105286.2,104372.9,104621.1,702177.54,7021.7754,736393210.64343,1,2025-06-17 19:00:00
104621.0,104849.6,104201.0,104316.7,347119.5,3471.195,362734774.27556,1,2025-06-17 20:00:00
104316.7,104777.8,104204.0,104490.8,196661.23,1966.6123,205456936.48285,1,2025-06-17 21:00:00
104490.9,104687.7,104128.0,104192.4,175353.77,1753.5377,183182442.94601,1,2025-06-17 22:00:00
104192.4,104699.6,104169.8,104516.5,151616.28,1516.1628,158442101.68209,1,2025-06-17 23:00:00
104516.5,104816.6,104319.9,104788.0,187522.29,1875.2229,196153071.69841,1,2025-06-18 00:00:00
104788.0,105138.4,104620.0,104721.8,236056.29,2360.5629,247590775.46482,1,2025-06-18 01:00:00
104721.8,105039.0,104630.9,104792.0,149753.75,1497.5375,157024242.69355,1,2025-06-18 02:00:00
104791.9,105187.0,104783.0,105122.5,149874.99,1498.7499,157413781.37773,1,2025-06-18 03:00:00
105122.5,105460.0,105017.4,105398.0,193448.49,1934.4849,203621480.85238,1,2025-06-18 04:00:00
105398.1,105498.9,105310.4,105351.0,178668.89,1786.6889,188321487.19463,1,2025-06-18 05:00:00
105351.1,105475.0,104832.7,104915.4,295006.23,2950.0623,310134062.0967,1,2025-06-18 06:00:00
104915.4,104978.1,104650.0,104933.0,216066.0,2160.66,226565949.49861,1,2025-06-18 07:00:00
104932.9,105279.9,104700.0,104915.1,265743.49,2657.4349,279080157.06356,1,2025-06-18 08:00:00
104915.1,105094.6,104510.6,104660.1,237061.28,2370.6128,248345060.89482,1,2025-06-18 09:00:00
104660.0,104766.4,104130.7,104230.0,380556.4,3805.564,397449837.64191,1,2025-06-18 10:00:00
104230.0,104830.0,104160.9,104799.2,311478.02,3114.7802,325456053.20933,1,2025-06-18 11:00:00
104799.3,104880.0,104430.9,104479.9,237533.48,2375.3348,248551327.47061,1,2025-06-18 12:00:00
104479.9,104520.0,103750.1,104396.0,774383.86,7743.8386,805995695.70216,1,2025-06-18 13:00:00
104395.9,105279.1,104170.0,104558.6,1060446.4,10604.464,1111401065.79011,1,2025-06-18 14:00:00
104558.7,104920.0,104061.1,104737.1,505245.4,5052.454,528416761.92391,1,2025-06-18 15:00:00
104737.1,104789.2,104284.0,104363.3,288016.93,2880.1693,300905139.8365,1,2025-06-18 16:00:00
104363.2,104467.0,103542.8,104297.6,625186.06,6251.8606,650387000.31142,1,2025-06-18 17:00:00
104297.6,104693.4,103520.1,103570.1,684730.31,6847.3031,713295323.25765,1,2025-06-18 18:00:00
103570.1,104385.8,103418.6,103779.3,485827.85,4858.2785,505153297.85544,1,2025-06-18 19:00:00
103779.4,104940.0,103600.0,104765.0,369576.42,3695.7642,385521170.9066,1,2025-06-18 20:00:00
104765.0,105086.0,104303.1,105027.5,268697.81,2686.9781,281260887.554,1,2025-06-18 21:00:00
105027.5,105080.0,104738.2,104764.8,136181.73,1361.8173,142850487.96004,1,2025-06-18 22:00:00
104764.9,104914.5,104564.4,104834.2,131704.54,1317.0454,137941998.05344,1,2025-06-18 23:00:00
104834.2,105180.2,104630.9,104894.8,222138.95,2221.3895,233134801.91,1,2025-06-19 00:00:00
104894.8,104918.7,104410.6,104565.3,227864.68,2278.6468,238339509.18845,1,2025-06-19 01:00:00
104565.3,104968.3,104402.3,104670.0,137077.01,1370.7701,143542426.75524,1,2025-06-19 02:00:00
104670.0,105054.3,104670.0,105031.7,117309.33,1173.0933,123050044.58513,1,2025-06-19 03:00:00
105031.8,105050.0,104746.0,105022.0,168549.09,1685.4909,176801643.9778,1,2025-06-19 04:00:00
105021.9,105170.0,104760.6,104835.3,167141.07,1671.4107,175469310.58452,1,2025-06-19 05:00:00
104835.2,104940.0,104576.0,104669.0,171369.51,1713.6951,179422357.39357,1,2025-06-19 06:00:00
104668.9,104823.6,104582.0,104594.3,129845.26,1298.4526,135959784.99163,1,2025-06-19 07:00:00
104594.4,104950.0,104589.1,104694.3,121667.26,1216.6726,127525996.73316,1,2025-06-19 08:00:00
104694.2,104993.3,104683.4,104953.8,127568.81,1275.6881,133784811.83488,1,2025-06-19 09:00:00
104953.6,105028.0,104800.0,104861.5,99778.99,997.7899,104702963.21183,1,2025-06-19 10:00:00
104861.5,104878.2,104671.4,104732.5,108756.57,1087.5657,113932112.17348,1,2025-06-19 11:00:00
104732.4,104870.0,104624.5,104715.2,133170.49,1331.7049,139476412.31139,1,2025-06-19 12:00:00
104715.2,104754.0,104188.0,104249.0,280307.47,2803.0747,292766414.78819,1,2025-06-19 13:00:00
104249.0,104648.1,104065.0,104115.3,305822.72,3058.2272,319033996.82341,1,2025-06-19 14:00:00
104115.2,104411.4,104032.9,104064.2,230311.32,2303.1132,240005804.65425,1,2025-06-19 15:00:00
104064.1,104395.0,103883.0,103969.9,196696.55,1966.9655,204854265.04633,1,2025-06-19 16:00:00
